{
  "resourceType" : "StructureDefinition",
  "id" : "xhtml",
  "meta" : {
    "lastUpdated" : "2018-03-15T23:21:19.665-05:00"
  },
  "text" : {
    "status" : "generated",
    "div" : "<div xmlns=\"http://www.w3.org/1999/xhtml\">to do</div>"
  },
  "url" : "http://hl7.org/fhir/StructureDefinition/xhtml",
  "name" : "xhtml",
  "status" : "draft",
  "date" : "2018-03-15T23:21:19-05:00",
  "publisher" : "HL7 FHIR Standard",
  "contact" : [{
    "telecom" : [{
      "system" : "url",
      "value" : "http://hl7.org/fhir"
    }]
  }],
  "description" : "Base StructureDefinition for xhtml Type",
  "fhirVersion" : "3.0.1",
  "kind" : "primitive-type",
  "abstract" : false,
  "type" : "xhtml",
  "baseDefinition" : "http://hl7.org/fhir/StructureDefinition/Element",
  "derivation" : "specialization",
  "snapshot" : {
    "element" : [{
      "id" : "xhtml",
      "path" : "xhtml",
      "short" : "Primitive Type xhtml",
      "definition" : "XHTML",
      "min" : 0,
      "max" : "*",
      "base" : {
        "path" : "xhtml",
        "min" : 0,
        "max" : "*"
      }
    },
    {
      "id" : "xhtml.id",
      "path" : "xhtml.id",
      "representation" : ["xmlAttr"],
      "short" : "xml:id (or equivalent in JSON)",
      "definition" : "unique id for the element within a resource (for internal references)",
      "min" : 0,
      "max" : "1",
      "base" : {
        "path" : "Element.id",
        "min" : 0,
        "max" : "1"
      },
      "type" : [{
        "code" : "string"
      }]
    },
    {
      "id" : "xhtml.extension",
      "path" : "xhtml.extension",
      "short" : "Additional Content defined by implementations",
      "definition" : "May be used to represent additional information that is not part of the basic definition of the resource. In order to make the use of extensions safe and manageable, there is a strict set of governance  applied to the definition and use of extensions. Though any implementer is allowed to define an extension, there is a set of requirements that SHALL be met as part of the definition of the extension.",
      "comment" : "There can be no stigma associated with the use of extensions by any application, project, or standard - regardless of the institution or jurisdiction that uses or defines the extensions.  The use of extensions is what allows the FHIR specification to retain a core level of simplicity for everyone.",
      "alias" : ["extensions",
      "user content"],
      "min" : 0,
      "max" : "0",
      "base" : {
        "path" : "Element.extension",
        "min" : 0,
        "max" : "*"
      },
      "type" : [{
        "code" : "Extension"
      }]
    },
    {
      "id" : "xhtml.value",
      "path" : "xhtml.value",
      "representation" : ["xhtml"],
      "short" : "Actual xhtml",
      "definition" : "Actual xhtml",
      "min" : 1,
      "max" : "1",
      "base" : {
        "path" : "xhtml.value",
        "min" : 1,
        "max" : "1"
      },
      "type" : [{
        "_code" : {
          "extension" : [{
            "url" : "http://hl7.org/fhir/StructureDefinition/structuredefinition-json-type",
            "valueString" : "string"
          },
          {
            "url" : "http://hl7.org/fhir/StructureDefinition/structuredefinition-xml-type",
            "valueString" : "xhtml:div"
          },
          {
            "url" : "http://hl7.org/fhir/StructureDefinition/structuredefinition-rdf-type",
            "valueString" : "string"
          }]
        }
      }]
    }]
  },
  "differential" : {
    "element" : [{
      "id" : "xhtml",
      "path" : "xhtml",
      "short" : "Primitive Type xhtml",
      "definition" : "XHTML",
      "min" : 0,
      "max" : "*"
    },
    {
      "id" : "xhtml.extension",
      "path" : "xhtml.extension",
      "max" : "0"
    },
    {
      "id" : "xhtml.value",
      "path" : "xhtml.value",
      "representation" : ["xhtml"],
      "short" : "Actual xhtml",
      "definition" : "Actual xhtml",
      "min" : 1,
      "max" : "1",
      "type" : [{
        "_code" : {
          "extension" : [{
            "url" : "http://hl7.org/fhir/StructureDefinition/structuredefinition-json-type",
            "valueString" : "string"
          },
          {
            "url" : "http://hl7.org/fhir/StructureDefinition/structuredefinition-xml-type",
            "valueString" : "xhtml:div"
          },
          {
            "url" : "http://hl7.org/fhir/StructureDefinition/structuredefinition-rdf-type",
            "valueString" : "string"
          }]
        }
      }]
    }]
  }
}