{
  "resourceType" : "StructureDefinition",
  "id" : "dateTime",
  "meta" : {
    "lastUpdated" : "2018-03-15T23:21:19.665-05:00"
  },
  "text" : {
    "status" : "generated",
    "div" : "<div xmlns=\"http://www.w3.org/1999/xhtml\">to do</div>"
  },
  "url" : "http://hl7.org/fhir/StructureDefinition/dateTime",
  "name" : "dateTime",
  "status" : "draft",
  "date" : "2018-03-15T23:21:19-05:00",
  "publisher" : "HL7 FHIR Standard",
  "contact" : [{
    "telecom" : [{
      "system" : "url",
      "value" : "http://hl7.org/fhir"
    }]
  }],
  "description" : "Base StructureDefinition for dateTime Type: A date, date-time or partial date (e.g. just year or year + month).  If hours and minutes are specified, a time zone SHALL be populated. The format is a union of the schema types gYear, gYearMonth, date and dateTime. Seconds must be provided due to schema type constraints but may be zero-filled and may be ignored.                 Dates SHALL be valid dates.",
  "fhirVersion" : "3.0.1",
  "kind" : "primitive-type",
  "abstract" : false,
  "type" : "dateTime",
  "baseDefinition" : "http://hl7.org/fhir/StructureDefinition/Element",
  "derivation" : "specialization",
  "snapshot" : {
    "element" : [{
      "id" : "dateTime",
      "path" : "dateTime",
      "short" : "Primitive Type dateTime",
      "definition" : "A date, date-time or partial date (e.g. just year or year + month).  If hours and minutes are specified, a time zone SHALL be populated. The format is a union of the schema types gYear, gYearMonth, date and dateTime. Seconds must be provided due to schema type constraints but may be zero-filled and may be ignored.                 Dates SHALL be valid dates.",
      "min" : 0,
      "max" : "*",
      "base" : {
        "path" : "dateTime",
        "min" : 0,
        "max" : "*"
      },
      "constraint" : [{
        "key" : "ele-1",
        "severity" : "error",
        "human" : "All FHIR elements must have a @value or children",
        "expression" : "hasValue() | (children().count() > id.count())",
        "xpath" : "@value|f:*|h:div",
        "source" : "Element"
      }]
    },
    {
      "id" : "dateTime.id",
      "path" : "dateTime.id",
      "representation" : ["xmlAttr"],
      "short" : "xml:id (or equivalent in JSON)",
      "definition" : "unique id for the element within a resource (for internal references)",
      "min" : 0,
      "max" : "1",
      "base" : {
        "path" : "Element.id",
        "min" : 0,
        "max" : "1"
      },
      "type" : [{
        "code" : "string"
      }]
    },
    {
      "id" : "dateTime.extension",
      "path" : "dateTime.extension",
      "short" : "Additional Content defined by implementations",
      "definition" : "May be used to represent additional information that is not part of the basic definition of the resource. In order to make the use of extensions safe and manageable, there is a strict set of governance  applied to the definition and use of extensions. Though any implementer is allowed to define an extension, there is a set of requirements that SHALL be met as part of the definition of the extension.",
      "comment" : "There can be no stigma associated with the use of extensions by any application, project, or standard - regardless of the institution or jurisdiction that uses or defines the extensions.  The use of extensions is what allows the FHIR specification to retain a core level of simplicity for everyone.",
      "alias" : ["extensions",
      "user content"],
      "min" : 0,
      "max" : "*",
      "base" : {
        "path" : "Element.extension",
        "min" : 0,
        "max" : "*"
      },
      "type" : [{
        "code" : "Extension"
      }]
    },
    {
      "id" : "dateTime.value",
      "path" : "dateTime.value",
      "representation" : ["xmlAttr"],
      "short" : "Primitive value for dateTime",
      "definition" : "The actual value",
      "min" : 0,
      "max" : "1",
      "base" : {
        "path" : "dateTime.value",
        "min" : 0,
        "max" : "1"
      },
      "type" : [{
        "extension" : [{
          "url" : "http://hl7.org/fhir/StructureDefinition/structuredefinition-regex",
          "valueString" : "-?[0-9]{4}(-(0[1-9]|1[0-2])(-(0[0-9]|[1-2][0-9]|3[0-1])(T([01][0-9]|2[0-3]):[0-5][0-9]:[0-5][0-9](\\.[0-9]+)?(Z|(\\+|-)((0[0-9]|1[0-3]):[0-5][0-9]|14:00)))?)?)?"
        }]
      }]
    }]
  },
  "differential" : {
    "element" : [{
      "id" : "dateTime",
      "path" : "dateTime",
      "short" : "Primitive Type dateTime",
      "definition" : "A date, date-time or partial date (e.g. just year or year + month).  If hours and minutes are specified, a time zone SHALL be populated. The format is a union of the schema types gYear, gYearMonth, date and dateTime. Seconds must be provided due to schema type constraints but may be zero-filled and may be ignored.                 Dates SHALL be valid dates.",
      "min" : 0,
      "max" : "*"
    },
    {
      "id" : "dateTime.value",
      "path" : "dateTime.value",
      "representation" : ["xmlAttr"],
      "short" : "Primitive value for dateTime",
      "definition" : "Primitive value for dateTime",
      "min" : 0,
      "max" : "1",
      "type" : [{
        "extension" : [{
          "url" : "http://hl7.org/fhir/StructureDefinition/structuredefinition-regex",
          "valueString" : "-?[0-9]{4}(-(0[1-9]|1[0-2])(-(0[0-9]|[1-2][0-9]|3[0-1])(T([01][0-9]|2[0-3]):[0-5][0-9]:[0-5][0-9](\\.[0-9]+)?(Z|(\\+|-)((0[0-9]|1[0-3]):[0-5][0-9]|14:00)))?)?)?"
        }]
      }]
    }]
  }
}