{
  "resourceType" : "StructureDefinition",
  "id" : "observation-geneticsGene",
  "extension" : [{
    "url" : "http://hl7.org/fhir/StructureDefinition/structuredefinition-wg",
    "valueCode" : "oo"
  },
  {
    "url" : "http://hl7.org/fhir/StructureDefinition/structuredefinition-fmm",
    "valueInteger" : 1
  }],
  "url" : "http://hl7.org/fhir/StructureDefinition/observation-geneticsGene",
  "name" : "Gene",
  "status" : "draft",
  "date" : "2016-03-14T00:00:00-05:00",
  "publisher" : "Health Level Seven International (Clinical Genomics)",
  "contact" : [{
    "telecom" : [{
      "system" : "url",
      "value" : "http://www.hl7.org/Special/committees/clingenomics"
    }]
  }],
  "description" : "A region (or regions) that includes all of the sequence elements necessary to encode a functional transcript. A gene may include regulatory regions, transcribed regions and/or other functional sequence regions ([SO:0000704](http://www.sequenceontology.org/browser/current_svn/term/SO:0000704)). This element is the official gene symbol approved by the HGNC, which is a short abbreviated form of the gene name ([HGNC](http://www.genenames.org)). LOINC Code: ([48018-6](http://loinc.org/48018-6)).",
  "fhirVersion" : "3.0.1",
  "mapping" : [{
    "identity" : "rim",
    "uri" : "http://hl7.org/v3",
    "name" : "RIM Mapping"
  }],
  "kind" : "complex-type",
  "abstract" : false,
  "context" : [{
    "type" : "fhirpath",
    "expression" : "Observation"
  }],
  "type" : "Extension",
  "baseDefinition" : "http://hl7.org/fhir/StructureDefinition/Extension",
  "derivation" : "constraint",
  "snapshot" : {
    "element" : [{
      "id" : "Extension",
      "path" : "Extension",
      "short" : "HGNC gene symbol",
      "definition" : "A region (or regions) that includes all of the sequence elements necessary to encode a functional transcript. A gene may include regulatory regions, transcribed regions and/or other functional sequence regions ([SO:0000704](http://www.sequenceontology.org/browser/current_svn/term/SO:0000704)). This element is the official gene symbol approved by the HGNC, which is a short abbreviated form of the gene name ([HGNC](http://www.genenames.org)). LOINC Code: ([48018-6](http://loinc.org/48018-6)).",
      "comment" : "Other systems or genes not defined in HGNC (e.g., BCR-ABL fusion gene) can be added by using a local extension.",
      "min" : 0,
      "max" : "1",
      "base" : {
        "path" : "Extension",
        "min" : 0,
        "max" : "*"
      },
      "condition" : ["ele-1"],
      "constraint" : [{
        "key" : "ele-1",
        "severity" : "error",
        "human" : "All FHIR elements must have a @value or children",
        "expression" : "hasValue() | (children().count() > id.count())",
        "xpath" : "@value|f:*|h:div",
        "source" : "Element"
      },
      {
        "key" : "ext-1",
        "severity" : "error",
        "human" : "Must have either extensions or value[x], not both",
        "expression" : "extension.exists() != value.exists()",
        "xpath" : "exists(f:extension)!=exists(f:*[starts-with(local-name(.), 'value')])",
        "source" : "Extension"
      }]
    },
    {
      "id" : "Extension.id",
      "path" : "Extension.id",
      "representation" : ["xmlAttr"],
      "short" : "xml:id (or equivalent in JSON)",
      "definition" : "unique id for the element within a resource (for internal references). This may be any string value that does not contain spaces.",
      "min" : 0,
      "max" : "1",
      "base" : {
        "path" : "Element.id",
        "min" : 0,
        "max" : "1"
      },
      "type" : [{
        "code" : "string"
      }],
      "mapping" : [{
        "identity" : "rim",
        "map" : "n/a"
      }]
    },
    {
      "id" : "Extension.extension",
      "path" : "Extension.extension",
      "slicing" : {
        "discriminator" : [{
          "type" : "value",
          "path" : "url"
        }],
        "description" : "Extensions are always sliced by (at least) url",
        "rules" : "open"
      },
      "short" : "Additional Content defined by implementations",
      "definition" : "May be used to represent additional information that is not part of the basic definition of the element. In order to make the use of extensions safe and manageable, there is a strict set of governance  applied to the definition and use of extensions. Though any implementer is allowed to define an extension, there is a set of requirements that SHALL be met as part of the definition of the extension.",
      "comment" : "There can be no stigma associated with the use of extensions by any application, project, or standard - regardless of the institution or jurisdiction that uses or defines the extensions.  The use of extensions is what allows the FHIR specification to retain a core level of simplicity for everyone.",
      "alias" : ["extensions",
      "user content"],
      "min" : 0,
      "max" : "*",
      "base" : {
        "path" : "Element.extension",
        "min" : 0,
        "max" : "*"
      },
      "type" : [{
        "code" : "Extension"
      }],
      "mapping" : [{
        "identity" : "rim",
        "map" : "n/a"
      }]
    },
    {
      "id" : "Extension.url",
      "path" : "Extension.url",
      "representation" : ["xmlAttr"],
      "short" : "identifies the meaning of the extension",
      "definition" : "Source of the definition for the extension code - a logical name or a URL.",
      "comment" : "The definition may point directly to a computable or human-readable definition of the extensibility codes, or it may be a logical URI as declared in some other specification. The definition SHALL be a URI for the Structure Definition defining the extension.",
      "min" : 1,
      "max" : "1",
      "base" : {
        "path" : "Extension.url",
        "min" : 1,
        "max" : "1"
      },
      "type" : [{
        "code" : "uri"
      }],
      "fixedUri" : "http://hl7.org/fhir/StructureDefinition/observation-geneticsGene",
      "mapping" : [{
        "identity" : "rim",
        "map" : "N/A"
      }]
    },
    {
      "id" : "Extension.valueCodeableConcept",
      "path" : "Extension.valueCodeableConcept",
      "short" : "Value of extension",
      "definition" : "Value of extension - may be a resource or one of a constrained set of the data types (see Extensibility in the spec for list).",
      "min" : 0,
      "max" : "1",
      "base" : {
        "path" : "Extension.value[x]",
        "min" : 0,
        "max" : "1"
      },
      "type" : [{
        "code" : "CodeableConcept"
      }],
      "binding" : {
        "extension" : [{
          "url" : "http://hl7.org/fhir/StructureDefinition/elementdefinition-bindingName",
          "valueString" : "HGNC-geneIdentifiers"
        }],
        "strength" : "preferred",
        "description" : "International curated set of gene identifiers",
        "valueSet" : "http://hl7.org/fhir/ValueSet/genenames"
      },
      "mapping" : [{
        "identity" : "rim",
        "map" : "N/A"
      }]
    }]
  },
  "differential" : {
    "element" : [{
      "id" : "Extension",
      "path" : "Extension",
      "short" : "HGNC gene symbol",
      "definition" : "A region (or regions) that includes all of the sequence elements necessary to encode a functional transcript. A gene may include regulatory regions, transcribed regions and/or other functional sequence regions ([SO:0000704](http://www.sequenceontology.org/browser/current_svn/term/SO:0000704)). This element is the official gene symbol approved by the HGNC, which is a short abbreviated form of the gene name ([HGNC](http://www.genenames.org)). LOINC Code: ([48018-6](http://loinc.org/48018-6)).",
      "comment" : "Other systems or genes not defined in HGNC (e.g., BCR-ABL fusion gene) can be added by using a local extension.",
      "min" : 0,
      "max" : "1"
    },
    {
      "id" : "Extension.extension",
      "path" : "Extension.extension",
      "max" : "0"
    },
    {
      "id" : "Extension.url",
      "path" : "Extension.url",
      "type" : [{
        "code" : "uri"
      }],
      "fixedUri" : "http://hl7.org/fhir/StructureDefinition/observation-geneticsGene"
    },
    {
      "id" : "Extension.valueCodeableConcept",
      "path" : "Extension.valueCodeableConcept",
      "type" : [{
        "code" : "CodeableConcept"
      }],
      "binding" : {
        "extension" : [{
          "url" : "http://hl7.org/fhir/StructureDefinition/elementdefinition-bindingName",
          "valueString" : "HGNC-geneIdentifiers"
        }],
        "strength" : "preferred",
        "description" : "International curated set of gene identifiers",
        "valueSet" : "http://hl7.org/fhir/ValueSet/genenames"
      }
    }]
  }
}