<?xml version="1.0" encoding="UTF-8"?><Condition xmlns="http://hl7.org/fhir">
  <id value="f201"/>
  <meta>
    <security>
      <system value="http://hl7.org/fhir/v3/ActReason"/>
      <code value="HTEST"/>
      <display value="test health data"/>
    </security>
  </meta>
  <text><status value="generated"/><div xmlns="http://www.w3.org/1999/xhtml"><p><b>Generated Narrative with Details</b></p><p><b>id</b>: f201</p><p><b>identifier</b>: 12345</p><p><b>clinicalStatus</b>: Resolved <span>(Details : {http://terminology.hl7.org/CodeSystem/condition-clinical code 'resolved' = 'Resolved)</span></p><p><b>verificationStatus</b>: Confirmed <span>(Details : {http://terminology.hl7.org/CodeSystem/condition-ver-status code 'confirmed' = 'Confirmed)</span></p><p><b>category</b>: Problem <span>(Details : {SNOMED CT code '55607006' = 'Problem', given as 'Problem'}; {http://terminology.hl7.org/CodeSystem/condition-category code 'problem-list-item' = 'Problem List Item)</span></p><p><b>severity</b>: Mild <span>(Details : {SNOMED CT code '255604002' = 'Mild', given as 'Mild'})</span></p><p><b>code</b>: Fever <span>(Details : {SNOMED CT code '386661006' = 'Fever', given as 'Fever'})</span></p><p><b>bodySite</b>: Entire body as a whole <span>(Details : {SNOMED CT code '38266002' = 'Body as a whole', given as 'Entire body as a whole'})</span></p><p><b>subject</b>: <a>Roel</a></p><p><b>encounter</b>: <a>Encounter/f201</a></p><p><b>onset</b>: Apr 2, 2013</p><p><b>abatement</b>: around April 9, 2013</p><p><b>recordedDate</b>: Apr 4, 2013</p><p><b>recorder</b>: <a>Practitioner/f201</a></p><p><b>asserter</b>: <a>Practitioner/f201</a></p><h3>Evidences</h3><table><tr><td>-</td><td><b>Code</b></td><td><b>Detail</b></td></tr><tr><td>*</td><td>degrees C <span>(Details : {SNOMED CT code '258710007' = 'degrees C', given as 'degrees C'})</span></td><td><a>Temperature</a></td></tr></table></div></text><identifier>
    <value value="12345"/>
  </identifier>
  <clinicalStatus>
    <coding>
      <system value="http://terminology.hl7.org/CodeSystem/condition-clinical"/>
      <code value="resolved"/>
    </coding>
  </clinicalStatus>

  <verificationStatus>
    <coding>
      <system value="http://terminology.hl7.org/CodeSystem/condition-ver-status"/>
      <code value="confirmed"/>
    </coding>
  </verificationStatus>

  <category>
    <!--  The fever is a mild problem  -->
    <coding>
      <system value="http://snomed.info/sct"/>
      <code value="55607006"/>
      <display value="Problem"/>
    </coding>
    <coding>
      <system value="http://terminology.hl7.org/CodeSystem/condition-category"/>
      <code value="problem-list-item"/>
    </coding>
  </category>
  <severity>
    <!--  The fever is mild   -->
    <coding>
      <system value="http://snomed.info/sct"/>
      <code value="255604002"/>
      <display value="Mild"/>
    </coding>
  </severity>
  <code>
    <!--  The problem is a fever  -->
    <coding>
      <system value="http://snomed.info/sct"/>
      <code value="386661006"/>
      <display value="Fever"/>
    </coding>
  </code>
  <bodySite>
    <!--  Fever applies to whole body  -->
    <coding>
      <system value="http://snomed.info/sct"/>
      <code value="38266002"/>
      <display value="Entire body as a whole"/>
    </coding>
  </bodySite>
  <subject>
    <!--  It entails Roel's problem  -->
    <reference value="Patient/f201"/>
    <display value="Roel"/>
  </subject>
  <encounter>
    <reference value="Encounter/f201"/>
  </encounter>
  <onsetDateTime value="2013-04-02"/>
  <abatementString value="around April 9, 2013"/>
  <recordedDate value="2013-04-04"/>
  <recorder>
    <reference value="Practitioner/f201"/>
  </recorder>
  <asserter>
    <reference value="Practitioner/f201"/>
  </asserter>
  <evidence>
    <!--  Problem is confirmed by 39 degrees Celsius  -->
    <code>
      <coding>
        <system value="http://snomed.info/sct"/>
        <code value="258710007"/>
        <display value="degrees C"/>
      </coding>
    </code>
    <detail>
      <reference value="Observation/f202"/>
      <display value="Temperature"/>
    </detail>
  </evidence>
</Condition>