<?xml version="1.0" encoding="UTF-8"?><DeviceRequest xmlns="http://hl7.org/fhir">
  <id value="insulinpump"/>
  <!--  	<extension url="http://hl7.org/fhir/StructureDefinition/bodysitecode">
  <valueCodeableConcept>
    <coding>
      <system value="http://snomed.info/sct"/>
      <code value="51185008"/>
      <display value="Thoracic structure"/>
    </coding>
  </valueCodeableConcept>
</extension>	  -->
<meta>
    <security>
      <system value="http://hl7.org/fhir/v3/ActReason"/>
      <code value="HTEST"/>
      <display value="test health data"/>
    </security>
  </meta>
  <text><status value="generated"/><div xmlns="http://www.w3.org/1999/xhtml"><p><b>Generated Narrative with Details</b></p><p><b>id</b>: insulinpump</p><p><b>identifier</b>: ip_request1.1</p><p><b>instantiatesCanonical</b>: <a>http://motivemi.com/artifacts/PlanDefinition/low-suicide-risk-order-set</a></p><p><b>basedOn</b>: Homecare - DM follow-up</p><p><b>priorRequest</b>: CGM ambulatory</p><p><b>groupIdentifier</b>: ip_request1</p><p><b>status</b>: active</p><p><b>intent</b>: instance-order</p><p><b>priority</b>: routine</p><p><b>code</b>: Insulin delivery device panel <span>(Details : {LOINC code '43148-6' = 'Insulin delivery device panel)</span></p><p><b>subject</b>: <a>Patient/dicom</a></p><p><b>encounter</b>: Encounter 1</p><p><b>occurrence</b>: May 8, 2013, 9:33:27 AM</p><p><b>authoredOn</b>: May 8, 2013, 9:33:27 AM</p><p><b>requester</b>: <a>Dr. Adam Careful</a></p><p><b>performerType</b>: Nurse <span>(Details : {[not stated] code 'null' = 'null', given as 'Qualified nurse'})</span></p><p><b>performer</b>: Nurse Rossignol</p><p><b>reasonCode</b>: gastroparesis <span>(Details )</span></p><p><b>reasonReference</b>: Gastroparesis</p><p><b>supportingInfo</b>: Previous results</p><p><b>note</b>: this is the right device brand and model</p><p><b>relevantHistory</b>: Request for unspecified device</p></div></text><identifier>
  <value value="ip_request1.1"/>
</identifier>
<instantiatesCanonical value="http://motivemi.com/artifacts/PlanDefinition/low-suicide-risk-order-set"/>
<basedOn>
  <display value="Homecare - DM follow-up"/>
</basedOn>
<priorRequest>
  <display value="CGM ambulatory"/>
</priorRequest>
<groupIdentifier>
  <value value="ip_request1"/>
</groupIdentifier>
<status value="active"/>
<intent value="instance-order"/>
<priority value="routine"/>
<codeCodeableConcept>
  <coding>
    <system value="http://loinc.org"/>
    <code value="43148-6"/>
  </coding>
  <text value="Insulin delivery device panel"/>
</codeCodeableConcept>
<subject>
  <reference value="Patient/dicom"/>
</subject>
<encounter>
  <display value="Encounter 1"/>
</encounter>
<occurrenceDateTime value="2013-05-08T09:33:27+07:00"/>
<authoredOn value="2013-05-08T09:33:27+07:00"/>
<requester>
  <reference value="Practitioner/example"/>
  <display value="Dr. Adam Careful"/>
</requester>
<performerType>
  <coding>
    <display value="Qualified nurse"/>
  </coding>
  <text value="Nurse"/>
</performerType>
<performer>
  <display value="Nurse Rossignol"/>
</performer>
<reasonCode>
  <text value="gastroparesis"/>
</reasonCode>
<reasonReference>
  <display value="Gastroparesis"/>
</reasonReference>
<supportingInfo>
  <display value="Previous results"/>
</supportingInfo>
<note>
  <text value="this is the right device brand and model"/>
</note>
<relevantHistory>
  <display value="Request for unspecified device"/>
</relevantHistory>
</DeviceRequest>