<?xml version="1.0" encoding="UTF-8"?><DeviceMetric xmlns="http://hl7.org/fhir">
	<id value="example"/>
	<meta>
    <security>
      <system value="http://terminology.hl7.org/CodeSystem/v3-ActReason"/>
      <code value="HTEST"/>
      <display value="test health data"/>
    </security>
  </meta>
  <text><status value="generated"/><div xmlns="http://www.w3.org/1999/xhtml"><p><b>Generated Narrative with Details</b></p><p><b>id</b>: example</p><p><b>identifier</b>: 345675</p><p><b>type</b>: MDC_PULS_OXIM_SAT_O2 <span>(Details : {urn:iso:std:iso:11073:10101 code '150456' = '150456', given as 'MDC_PULS_OXIM_SAT_O2'})</span></p><p><b>unit</b>: MDC_DIM_PERCENT <span>(Details : {urn:iso:std:iso:11073:10101 code '262688' = '262688', given as 'MDC_DIM_PERCENT'})</span></p><p><b>source</b>: <a>Device/dev1</a></p><p><b>parent</b>: <a>DeviceDefinition/dc102</a></p><p><b>operationalStatus</b>: on</p><p><b>color</b>: blue</p><p><b>category</b>: measurement</p><p><b>measurementPeriod</b>: Do Once per 1 seconds</p><h3>Calibrations</h3><table><tr><td>-</td><td><b>Type</b></td><td><b>State</b></td><td><b>Time</b></td></tr><tr><td>*</td><td>two-point</td><td>calibrated</td><td>Dec 28, 2016, 9:03:04 AM</td></tr></table></div></text><identifier>
		<system value="http://goodcare.org/devicemetric/id"/>
		<value value="345675"/>
	</identifier>
	<type>
		<coding>
			<system value="urn:iso:std:iso:11073:10101"/>
			<code value="150456"/>
			<display value="MDC_PULS_OXIM_SAT_O2"/>
		</coding>
	</type>
	<unit>
		<coding>
			<system value="urn:iso:std:iso:11073:10101"/>
			<code value="262688"/>
			<display value="MDC_DIM_PERCENT"/>
		</coding>
	</unit>
	<source>
		<reference value="Device/dev1"/>
	</source>
	<parent>
		<reference value="DeviceDefinition/dc102"/>
	</parent>
	<operationalStatus value="on"/>
	<color value="blue"/>
	<category value="measurement"/>
	<measurementPeriod>
		<repeat>
			<frequency value="1"/>
			<period value="1"/>
			<periodUnit value="s"/>
		</repeat>
	</measurementPeriod>
	<calibration>
		<type value="two-point"/>
		<state value="calibrated"/>
		<time value="2016-12-28T09:03:04-05:00"/>
	</calibration>
</DeviceMetric>