<?xml version="1.0" encoding="UTF-8"?><Evidence xmlns="http://hl7.org/fhir">
  <id value="example"/>
  <meta>
    <security>
      <system value="http://hl7.org/fhir/v3/ActReason"/>
      <code value="HTEST"/>
      <display value="test health data"/>
    </security>
  </meta>
  <text>
    <status value="generated"/>
    <div xmlns="http://www.w3.org/1999/xhtml">[Put rendering here]</div>
  </text>
  <status value="draft"/>
  <exposureBackground>
	  <reference value="EvidenceVariable/example"/>
  </exposureBackground>
</Evidence>