<?xml version="1.0" encoding="UTF-8"?><ClinicalProfile xmlns="http://hl7.org/fhir">
	<!--   from Resource: id, meta, implicitRules, and language   -->
	<!--   from DomainResource: text, contained, extension, and modifierExtension   -->
	<id value="jhu-diabetes-profile-5-diagnoses"/>
	<meta>
    <security>
      <system value="http://terminology.hl7.org/CodeSystem/v3-ActReason"/>
      <code value="HTEST"/>
      <display value="test health data"/>
    </security>
  </meta>
  <text>
		<status value="generated"/>
		<div xmlns="http://www.w3.org/1999/xhtml">
			<p>Selected diagnoses for Male,Female, White or Caucasian,Native Hawaiian or Other Pacific Islander,Black or African American,Asian,Unknown,Hispanic,Declined to Answer,American Indian or Alaska Native,Other patients aged 75-80 seen as either outpatients or inpatients at Johns Hopkins Hospital, JHCP, and Bayview between 3/1/2016 and 3/1/2018 having a diagnosis of diabetes recorded on the problem list or as an encounter diagnosis.
			</p>
		</div>
	</text>
	<identifier>
		<value value="urn:uuid:1E3B448E-ACA8-509E-661BB5AA9753B1E1"/>
	</identifier>
	<status value="draft"/><!--   1..1 complete | draft | error   -->
	<population>
		<reference value="Group/diabetes-population-jhu2"/>
	</population>
	<cohort>
		<reference value="Group/diabetes-sample-5-cohort-jhu2"/>
		<display value="White or Caucasian,Native Hawaiian or Other Pacific Islander,Black or African American,Asian,Unknown,Hispanic,Declined to Answer,American Indian or Alaska Native,Other Male,Female aged 75-80"/> 
	</cohort>
	<date value="2018-09-12T18:07:00Z"/><!--   0..1 When the profile was generated   -->
	<source>
		<value value="http://ictrweb.johnshopkins.edu/ictr/synthetic/includes/clinical_profiles.cfm"/>
	</source>
	<reporter>
		<reference value="Organization/JHM"/>
		<type value="Organization"/>
		<display value="Johns Hopkins School of Medicine"/>
	</reporter>
	<diagnosis> 
		<code> 
			<coding> 
				<system value="http://hl7.org/fhir/sid/icd-10"/>
				<code value="E11.9"/> 
				<display value="Diabetes mellitus"/> 
			</coding> 
		</code> 
		<count value="10725"/> 
	</diagnosis>
	<diagnosis> 
		<code> 
			<coding> 
				<system value="http://hl7.org/fhir/sid/icd-10"/>
				<code value="I10"/> 
				<display value="Essential hypertension with goal blood pressure less than 140/90"/> 
			</coding> 
		</code> 
		<count value="8975"/> 
	</diagnosis>
	<diagnosis> 
		<code> 
			<coding> 
				<system value="http://hl7.org/fhir/sid/icd-10"/>
				<code value="E78.5"/> 
				<display value="Hyperlipidemia with target low density lipoprotein (LDL) cholesterol less than 70 mg/dL"/> 
			</coding> 
		</code> 
		<count value="3548"/> 
	</diagnosis>
	<diagnosis> 
		<code> 
			<coding> 
				<system value="http://hl7.org/fhir/sid/icd-10"/>
				<code value="I25.10"/> 
				<display value="Coronary artery disease"/> 
			</coding> 
		</code> 
		<count value="3340"/> 
	</diagnosis>
	<diagnosis> 
		<code> 
			<coding> 
				<system value="http://hl7.org/fhir/sid/icd-10"/>
				<code value="Z96.1"/> 
				<display value="Pseudophakia"/> 
			</coding> 
		</code> 
		<count value="2930"/> 
	</diagnosis>
	<diagnosis> 
		<code> 
			<coding> 
				<system value="http://hl7.org/fhir/sid/icd-10"/>
				<code value="Z00.00"/> 
				<display value="Routine general medical examination at a health care facility"/> 
			</coding> 
		</code> 
		<count value="2581"/> 
	</diagnosis>
	<diagnosis> 
		<code> 
			<coding> 
				<system value="http://hl7.org/fhir/sid/icd-10"/>
				<code value="E78.00"/> 
				<display value="Pure hypercholesterolemia"/> 
			</coding> 
		</code> 
		<count value="2208"/> 
	</diagnosis>
	<diagnosis> 
		<code> 
			<coding> 
				<system value="http://hl7.org/fhir/sid/icd-10"/>
				<code value="K21.9"/> 
				<display value="GERD (gastroesophageal reflux disease)"/> 
			</coding> 
		</code> 
		<count value="2167"/> 
	</diagnosis>
	<diagnosis> 
		<code> 
			<coding> 
				<system value="http://hl7.org/fhir/sid/icd-10"/>
				<code value="D64.9"/> 
				<display value="Chronic anemia"/> 
			</coding> 
		</code> 
		<count value="1684"/> 
	</diagnosis>
	<diagnosis> 
		<code> 
			<coding> 
				<system value="http://hl7.org/fhir/sid/icd-10"/>
				<code value="E03.9"/> 
				<display value="Hypothyroidism"/> 
			</coding> 
		</code> 
		<count value="1615"/> 
	</diagnosis>
	<diagnosis> 
		<code> 
			<coding> 
				<system value="http://hl7.org/fhir/sid/icd-10"/>
				<code value="H52.4"/> 
				<display value="Myopia of both eyes with astigmatism and presbyopia"/> 
			</coding> 
		</code> 
		<count value="1586"/> 
	</diagnosis>
	<diagnosis> 
		<code> 
			<coding> 
				<system value="http://hl7.org/fhir/sid/icd-10"/>
				<code value="E55.9"/> 
				<display value="Vitamin D deficiency"/> 
			</coding> 
		</code> 
		<count value="1544"/> 
	</diagnosis>
	<diagnosis> 
		<code> 
			<coding> 
				<system value="http://hl7.org/fhir/sid/icd-10"/>
				<code value="I48.91"/> 
				<display value="Atrial fibrillation"/> 
			</coding> 
		</code> 
		<count value="1486"/> 
	</diagnosis>
	<diagnosis> 
		<code> 
			<coding> 
				<system value="http://hl7.org/fhir/sid/icd-10"/>
				<code value="E78.2"/> 
				<display value="Mixed dyslipidemia"/> 
			</coding> 
		</code> 
		<count value="1362"/> 
	</diagnosis>
	<diagnosis> 
		<code> 
			<coding> 
				<system value="http://hl7.org/fhir/sid/icd-10"/>
				<code value="M19.90"/> 
				<display value="Osteoarthrosis, unspecified whether generalized or localized, unspecified site"/> 
			</coding> 
		</code> 
		<count value="1288"/> 
	</diagnosis>
	<diagnosis> 
		<code> 
			<coding> 
				<system value="http://hl7.org/fhir/sid/icd-10"/>
				<code value="N18.3"/> 
				<display value="CKD (chronic kidney disease) stage 3, GFR 30-59 ml/min"/> 
			</coding> 
		</code> 
		<count value="1242"/> 
	</diagnosis>
	<diagnosis> 
		<code> 
			<coding> 
				<system value="http://hl7.org/fhir/sid/icd-10"/>
				<code value="H26.9"/> 
				<display value="Cataract of left eye"/> 
			</coding> 
		</code> 
		<count value="1200"/> 
	</diagnosis>
	<diagnosis> 
		<code> 
			<coding> 
				<system value="http://hl7.org/fhir/sid/icd-10"/>
				<code value="E66.9"/> 
				<display value="Diabetes mellitus type 2 in obese"/> 
			</coding> 
		</code> 
		<count value="1075"/> 
	</diagnosis>
	<diagnosis> 
		<code> 
			<coding> 
				<system value="http://hl7.org/fhir/sid/icd-10"/>
				<code value="I50.9"/> 
				<display value="Heart failure"/> 
			</coding> 
		</code> 
		<count value="1072"/> 
	</diagnosis>
	<diagnosis> 
		<code> 
			<coding> 
				<system value="http://hl7.org/fhir/sid/icd-10"/>
				<code value="I73.9"/> 
				<display value="Peripheral vascular disease"/> 
			</coding> 
		</code> 
		<count value="1020"/> 
	</diagnosis>
	<diagnosis> 
		<code> 
			<coding> 
				<system value="http://hl7.org/fhir/sid/icd-10"/>
				<code value="F32.9"/> 
				<display value="Depressive disorder, not elsewhere classified"/> 
			</coding> 
		</code> 
		<count value="987"/> 
	</diagnosis>
	<diagnosis> 
		<code> 
			<coding> 
				<system value="http://hl7.org/fhir/sid/icd-10"/>
				<code value="N39.0"/> 
				<display value="Frequent UTI"/> 
			</coding> 
		</code> 
		<count value="943"/> 
	</diagnosis>
	<diagnosis> 
		<code> 
			<coding> 
				<system value="http://hl7.org/fhir/sid/icd-10"/>
				<code value="H04.123"/> 
				<display value="Dry eye syndrome, bilateral"/> 
			</coding> 
		</code> 
		<count value="909"/> 
	</diagnosis>
	<diagnosis> 
		<code> 
			<coding> 
				<system value="http://hl7.org/fhir/sid/icd-10"/>
				<code value="R42"/> 
				<display value="Vertigo"/> 
			</coding> 
		</code> 
		<count value="902"/> 
	</diagnosis>
	<diagnosis> 
		<code> 
			<coding> 
				<system value="http://hl7.org/fhir/sid/icd-10"/>
				<code value="R07.9"/> 
				<display value="Chest pain"/> 
			</coding> 
		</code> 
		<count value="887"/> 
	</diagnosis>
	<diagnosis> 
		<code> 
			<coding> 
				<system value="http://hl7.org/fhir/sid/icd-10"/>
				<code value="Z98.890"/> 
				<display value="History of penetrating keratoplasty"/> 
			</coding> 
		</code> 
		<count value="864"/> 
	</diagnosis>
	<diagnosis> 
		<code> 
			<coding> 
				<system value="http://hl7.org/fhir/sid/icd-10"/>
				<code value="R55"/> 
				<display value="Syncope"/> 
			</coding> 
		</code> 
		<count value="854"/> 
	</diagnosis>
	<diagnosis> 
		<code> 
			<coding> 
				<system value="http://hl7.org/fhir/sid/icd-10"/>
				<code value="H25.13"/> 
				<display value="Nuclear sclerotic cataract of both eyes"/> 
			</coding> 
		</code> 
		<count value="846"/> 
	</diagnosis>
	<diagnosis> 
		<code> 
			<coding> 
				<system value="http://hl7.org/fhir/sid/icd-10"/>
				<code value="J44.9"/> 
				<display value="COPD (chronic obstructive pulmonary disease)"/> 
			</coding> 
		</code> 
		<count value="831"/> 
	</diagnosis>
	<diagnosis> 
		<code> 
			<coding> 
				<system value="http://hl7.org/fhir/sid/icd-10"/>
				<code value="R60.9"/> 
				<display value="Edema"/> 
			</coding> 
		</code> 
		<count value="816"/> 
	</diagnosis>
	<diagnosis> 
		<code> 
			<coding> 
				<system value="http://hl7.org/fhir/sid/icd-10"/>
				<code value="IMO0002"/> 
				<display value="Cataract, nuclear"/> 
			</coding> 
		</code> 
		<count value="800"/> 
	</diagnosis>
	<diagnosis> 
		<code> 
			<coding> 
				<system value="http://hl7.org/fhir/sid/icd-10"/>
				<code value="I35.0"/> 
				<display value="Nonrheumatic aortic valve stenosis"/> 
			</coding> 
		</code> 
		<count value="775"/> 
	</diagnosis>
	<diagnosis> 
		<code> 
			<coding> 
				<system value="http://hl7.org/fhir/sid/icd-10"/>
				<code value="N18.9"/> 
				<display value="CKD (chronic kidney disease)"/> 
			</coding> 
		</code> 
		<count value="773"/> 
	</diagnosis>
	<diagnosis> 
		<code> 
			<coding> 
				<system value="http://hl7.org/fhir/sid/icd-10"/>
				<code value="N17.9"/> 
				<display value="Acute on chronic renal failure"/> 
			</coding> 
		</code> 
		<count value="771"/> 
	</diagnosis>
	<diagnosis> 
		<code> 
			<coding> 
				<system value="http://hl7.org/fhir/sid/icd-10"/>
				<code value="Z79.01"/> 
				<display value="Chronic anticoagulation"/> 
			</coding> 
		</code> 
		<count value="770"/> 
	</diagnosis>
	<diagnosis> 
		<code> 
			<coding> 
				<system value="http://hl7.org/fhir/sid/icd-10"/>
				<code value="N40.0"/> 
				<display value="BPH (benign prostatic hyperplasia)"/> 
			</coding> 
		</code> 
		<count value="754"/> 
	</diagnosis>
	<diagnosis> 
		<code> 
			<coding> 
				<system value="http://hl7.org/fhir/sid/icd-10"/>
				<code value="R06.02"/> 
				<display value="SOB (shortness of breath)"/> 
			</coding> 
		</code> 
		<count value="736"/> 
	</diagnosis>
	<diagnosis> 
		<code> 
			<coding> 
				<system value="http://hl7.org/fhir/sid/icd-10"/>
				<code value="H52.209"/> 
				<display value="Hyperopia with astigmatism"/> 
			</coding> 
		</code> 
		<count value="735"/> 
	</diagnosis>
	<diagnosis> 
		<code> 
			<coding> 
				<system value="http://hl7.org/fhir/sid/icd-10"/>
				<code value="M81.0"/> 
				<display value="Osteoporosis, postmenopausal"/> 
			</coding> 
		</code> 
		<count value="726"/> 
	</diagnosis>
	<diagnosis> 
		<code> 
			<coding> 
				<system value="http://hl7.org/fhir/sid/icd-10"/>
				<code value="G89.29"/> 
				<display value="Bilateral chronic knee pain"/> 
			</coding> 
		</code> 
		<count value="725"/> 
	</diagnosis>
	<diagnosis> 
		<code> 
			<coding> 
				<system value="http://hl7.org/fhir/sid/icd-10"/>
				<code value="M10.9"/> 
				<display value="Gout"/> 
			</coding> 
		</code> 
		<count value="720"/> 
	</diagnosis>
	<diagnosis> 
		<code> 
			<coding> 
				<system value="http://hl7.org/fhir/sid/icd-10"/>
				<code value="I63.9"/> 
				<display value="Left sided lacunar infarction"/> 
			</coding> 
		</code> 
		<count value="707"/> 
	</diagnosis>
	<diagnosis> 
		<code> 
			<coding> 
				<system value="http://hl7.org/fhir/sid/icd-10"/>
				<code value="J30.9"/> 
				<display value="Allergic rhinitis"/> 
			</coding> 
		</code> 
		<count value="666"/> 
	</diagnosis>
	<diagnosis> 
		<code> 
			<coding> 
				<system value="http://hl7.org/fhir/sid/icd-10"/>
				<code value="M54.5"/> 
				<display value="Chronic low back pain, unspecified back pain laterality, with sciatica presence unspecified"/> 
			</coding> 
		</code> 
		<count value="661"/> 
	</diagnosis>
	<diagnosis> 
		<code> 
			<coding> 
				<system value="http://hl7.org/fhir/sid/icd-10"/>
				<code value="E11.65"/> 
				<display value="Type 2 diabetes mellitus with hyperglycemia"/> 
			</coding> 
		</code> 
		<count value="652"/> 
	</diagnosis>
	<diagnosis> 
		<code> 
			<coding> 
				<system value="http://hl7.org/fhir/sid/icd-10"/>
				<code value="J18.9"/> 
				<display value="Bilateral pneumonia"/> 
			</coding> 
		</code> 
		<count value="632"/> 
	</diagnosis>
	<diagnosis> 
		<code> 
			<coding> 
				<system value="http://hl7.org/fhir/sid/icd-10"/>
				<code value="Z79.4"/> 
				<display value="Controlled type 2 diabetes mellitus without complication, with long-term current use of insulin"/> 
			</coding> 
		</code> 
		<count value="628"/> 
	</diagnosis>
	<diagnosis> 
		<code> 
			<coding> 
				<system value="http://hl7.org/fhir/sid/icd-10"/>
				<code value="G47.33"/> 
				<display value="Obstructive sleep apnea"/> 
			</coding> 
		</code> 
		<count value="625"/> 
	</diagnosis>
	<diagnosis> 
		<code> 
			<coding> 
				<system value="http://hl7.org/fhir/sid/icd-10"/>
				<code value="H91.90"/> 
				<display value="Hearing loss"/> 
			</coding> 
		</code> 
		<count value="611"/> 
	</diagnosis>
	<diagnosis> 
		<code> 
			<coding> 
				<system value="http://hl7.org/fhir/sid/icd-10"/>
				<code value="I48.0"/> 
				<display value="Paroxysmal atrial fibrillation"/> 
			</coding> 
		</code> 
		<count value="596"/> 
	</diagnosis>
	<diagnosis> 
		<code> 
			<coding> 
				<system value="http://hl7.org/fhir/sid/icd-10"/>
				<code value="C61"/> 
				<display value="Prostate cancer"/> 
			</coding> 
		</code> 
		<count value="591"/> 
	</diagnosis>
	<diagnosis> 
		<code> 
			<coding> 
				<system value="http://hl7.org/fhir/sid/icd-10"/>
				<code value="Z95.1"/> 
				<display value="S/P CABG x 2"/> 
			</coding> 
		</code> 
		<count value="586"/> 
	</diagnosis>
	<diagnosis> 
		<code> 
			<coding> 
				<system value="http://hl7.org/fhir/sid/icd-10"/>
				<code value="M54.9"/> 
				<display value="Back pain"/> 
			</coding> 
		</code> 
		<count value="582"/> 
	</diagnosis>
	<diagnosis> 
		<code> 
			<coding> 
				<system value="http://hl7.org/fhir/sid/icd-10"/>
				<code value="R80.9"/> 
				<display value="Proteinuria, unspecified type"/> 
			</coding> 
		</code> 
		<count value="577"/> 
	</diagnosis>
	<diagnosis> 
		<code> 
			<coding> 
				<system value="http://hl7.org/fhir/sid/icd-10"/>
				<code value="H04.129"/> 
				<display value="Dry eye syndrome"/> 
			</coding> 
		</code> 
		<count value="562"/> 
	</diagnosis>
	<diagnosis> 
		<code> 
			<coding> 
				<system value="http://hl7.org/fhir/sid/icd-10"/>
				<code value="Z95.0"/> 
				<display value="Cardiac pacemaker in situ"/> 
			</coding> 
		</code> 
		<count value="560"/> 
	</diagnosis>
	<diagnosis> 
		<code> 
			<coding> 
				<system value="http://hl7.org/fhir/sid/icd-10"/>
				<code value="H25.9"/> 
				<display value="Senile cataract"/> 
			</coding> 
		</code> 
		<count value="556"/> 
	</diagnosis>
	<diagnosis> 
		<code> 
			<coding> 
				<system value="http://hl7.org/fhir/sid/icd-10"/>
				<code value="H52.203"/> 
				<display value="Myopia of both eyes with astigmatism and presbyopia"/> 
			</coding> 
		</code> 
		<count value="546"/> 
	</diagnosis>
	<diagnosis> 
		<code> 
			<coding> 
				<system value="http://hl7.org/fhir/sid/icd-10"/>
				<code value="R53.83"/> 
				<display value="Fatigue"/> 
			</coding> 
		</code> 
		<count value="544"/> 
	</diagnosis>
	<diagnosis> 
		<code> 
			<coding> 
				<system value="http://hl7.org/fhir/sid/icd-10"/>
				<code value="R06.09"/> 
				<display value="DOE (dyspnea on exertion)"/> 
			</coding> 
		</code> 
		<count value="540"/> 
	</diagnosis>
	<diagnosis> 
		<code> 
			<coding> 
				<system value="http://hl7.org/fhir/sid/icd-10"/>
				<code value="Z01.818"/> 
				<display value="Preoperative examination, unspecified"/> 
			</coding> 
		</code> 
		<count value="538"/> 
	</diagnosis>
	<diagnosis> 
		<code> 
			<coding> 
				<system value="http://hl7.org/fhir/sid/icd-10"/>
				<code value="G62.9"/> 
				<display value="Neuropathy"/> 
			</coding> 
		</code> 
		<count value="519"/> 
	</diagnosis>
	<diagnosis> 
		<code> 
			<coding> 
				<system value="http://hl7.org/fhir/sid/icd-10"/>
				<code value="G47.30"/> 
				<display value="Sleep apnea"/> 
			</coding> 
		</code> 
		<count value="508"/> 
	</diagnosis>
	<diagnosis> 
		<code> 
			<coding> 
				<system value="http://hl7.org/fhir/sid/icd-10"/>
				<code value="H40.9"/> 
				<display value="Glaucoma"/> 
			</coding> 
		</code> 
		<count value="497"/> 
	</diagnosis>
	<diagnosis> 
		<code> 
			<coding> 
				<system value="http://hl7.org/fhir/sid/icd-10"/>
				<code value="E11.8"/> 
				<display value="Diabetes mellitus with multiple complications"/> 
			</coding> 
		</code> 
		<count value="488"/> 
	</diagnosis>
	<diagnosis> 
		<code> 
			<coding> 
				<system value="http://hl7.org/fhir/sid/icd-10"/>
				<code value="E11.3299"/> 
				<display value="Mild nonproliferative diabetic retinopathy without macular edema associated with type 2 diabetes mellitus"/> 
			</coding> 
		</code> 
		<count value="486"/> 
	</diagnosis>
	<diagnosis> 
		<code> 
			<coding> 
				<system value="http://hl7.org/fhir/sid/icd-10"/>
				<code value="R05"/> 
				<display value="ACE-inhibitor cough"/> 
			</coding> 
		</code> 
		<count value="481"/> 
	</diagnosis>
	<diagnosis> 
		<code> 
			<coding> 
				<system value="http://hl7.org/fhir/sid/icd-10"/>
				<code value="R60.0"/> 
				<display value="Bilateral edema of lower extremity"/> 
			</coding> 
		</code> 
		<count value="476"/> 
	</diagnosis>
	<diagnosis> 
		<code> 
			<coding> 
				<system value="http://hl7.org/fhir/sid/icd-10"/>
				<code value="N40.1"/> 
				<display value="Benign prostatic hyperplasia with urinary obstruction"/> 
			</coding> 
		</code> 
		<count value="474"/> 
	</diagnosis>
	<diagnosis> 
		<code> 
			<coding> 
				<system value="http://hl7.org/fhir/sid/icd-10"/>
				<code value="R53.81"/> 
				<display value="Other malaise and fatigue"/> 
			</coding> 
		</code> 
		<count value="461"/> 
	</diagnosis>
	<diagnosis> 
		<code> 
			<coding> 
				<system value="http://hl7.org/fhir/sid/icd-10"/>
				<code value="W19.XXXA"/> 
				<display value="Unspecified fall"/> 
			</coding> 
		</code> 
		<count value="460"/> 
	</diagnosis>
	<diagnosis> 
		<code> 
			<coding> 
				<system value="http://hl7.org/fhir/sid/icd-10"/>
				<code value="H43.813"/> 
				<display value="PVD (posterior vitreous detachment), both eyes"/> 
			</coding> 
		</code> 
		<count value="449"/> 
	</diagnosis>
	<diagnosis> 
		<code> 
			<coding> 
				<system value="http://hl7.org/fhir/sid/icd-10"/>
				<code value="N52.9"/> 
				<display value="ED (erectile dysfunction)"/> 
			</coding> 
		</code> 
		<count value="444"/> 
	</diagnosis>
	<diagnosis> 
		<code> 
			<coding> 
				<system value="http://hl7.org/fhir/sid/icd-10"/>
				<code value="H40.003"/> 
				<display value="Glaucoma suspect of both eyes"/> 
			</coding> 
		</code> 
		<count value="440"/> 
	</diagnosis>
	<diagnosis> 
		<code> 
			<coding> 
				<system value="http://hl7.org/fhir/sid/icd-10"/>
				<code value="K59.00"/> 
				<display value="Constipation"/> 
			</coding> 
		</code> 
		<count value="438"/> 
	</diagnosis>
	<diagnosis> 
		<code> 
			<coding> 
				<system value="http://hl7.org/fhir/sid/icd-10"/>
				<code value="F41.9"/> 
				<display value="Anxiety"/> 
			</coding> 
		</code> 
		<count value="437"/> 
	</diagnosis>
	<diagnosis> 
		<code> 
			<coding> 
				<system value="http://hl7.org/fhir/sid/icd-10"/>
				<code value="J45.909"/> 
				<display value="Asthma"/> 
			</coding> 
		</code> 
		<count value="435"/> 
	</diagnosis>
	<diagnosis> 
		<code> 
			<coding> 
				<system value="http://hl7.org/fhir/sid/icd-10"/>
				<code value="Z79.899"/> 
				<display value="Encounter for long-term current use of medication"/> 
			</coding> 
		</code> 
		<count value="435"/> 
	</diagnosis>
	<diagnosis> 
		<code> 
			<coding> 
				<system value="http://hl7.org/fhir/sid/icd-10"/>
				<code value="N28.9"/> 
				<display value="Renal insufficiency"/> 
			</coding> 
		</code> 
		<count value="433"/> 
	</diagnosis>
	<diagnosis> 
		<code> 
			<coding> 
				<system value="http://hl7.org/fhir/sid/icd-10"/>
				<code value="N18.4"/> 
				<display value="Stage 4 chronic kidney disease"/> 
			</coding> 
		</code> 
		<count value="431"/> 
	</diagnosis>
	<diagnosis> 
		<code> 
			<coding> 
				<system value="http://hl7.org/fhir/sid/icd-10"/>
				<code value="R63.4"/> 
				<display value="Rapid weight loss"/> 
			</coding> 
		</code> 
		<count value="428"/> 
	</diagnosis>
	<diagnosis> 
		<code> 
			<coding> 
				<system value="http://hl7.org/fhir/sid/icd-10"/>
				<code value="M48.061"/> 
				<display value="Spinal stenosis, lumbar region, without neurogenic claudication"/> 
			</coding> 
		</code> 
		<count value="428"/> 
	</diagnosis>
	<diagnosis> 
		<code> 
			<coding> 
				<system value="http://hl7.org/fhir/sid/icd-10"/>
				<code value="M85.80"/> 
				<display value="Osteopenia"/> 
			</coding> 
		</code> 
		<count value="424"/> 
	</diagnosis>
	<diagnosis> 
		<code> 
			<coding> 
				<system value="http://hl7.org/fhir/sid/icd-10"/>
				<code value="E87.5"/> 
				<display value="Hyperkalemia"/> 
			</coding> 
		</code> 
		<count value="411"/> 
	</diagnosis>
	<diagnosis> 
		<code> 
			<coding> 
				<system value="http://hl7.org/fhir/sid/icd-10"/>
				<code value="G47.00"/> 
				<display value="Insomnia"/> 
			</coding> 
		</code> 
		<count value="406"/> 
	</diagnosis>
	<diagnosis> 
		<code> 
			<coding> 
				<system value="http://hl7.org/fhir/sid/icd-10"/>
				<code value="E53.8"/> 
				<display value="B12 deficiency"/> 
			</coding> 
		</code> 
		<count value="401"/> 
	</diagnosis>
	<diagnosis> 
		<code> 
			<coding> 
				<system value="http://hl7.org/fhir/sid/icd-10"/>
				<code value="K92.2"/> 
				<display value="GIB (gastrointestinal bleeding)"/> 
			</coding> 
		</code> 
		<count value="400"/> 
	</diagnosis>
	<diagnosis> 
		<code> 
			<coding> 
				<system value="http://hl7.org/fhir/sid/icd-10"/>
				<code value="E87.1"/> 
				<display value="Hyponatremia"/> 
			</coding> 
		</code> 
		<count value="398"/> 
	</diagnosis>
	<diagnosis> 
		<code> 
			<coding> 
				<system value="http://hl7.org/fhir/sid/icd-10"/>
				<code value="R74.8"/> 
				<display value="Elevated liver enzymes"/> 
			</coding> 
		</code> 
		<count value="394"/> 
	</diagnosis>
	<diagnosis> 
		<code> 
			<coding> 
				<system value="http://hl7.org/fhir/sid/icd-10"/>
				<code value="R32"/> 
				<display value="Urinary incontinence"/> 
			</coding> 
		</code> 
		<count value="393"/> 
	</diagnosis>
	<diagnosis> 
		<code> 
			<coding> 
				<system value="http://hl7.org/fhir/sid/icd-10"/>
				<code value="D12.6"/> 
				<display value="Adenomatous colon polyp"/> 
			</coding> 
		</code> 
		<count value="393"/> 
	</diagnosis>
	<diagnosis> 
		<code> 
			<coding> 
				<system value="http://hl7.org/fhir/sid/icd-10"/>
				<code value="R41.3"/> 
				<display value="Memory loss"/> 
			</coding> 
		</code> 
		<count value="386"/> 
	</diagnosis>
	<diagnosis> 
		<code> 
			<coding> 
				<system value="http://hl7.org/fhir/sid/icd-10"/>
				<code value="R09.89"/> 
				<display value="Right carotid bruit"/> 
			</coding> 
		</code> 
		<count value="384"/> 
	</diagnosis>
	<diagnosis> 
		<code> 
			<coding> 
				<system value="http://hl7.org/fhir/sid/icd-10"/>
				<code value="F03.90"/> 
				<display value="Dementia"/> 
			</coding> 
		</code> 
		<count value="384"/> 
	</diagnosis>
	<diagnosis> 
		<code> 
			<coding> 
				<system value="http://hl7.org/fhir/sid/icd-10"/>
				<code value="B35.1"/> 
				<display value="Dermatophytosis of nail"/> 
			</coding> 
		</code> 
		<count value="384"/> 
	</diagnosis>
	<diagnosis> 
		<code> 
			<coding> 
				<system value="http://hl7.org/fhir/sid/icd-10"/>
				<code value="H35.30"/> 
				<display value="Macular degeneration"/> 
			</coding> 
		</code> 
		<count value="382"/> 
	</diagnosis>
	<diagnosis> 
		<code> 
			<coding> 
				<system value="http://hl7.org/fhir/sid/icd-10"/>
				<code value="R10.9"/> 
				<display value="Abdominal pain, unspecified site"/> 
			</coding> 
		</code> 
		<count value="381"/> 
	</diagnosis>
	<diagnosis> 
		<code> 
			<coding> 
				<system value="http://hl7.org/fhir/sid/icd-10"/>
				<code value="M17.10"/> 
				<display value="Knee arthropathy"/> 
			</coding> 
		</code> 
		<count value="376"/> 
	</diagnosis>
	<diagnosis> 
		<code> 
			<coding> 
				<system value="http://hl7.org/fhir/sid/icd-10"/>
				<code value="R07.89"/> 
				<display value="Other chest pain"/> 
			</coding> 
		</code> 
		<count value="369"/> 
	</diagnosis>
	<diagnosis> 
		<code> 
			<coding> 
				<system value="http://hl7.org/fhir/sid/icd-10"/>
				<code value="H52.10"/> 
				<display value="Myopia with presbyopia"/> 
			</coding> 
		</code> 
		<count value="369"/> 
	</diagnosis>
	<diagnosis> 
		<code> 
			<coding> 
				<system value="http://hl7.org/fhir/sid/icd-10"/>
				<code value="G45.9"/> 
				<display value="Unspecified transient cerebral ischemia"/> 
			</coding> 
		</code> 
		<count value="368"/> 
	</diagnosis>
	<diagnosis> 
		<code> 
			<coding> 
				<system value="http://hl7.org/fhir/sid/icd-10"/>
				<code value="M15.9"/> 
				<display value="Generalized osteoarthrosis, involving multiple sites"/> 
			</coding> 
		</code> 
		<count value="365"/> 
	</diagnosis>
	<diagnosis> 
		<code> 
			<coding> 
				<system value="http://hl7.org/fhir/sid/icd-10"/>
				<code value="R53.1"/> 
				<display value="Weakness"/> 
			</coding> 
		</code> 
		<count value="365"/> 
	</diagnosis>
	<diagnosis> 
		<code> 
			<coding> 
				<system value="http://hl7.org/fhir/sid/icd-10"/>
				<code value="I48.2"/> 
				<display value="Chronic atrial fibrillation"/> 
			</coding> 
		</code> 
		<count value="364"/> 
	</diagnosis>
	<diagnosis> 
		<code> 
			<coding> 
				<system value="http://hl7.org/fhir/sid/icd-10"/>
				<code value="D50.9"/> 
				<display value="Iron deficiency anemia"/> 
			</coding> 
		</code> 
		<count value="364"/> 
	</diagnosis>
	<diagnosis> 
		<code> 
			<coding> 
				<system value="http://hl7.org/fhir/sid/icd-10"/>
				<code value="R00.1"/> 
				<display value="Bradycardia"/> 
			</coding> 
		</code> 
		<count value="363"/> 
	</diagnosis>
	<diagnosis> 
		<code> 
			<coding> 
				<system value="http://hl7.org/fhir/sid/icd-10"/>
				<code value="A41.9"/> 
				<display value="Septicemia"/> 
			</coding> 
		</code> 
		<count value="358"/> 
	</diagnosis>
	<diagnosis> 
		<code> 
			<coding> 
				<system value="http://hl7.org/fhir/sid/icd-10"/>
				<code value="H52.13"/> 
				<display value="Myopia of both eyes with astigmatism and presbyopia"/> 
			</coding> 
		</code> 
		<count value="358"/> 
	</diagnosis>
	<diagnosis> 
		<code> 
			<coding> 
				<system value="http://hl7.org/fhir/sid/icd-10"/>
				<code value="N20.0"/> 
				<display value="Kidney stones"/> 
			</coding> 
		</code> 
		<count value="354"/> 
	</diagnosis>
	<diagnosis> 
		<code> 
			<coding> 
				<system value="http://hl7.org/fhir/sid/icd-10"/>
				<code value="Z86.73"/> 
				<display value="History of stroke"/> 
			</coding> 
		</code> 
		<count value="353"/> 
	</diagnosis>
	<diagnosis> 
		<code> 
			<coding> 
				<system value="http://hl7.org/fhir/sid/icd-10"/>
				<code value="R94.31"/> 
				<display value="Abnormal ECG"/> 
			</coding> 
		</code> 
		<count value="345"/> 
	</diagnosis>
	<diagnosis> 
		<code> 
			<coding> 
				<system value="http://hl7.org/fhir/sid/icd-10"/>
				<code value="R26.9"/> 
				<display value="Gait abnormality"/> 
			</coding> 
		</code> 
		<count value="345"/> 
	</diagnosis>
	<diagnosis> 
		<code> 
			<coding> 
				<system value="http://hl7.org/fhir/sid/icd-10"/>
				<code value="R41.82"/> 
				<display value="Altered mental status, unspecified"/> 
			</coding> 
		</code> 
		<count value="340"/> 
	</diagnosis>
	<diagnosis> 
		<code> 
			<coding> 
				<system value="http://hl7.org/fhir/sid/icd-10"/>
				<code value="E11.42"/> 
				<display value="Type 2 diabetes mellitus with peripheral neuropathy"/> 
			</coding> 
		</code> 
		<count value="335"/> 
	</diagnosis>
	<diagnosis> 
		<code> 
			<coding> 
				<system value="http://hl7.org/fhir/sid/icd-10"/>
				<code value="I27.20"/> 
				<display value="Pulmonary hypertension"/> 
			</coding> 
		</code> 
		<count value="328"/> 
	</diagnosis>
	<diagnosis> 
		<code> 
			<coding> 
				<system value="http://hl7.org/fhir/sid/icd-10"/>
				<code value="H25.10"/> 
				<display value="Nuclear sclerosis"/> 
			</coding> 
		</code> 
		<count value="325"/> 
	</diagnosis>
	<diagnosis> 
		<code> 
			<coding> 
				<system value="http://hl7.org/fhir/sid/icd-10"/>
				<code value="I34.0"/> 
				<display value="Non-rheumatic mitral regurgitation"/> 
			</coding> 
		</code> 
		<count value="322"/> 
	</diagnosis>
	<diagnosis> 
		<code> 
			<coding> 
				<system value="http://hl7.org/fhir/sid/icd-10"/>
				<code value="E11.40"/> 
				<display value="Diabetic neuropathy"/> 
			</coding> 
		</code> 
		<count value="319"/> 
	</diagnosis>
	<diagnosis> 
		<code> 
			<coding> 
				<system value="http://hl7.org/fhir/sid/icd-10"/>
				<code value="K57.30"/> 
				<display value="Diverticulosis of colon"/> 
			</coding> 
		</code> 
		<count value="319"/> 
	</diagnosis>
	<diagnosis> 
		<code> 
			<coding> 
				<system value="http://hl7.org/fhir/sid/icd-10"/>
				<code value="R01.1"/> 
				<display value="Undiagnosed cardiac murmurs"/> 
			</coding> 
		</code> 
		<count value="317"/> 
	</diagnosis>
	<diagnosis> 
		<code> 
			<coding> 
				<system value="http://hl7.org/fhir/sid/icd-10"/>
				<code value="I25.5"/> 
				<display value="Ischemic cardiomyopathy"/> 
			</coding> 
		</code> 
		<count value="306"/> 
	</diagnosis>
	<diagnosis> 
		<code> 
			<coding> 
				<system value="http://hl7.org/fhir/sid/icd-10"/>
				<code value="R19.7"/> 
				<display value="Watery diarrhea"/> 
			</coding> 
		</code> 
		<count value="305"/> 
	</diagnosis>
	<diagnosis> 
		<code> 
			<coding> 
				<system value="http://hl7.org/fhir/sid/icd-10"/>
				<code value="R00.2"/> 
				<display value="Palpitations"/> 
			</coding> 
		</code> 
		<count value="300"/> 
	</diagnosis>
	<diagnosis> 
		<code> 
			<coding> 
				<system value="http://hl7.org/fhir/sid/icd-10"/>
				<code value="M25.569"/> 
				<display value="Pain in joint, lower leg"/> 
			</coding> 
		</code> 
		<count value="297"/> 
	</diagnosis>
	<diagnosis> 
		<code> 
			<coding> 
				<system value="http://hl7.org/fhir/sid/icd-10"/>
				<code value="I26.99"/> 
				<display value="Pulmonary embolism"/> 
			</coding> 
		</code> 
		<count value="296"/> 
	</diagnosis>
	<diagnosis> 
		<code> 
			<coding> 
				<system value="http://hl7.org/fhir/sid/icd-10"/>
				<code value="Z23"/> 
				<display value="Need for prophylactic vaccination and inoculation against influenza"/> 
			</coding> 
		</code> 
		<count value="295"/> 
	</diagnosis>
	<diagnosis> 
		<code> 
			<coding> 
				<system value="http://hl7.org/fhir/sid/icd-10"/>
				<code value="I21.4"/> 
				<display value="NSTEMI (non-ST elevated myocardial infarction)"/> 
			</coding> 
		</code> 
		<count value="295"/> 
	</diagnosis>
	<diagnosis> 
		<code> 
			<coding> 
				<system value="http://hl7.org/fhir/sid/icd-10"/>
				<code value="I87.2"/> 
				<display value="Chronic venous insufficiency"/> 
			</coding> 
		</code> 
		<count value="294"/> 
	</diagnosis>
	<diagnosis> 
		<code> 
			<coding> 
				<system value="http://hl7.org/fhir/sid/icd-10"/>
				<code value="I50.30"/> 
				<display value="Heart failure with preserved left ventricular function (HFpEF)"/> 
			</coding> 
		</code> 
		<count value="292"/> 
	</diagnosis>
	<diagnosis> 
		<code> 
			<coding> 
				<system value="http://hl7.org/fhir/sid/icd-10"/>
				<code value="R51"/> 
				<display value="Headache(784.0)"/> 
			</coding> 
		</code> 
		<count value="291"/> 
	</diagnosis>
	<diagnosis> 
		<code> 
			<coding> 
				<system value="http://hl7.org/fhir/sid/icd-10"/>
				<code value="I65.29"/> 
				<display value="Occlusion and stenosis of carotid artery without mention of cerebral infarction"/> 
			</coding> 
		</code> 
		<count value="284"/> 
	</diagnosis>
	<diagnosis> 
		<code> 
			<coding> 
				<system value="http://hl7.org/fhir/sid/icd-10"/>
				<code value="I49.5"/> 
				<display value="SSS (sick sinus syndrome)"/> 
			</coding> 
		</code> 
		<count value="284"/> 
	</diagnosis>
	<diagnosis> 
		<code> 
			<coding> 
				<system value="http://hl7.org/fhir/sid/icd-10"/>
				<code value="N18.6"/> 
				<display value="Diabetes mellitus with ESRD (end-stage renal disease)"/> 
			</coding> 
		</code> 
		<count value="281"/> 
	</diagnosis>
	<diagnosis> 
		<code> 
			<coding> 
				<system value="http://hl7.org/fhir/sid/icd-10"/>
				<code value="M25.519"/> 
				<display value="Pain in joint, shoulder region"/> 
			</coding> 
		</code> 
		<count value="279"/> 
	</diagnosis>
	<diagnosis> 
		<code> 
			<coding> 
				<system value="http://hl7.org/fhir/sid/icd-10"/>
				<code value="M54.2"/> 
				<display value="Neck pain"/> 
			</coding> 
		</code> 
		<count value="277"/> 
	</diagnosis>
	<diagnosis> 
		<code> 
			<coding> 
				<system value="http://hl7.org/fhir/sid/icd-10"/>
				<code value="Z86.79"/> 
				<display value="S/P AAA repair"/> 
			</coding> 
		</code> 
		<count value="277"/> 
	</diagnosis>
	<diagnosis> 
		<code> 
			<coding> 
				<system value="http://hl7.org/fhir/sid/icd-10"/>
				<code value="H52.00"/> 
				<display value="Hyperopia with presbyopia"/> 
			</coding> 
		</code> 
		<count value="275"/> 
	</diagnosis>
	<diagnosis> 
		<code> 
			<coding> 
				<system value="http://hl7.org/fhir/sid/icd-10"/>
				<code value="Z87.19"/> 
				<display value="S/P hemorrhoidectomy"/> 
			</coding> 
		</code> 
		<count value="274"/> 
	</diagnosis>
	<diagnosis> 
		<code> 
			<coding> 
				<system value="http://hl7.org/fhir/sid/icd-10"/>
				<code value="Z95.5"/> 
				<display value="Hx of heart artery stent"/> 
			</coding> 
		</code> 
		<count value="271"/> 
	</diagnosis>
	<diagnosis> 
		<code> 
			<coding> 
				<system value="http://hl7.org/fhir/sid/icd-10"/>
				<code value="F02.80"/> 
				<display value="Alzheimer's dementia"/> 
			</coding> 
		</code> 
		<count value="270"/> 
	</diagnosis>
	<diagnosis> 
		<code> 
			<coding> 
				<system value="http://hl7.org/fhir/sid/icd-10"/>
				<code value="H01.003"/> 
				<display value="Blepharitis of both eyes, unspecified eyelid, unspecified type"/> 
			</coding> 
		</code> 
		<count value="267"/> 
	</diagnosis>
	<diagnosis> 
		<code> 
			<coding> 
				<system value="http://hl7.org/fhir/sid/icd-10"/>
				<code value="H01.006"/> 
				<display value="Blepharitis of both eyes"/> 
			</coding> 
		</code> 
		<count value="265"/> 
	</diagnosis>
	<diagnosis> 
		<code> 
			<coding> 
				<system value="http://hl7.org/fhir/sid/icd-10"/>
				<code value="H01.009"/> 
				<display value="Blepharitis, unspecified laterality"/> 
			</coding> 
		</code> 
		<count value="263"/> 
	</diagnosis>
	<diagnosis> 
		<code> 
			<coding> 
				<system value="http://hl7.org/fhir/sid/icd-10"/>
				<code value="Z86.010"/> 
				<display value="History of colonic polyps"/> 
			</coding> 
		</code> 
		<count value="261"/> 
	</diagnosis>
	<diagnosis> 
		<code> 
			<coding> 
				<system value="http://hl7.org/fhir/sid/icd-10"/>
				<code value="L57.0"/> 
				<display value="Actinic keratoses"/> 
			</coding> 
		</code> 
		<count value="261"/> 
	</diagnosis>
	<diagnosis> 
		<code> 
			<coding> 
				<system value="http://hl7.org/fhir/sid/icd-10"/>
				<code value="R06.00"/> 
				<display value="Dyspnea"/> 
			</coding> 
		</code> 
		<count value="260"/> 
	</diagnosis>
	<diagnosis> 
		<code> 
			<coding> 
				<system value="http://hl7.org/fhir/sid/icd-10"/>
				<code value="D72.829"/> 
				<display value="Leukocytosis, unspecified type"/> 
			</coding> 
		</code> 
		<count value="259"/> 
	</diagnosis>
	<diagnosis> 
		<code> 
			<coding> 
				<system value="http://hl7.org/fhir/sid/icd-10"/>
				<code value="M79.609"/> 
				<display value="Pain in limb"/> 
			</coding> 
		</code> 
		<count value="257"/> 
	</diagnosis>
	<diagnosis> 
		<code> 
			<coding> 
				<system value="http://hl7.org/fhir/sid/icd-10"/>
				<code value="C50.919"/> 
				<display value="Breast cancer, stage 1"/> 
			</coding> 
		</code> 
		<count value="256"/> 
	</diagnosis>
	<diagnosis> 
		<code> 
			<coding> 
				<system value="http://hl7.org/fhir/sid/icd-10"/>
				<code value="E10.9"/> 
				<display value="Type I (juvenile type) diabetes mellitus without mention of complication, not stated as uncontrolled"/> 
			</coding> 
		</code> 
		<count value="253"/> 
	</diagnosis>
	<diagnosis> 
		<code> 
			<coding> 
				<system value="http://hl7.org/fhir/sid/icd-10"/>
				<code value="R91.1"/> 
				<display value="Pulmonary nodule"/> 
			</coding> 
		</code> 
		<count value="251"/> 
	</diagnosis>
	<diagnosis> 
		<code> 
			<coding> 
				<system value="http://hl7.org/fhir/sid/icd-10"/>
				<code value="E87.6"/> 
				<display value="Hypokalemia"/> 
			</coding> 
		</code> 
		<count value="248"/> 
	</diagnosis>
	<diagnosis> 
		<code> 
			<coding> 
				<system value="http://hl7.org/fhir/sid/icd-10"/>
				<code value="E11.22"/> 
				<display value="Hypertension associated with stage 5 chronic kidney disease due to type 2 diabetes mellitus"/> 
			</coding> 
		</code> 
		<count value="246"/> 
	</diagnosis>
	<diagnosis> 
		<code> 
			<coding> 
				<system value="http://hl7.org/fhir/sid/icd-10"/>
				<code value="R31.9"/> 
				<display value="Hematuria"/> 
			</coding> 
		</code> 
		<count value="245"/> 
	</diagnosis>
	<diagnosis> 
		<code> 
			<coding> 
				<system value="http://hl7.org/fhir/sid/icd-10"/>
				<code value="H26.499"/> 
				<display value="After-cataract obscuring vision"/> 
			</coding> 
		</code> 
		<count value="245"/> 
	</diagnosis>
	<diagnosis> 
		<code> 
			<coding> 
				<system value="http://hl7.org/fhir/sid/icd-10"/>
				<code value="R09.02"/> 
				<display value="Hypoxemia"/> 
			</coding> 
		</code> 
		<count value="244"/> 
	</diagnosis>
	<diagnosis> 
		<code> 
			<coding> 
				<system value="http://hl7.org/fhir/sid/icd-10"/>
				<code value="R13.10"/> 
				<display value="Esophageal dysphagia"/> 
			</coding> 
		</code> 
		<count value="243"/> 
	</diagnosis>
	<diagnosis> 
		<code> 
			<coding> 
				<system value="http://hl7.org/fhir/sid/icd-10"/>
				<code value="E11.319"/> 
				<display value="Diabetic retinopathy"/> 
			</coding> 
		</code> 
		<count value="243"/> 
	</diagnosis>
	<diagnosis> 
		<code> 
			<coding> 
				<system value="http://hl7.org/fhir/sid/icd-10"/>
				<code value="G56.00"/> 
				<display value="Carpal tunnel syndrome"/> 
			</coding> 
		</code> 
		<count value="242"/> 
	</diagnosis>
	<diagnosis> 
		<code> 
			<coding> 
				<system value="http://hl7.org/fhir/sid/icd-10"/>
				<code value="E04.1"/> 
				<display value="Thyroid nodule"/> 
			</coding> 
		</code> 
		<count value="241"/> 
	</diagnosis>
	<diagnosis> 
		<code> 
			<coding> 
				<system value="http://hl7.org/fhir/sid/icd-10"/>
				<code value="D69.6"/> 
				<display value="Thrombocytopenia"/> 
			</coding> 
		</code> 
		<count value="239"/> 
	</diagnosis>
	<diagnosis> 
		<code> 
			<coding> 
				<system value="http://hl7.org/fhir/sid/icd-10"/>
				<code value="H52.7"/> 
				<display value="Refractive error"/> 
			</coding> 
		</code> 
		<count value="238"/> 
	</diagnosis>
	<diagnosis> 
		<code> 
			<coding> 
				<system value="http://hl7.org/fhir/sid/icd-10"/>
				<code value="E66.01"/> 
				<display value="Obesity, morbid, BMI 40.0-49.9"/> 
			</coding> 
		</code> 
		<count value="238"/> 
	</diagnosis>
	<diagnosis> 
		<code> 
			<coding> 
				<system value="http://hl7.org/fhir/sid/icd-10"/>
				<code value="I48.92"/> 
				<display value="Chronic atrial flutter"/> 
			</coding> 
		</code> 
		<count value="237"/> 
	</diagnosis>
	<diagnosis> 
		<code> 
			<coding> 
				<system value="http://hl7.org/fhir/sid/icd-10"/>
				<code value="Z01.810"/> 
				<display value="Preop cardiovascular exam"/> 
			</coding> 
		</code> 
		<count value="236"/> 
	</diagnosis>
	<diagnosis> 
		<code> 
			<coding> 
				<system value="http://hl7.org/fhir/sid/icd-10"/>
				<code value="E11.3293"/> 
				<display value="Mild nonproliferative diabetic retinopathy of both eyes without macular edema associated with type 2 diabetes mellitus"/> 
			</coding> 
		</code> 
		<count value="235"/> 
	</diagnosis>
	<diagnosis> 
		<code> 
			<coding> 
				<system value="http://hl7.org/fhir/sid/icd-10"/>
				<code value="H35.3190"/> 
				<display value="Nonexudative age-related macular degeneration"/> 
			</coding> 
		</code> 
		<count value="234"/> 
	</diagnosis>
	<diagnosis> 
		<code> 
			<coding> 
				<system value="http://hl7.org/fhir/sid/icd-10"/>
				<code value="Z87.891"/> 
				<display value="Former smoker"/> 
			</coding> 
		</code> 
		<count value="234"/> 
	</diagnosis>
	<diagnosis> 
		<code> 
			<coding> 
				<system value="http://hl7.org/fhir/sid/icd-10"/>
				<code value="L98.9"/> 
				<display value="Unspecified disorder of skin and subcutaneous tissue"/> 
			</coding> 
		</code> 
		<count value="233"/> 
	</diagnosis>
	<diagnosis> 
		<code> 
			<coding> 
				<system value="http://hl7.org/fhir/sid/icd-10"/>
				<code value="R41.0"/> 
				<display value="Confusion"/> 
			</coding> 
		</code> 
		<count value="229"/> 
	</diagnosis>
	<diagnosis> 
		<code> 
			<coding> 
				<system value="http://hl7.org/fhir/sid/icd-10"/>
				<code value="E11.29"/> 
				<display value="Type 2 diabetes mellitus with microalbuminuria or microproteinuria"/> 
			</coding> 
		</code> 
		<count value="228"/> 
	</diagnosis>
	<diagnosis> 
		<code> 
			<coding> 
				<system value="http://hl7.org/fhir/sid/icd-10"/>
				<code value="Z95.2"/> 
				<display value="S/P AVR"/> 
			</coding> 
		</code> 
		<count value="225"/> 
	</diagnosis>
	<diagnosis> 
		<code> 
			<coding> 
				<system value="http://hl7.org/fhir/sid/icd-10"/>
				<code value="R33.9"/> 
				<display value="Urinary retention"/> 
			</coding> 
		</code> 
		<count value="225"/> 
	</diagnosis>
	<diagnosis> 
		<code> 
			<coding> 
				<system value="http://hl7.org/fhir/sid/icd-10"/>
				<code value="J30.1"/> 
				<display value="Allergic rhinitis due to pollen"/> 
			</coding> 
		</code> 
		<count value="219"/> 
	</diagnosis>
	<diagnosis> 
		<code> 
			<coding> 
				<system value="http://hl7.org/fhir/sid/icd-10"/>
				<code value="I77.9"/> 
				<display value="Carotid arterial disease"/> 
			</coding> 
		</code> 
		<count value="219"/> 
	</diagnosis>
	<diagnosis> 
		<code> 
			<coding> 
				<system value="http://hl7.org/fhir/sid/icd-10"/>
				<code value="H25.12"/> 
				<display value="Cataract, nuclear sclerotic senile, left"/> 
			</coding> 
		</code> 
		<count value="218"/> 
	</diagnosis>
	<diagnosis> 
		<code> 
			<coding> 
				<system value="http://hl7.org/fhir/sid/icd-10"/>
				<code value="I44.7"/> 
				<display value="LBBB (left bundle branch block)"/> 
			</coding> 
		</code> 
		<count value="213"/> 
	</diagnosis>
	<diagnosis> 
		<code> 
			<coding> 
				<system value="http://hl7.org/fhir/sid/icd-10"/>
				<code value="R97.20"/> 
				<display value="PSA elevation"/> 
			</coding> 
		</code> 
		<count value="208"/> 
	</diagnosis>
	<diagnosis> 
		<code> 
			<coding> 
				<system value="http://hl7.org/fhir/sid/icd-10"/>
				<code value="H25.813"/> 
				<display value="Combined forms of age-related cataract, bilateral"/> 
			</coding> 
		</code> 
		<count value="208"/> 
	</diagnosis>
	<diagnosis> 
		<code> 
			<coding> 
				<system value="http://hl7.org/fhir/sid/icd-10"/>
				<code value="I50.22"/> 
				<display value="Chronic systolic congestive heart failure"/> 
			</coding> 
		</code> 
		<count value="207"/> 
	</diagnosis>
	<diagnosis> 
		<code> 
			<coding> 
				<system value="http://hl7.org/fhir/sid/icd-10"/>
				<code value="I82.409"/> 
				<display value="DVT (deep venous thrombosis)"/> 
			</coding> 
		</code> 
		<count value="207"/> 
	</diagnosis>
	<diagnosis> 
		<code> 
			<coding> 
				<system value="http://hl7.org/fhir/sid/icd-10"/>
				<code value="K80.20"/> 
				<display value="Biliary calculi"/> 
			</coding> 
		</code> 
		<count value="207"/> 
	</diagnosis>
	<diagnosis> 
		<code> 
			<coding> 
				<system value="http://hl7.org/fhir/sid/icd-10"/>
				<code value="G20"/> 
				<display value="Parkinsonism"/> 
			</coding> 
		</code> 
		<count value="206"/> 
	</diagnosis>
	<diagnosis> 
		<code> 
			<coding> 
				<system value="http://hl7.org/fhir/sid/icd-10"/>
				<code value="R79.89"/> 
				<display value="Low testosterone"/> 
			</coding> 
		</code> 
		<count value="203"/> 
	</diagnosis>
	<diagnosis> 
		<code> 
			<coding> 
				<system value="http://hl7.org/fhir/sid/icd-10"/>
				<code value="M25.561"/> 
				<display value="Bilateral knee pain"/> 
			</coding> 
		</code> 
		<count value="203"/> 
	</diagnosis>
	<diagnosis> 
		<code> 
			<coding> 
				<system value="http://hl7.org/fhir/sid/icd-10"/>
				<code value="E11.39"/> 
				<display value="Type II or unspecified type diabetes mellitus with ophthalmic manifestations, not stated as uncontrolled(250.50)"/> 
			</coding> 
		</code> 
		<count value="201"/> 
	</diagnosis>
	<diagnosis> 
		<code> 
			<coding> 
				<system value="http://hl7.org/fhir/sid/icd-10"/>
				<code value="H26.491"/> 
				<display value="PCO (posterior capsular opacification), right"/> 
			</coding> 
		</code> 
		<count value="199"/> 
	</diagnosis>
	<diagnosis> 
		<code> 
			<coding> 
				<system value="http://hl7.org/fhir/sid/icd-10"/>
				<code value="R21"/> 
				<display value="Cutaneous eruption"/> 
			</coding> 
		</code> 
		<count value="199"/> 
	</diagnosis>
	<diagnosis> 
		<code> 
			<coding> 
				<system value="http://hl7.org/fhir/sid/icd-10"/>
				<code value="M25.511"/> 
				<display value="Acute pain of right shoulder"/> 
			</coding> 
		</code> 
		<count value="199"/> 
	</diagnosis>
	<diagnosis> 
		<code> 
			<coding> 
				<system value="http://hl7.org/fhir/sid/icd-10"/>
				<code value="E83.52"/> 
				<display value="Hypercalcemia"/> 
			</coding> 
		</code> 
		<count value="199"/> 
	</diagnosis>
	<diagnosis> 
		<code> 
			<coding> 
				<system value="http://hl7.org/fhir/sid/icd-10"/>
				<code value="I45.10"/> 
				<display value="Right bundle branch block"/> 
			</coding> 
		</code> 
		<count value="198"/> 
	</diagnosis>
	<diagnosis> 
		<code> 
			<coding> 
				<system value="http://hl7.org/fhir/sid/icd-10"/>
				<code value="K44.9"/> 
				<display value="Hernia, hiatal"/> 
			</coding> 
		</code> 
		<count value="198"/> 
	</diagnosis>
	<diagnosis> 
		<code> 
			<coding> 
				<system value="http://hl7.org/fhir/sid/icd-10"/>
				<code value="I95.1"/> 
				<display value="Orthostatic hypotension"/> 
			</coding> 
		</code> 
		<count value="198"/> 
	</diagnosis>
	<diagnosis> 
		<code> 
			<coding> 
				<system value="http://hl7.org/fhir/sid/icd-10"/>
				<code value="R91.8"/> 
				<display value="Lung nodules"/> 
			</coding> 
		</code> 
		<count value="197"/> 
	</diagnosis>
	<diagnosis> 
		<code> 
			<coding> 
				<system value="http://hl7.org/fhir/sid/icd-10"/>
				<code value="H26.492"/> 
				<display value="PCO (posterior capsular opacification), left"/> 
			</coding> 
		</code> 
		<count value="196"/> 
	</diagnosis>
	<diagnosis> 
		<code> 
			<coding> 
				<system value="http://hl7.org/fhir/sid/icd-10"/>
				<code value="I95.9"/> 
				<display value="Hypotension"/> 
			</coding> 
		</code> 
		<count value="195"/> 
	</diagnosis>
	<diagnosis> 
		<code> 
			<coding> 
				<system value="http://hl7.org/fhir/sid/icd-10"/>
				<code value="R35.0"/> 
				<display value="Urinary frequency"/> 
			</coding> 
		</code> 
		<count value="195"/> 
	</diagnosis>
	<diagnosis> 
		<code> 
			<coding> 
				<system value="http://hl7.org/fhir/sid/icd-10"/>
				<code value="H52.03"/> 
				<display value="Hyperopia with presbyopia, bilateral"/> 
			</coding> 
		</code> 
		<count value="195"/> 
	</diagnosis>
	<diagnosis> 
		<code> 
			<coding> 
				<system value="http://hl7.org/fhir/sid/icd-10"/>
				<code value="M17.0"/> 
				<display value="Arthritis of both knees"/> 
			</coding> 
		</code> 
		<count value="194"/> 
	</diagnosis>
	<diagnosis> 
		<code> 
			<coding> 
				<system value="http://hl7.org/fhir/sid/icd-10"/>
				<code value="I42.9"/> 
				<display value="Cardiomyopathy, unspecified type"/> 
			</coding> 
		</code> 
		<count value="194"/> 
	</diagnosis>
	<diagnosis> 
		<code> 
			<coding> 
				<system value="http://hl7.org/fhir/sid/icd-10"/>
				<code value="Z98.61"/> 
				<display value="S/P percutaneous transluminal coronary angioplasty"/> 
			</coding> 
		</code> 
		<count value="193"/> 
	</diagnosis>
	<diagnosis> 
		<code> 
			<coding> 
				<system value="http://hl7.org/fhir/sid/icd-10"/>
				<code value="H25.11"/> 
				<display value="Senile nuclear cataract, right"/> 
			</coding> 
		</code> 
		<count value="193"/> 
	</diagnosis>
	<diagnosis> 
		<code> 
			<coding> 
				<system value="http://hl7.org/fhir/sid/icd-10"/>
				<code value="J90"/> 
				<display value="Pleural effusion"/> 
			</coding> 
		</code> 
		<count value="192"/> 
	</diagnosis>
	<diagnosis> 
		<code> 
			<coding> 
				<system value="http://hl7.org/fhir/sid/icd-10"/>
				<code value="I71.4"/> 
				<display value="Aneurysm of abdominal vessel"/> 
			</coding> 
		</code> 
		<count value="191"/> 
	</diagnosis>
	<diagnosis> 
		<code> 
			<coding> 
				<system value="http://hl7.org/fhir/sid/icd-10"/>
				<code value="N28.1"/> 
				<display value="Acquired cyst of kidney"/> 
			</coding> 
		</code> 
		<count value="191"/> 
	</diagnosis>
	<diagnosis> 
		<code> 
			<coding> 
				<system value="http://hl7.org/fhir/sid/icd-10"/>
				<code value="M25.562"/> 
				<display value="Bilateral chronic knee pain"/> 
			</coding> 
		</code> 
		<count value="190"/> 
	</diagnosis>
	<diagnosis> 
		<code> 
			<coding> 
				<system value="http://hl7.org/fhir/sid/icd-10"/>
				<code value="N39.41"/> 
				<display value="Urge incontinence"/> 
			</coding> 
		</code> 
		<count value="189"/> 
	</diagnosis>
	<diagnosis> 
		<code> 
			<coding> 
				<system value="http://hl7.org/fhir/sid/icd-10"/>
				<code value="F17.200"/> 
				<display value="Tobacco use disorder"/> 
			</coding> 
		</code> 
		<count value="189"/> 
	</diagnosis>
	<diagnosis> 
		<code> 
			<coding> 
				<system value="http://hl7.org/fhir/sid/icd-10"/>
				<code value="H40.1190"/> 
				<display value="Glaucoma primary, open angle"/> 
			</coding> 
		</code> 
		<count value="188"/> 
	</diagnosis>
	<diagnosis> 
		<code> 
			<coding> 
				<system value="http://hl7.org/fhir/sid/icd-10"/>
				<code value="L84"/> 
				<display value="Corns and callosities"/> 
			</coding> 
		</code> 
		<count value="188"/> 
	</diagnosis>
	<diagnosis> 
		<code> 
			<coding> 
				<system value="http://hl7.org/fhir/sid/icd-10"/>
				<code value="I44.2"/> 
				<display value="CHB (complete heart block)"/> 
			</coding> 
		</code> 
		<count value="187"/> 
	</diagnosis>
	<diagnosis> 
		<code> 
			<coding> 
				<system value="http://hl7.org/fhir/sid/icd-10"/>
				<code value="Z98.49"/> 
				<display value="Status post cataract extraction and insertion of intraocular lens"/> 
			</coding> 
		</code> 
		<count value="187"/> 
	</diagnosis>
	<diagnosis> 
		<code> 
			<coding> 
				<system value="http://hl7.org/fhir/sid/icd-10"/>
				<code value="J44.1"/> 
				<display value="COPD exacerbation"/> 
			</coding> 
		</code> 
		<count value="186"/> 
	</diagnosis>
	<diagnosis> 
		<code> 
			<coding> 
				<system value="http://hl7.org/fhir/sid/icd-10"/>
				<code value="R29.6"/> 
				<display value="Recurrent falls"/> 
			</coding> 
		</code> 
		<count value="186"/> 
	</diagnosis>
</ClinicalProfile>