<?xml version="1.0" encoding="UTF-8"?><ClinicalProfile xmlns="http://hl7.org/fhir">
	<!--   from Resource: id, meta, implicitRules, and language   -->
	<!--   from DomainResource: text, contained, extension, and modifierExtension   -->
	<id value="jhu-asthma-profile-19-labs"/>
	<meta>
    <security>
      <system value="http://terminology.hl7.org/CodeSystem/v3-ActReason"/>
      <code value="HTEST"/>
      <display value="test health data"/>
    </security>
  </meta>
  <text>
		<status value="generated"/>
		<div xmlns="http://www.w3.org/1999/xhtml">
			<p>Selected laboratory tests for Male,Female, Black or African American patients aged 5-14 seen as either outpatients or inpatients at Johns Hopkins Hospital, JHCP, and Bayview between 3/1/2016 and 3/1/2018 having a diagnosis of asthma recorded on the problem list or as an encounter diagnosis.
			</p>
		</div>
	</text>
	<identifier>
		<value value="urn:uuid:E3CBECB5-ADFF-98B5-C678F4BA1A3B866B"/>
	</identifier>
	<status value="draft"/><!--   1..1 complete | draft | error   -->
	<population>
		<reference value="Group/asthma-population-jhu1"/>
	</population>
	<cohort>
		<reference value="Group/asthma-sample-19-cohort-jhu1"/>
	</cohort>
	<date value="2018-09-11T14:54:00Z"/><!--   0..1 When the profile was generated   -->
	<source>
		<value value="http://ictrweb.johnshopkins.edu/ictr/synthetic/includes/clinical_profiles.cfm"/>
	</source>
	<reporter>
		<reference value="Organization/JHM"/>
		<type value="Organization"/>
		<display value="Johns Hopkins School of Medicine"/>
	</reporter>
	<lab>
		<code>
			<coding>
				<system value="http://loinc.org"/>
				<code value="2345-7"/>
				<display value="Glucose [Mass/volume] in Serum or Plasma"/>
			</coding>
		</code>
		<count value="3895"/>
		<frequencyPerYear value="0.3029"/><!--   0..1 Number of this lab per year   -->
		<fractionOfSubjects value="0.2040"/><!--   0..1 Percent of subjects with this lab   -->
		<scalarDistribution>  <!--   0..1 Numeric sample summary   -->
			<units>
				<unit value="mg/dL"/>
				<system value="http://unitsofmeasure.org"/>
				<code value="mg/dL"/>
			</units>
			<min value="36"/><!--   1..1 Minimum value   -->
			<max value="1218"/><!--   1..1 Maximum value   -->
			<mean value="113.22"/><!--   1..1 Mean   -->
			<median value="94"/><!--   1..1 Median   -->
			<stdDev value="68.24"/><!--   1..1 Standard deviation   -->
			<decile>  <!--   0..* Decile partitions   -->
				<nth value="10"/>
				<value value="77"/>
			</decile>
			<decile>  <!--   0..* Decile partitions   -->
				<nth value="20"/>
				<value value="83"/>
			</decile>
			<decile>  <!--   0..* Decile partitions   -->
				<nth value="30"/>
				<value value="87"/>
			</decile>
			<decile>  <!--   0..* Decile partitions   -->
				<nth value="40"/>
				<value value="90"/>
			</decile>
			<decile>  <!--   0..* Decile partitions   -->
				<nth value="50"/>
				<value value="94"/>
			</decile>
			<decile>  <!--   0..* Decile partitions   -->
				<nth value="60"/>
				<value value="100"/>
			</decile>
			<decile>  <!--   0..* Decile partitions   -->
				<nth value="70"/>
				<value value="107"/>
			</decile>
			<decile>  <!--   0..* Decile partitions   -->
				<nth value="80"/>
				<value value="121"/>
			</decile>
			<decile>  <!--   0..* Decile partitions   -->
				<nth value="90"/>
				<value value="159"/>
			</decile>
			<normalizedHigh value="106"/>
			<normalizedLow value="74"/>
			<fractionAboveNormal value="0.30"/>
			<fractionBelowNormal value="0.06"/>
		</scalarDistribution>
	</lab>
	<lab>
		<code>
			<coding>
				<system value="http://loinc.org"/>
				<code value="2339-0"/>
				<display value="Glucose [Mass/volume] in Blood"/>
			</coding>
		</code>
		<count value="47"/>
		<frequencyPerYear value="0.0037"/><!--   0..1 Number of this lab per year   -->
		<fractionOfSubjects value="0.0050"/><!--   0..1 Percent of subjects with this lab   -->
		<scalarDistribution>  <!--   0..1 Numeric sample summary   -->
			<units>
				<unit value="mg/dL"/>
				<system value="http://unitsofmeasure.org"/>
				<code value="mg/dL"/>
			</units>
			<min value="77"/><!--   1..1 Minimum value   -->
			<max value="154"/><!--   1..1 Maximum value   -->
			<mean value="101.72"/><!--   1..1 Mean   -->
			<median value="97"/><!--   1..1 Median   -->
			<stdDev value="18.05"/><!--   1..1 Standard deviation   -->
			<decile>  <!--   0..* Decile partitions   -->
				<nth value="10"/>
				<value value="84"/>
			</decile>
			<decile>  <!--   0..* Decile partitions   -->
				<nth value="20"/>
				<value value="86"/>
			</decile>
			<decile>  <!--   0..* Decile partitions   -->
				<nth value="30"/>
				<value value="90"/>
			</decile>
			<decile>  <!--   0..* Decile partitions   -->
				<nth value="40"/>
				<value value="96"/>
			</decile>
			<decile>  <!--   0..* Decile partitions   -->
				<nth value="50"/>
				<value value="98"/>
			</decile>
			<decile>  <!--   0..* Decile partitions   -->
				<nth value="60"/>
				<value value="101"/>
			</decile>
			<decile>  <!--   0..* Decile partitions   -->
				<nth value="70"/>
				<value value="106"/>
			</decile>
			<decile>  <!--   0..* Decile partitions   -->
				<nth value="80"/>
				<value value="114"/>
			</decile>
			<decile>  <!--   0..* Decile partitions   -->
				<nth value="90"/>
				<value value="123"/>
			</decile>
		</scalarDistribution>
	</lab>
	<lab>
		<code>
			<coding>
				<system value="http://loinc.org"/>
				<code value="14749-6"/>
				<display value="Glucose [Moles/volume] in Serum or Plasma"/>
			</coding>
		</code>
		<count value="17"/>
		<frequencyPerYear value="0.0013"/><!--   0..1 Number of this lab per year   -->
		<fractionOfSubjects value="0.0022"/><!--   0..1 Percent of subjects with this lab   -->
		<scalarDistribution>  <!--   0..1 Numeric sample summary   -->
			<units>
				<unit value="mg/dL"/>
				<system value="http://unitsofmeasure.org"/>
				<code value="mg/dL"/>
			</units>
			<min value="79"/><!--   1..1 Minimum value   -->
			<max value="208"/><!--   1..1 Maximum value   -->
			<mean value="112.06"/><!--   1..1 Mean   -->
			<median value="97.50"/><!--   1..1 Median   -->
			<stdDev value="33.30"/><!--   1..1 Standard deviation   -->
			<decile>  <!--   0..* Decile partitions   -->
				<nth value="10"/>
				<value value="84"/>
			</decile>
			<decile>  <!--   0..* Decile partitions   -->
				<nth value="20"/>
				<value value="85"/>
			</decile>
			<decile>  <!--   0..* Decile partitions   -->
				<nth value="30"/>
				<value value="94"/>
			</decile>
			<decile>  <!--   0..* Decile partitions   -->
				<nth value="40"/>
				<value value="95"/>
			</decile>
			<decile>  <!--   0..* Decile partitions   -->
				<nth value="50"/>
				<value value="98"/>
			</decile>
			<decile>  <!--   0..* Decile partitions   -->
				<nth value="60"/>
				<value value="103"/>
			</decile>
			<decile>  <!--   0..* Decile partitions   -->
				<nth value="70"/>
				<value value="112"/>
			</decile>
			<decile>  <!--   0..* Decile partitions   -->
				<nth value="80"/>
				<value value="131"/>
			</decile>
			<decile>  <!--   0..* Decile partitions   -->
				<nth value="90"/>
				<value value="145"/>
			</decile>
			<normalizedHigh value="99"/>
			<normalizedLow value="60"/>
			<fractionAboveNormal value="0.47"/>
			<fractionBelowNormal value="0"/>
		</scalarDistribution>
	</lab>
	<lab>
		<code>
			<coding>
				<system value="http://loinc.org"/>
				<code value="33256-9"/>
				<display value="Leukocytes [#/volume] corrected for nucleated erythrocytes in Blood by Automated count"/>
			</coding>
		</code>
		<count value="3530"/>
		<frequencyPerYear value="0.2745"/><!--   0..1 Number of this lab per year   -->
		<fractionOfSubjects value="0.2036"/><!--   0..1 Percent of subjects with this lab   -->
		<scalarDistribution>  <!--   0..1 Numeric sample summary   -->
			<units>
				<unit value="K/cu mm"/>
				<system value="http://unitsofmeasure.org"/>
				<code value="K/cu mm"/>
			</units>
			<min value="0.05"/><!--   1..1 Minimum value   -->
			<max value="43.51"/><!--   1..1 Maximum value   -->
			<mean value="8.16"/><!--   1..1 Mean   -->
			<median value="6.88"/><!--   1..1 Median   -->
			<stdDev value="4.92"/><!--   1..1 Standard deviation   -->
			<decile>  <!--   0..* Decile partitions   -->
				<nth value="10"/>
				<value value="3.63"/>
			</decile>
			<decile>  <!--   0..* Decile partitions   -->
				<nth value="20"/>
				<value value="4.60"/>
			</decile>
			<decile>  <!--   0..* Decile partitions   -->
				<nth value="30"/>
				<value value="5.35"/>
			</decile>
			<decile>  <!--   0..* Decile partitions   -->
				<nth value="40"/>
				<value value="6.07"/>
			</decile>
			<decile>  <!--   0..* Decile partitions   -->
				<nth value="50"/>
				<value value="6.88"/>
			</decile>
			<decile>  <!--   0..* Decile partitions   -->
				<nth value="60"/>
				<value value="7.99"/>
			</decile>
			<decile>  <!--   0..* Decile partitions   -->
				<nth value="70"/>
				<value value="9.39"/>
			</decile>
			<decile>  <!--   0..* Decile partitions   -->
				<nth value="80"/>
				<value value="11.36"/>
			</decile>
			<decile>  <!--   0..* Decile partitions   -->
				<nth value="90"/>
				<value value="14.41"/>
			</decile>
		</scalarDistribution>
	</lab>
	<lab>
		<code>
			<coding>
				<system value="http://loinc.org"/>
				<code value="6690-2"/>
				<display value="Leukocytes [#/volume] in Blood by Automated count"/>
			</coding>
		</code>
		<count value="401"/>
		<frequencyPerYear value="0.0312"/><!--   0..1 Number of this lab per year   -->
		<fractionOfSubjects value="0.0342"/><!--   0..1 Percent of subjects with this lab   -->
		<scalarDistribution>  <!--   0..1 Numeric sample summary   -->
			<units>
				<unit value="x10E3/uL"/>
				<system value="http://unitsofmeasure.org"/>
				<code value="x10E3/uL"/>
			</units>
			<min value="1.80"/><!--   1..1 Minimum value   -->
			<max value="29.63"/><!--   1..1 Maximum value   -->
			<mean value="6.97"/><!--   1..1 Mean   -->
			<median value="6.10"/><!--   1..1 Median   -->
			<stdDev value="3.64"/><!--   1..1 Standard deviation   -->
			<decile>  <!--   0..* Decile partitions   -->
				<nth value="10"/>
				<value value="3.80"/>
			</decile>
			<decile>  <!--   0..* Decile partitions   -->
				<nth value="20"/>
				<value value="4.40"/>
			</decile>
			<decile>  <!--   0..* Decile partitions   -->
				<nth value="30"/>
				<value value="4.90"/>
			</decile>
			<decile>  <!--   0..* Decile partitions   -->
				<nth value="40"/>
				<value value="5.50"/>
			</decile>
			<decile>  <!--   0..* Decile partitions   -->
				<nth value="50"/>
				<value value="6.10"/>
			</decile>
			<decile>  <!--   0..* Decile partitions   -->
				<nth value="60"/>
				<value value="6.70"/>
			</decile>
			<decile>  <!--   0..* Decile partitions   -->
				<nth value="70"/>
				<value value="7.70"/>
			</decile>
			<decile>  <!--   0..* Decile partitions   -->
				<nth value="80"/>
				<value value="8.80"/>
			</decile>
			<decile>  <!--   0..* Decile partitions   -->
				<nth value="90"/>
				<value value="10.50"/>
			</decile>
			<normalizedHigh value="10.8"/>
			<normalizedLow value="3.4"/>
			<fractionAboveNormal value="0.09"/>
			<fractionBelowNormal value="0.04"/>
		</scalarDistribution>
	</lab>
	<lab>
		<code>
			<coding>
				<system value="http://loinc.org"/>
				<code value="718-7"/>
				<display value="Hemoglobin [Mass/volume] in Blood"/>
			</coding>
		</code>
		<count value="3957"/>
		<frequencyPerYear value="0.3077"/><!--   0..1 Number of this lab per year   -->
		<fractionOfSubjects value="0.2294"/><!--   0..1 Percent of subjects with this lab   -->
		<scalarDistribution>  <!--   0..1 Numeric sample summary   -->
			<units>
				<unit value="g/dL"/>
				<system value="http://unitsofmeasure.org"/>
				<code value="g/dL"/>
			</units>
			<min value="3.30"/><!--   1..1 Minimum value   -->
			<max value="17.40"/><!--   1..1 Maximum value   -->
			<mean value="11.25"/><!--   1..1 Mean   -->
			<median value="11.60"/><!--   1..1 Median   -->
			<stdDev value="2.01"/><!--   1..1 Standard deviation   -->
			<decile>  <!--   0..* Decile partitions   -->
				<nth value="10"/>
				<value value="8.40"/>
			</decile>
			<decile>  <!--   0..* Decile partitions   -->
				<nth value="20"/>
				<value value="9.40"/>
			</decile>
			<decile>  <!--   0..* Decile partitions   -->
				<nth value="30"/>
				<value value="10.20"/>
			</decile>
			<decile>  <!--   0..* Decile partitions   -->
				<nth value="40"/>
				<value value="11"/>
			</decile>
			<decile>  <!--   0..* Decile partitions   -->
				<nth value="50"/>
				<value value="11.60"/>
			</decile>
			<decile>  <!--   0..* Decile partitions   -->
				<nth value="60"/>
				<value value="12"/>
			</decile>
			<decile>  <!--   0..* Decile partitions   -->
				<nth value="70"/>
				<value value="12.50"/>
			</decile>
			<decile>  <!--   0..* Decile partitions   -->
				<nth value="80"/>
				<value value="13"/>
			</decile>
			<decile>  <!--   0..* Decile partitions   -->
				<nth value="90"/>
				<value value="13.60"/>
			</decile>
			<normalizedHigh value="16.0"/>
			<normalizedLow value="12.0"/>
			<fractionAboveNormal value="0.00"/>
			<fractionBelowNormal value="0.58"/>
		</scalarDistribution>
	</lab>
	<lab>
		<code>
			<coding>
				<system value="http://loinc.org"/>
				<code value="4544-3"/>
				<display value="Hematocrit [Volume Fraction] of Blood by Automated count"/>
			</coding>
		</code>
		<count value="3957"/>
		<frequencyPerYear value="0.3077"/><!--   0..1 Number of this lab per year   -->
		<fractionOfSubjects value="0.2294"/><!--   0..1 Percent of subjects with this lab   -->
		<scalarDistribution>  <!--   0..1 Numeric sample summary   -->
			<units>
				<unit value="%"/>
				<system value="http://unitsofmeasure.org"/>
				<code value="%"/>
			</units>
			<min value="9.80"/><!--   1..1 Minimum value   -->
			<max value="51.40"/><!--   1..1 Maximum value   -->
			<mean value="34.15"/><!--   1..1 Mean   -->
			<median value="35.50"/><!--   1..1 Median   -->
			<stdDev value="6.32"/><!--   1..1 Standard deviation   -->
			<decile>  <!--   0..* Decile partitions   -->
				<nth value="10"/>
				<value value="25.10"/>
			</decile>
			<decile>  <!--   0..* Decile partitions   -->
				<nth value="20"/>
				<value value="28.30"/>
			</decile>
			<decile>  <!--   0..* Decile partitions   -->
				<nth value="30"/>
				<value value="31"/>
			</decile>
			<decile>  <!--   0..* Decile partitions   -->
				<nth value="40"/>
				<value value="33.60"/>
			</decile>
			<decile>  <!--   0..* Decile partitions   -->
				<nth value="50"/>
				<value value="35.50"/>
			</decile>
			<decile>  <!--   0..* Decile partitions   -->
				<nth value="60"/>
				<value value="36.90"/>
			</decile>
			<decile>  <!--   0..* Decile partitions   -->
				<nth value="70"/>
				<value value="38.10"/>
			</decile>
			<decile>  <!--   0..* Decile partitions   -->
				<nth value="80"/>
				<value value="39.40"/>
			</decile>
			<decile>  <!--   0..* Decile partitions   -->
				<nth value="90"/>
				<value value="41.20"/>
			</decile>
			<normalizedHigh value="46.6"/>
			<normalizedLow value="34.0"/>
			<fractionAboveNormal value="0.01"/>
			<fractionBelowNormal value="0.41"/>
		</scalarDistribution>
	</lab>
	<lab>
		<code>
			<coding>
				<system value="http://loinc.org"/>
				<code value="787-2"/>
				<display value="Erythrocyte mean corpuscular volume [Entitic volume] by Automated count"/>
			</coding>
		</code>
		<count value="3953"/>
		<frequencyPerYear value="0.3074"/><!--   0..1 Number of this lab per year   -->
		<fractionOfSubjects value="0.2292"/><!--   0..1 Percent of subjects with this lab   -->
		<scalarDistribution>  <!--   0..1 Numeric sample summary   -->
			<units>
				<unit value="fL"/>
				<system value="http://unitsofmeasure.org"/>
				<code value="fL"/>
			</units>
			<min value="58.10"/><!--   1..1 Minimum value   -->
			<max value="123"/><!--   1..1 Maximum value   -->
			<mean value="83.80"/><!--   1..1 Mean   -->
			<median value="83.50"/><!--   1..1 Median   -->
			<stdDev value="7.72"/><!--   1..1 Standard deviation   -->
			<decile>  <!--   0..* Decile partitions   -->
				<nth value="10"/>
				<value value="74.90"/>
			</decile>
			<decile>  <!--   0..* Decile partitions   -->
				<nth value="20"/>
				<value value="78"/>
			</decile>
			<decile>  <!--   0..* Decile partitions   -->
				<nth value="30"/>
				<value value="80"/>
			</decile>
			<decile>  <!--   0..* Decile partitions   -->
				<nth value="40"/>
				<value value="81.80"/>
			</decile>
			<decile>  <!--   0..* Decile partitions   -->
				<nth value="50"/>
				<value value="83.50"/>
			</decile>
			<decile>  <!--   0..* Decile partitions   -->
				<nth value="60"/>
				<value value="85.20"/>
			</decile>
			<decile>  <!--   0..* Decile partitions   -->
				<nth value="70"/>
				<value value="87"/>
			</decile>
			<decile>  <!--   0..* Decile partitions   -->
				<nth value="80"/>
				<value value="88.80"/>
			</decile>
			<decile>  <!--   0..* Decile partitions   -->
				<nth value="90"/>
				<value value="92"/>
			</decile>
			<normalizedHigh value="97"/>
			<normalizedLow value="79"/>
			<fractionAboveNormal value="0.05"/>
			<fractionBelowNormal value="0.24"/>
		</scalarDistribution>
	</lab>
	<lab>
		<code>
			<coding>
				<system value="http://loinc.org"/>
				<code value="789-8"/>
				<display value="Erythrocytes [#/volume] in Blood by Automated count"/>
			</coding>
		</code>
		<count value="3953"/>
		<frequencyPerYear value="0.3074"/><!--   0..1 Number of this lab per year   -->
		<fractionOfSubjects value="0.2292"/><!--   0..1 Percent of subjects with this lab   -->
		<scalarDistribution>  <!--   0..1 Numeric sample summary   -->
			<units>
				<unit value="x10E6/uL"/>
				<system value="http://unitsofmeasure.org"/>
				<code value="x10E6/uL"/>
			</units>
			<min value="1.09"/><!--   1..1 Minimum value   -->
			<max value="6.71"/><!--   1..1 Maximum value   -->
			<mean value="4.11"/><!--   1..1 Mean   -->
			<median value="4.26"/><!--   1..1 Median   -->
			<stdDev value="0.85"/><!--   1..1 Standard deviation   -->
			<decile>  <!--   0..* Decile partitions   -->
				<nth value="10"/>
				<value value="2.84"/>
			</decile>
			<decile>  <!--   0..* Decile partitions   -->
				<nth value="20"/>
				<value value="3.34"/>
			</decile>
			<decile>  <!--   0..* Decile partitions   -->
				<nth value="30"/>
				<value value="3.73"/>
			</decile>
			<decile>  <!--   0..* Decile partitions   -->
				<nth value="40"/>
				<value value="4.03"/>
			</decile>
			<decile>  <!--   0..* Decile partitions   -->
				<nth value="50"/>
				<value value="4.26"/>
			</decile>
			<decile>  <!--   0..* Decile partitions   -->
				<nth value="60"/>
				<value value="4.45"/>
			</decile>
			<decile>  <!--   0..* Decile partitions   -->
				<nth value="70"/>
				<value value="4.63"/>
			</decile>
			<decile>  <!--   0..* Decile partitions   -->
				<nth value="80"/>
				<value value="4.82"/>
			</decile>
			<decile>  <!--   0..* Decile partitions   -->
				<nth value="90"/>
				<value value="5.09"/>
			</decile>
			<normalizedHigh value="5.28"/>
			<normalizedLow value="3.77"/>
			<fractionAboveNormal value="0.06"/>
			<fractionBelowNormal value="0.31"/>
		</scalarDistribution>
	</lab>
	<lab>
		<code>
			<coding>
				<system value="http://loinc.org"/>
				<code value="785-6"/>
				<display value="Erythrocyte mean corpuscular hemoglobin [Entitic mass] by Automated count"/>
			</coding>
		</code>
		<count value="3949"/>
		<frequencyPerYear value="0.3071"/><!--   0..1 Number of this lab per year   -->
		<fractionOfSubjects value="0.2292"/><!--   0..1 Percent of subjects with this lab   -->
		<scalarDistribution>  <!--   0..1 Numeric sample summary   -->
			<units>
				<unit value="pg"/>
				<system value="http://unitsofmeasure.org"/>
				<code value="pg"/>
			</units>
			<min value="15.60"/><!--   1..1 Minimum value   -->
			<max value="42.90"/><!--   1..1 Maximum value   -->
			<mean value="27.72"/><!--   1..1 Mean   -->
			<median value="27.70"/><!--   1..1 Median   -->
			<stdDev value="3.16"/><!--   1..1 Standard deviation   -->
			<decile>  <!--   0..* Decile partitions   -->
				<nth value="10"/>
				<value value="24.10"/>
			</decile>
			<decile>  <!--   0..* Decile partitions   -->
				<nth value="20"/>
				<value value="25.30"/>
			</decile>
			<decile>  <!--   0..* Decile partitions   -->
				<nth value="30"/>
				<value value="26.30"/>
			</decile>
			<decile>  <!--   0..* Decile partitions   -->
				<nth value="40"/>
				<value value="27"/>
			</decile>
			<decile>  <!--   0..* Decile partitions   -->
				<nth value="50"/>
				<value value="27.70"/>
			</decile>
			<decile>  <!--   0..* Decile partitions   -->
				<nth value="60"/>
				<value value="28.30"/>
			</decile>
			<decile>  <!--   0..* Decile partitions   -->
				<nth value="70"/>
				<value value="28.90"/>
			</decile>
			<decile>  <!--   0..* Decile partitions   -->
				<nth value="80"/>
				<value value="29.60"/>
			</decile>
			<decile>  <!--   0..* Decile partitions   -->
				<nth value="90"/>
				<value value="30.80"/>
			</decile>
			<normalizedHigh value="33.0"/>
			<normalizedLow value="26.6"/>
			<fractionAboveNormal value="0.05"/>
			<fractionBelowNormal value="0.33"/>
		</scalarDistribution>
	</lab>
	<lab>
		<code>
			<coding>
				<system value="http://loinc.org"/>
				<code value="786-4"/>
				<display value="Erythrocyte mean corpuscular hemoglobin concentration [Mass/volume] by Automated count"/>
			</coding>
		</code>
		<count value="3947"/>
		<frequencyPerYear value="0.3069"/><!--   0..1 Number of this lab per year   -->
		<fractionOfSubjects value="0.2292"/><!--   0..1 Percent of subjects with this lab   -->
		<scalarDistribution>  <!--   0..1 Numeric sample summary   -->
			<units>
				<unit value="g/dL"/>
				<system value="http://unitsofmeasure.org"/>
				<code value="g/dL"/>
			</units>
			<min value="26.30"/><!--   1..1 Minimum value   -->
			<max value="38"/><!--   1..1 Maximum value   -->
			<mean value="33.04"/><!--   1..1 Mean   -->
			<median value="33"/><!--   1..1 Median   -->
			<stdDev value="1.48"/><!--   1..1 Standard deviation   -->
			<decile>  <!--   0..* Decile partitions   -->
				<nth value="10"/>
				<value value="31.30"/>
			</decile>
			<decile>  <!--   0..* Decile partitions   -->
				<nth value="20"/>
				<value value="31.90"/>
			</decile>
			<decile>  <!--   0..* Decile partitions   -->
				<nth value="30"/>
				<value value="32.30"/>
			</decile>
			<decile>  <!--   0..* Decile partitions   -->
				<nth value="40"/>
				<value value="32.70"/>
			</decile>
			<decile>  <!--   0..* Decile partitions   -->
				<nth value="50"/>
				<value value="33"/>
			</decile>
			<decile>  <!--   0..* Decile partitions   -->
				<nth value="60"/>
				<value value="33.30"/>
			</decile>
			<decile>  <!--   0..* Decile partitions   -->
				<nth value="70"/>
				<value value="33.70"/>
			</decile>
			<decile>  <!--   0..* Decile partitions   -->
				<nth value="80"/>
				<value value="34.20"/>
			</decile>
			<decile>  <!--   0..* Decile partitions   -->
				<nth value="90"/>
				<value value="34.90"/>
			</decile>
			<normalizedHigh value="35.7"/>
			<normalizedLow value="31.5"/>
			<fractionAboveNormal value="0.04"/>
			<fractionBelowNormal value="0.12"/>
		</scalarDistribution>
	</lab>
	<lab>
		<code>
			<coding>
				<system value="http://loinc.org"/>
				<code value="777-3"/>
				<display value="Platelets [#/volume] in Blood by Automated count"/>
			</coding>
		</code>
		<count value="3936"/>
		<frequencyPerYear value="0.3061"/><!--   0..1 Number of this lab per year   -->
		<fractionOfSubjects value="0.2285"/><!--   0..1 Percent of subjects with this lab   -->
		<scalarDistribution>  <!--   0..1 Numeric sample summary   -->
			<units>
				<unit value="x10E3/uL"/>
				<system value="http://unitsofmeasure.org"/>
				<code value="x10E3/uL"/>
			</units>
			<min value="1"/><!--   1..1 Minimum value   -->
			<max value="1145"/><!--   1..1 Maximum value   -->
			<mean value="281.74"/><!--   1..1 Mean   -->
			<median value="277"/><!--   1..1 Median   -->
			<stdDev value="125.48"/><!--   1..1 Standard deviation   -->
			<decile>  <!--   0..* Decile partitions   -->
				<nth value="10"/>
				<value value="130"/>
			</decile>
			<decile>  <!--   0..* Decile partitions   -->
				<nth value="20"/>
				<value value="195"/>
			</decile>
			<decile>  <!--   0..* Decile partitions   -->
				<nth value="30"/>
				<value value="229"/>
			</decile>
			<decile>  <!--   0..* Decile partitions   -->
				<nth value="40"/>
				<value value="256"/>
			</decile>
			<decile>  <!--   0..* Decile partitions   -->
				<nth value="50"/>
				<value value="277"/>
			</decile>
			<decile>  <!--   0..* Decile partitions   -->
				<nth value="60"/>
				<value value="300"/>
			</decile>
			<decile>  <!--   0..* Decile partitions   -->
				<nth value="70"/>
				<value value="326"/>
			</decile>
			<decile>  <!--   0..* Decile partitions   -->
				<nth value="80"/>
				<value value="360"/>
			</decile>
			<decile>  <!--   0..* Decile partitions   -->
				<nth value="90"/>
				<value value="427"/>
			</decile>
			<normalizedHigh value="396"/>
			<normalizedLow value="140"/>
			<fractionAboveNormal value="0.14"/>
			<fractionBelowNormal value="0.11"/>
		</scalarDistribution>
	</lab>
	<lab>
		<code>
			<coding>
				<system value="http://loinc.org"/>
				<code value="788-0"/>
				<display value="Erythrocyte distribution width [Ratio] by Automated count"/>
			</coding>
		</code>
		<count value="3932"/>
		<frequencyPerYear value="0.3058"/><!--   0..1 Number of this lab per year   -->
		<fractionOfSubjects value="0.2292"/><!--   0..1 Percent of subjects with this lab   -->
		<scalarDistribution>  <!--   0..1 Numeric sample summary   -->
			<units>
				<unit value="%"/>
				<system value="http://unitsofmeasure.org"/>
				<code value="%"/>
			</units>
			<min value="10.70"/><!--   1..1 Minimum value   -->
			<max value="33.60"/><!--   1..1 Maximum value   -->
			<mean value="14.95"/><!--   1..1 Mean   -->
			<median value="14"/><!--   1..1 Median   -->
			<stdDev value="2.94"/><!--   1..1 Standard deviation   -->
			<decile>  <!--   0..* Decile partitions   -->
				<nth value="10"/>
				<value value="12.30"/>
			</decile>
			<decile>  <!--   0..* Decile partitions   -->
				<nth value="20"/>
				<value value="12.80"/>
			</decile>
			<decile>  <!--   0..* Decile partitions   -->
				<nth value="30"/>
				<value value="13.20"/>
			</decile>
			<decile>  <!--   0..* Decile partitions   -->
				<nth value="40"/>
				<value value="13.50"/>
			</decile>
			<decile>  <!--   0..* Decile partitions   -->
				<nth value="50"/>
				<value value="14"/>
			</decile>
			<decile>  <!--   0..* Decile partitions   -->
				<nth value="60"/>
				<value value="14.60"/>
			</decile>
			<decile>  <!--   0..* Decile partitions   -->
				<nth value="70"/>
				<value value="15.40"/>
			</decile>
			<decile>  <!--   0..* Decile partitions   -->
				<nth value="80"/>
				<value value="16.80"/>
			</decile>
			<decile>  <!--   0..* Decile partitions   -->
				<nth value="90"/>
				<value value="18.70"/>
			</decile>
			<normalizedHigh value="15.4"/>
			<normalizedLow value="12.3"/>
			<fractionAboveNormal value="0.30"/>
			<fractionBelowNormal value="0.09"/>
		</scalarDistribution>
	</lab>
	<lab>
		<code>
			<coding>
				<system value="http://loinc.org"/>
				<code value="17861-6"/>
				<display value="Calcium [Mass/volume] in Serum or Plasma"/>
			</coding>
		</code>
		<count value="3837"/>
		<frequencyPerYear value="0.2984"/><!--   0..1 Number of this lab per year   -->
		<fractionOfSubjects value="0.1946"/><!--   0..1 Percent of subjects with this lab   -->
		<scalarDistribution>  <!--   0..1 Numeric sample summary   -->
			<units>
				<unit value="mg/dL"/>
				<system value="http://unitsofmeasure.org"/>
				<code value="mg/dL"/>
			</units>
			<min value="5.50"/><!--   1..1 Minimum value   -->
			<max value="13.60"/><!--   1..1 Maximum value   -->
			<mean value="9.25"/><!--   1..1 Mean   -->
			<median value="9.30"/><!--   1..1 Median   -->
			<stdDev value="0.69"/><!--   1..1 Standard deviation   -->
			<decile>  <!--   0..* Decile partitions   -->
				<nth value="10"/>
				<value value="8.40"/>
			</decile>
			<decile>  <!--   0..* Decile partitions   -->
				<nth value="20"/>
				<value value="8.80"/>
			</decile>
			<decile>  <!--   0..* Decile partitions   -->
				<nth value="30"/>
				<value value="9"/>
			</decile>
			<decile>  <!--   0..* Decile partitions   -->
				<nth value="40"/>
				<value value="9.20"/>
			</decile>
			<decile>  <!--   0..* Decile partitions   -->
				<nth value="50"/>
				<value value="9.30"/>
			</decile>
			<decile>  <!--   0..* Decile partitions   -->
				<nth value="60"/>
				<value value="9.50"/>
			</decile>
			<decile>  <!--   0..* Decile partitions   -->
				<nth value="70"/>
				<value value="9.60"/>
			</decile>
			<decile>  <!--   0..* Decile partitions   -->
				<nth value="80"/>
				<value value="9.70"/>
			</decile>
			<decile>  <!--   0..* Decile partitions   -->
				<nth value="90"/>
				<value value="9.90"/>
			</decile>
			<normalizedHigh value="10.5"/>
			<normalizedLow value="9"/>
			<fractionAboveNormal value="0.01"/>
			<fractionBelowNormal value="0.26"/>
		</scalarDistribution>
	</lab>
	<lab>
		<code>
			<coding>
				<system value="http://loinc.org"/>
				<code value="2000-8"/>
				<display value="Calcium [Moles/volume] in Serum or Plasma"/>
			</coding>
		</code>
		<count value="17"/>
		<frequencyPerYear value="0.0013"/><!--   0..1 Number of this lab per year   -->
		<fractionOfSubjects value="0.0022"/><!--   0..1 Percent of subjects with this lab   -->
		<scalarDistribution>  <!--   0..1 Numeric sample summary   -->
			<units>
				<unit value="mg/dL"/>
				<system value="http://unitsofmeasure.org"/>
				<code value="mg/dL"/>
			</units>
			<min value="9.10"/><!--   1..1 Minimum value   -->
			<max value="10.80"/><!--   1..1 Maximum value   -->
			<mean value="9.74"/><!--   1..1 Mean   -->
			<median value="9.50"/><!--   1..1 Median   -->
			<stdDev value="0.51"/><!--   1..1 Standard deviation   -->
			<decile>  <!--   0..* Decile partitions   -->
				<nth value="10"/>
				<value value="9.20"/>
			</decile>
			<decile>  <!--   0..* Decile partitions   -->
				<nth value="20"/>
				<value value="9.20"/>
			</decile>
			<decile>  <!--   0..* Decile partitions   -->
				<nth value="30"/>
				<value value="9.30"/>
			</decile>
			<decile>  <!--   0..* Decile partitions   -->
				<nth value="40"/>
				<value value="9.40"/>
			</decile>
			<decile>  <!--   0..* Decile partitions   -->
				<nth value="50"/>
				<value value="9.60"/>
			</decile>
			<decile>  <!--   0..* Decile partitions   -->
				<nth value="60"/>
				<value value="9.80"/>
			</decile>
			<decile>  <!--   0..* Decile partitions   -->
				<nth value="70"/>
				<value value="10"/>
			</decile>
			<decile>  <!--   0..* Decile partitions   -->
				<nth value="80"/>
				<value value="10.20"/>
			</decile>
			<decile>  <!--   0..* Decile partitions   -->
				<nth value="90"/>
				<value value="10.30"/>
			</decile>
			<normalizedHigh value="10.4"/>
			<normalizedLow value="8.5"/>
			<fractionAboveNormal value="0.12"/>
			<fractionBelowNormal value="0"/>
		</scalarDistribution>
	</lab>
	<lab>
		<code>
			<coding>
				<system value="http://loinc.org"/>
				<code value="39789-3"/>
				<display value="Potassium [Moles/volume] in Venous blood"/>
			</coding>
		</code>
		<count value="3442"/>
		<frequencyPerYear value="0.2677"/><!--   0..1 Number of this lab per year   -->
		<fractionOfSubjects value="0.1723"/><!--   0..1 Percent of subjects with this lab   -->
		<scalarDistribution>  <!--   0..1 Numeric sample summary   -->
			<units>
				<unit value="mmol/L"/>
				<system value="http://unitsofmeasure.org"/>
				<code value="mmol/L"/>
			</units>
			<min value="1.90"/><!--   1..1 Minimum value   -->
			<max value="7.10"/><!--   1..1 Maximum value   -->
			<mean value="4.24"/><!--   1..1 Mean   -->
			<median value="4.30"/><!--   1..1 Median   -->
			<stdDev value="0.53"/><!--   1..1 Standard deviation   -->
			<decile>  <!--   0..* Decile partitions   -->
				<nth value="10"/>
				<value value="3.50"/>
			</decile>
			<decile>  <!--   0..* Decile partitions   -->
				<nth value="20"/>
				<value value="3.80"/>
			</decile>
			<decile>  <!--   0..* Decile partitions   -->
				<nth value="30"/>
				<value value="4"/>
			</decile>
			<decile>  <!--   0..* Decile partitions   -->
				<nth value="40"/>
				<value value="4.20"/>
			</decile>
			<decile>  <!--   0..* Decile partitions   -->
				<nth value="50"/>
				<value value="4.30"/>
			</decile>
			<decile>  <!--   0..* Decile partitions   -->
				<nth value="60"/>
				<value value="4.40"/>
			</decile>
			<decile>  <!--   0..* Decile partitions   -->
				<nth value="70"/>
				<value value="4.50"/>
			</decile>
			<decile>  <!--   0..* Decile partitions   -->
				<nth value="80"/>
				<value value="4.60"/>
			</decile>
			<decile>  <!--   0..* Decile partitions   -->
				<nth value="90"/>
				<value value="4.80"/>
			</decile>
		</scalarDistribution>
	</lab>
	<lab>
		<code>
			<coding>
				<system value="http://loinc.org"/>
				<code value="2823-3"/>
				<display value="Potassium [Moles/volume] in Serum or Plasma"/>
			</coding>
		</code>
		<count value="299"/>
		<frequencyPerYear value="0.0233"/><!--   0..1 Number of this lab per year   -->
		<fractionOfSubjects value="0.0267"/><!--   0..1 Percent of subjects with this lab   -->
		<scalarDistribution>  <!--   0..1 Numeric sample summary   -->
			<units>
				<unit value="mmol/L"/>
				<system value="http://unitsofmeasure.org"/>
				<code value="mmol/L"/>
			</units>
			<min value="3.60"/><!--   1..1 Minimum value   -->
			<max value="6.30"/><!--   1..1 Maximum value   -->
			<mean value="4.41"/><!--   1..1 Mean   -->
			<median value="4.40"/><!--   1..1 Median   -->
			<stdDev value="0.37"/><!--   1..1 Standard deviation   -->
			<decile>  <!--   0..* Decile partitions   -->
				<nth value="10"/>
				<value value="4"/>
			</decile>
			<decile>  <!--   0..* Decile partitions   -->
				<nth value="20"/>
				<value value="4.10"/>
			</decile>
			<decile>  <!--   0..* Decile partitions   -->
				<nth value="30"/>
				<value value="4.20"/>
			</decile>
			<decile>  <!--   0..* Decile partitions   -->
				<nth value="40"/>
				<value value="4.30"/>
			</decile>
			<decile>  <!--   0..* Decile partitions   -->
				<nth value="50"/>
				<value value="4.40"/>
			</decile>
			<decile>  <!--   0..* Decile partitions   -->
				<nth value="60"/>
				<value value="4.40"/>
			</decile>
			<decile>  <!--   0..* Decile partitions   -->
				<nth value="70"/>
				<value value="4.60"/>
			</decile>
			<decile>  <!--   0..* Decile partitions   -->
				<nth value="80"/>
				<value value="4.70"/>
			</decile>
			<decile>  <!--   0..* Decile partitions   -->
				<nth value="90"/>
				<value value="4.90"/>
			</decile>
			<normalizedHigh value="5.2"/>
			<normalizedLow value="3.5"/>
			<fractionAboveNormal value="0.03"/>
			<fractionBelowNormal value="0"/>
		</scalarDistribution>
	</lab>
	<lab>
		<code>
			<coding>
				<system value="http://loinc.org"/>
				<code value="2951-2"/>
				<display value="Sodium [Moles/volume] in Serum or Plasma"/>
			</coding>
		</code>
		<count value="3821"/>
		<frequencyPerYear value="0.2971"/><!--   0..1 Number of this lab per year   -->
		<fractionOfSubjects value="0.1952"/><!--   0..1 Percent of subjects with this lab   -->
		<scalarDistribution>  <!--   0..1 Numeric sample summary   -->
			<units>
				<unit value="mmol/L"/>
				<system value="http://unitsofmeasure.org"/>
				<code value="mmol/L"/>
			</units>
			<min value="120"/><!--   1..1 Minimum value   -->
			<max value="174"/><!--   1..1 Maximum value   -->
			<mean value="139.69"/><!--   1..1 Mean   -->
			<median value="140"/><!--   1..1 Median   -->
			<stdDev value="3.63"/><!--   1..1 Standard deviation   -->
			<decile>  <!--   0..* Decile partitions   -->
				<nth value="10"/>
				<value value="136"/>
			</decile>
			<decile>  <!--   0..* Decile partitions   -->
				<nth value="20"/>
				<value value="137"/>
			</decile>
			<decile>  <!--   0..* Decile partitions   -->
				<nth value="30"/>
				<value value="138"/>
			</decile>
			<decile>  <!--   0..* Decile partitions   -->
				<nth value="40"/>
				<value value="139"/>
			</decile>
			<decile>  <!--   0..* Decile partitions   -->
				<nth value="50"/>
				<value value="140"/>
			</decile>
			<decile>  <!--   0..* Decile partitions   -->
				<nth value="60"/>
				<value value="140"/>
			</decile>
			<decile>  <!--   0..* Decile partitions   -->
				<nth value="70"/>
				<value value="141"/>
			</decile>
			<decile>  <!--   0..* Decile partitions   -->
				<nth value="80"/>
				<value value="142"/>
			</decile>
			<decile>  <!--   0..* Decile partitions   -->
				<nth value="90"/>
				<value value="143"/>
			</decile>
			<normalizedHigh value="145"/>
			<normalizedLow value="136"/>
			<fractionAboveNormal value="0.03"/>
			<fractionBelowNormal value="0.09"/>
		</scalarDistribution>
	</lab>
	<lab>
		<code>
			<coding>
				<system value="http://loinc.org"/>
				<code value="12962-7"/>
				<display value="Urea nitrogen [Mass/volume] in Venous blood"/>
			</coding>
		</code>
		<count value="3510"/>
		<frequencyPerYear value="0.2729"/><!--   0..1 Number of this lab per year   -->
		<fractionOfSubjects value="0.1751"/><!--   0..1 Percent of subjects with this lab   -->
		<scalarDistribution>  <!--   0..1 Numeric sample summary   -->
			<units>
				<unit value="mg/dL"/>
				<system value="http://unitsofmeasure.org"/>
				<code value="mg/dL"/>
			</units>
			<min value="1"/><!--   1..1 Minimum value   -->
			<max value="177"/><!--   1..1 Maximum value   -->
			<mean value="13.85"/><!--   1..1 Mean   -->
			<median value="11"/><!--   1..1 Median   -->
			<stdDev value="15.21"/><!--   1..1 Standard deviation   -->
			<decile>  <!--   0..* Decile partitions   -->
				<nth value="10"/>
				<value value="6"/>
			</decile>
			<decile>  <!--   0..* Decile partitions   -->
				<nth value="20"/>
				<value value="8"/>
			</decile>
			<decile>  <!--   0..* Decile partitions   -->
				<nth value="30"/>
				<value value="9"/>
			</decile>
			<decile>  <!--   0..* Decile partitions   -->
				<nth value="40"/>
				<value value="10"/>
			</decile>
			<decile>  <!--   0..* Decile partitions   -->
				<nth value="50"/>
				<value value="11"/>
			</decile>
			<decile>  <!--   0..* Decile partitions   -->
				<nth value="60"/>
				<value value="12"/>
			</decile>
			<decile>  <!--   0..* Decile partitions   -->
				<nth value="70"/>
				<value value="13"/>
			</decile>
			<decile>  <!--   0..* Decile partitions   -->
				<nth value="80"/>
				<value value="15"/>
			</decile>
			<decile>  <!--   0..* Decile partitions   -->
				<nth value="90"/>
				<value value="19"/>
			</decile>
		</scalarDistribution>
	</lab>
	<lab>
		<code>
			<coding>
				<system value="http://loinc.org"/>
				<code value="3094-0"/>
				<display value="Urea nitrogen [Mass/volume] in Serum or Plasma"/>
			</coding>
		</code>
		<count value="300"/>
		<frequencyPerYear value="0.0233"/><!--   0..1 Number of this lab per year   -->
		<fractionOfSubjects value="0.0267"/><!--   0..1 Percent of subjects with this lab   -->
		<scalarDistribution>  <!--   0..1 Numeric sample summary   -->
			<units>
				<unit value="mg/dL"/>
				<system value="http://unitsofmeasure.org"/>
				<code value="mg/dL"/>
			</units>
			<min value="3"/><!--   1..1 Minimum value   -->
			<max value="20"/><!--   1..1 Maximum value   -->
			<mean value="10.28"/><!--   1..1 Mean   -->
			<median value="10"/><!--   1..1 Median   -->
			<stdDev value="3.23"/><!--   1..1 Standard deviation   -->
			<decile>  <!--   0..* Decile partitions   -->
				<nth value="10"/>
				<value value="7"/>
			</decile>
			<decile>  <!--   0..* Decile partitions   -->
				<nth value="20"/>
				<value value="7"/>
			</decile>
			<decile>  <!--   0..* Decile partitions   -->
				<nth value="30"/>
				<value value="8"/>
			</decile>
			<decile>  <!--   0..* Decile partitions   -->
				<nth value="40"/>
				<value value="9"/>
			</decile>
			<decile>  <!--   0..* Decile partitions   -->
				<nth value="50"/>
				<value value="10"/>
			</decile>
			<decile>  <!--   0..* Decile partitions   -->
				<nth value="60"/>
				<value value="11"/>
			</decile>
			<decile>  <!--   0..* Decile partitions   -->
				<nth value="70"/>
				<value value="12"/>
			</decile>
			<decile>  <!--   0..* Decile partitions   -->
				<nth value="80"/>
				<value value="13"/>
			</decile>
			<decile>  <!--   0..* Decile partitions   -->
				<nth value="90"/>
				<value value="15"/>
			</decile>
			<normalizedHigh value="25"/>
			<normalizedLow value="7"/>
			<fractionAboveNormal value="0"/>
			<fractionBelowNormal value="0.09"/>
		</scalarDistribution>
	</lab>
	<lab>
		<code>
			<coding>
				<system value="http://loinc.org"/>
				<code value="1742-6"/>
				<display value="Alanine aminotransferase [Enzymatic activity/volume] in Serum or Plasma"/>
			</coding>
		</code>
		<count value="3035"/>
		<frequencyPerYear value="0.2360"/><!--   0..1 Number of this lab per year   -->
		<fractionOfSubjects value="0.1816"/><!--   0..1 Percent of subjects with this lab   -->
		<scalarDistribution>  <!--   0..1 Numeric sample summary   -->
			<units>
				<unit value="U/L"/>
				<system value="http://unitsofmeasure.org"/>
				<code value="U/L"/>
			</units>
			<min value="4"/><!--   1..1 Minimum value   -->
			<max value="6672"/><!--   1..1 Maximum value   -->
			<mean value="34.49"/><!--   1..1 Mean   -->
			<median value="16"/><!--   1..1 Median   -->
			<stdDev value="175.23"/><!--   1..1 Standard deviation   -->
			<decile>  <!--   0..* Decile partitions   -->
				<nth value="10"/>
				<value value="9"/>
			</decile>
			<decile>  <!--   0..* Decile partitions   -->
				<nth value="20"/>
				<value value="11"/>
			</decile>
			<decile>  <!--   0..* Decile partitions   -->
				<nth value="30"/>
				<value value="12"/>
			</decile>
			<decile>  <!--   0..* Decile partitions   -->
				<nth value="40"/>
				<value value="14"/>
			</decile>
			<decile>  <!--   0..* Decile partitions   -->
				<nth value="50"/>
				<value value="16"/>
			</decile>
			<decile>  <!--   0..* Decile partitions   -->
				<nth value="60"/>
				<value value="18"/>
			</decile>
			<decile>  <!--   0..* Decile partitions   -->
				<nth value="70"/>
				<value value="21"/>
			</decile>
			<decile>  <!--   0..* Decile partitions   -->
				<nth value="80"/>
				<value value="27"/>
			</decile>
			<decile>  <!--   0..* Decile partitions   -->
				<nth value="90"/>
				<value value="42"/>
			</decile>
			<normalizedHigh value="25"/>
			<normalizedLow value="0"/>
			<fractionAboveNormal value="0.22"/>
			<fractionBelowNormal value="0"/>
		</scalarDistribution>
	</lab>
	<lab>
		<code>
			<coding>
				<system value="http://loinc.org"/>
				<code value="1920-8"/>
				<display value="Aspartate aminotransferase [Enzymatic activity/volume] in Serum or Plasma"/>
			</coding>
		</code>
		<count value="2877"/>
		<frequencyPerYear value="0.2237"/><!--   0..1 Number of this lab per year   -->
		<fractionOfSubjects value="0.1751"/><!--   0..1 Percent of subjects with this lab   -->
		<scalarDistribution>  <!--   0..1 Numeric sample summary   -->
			<units>
				<unit value="IU/L"/>
				<system value="http://unitsofmeasure.org"/>
				<code value="IU/L"/>
			</units>
			<min value="5"/><!--   1..1 Minimum value   -->
			<max value="2331"/><!--   1..1 Maximum value   -->
			<mean value="33.64"/><!--   1..1 Mean   -->
			<median value="24"/><!--   1..1 Median   -->
			<stdDev value="63.41"/><!--   1..1 Standard deviation   -->
			<decile>  <!--   0..* Decile partitions   -->
				<nth value="10"/>
				<value value="15"/>
			</decile>
			<decile>  <!--   0..* Decile partitions   -->
				<nth value="20"/>
				<value value="17"/>
			</decile>
			<decile>  <!--   0..* Decile partitions   -->
				<nth value="30"/>
				<value value="19"/>
			</decile>
			<decile>  <!--   0..* Decile partitions   -->
				<nth value="40"/>
				<value value="21"/>
			</decile>
			<decile>  <!--   0..* Decile partitions   -->
				<nth value="50"/>
				<value value="24"/>
			</decile>
			<decile>  <!--   0..* Decile partitions   -->
				<nth value="60"/>
				<value value="27"/>
			</decile>
			<decile>  <!--   0..* Decile partitions   -->
				<nth value="70"/>
				<value value="31"/>
			</decile>
			<decile>  <!--   0..* Decile partitions   -->
				<nth value="80"/>
				<value value="38"/>
			</decile>
			<decile>  <!--   0..* Decile partitions   -->
				<nth value="90"/>
				<value value="51"/>
			</decile>
			<normalizedHigh value="40"/>
			<normalizedLow value="0"/>
			<fractionAboveNormal value="0.17"/>
			<fractionBelowNormal value="0"/>
		</scalarDistribution>
	</lab>
	<lab>
		<code>
			<coding>
				<system value="http://loinc.org"/>
				<code value="6768-6"/>
				<display value="Alkaline phosphatase [Enzymatic activity/volume] in Serum or Plasma"/>
			</coding>
		</code>
		<count value="3018"/>
		<frequencyPerYear value="0.2347"/><!--   0..1 Number of this lab per year   -->
		<fractionOfSubjects value="0.1788"/><!--   0..1 Percent of subjects with this lab   -->
		<scalarDistribution>  <!--   0..1 Numeric sample summary   -->
			<units>
				<unit value="U/L"/>
				<system value="http://unitsofmeasure.org"/>
				<code value="U/L"/>
			</units>
			<min value="41"/><!--   1..1 Minimum value   -->
			<max value="674"/><!--   1..1 Maximum value   -->
			<mean value="206.11"/><!--   1..1 Mean   -->
			<median value="193"/><!--   1..1 Median   -->
			<stdDev value="95.29"/><!--   1..1 Standard deviation   -->
			<decile>  <!--   0..* Decile partitions   -->
				<nth value="10"/>
				<value value="93"/>
			</decile>
			<decile>  <!--   0..* Decile partitions   -->
				<nth value="20"/>
				<value value="119"/>
			</decile>
			<decile>  <!--   0..* Decile partitions   -->
				<nth value="30"/>
				<value value="143"/>
			</decile>
			<decile>  <!--   0..* Decile partitions   -->
				<nth value="40"/>
				<value value="167"/>
			</decile>
			<decile>  <!--   0..* Decile partitions   -->
				<nth value="50"/>
				<value value="193"/>
			</decile>
			<decile>  <!--   0..* Decile partitions   -->
				<nth value="60"/>
				<value value="222"/>
			</decile>
			<decile>  <!--   0..* Decile partitions   -->
				<nth value="70"/>
				<value value="250"/>
			</decile>
			<decile>  <!--   0..* Decile partitions   -->
				<nth value="80"/>
				<value value="283"/>
			</decile>
			<decile>  <!--   0..* Decile partitions   -->
				<nth value="90"/>
				<value value="334"/>
			</decile>
			<normalizedHigh value="120"/>
			<normalizedLow value="30"/>
			<fractionAboveNormal value="0.79"/>
			<fractionBelowNormal value="0"/>
		</scalarDistribution>
	</lab>
	<lab>
		<code>
			<coding>
				<system value="http://loinc.org"/>
				<code value="1975-2"/>
				<display value="Bilirubin.total [Mass/volume] in Serum or Plasma"/>
			</coding>
		</code>
		<count value="2455"/>
		<frequencyPerYear value="0.1909"/><!--   0..1 Number of this lab per year   -->
		<fractionOfSubjects value="0.1449"/><!--   0..1 Percent of subjects with this lab   -->
		<scalarDistribution>  <!--   0..1 Numeric sample summary   -->
			<units>
				<unit value="mg/dL"/>
				<system value="http://unitsofmeasure.org"/>
				<code value="mg/dL"/>
			</units>
			<min value="0.10"/><!--   1..1 Minimum value   -->
			<max value="14"/><!--   1..1 Maximum value   -->
			<mean value="0.92"/><!--   1..1 Mean   -->
			<median value="0.40"/><!--   1..1 Median   -->
			<stdDev value="1.14"/><!--   1..1 Standard deviation   -->
			<decile>  <!--   0..* Decile partitions   -->
				<nth value="10"/>
				<value value="0.20"/>
			</decile>
			<decile>  <!--   0..* Decile partitions   -->
				<nth value="20"/>
				<value value="0.30"/>
			</decile>
			<decile>  <!--   0..* Decile partitions   -->
				<nth value="30"/>
				<value value="0.30"/>
			</decile>
			<decile>  <!--   0..* Decile partitions   -->
				<nth value="40"/>
				<value value="0.40"/>
			</decile>
			<decile>  <!--   0..* Decile partitions   -->
				<nth value="50"/>
				<value value="0.40"/>
			</decile>
			<decile>  <!--   0..* Decile partitions   -->
				<nth value="60"/>
				<value value="0.50"/>
			</decile>
			<decile>  <!--   0..* Decile partitions   -->
				<nth value="70"/>
				<value value="0.80"/>
			</decile>
			<decile>  <!--   0..* Decile partitions   -->
				<nth value="80"/>
				<value value="1.40"/>
			</decile>
			<decile>  <!--   0..* Decile partitions   -->
				<nth value="90"/>
				<value value="2.40"/>
			</decile>
			<normalizedHigh value="1.2"/>
			<normalizedLow value="0.2"/>
			<fractionAboveNormal value="0.23"/>
			<fractionBelowNormal value="0.00"/>
		</scalarDistribution>
	</lab>
	<lab>
		<code>
			<coding>
				<system value="http://loinc.org"/>
				<code value="713-8"/>
				<display value="Eosinophils/100 leukocytes in Blood by Automated count"/>
			</coding>
		</code>
		<count value="2476"/>
		<frequencyPerYear value="0.1925"/><!--   0..1 Number of this lab per year   -->
		<fractionOfSubjects value="0.1404"/><!--   0..1 Percent of subjects with this lab   -->
		<scalarDistribution>  <!--   0..1 Numeric sample summary   -->
			<units>
				<unit value="%"/>
				<system value="http://unitsofmeasure.org"/>
				<code value="%"/>
			</units>
			<min value="0"/><!--   1..1 Minimum value   -->
			<max value="40.60"/><!--   1..1 Maximum value   -->
			<mean value="3.86"/><!--   1..1 Mean   -->
			<median value="2.90"/><!--   1..1 Median   -->
			<stdDev value="3.84"/><!--   1..1 Standard deviation   -->
			<decile>  <!--   0..* Decile partitions   -->
				<nth value="10"/>
				<value value="0.20"/>
			</decile>
			<decile>  <!--   0..* Decile partitions   -->
				<nth value="20"/>
				<value value="1"/>
			</decile>
			<decile>  <!--   0..* Decile partitions   -->
				<nth value="30"/>
				<value value="1.60"/>
			</decile>
			<decile>  <!--   0..* Decile partitions   -->
				<nth value="40"/>
				<value value="2.20"/>
			</decile>
			<decile>  <!--   0..* Decile partitions   -->
				<nth value="50"/>
				<value value="2.90"/>
			</decile>
			<decile>  <!--   0..* Decile partitions   -->
				<nth value="60"/>
				<value value="3.60"/>
			</decile>
			<decile>  <!--   0..* Decile partitions   -->
				<nth value="70"/>
				<value value="4.70"/>
			</decile>
			<decile>  <!--   0..* Decile partitions   -->
				<nth value="80"/>
				<value value="6"/>
			</decile>
			<decile>  <!--   0..* Decile partitions   -->
				<nth value="90"/>
				<value value="8.50"/>
			</decile>
			<normalizedHigh value="7"/>
			<normalizedLow value="0"/>
			<fractionAboveNormal value="0.15"/>
			<fractionBelowNormal value="0"/>
		</scalarDistribution>
	</lab>
	<lab>
		<code>
			<coding>
				<system value="http://loinc.org"/>
				<code value="706-2"/>
				<display value="Basophils/100 leukocytes in Blood by Automated count"/>
			</coding>
		</code>
		<count value="2284"/>
		<frequencyPerYear value="0.1776"/><!--   0..1 Number of this lab per year   -->
		<fractionOfSubjects value="0.1305"/><!--   0..1 Percent of subjects with this lab   -->
		<scalarDistribution>  <!--   0..1 Numeric sample summary   -->
			<units>
				<unit value="%"/>
				<system value="http://unitsofmeasure.org"/>
				<code value="%"/>
			</units>
			<min value="0"/><!--   1..1 Minimum value   -->
			<max value="4"/><!--   1..1 Maximum value   -->
			<mean value="0.55"/><!--   1..1 Mean   -->
			<median value="0.50"/><!--   1..1 Median   -->
			<stdDev value="0.38"/><!--   1..1 Standard deviation   -->
			<decile>  <!--   0..* Decile partitions   -->
				<nth value="10"/>
				<value value="0.20"/>
			</decile>
			<decile>  <!--   0..* Decile partitions   -->
				<nth value="20"/>
				<value value="0.30"/>
			</decile>
			<decile>  <!--   0..* Decile partitions   -->
				<nth value="30"/>
				<value value="0.30"/>
			</decile>
			<decile>  <!--   0..* Decile partitions   -->
				<nth value="40"/>
				<value value="0.40"/>
			</decile>
			<decile>  <!--   0..* Decile partitions   -->
				<nth value="50"/>
				<value value="0.50"/>
			</decile>
			<decile>  <!--   0..* Decile partitions   -->
				<nth value="60"/>
				<value value="0.50"/>
			</decile>
			<decile>  <!--   0..* Decile partitions   -->
				<nth value="70"/>
				<value value="0.60"/>
			</decile>
			<decile>  <!--   0..* Decile partitions   -->
				<nth value="80"/>
				<value value="0.80"/>
			</decile>
			<decile>  <!--   0..* Decile partitions   -->
				<nth value="90"/>
				<value value="1"/>
			</decile>
			<normalizedHigh value="1.0"/>
			<normalizedLow value="0.0"/>
			<fractionAboveNormal value="0.09"/>
			<fractionBelowNormal value="0"/>
		</scalarDistribution>
	</lab>
	<lab>
		<code>
			<coding>
				<system value="http://loinc.org"/>
				<code value="5905-5"/>
				<display value="Monocytes/100 leukocytes in Blood by Automated count"/>
			</coding>
		</code>
		<count value="2199"/>
		<frequencyPerYear value="0.1710"/><!--   0..1 Number of this lab per year   -->
		<fractionOfSubjects value="0.1247"/><!--   0..1 Percent of subjects with this lab   -->
		<scalarDistribution>  <!--   0..1 Numeric sample summary   -->
			<units>
				<unit value="%"/>
				<system value="http://unitsofmeasure.org"/>
				<code value="%"/>
			</units>
			<min value="0.40"/><!--   1..1 Minimum value   -->
			<max value="61.20"/><!--   1..1 Maximum value   -->
			<mean value="8.68"/><!--   1..1 Mean   -->
			<median value="8.20"/><!--   1..1 Median   -->
			<stdDev value="3.64"/><!--   1..1 Standard deviation   -->
			<decile>  <!--   0..* Decile partitions   -->
				<nth value="10"/>
				<value value="5.10"/>
			</decile>
			<decile>  <!--   0..* Decile partitions   -->
				<nth value="20"/>
				<value value="6.10"/>
			</decile>
			<decile>  <!--   0..* Decile partitions   -->
				<nth value="30"/>
				<value value="6.90"/>
			</decile>
			<decile>  <!--   0..* Decile partitions   -->
				<nth value="40"/>
				<value value="7.60"/>
			</decile>
			<decile>  <!--   0..* Decile partitions   -->
				<nth value="50"/>
				<value value="8.20"/>
			</decile>
			<decile>  <!--   0..* Decile partitions   -->
				<nth value="60"/>
				<value value="8.90"/>
			</decile>
			<decile>  <!--   0..* Decile partitions   -->
				<nth value="70"/>
				<value value="9.70"/>
			</decile>
			<decile>  <!--   0..* Decile partitions   -->
				<nth value="80"/>
				<value value="10.90"/>
			</decile>
			<decile>  <!--   0..* Decile partitions   -->
				<nth value="90"/>
				<value value="12.90"/>
			</decile>
			<normalizedHigh value="12"/>
			<normalizedLow value="0"/>
			<fractionAboveNormal value="0.13"/>
			<fractionBelowNormal value="0"/>
		</scalarDistribution>
	</lab>
	<lab>
		<code>
			<coding>
				<system value="http://loinc.org"/>
				<code value="2093-3"/>
				<display value="Cholesterol [Mass/volume] in Serum or Plasma"/>
			</coding>
		</code>
		<count value="1432"/>
		<frequencyPerYear value="0.1114"/><!--   0..1 Number of this lab per year   -->
		<fractionOfSubjects value="0.1863"/><!--   0..1 Percent of subjects with this lab   -->
		<scalarDistribution>  <!--   0..1 Numeric sample summary   -->
			<units>
				<unit value="mg/dL"/>
				<system value="http://unitsofmeasure.org"/>
				<code value="mg/dL"/>
			</units>
			<min value="78"/><!--   1..1 Minimum value   -->
			<max value="385"/><!--   1..1 Maximum value   -->
			<mean value="158.15"/><!--   1..1 Mean   -->
			<median value="153"/><!--   1..1 Median   -->
			<stdDev value="33.82"/><!--   1..1 Standard deviation   -->
			<decile>  <!--   0..* Decile partitions   -->
				<nth value="10"/>
				<value value="123"/>
			</decile>
			<decile>  <!--   0..* Decile partitions   -->
				<nth value="20"/>
				<value value="132"/>
			</decile>
			<decile>  <!--   0..* Decile partitions   -->
				<nth value="30"/>
				<value value="140"/>
			</decile>
			<decile>  <!--   0..* Decile partitions   -->
				<nth value="40"/>
				<value value="146"/>
			</decile>
			<decile>  <!--   0..* Decile partitions   -->
				<nth value="50"/>
				<value value="153"/>
			</decile>
			<decile>  <!--   0..* Decile partitions   -->
				<nth value="60"/>
				<value value="161"/>
			</decile>
			<decile>  <!--   0..* Decile partitions   -->
				<nth value="70"/>
				<value value="170"/>
			</decile>
			<decile>  <!--   0..* Decile partitions   -->
				<nth value="80"/>
				<value value="182"/>
			</decile>
			<decile>  <!--   0..* Decile partitions   -->
				<nth value="90"/>
				<value value="197"/>
			</decile>
			<normalizedHigh value="199"/>
			<normalizedLow value="100"/>
			<fractionAboveNormal value="0.09"/>
			<fractionBelowNormal value="0.01"/>
		</scalarDistribution>
	</lab>
	<lab>
		<code>
			<coding>
				<system value="http://loinc.org"/>
				<code value="2571-8"/>
				<display value="Triglyceride [Mass/volume] in Serum or Plasma"/>
			</coding>
		</code>
		<count value="1222"/>
		<frequencyPerYear value="0.0950"/><!--   0..1 Number of this lab per year   -->
		<fractionOfSubjects value="0.1516"/><!--   0..1 Percent of subjects with this lab   -->
		<scalarDistribution>  <!--   0..1 Numeric sample summary   -->
			<units>
				<unit value="mg/dL"/>
				<system value="http://unitsofmeasure.org"/>
				<code value="mg/dL"/>
			</units>
			<min value="23"/><!--   1..1 Minimum value   -->
			<max value="680"/><!--   1..1 Maximum value   -->
			<mean value="86.68"/><!--   1..1 Mean   -->
			<median value="72"/><!--   1..1 Median   -->
			<stdDev value="53.38"/><!--   1..1 Standard deviation   -->
			<decile>  <!--   0..* Decile partitions   -->
				<nth value="10"/>
				<value value="43"/>
			</decile>
			<decile>  <!--   0..* Decile partitions   -->
				<nth value="20"/>
				<value value="50"/>
			</decile>
			<decile>  <!--   0..* Decile partitions   -->
				<nth value="30"/>
				<value value="57"/>
			</decile>
			<decile>  <!--   0..* Decile partitions   -->
				<nth value="40"/>
				<value value="64"/>
			</decile>
			<decile>  <!--   0..* Decile partitions   -->
				<nth value="50"/>
				<value value="72"/>
			</decile>
			<decile>  <!--   0..* Decile partitions   -->
				<nth value="60"/>
				<value value="82"/>
			</decile>
			<decile>  <!--   0..* Decile partitions   -->
				<nth value="70"/>
				<value value="97"/>
			</decile>
			<decile>  <!--   0..* Decile partitions   -->
				<nth value="80"/>
				<value value="115"/>
			</decile>
			<decile>  <!--   0..* Decile partitions   -->
				<nth value="90"/>
				<value value="143"/>
			</decile>
			<normalizedHigh value="149"/>
			<normalizedLow value="0"/>
			<fractionAboveNormal value="0.09"/>
			<fractionBelowNormal value="0"/>
		</scalarDistribution>
	</lab>
	<lab>
		<code>
			<coding>
				<system value="http://loinc.org"/>
				<code value="2085-9"/>
				<display value="Cholesterol in HDL [Mass/volume] in Serum or Plasma"/>
			</coding>
		</code>
		<count value="1163"/>
		<frequencyPerYear value="0.0904"/><!--   0..1 Number of this lab per year   -->
		<fractionOfSubjects value="0.1535"/><!--   0..1 Percent of subjects with this lab   -->
		<scalarDistribution>  <!--   0..1 Numeric sample summary   -->
			<units>
				<unit value="mg/dL"/>
				<system value="http://unitsofmeasure.org"/>
				<code value="mg/dL"/>
			</units>
			<min value="23"/><!--   1..1 Minimum value   -->
			<max value="130"/><!--   1..1 Maximum value   -->
			<mean value="54.10"/><!--   1..1 Mean   -->
			<median value="52"/><!--   1..1 Median   -->
			<stdDev value="14.74"/><!--   1..1 Standard deviation   -->
			<decile>  <!--   0..* Decile partitions   -->
				<nth value="10"/>
				<value value="37"/>
			</decile>
			<decile>  <!--   0..* Decile partitions   -->
				<nth value="20"/>
				<value value="42"/>
			</decile>
			<decile>  <!--   0..* Decile partitions   -->
				<nth value="30"/>
				<value value="46"/>
			</decile>
			<decile>  <!--   0..* Decile partitions   -->
				<nth value="40"/>
				<value value="49"/>
			</decile>
			<decile>  <!--   0..* Decile partitions   -->
				<nth value="50"/>
				<value value="52"/>
			</decile>
			<decile>  <!--   0..* Decile partitions   -->
				<nth value="60"/>
				<value value="55"/>
			</decile>
			<decile>  <!--   0..* Decile partitions   -->
				<nth value="70"/>
				<value value="60"/>
			</decile>
			<decile>  <!--   0..* Decile partitions   -->
				<nth value="80"/>
				<value value="66"/>
			</decile>
			<decile>  <!--   0..* Decile partitions   -->
				<nth value="90"/>
				<value value="73"/>
			</decile>
			<normalizedHigh value="76"/>
			<normalizedLow value="36"/>
			<fractionAboveNormal value="0.07"/>
			<fractionBelowNormal value="0.07"/>
		</scalarDistribution>
	</lab>
	<lab>
		<code>
			<coding>
				<system value="http://loinc.org"/>
				<code value="2777-1"/>
				<display value="Phosphate [Mass/volume] in Serum or Plasma"/>
			</coding>
		</code>
		<count value="1154"/>
		<frequencyPerYear value="0.0897"/><!--   0..1 Number of this lab per year   -->
		<fractionOfSubjects value="0.0288"/><!--   0..1 Percent of subjects with this lab   -->
		<scalarDistribution>  <!--   0..1 Numeric sample summary   -->
			<units>
				<unit value="mg/dL"/>
				<system value="http://unitsofmeasure.org"/>
				<code value="mg/dL"/>
			</units>
			<min value="0.90"/><!--   1..1 Minimum value   -->
			<max value="11"/><!--   1..1 Maximum value   -->
			<mean value="4.26"/><!--   1..1 Mean   -->
			<median value="4.20"/><!--   1..1 Median   -->
			<stdDev value="1.24"/><!--   1..1 Standard deviation   -->
			<decile>  <!--   0..* Decile partitions   -->
				<nth value="10"/>
				<value value="2.90"/>
			</decile>
			<decile>  <!--   0..* Decile partitions   -->
				<nth value="20"/>
				<value value="3.30"/>
			</decile>
			<decile>  <!--   0..* Decile partitions   -->
				<nth value="30"/>
				<value value="3.70"/>
			</decile>
			<decile>  <!--   0..* Decile partitions   -->
				<nth value="40"/>
				<value value="4"/>
			</decile>
			<decile>  <!--   0..* Decile partitions   -->
				<nth value="50"/>
				<value value="4.20"/>
			</decile>
			<decile>  <!--   0..* Decile partitions   -->
				<nth value="60"/>
				<value value="4.40"/>
			</decile>
			<decile>  <!--   0..* Decile partitions   -->
				<nth value="70"/>
				<value value="4.70"/>
			</decile>
			<decile>  <!--   0..* Decile partitions   -->
				<nth value="80"/>
				<value value="5"/>
			</decile>
			<decile>  <!--   0..* Decile partitions   -->
				<nth value="90"/>
				<value value="5.60"/>
			</decile>
			<normalizedHigh value="4.5"/>
			<normalizedLow value="2.5"/>
			<fractionAboveNormal value="0.35"/>
			<fractionBelowNormal value="0.05"/>
		</scalarDistribution>
	</lab>
	<lab>
		<code>
			<coding>
				<system value="http://loinc.org"/>
				<code value="19123-9"/>
				<display value="Magnesium [Mass/volume] in Serum or Plasma"/>
			</coding>
		</code>
		<count value="915"/>
		<frequencyPerYear value="0.0712"/><!--   0..1 Number of this lab per year   -->
		<fractionOfSubjects value="0.0255"/><!--   0..1 Percent of subjects with this lab   -->
		<scalarDistribution>  <!--   0..1 Numeric sample summary   -->
			<units>
				<unit value="mg/dL"/>
				<system value="http://unitsofmeasure.org"/>
				<code value="mg/dL"/>
			</units>
			<min value="0.70"/><!--   1..1 Minimum value   -->
			<max value="7.20"/><!--   1..1 Maximum value   -->
			<mean value="1.99"/><!--   1..1 Mean   -->
			<median value="2"/><!--   1..1 Median   -->
			<stdDev value="0.40"/><!--   1..1 Standard deviation   -->
			<decile>  <!--   0..* Decile partitions   -->
				<nth value="10"/>
				<value value="1.60"/>
			</decile>
			<decile>  <!--   0..* Decile partitions   -->
				<nth value="20"/>
				<value value="1.70"/>
			</decile>
			<decile>  <!--   0..* Decile partitions   -->
				<nth value="30"/>
				<value value="1.80"/>
			</decile>
			<decile>  <!--   0..* Decile partitions   -->
				<nth value="40"/>
				<value value="1.90"/>
			</decile>
			<decile>  <!--   0..* Decile partitions   -->
				<nth value="50"/>
				<value value="2"/>
			</decile>
			<decile>  <!--   0..* Decile partitions   -->
				<nth value="60"/>
				<value value="2"/>
			</decile>
			<decile>  <!--   0..* Decile partitions   -->
				<nth value="70"/>
				<value value="2.10"/>
			</decile>
			<decile>  <!--   0..* Decile partitions   -->
				<nth value="80"/>
				<value value="2.20"/>
			</decile>
			<decile>  <!--   0..* Decile partitions   -->
				<nth value="90"/>
				<value value="2.40"/>
			</decile>
			<normalizedHigh value="2.3"/>
			<normalizedLow value="1.6"/>
			<fractionAboveNormal value="0.11"/>
			<fractionBelowNormal value="0.07"/>
		</scalarDistribution>
	</lab>
	<lab>
		<code>
			<coding>
				<system value="http://loinc.org"/>
				<code value="737-7"/>
				<display value="Lymphocytes/100 leukocytes in Blood by Manual count"/>
			</coding>
		</code>
		<count value="464"/>
		<frequencyPerYear value="0.0361"/><!--   0..1 Number of this lab per year   -->
		<fractionOfSubjects value="0.0227"/><!--   0..1 Percent of subjects with this lab   -->
		<scalarDistribution>  <!--   0..1 Numeric sample summary   -->
			<units>
				<unit value="%"/>
				<system value="http://unitsofmeasure.org"/>
				<code value="%"/>
			</units>
			<min value="0"/><!--   1..1 Minimum value   -->
			<max value="98"/><!--   1..1 Maximum value   -->
			<mean value="27.88"/><!--   1..1 Mean   -->
			<median value="25"/><!--   1..1 Median   -->
			<stdDev value="21.78"/><!--   1..1 Standard deviation   -->
			<decile>  <!--   0..* Decile partitions   -->
				<nth value="10"/>
				<value value="2"/>
			</decile>
			<decile>  <!--   0..* Decile partitions   -->
				<nth value="20"/>
				<value value="7"/>
			</decile>
			<decile>  <!--   0..* Decile partitions   -->
				<nth value="30"/>
				<value value="12"/>
			</decile>
			<decile>  <!--   0..* Decile partitions   -->
				<nth value="40"/>
				<value value="18"/>
			</decile>
			<decile>  <!--   0..* Decile partitions   -->
				<nth value="50"/>
				<value value="25"/>
			</decile>
			<decile>  <!--   0..* Decile partitions   -->
				<nth value="60"/>
				<value value="32"/>
			</decile>
			<decile>  <!--   0..* Decile partitions   -->
				<nth value="70"/>
				<value value="39"/>
			</decile>
			<decile>  <!--   0..* Decile partitions   -->
				<nth value="80"/>
				<value value="46"/>
			</decile>
			<decile>  <!--   0..* Decile partitions   -->
				<nth value="90"/>
				<value value="57"/>
			</decile>
			<normalizedHigh value="44"/>
			<normalizedLow value="24"/>
			<fractionAboveNormal value="0.22"/>
			<fractionBelowNormal value="0.49"/>
		</scalarDistribution>
	</lab>
	<lab>
		<code>
			<coding>
				<system value="http://loinc.org"/>
				<code value="736-9"/>
				<display value="Lymphocytes/100 leukocytes in Blood by Automated count"/>
			</coding>
		</code>
		<count value="19"/>
		<frequencyPerYear value="0.0015"/><!--   0..1 Number of this lab per year   -->
		<fractionOfSubjects value="0.0016"/><!--   0..1 Percent of subjects with this lab   -->
		<scalarDistribution>  <!--   0..1 Numeric sample summary   -->
			<units>
				<unit value="%"/>
				<system value="http://unitsofmeasure.org"/>
				<code value="%"/>
			</units>
			<min value="24.30"/><!--   1..1 Minimum value   -->
			<max value="61.80"/><!--   1..1 Maximum value   -->
			<mean value="44.65"/><!--   1..1 Mean   -->
			<median value="47"/><!--   1..1 Median   -->
			<stdDev value="12.08"/><!--   1..1 Standard deviation   -->
			<decile>  <!--   0..* Decile partitions   -->
				<nth value="10"/>
				<value value="25.10"/>
			</decile>
			<decile>  <!--   0..* Decile partitions   -->
				<nth value="20"/>
				<value value="30.10"/>
			</decile>
			<decile>  <!--   0..* Decile partitions   -->
				<nth value="30"/>
				<value value="36.70"/>
			</decile>
			<decile>  <!--   0..* Decile partitions   -->
				<nth value="40"/>
				<value value="43.10"/>
			</decile>
			<decile>  <!--   0..* Decile partitions   -->
				<nth value="50"/>
				<value value="47.60"/>
			</decile>
			<decile>  <!--   0..* Decile partitions   -->
				<nth value="60"/>
				<value value="48.70"/>
			</decile>
			<decile>  <!--   0..* Decile partitions   -->
				<nth value="70"/>
				<value value="53"/>
			</decile>
			<decile>  <!--   0..* Decile partitions   -->
				<nth value="80"/>
				<value value="56"/>
			</decile>
			<decile>  <!--   0..* Decile partitions   -->
				<nth value="90"/>
				<value value="56.50"/>
			</decile>
		</scalarDistribution>
	</lab>
	<lab>
		<code>
			<coding>
				<system value="http://loinc.org"/>
				<code value="744-3"/>
				<display value="Monocytes/100 leukocytes in Blood by Manual count"/>
			</coding>
		</code>
		<count value="462"/>
		<frequencyPerYear value="0.0359"/><!--   0..1 Number of this lab per year   -->
		<fractionOfSubjects value="0.0227"/><!--   0..1 Percent of subjects with this lab   -->
		<scalarDistribution>  <!--   0..1 Numeric sample summary   -->
			<units>
				<unit value="%"/>
				<system value="http://unitsofmeasure.org"/>
				<code value="%"/>
			</units>
			<min value="0"/><!--   1..1 Minimum value   -->
			<max value="65"/><!--   1..1 Maximum value   -->
			<mean value="9.75"/><!--   1..1 Mean   -->
			<median value="7"/><!--   1..1 Median   -->
			<stdDev value="10.87"/><!--   1..1 Standard deviation   -->
			<decile>  <!--   0..* Decile partitions   -->
				<nth value="10"/>
				<value value="0"/>
			</decile>
			<decile>  <!--   0..* Decile partitions   -->
				<nth value="20"/>
				<value value="2"/>
			</decile>
			<decile>  <!--   0..* Decile partitions   -->
				<nth value="30"/>
				<value value="4"/>
			</decile>
			<decile>  <!--   0..* Decile partitions   -->
				<nth value="40"/>
				<value value="5"/>
			</decile>
			<decile>  <!--   0..* Decile partitions   -->
				<nth value="50"/>
				<value value="7"/>
			</decile>
			<decile>  <!--   0..* Decile partitions   -->
				<nth value="60"/>
				<value value="9"/>
			</decile>
			<decile>  <!--   0..* Decile partitions   -->
				<nth value="70"/>
				<value value="11"/>
			</decile>
			<decile>  <!--   0..* Decile partitions   -->
				<nth value="80"/>
				<value value="13"/>
			</decile>
			<decile>  <!--   0..* Decile partitions   -->
				<nth value="90"/>
				<value value="22"/>
			</decile>
			<normalizedHigh value="12"/>
			<normalizedLow value="1"/>
			<fractionAboveNormal value="0.23"/>
			<fractionBelowNormal value="0.10"/>
		</scalarDistribution>
	</lab>
	<lab>
		<code>
			<coding>
				<system value="http://loinc.org"/>
				<code value="5905-5"/>
				<display value="Monocytes/100 leukocytes in Blood by Automated count"/>
			</coding>
		</code>
		<count value="19"/>
		<frequencyPerYear value="0.0015"/><!--   0..1 Number of this lab per year   -->
		<fractionOfSubjects value="0.0016"/><!--   0..1 Percent of subjects with this lab   -->
		<scalarDistribution>  <!--   0..1 Numeric sample summary   -->
			<units>
				<unit value="%"/>
				<system value="http://unitsofmeasure.org"/>
				<code value="%"/>
			</units>
			<min value="5"/><!--   1..1 Minimum value   -->
			<max value="19.80"/><!--   1..1 Maximum value   -->
			<mean value="10.01"/><!--   1..1 Mean   -->
			<median value="9.35"/><!--   1..1 Median   -->
			<stdDev value="3.36"/><!--   1..1 Standard deviation   -->
			<decile>  <!--   0..* Decile partitions   -->
				<nth value="10"/>
				<value value="6.50"/>
			</decile>
			<decile>  <!--   0..* Decile partitions   -->
				<nth value="20"/>
				<value value="7"/>
			</decile>
			<decile>  <!--   0..* Decile partitions   -->
				<nth value="30"/>
				<value value="8.80"/>
			</decile>
			<decile>  <!--   0..* Decile partitions   -->
				<nth value="40"/>
				<value value="9.20"/>
			</decile>
			<decile>  <!--   0..* Decile partitions   -->
				<nth value="50"/>
				<value value="9.40"/>
			</decile>
			<decile>  <!--   0..* Decile partitions   -->
				<nth value="60"/>
				<value value="9.80"/>
			</decile>
			<decile>  <!--   0..* Decile partitions   -->
				<nth value="70"/>
				<value value="10"/>
			</decile>
			<decile>  <!--   0..* Decile partitions   -->
				<nth value="80"/>
				<value value="10.80"/>
			</decile>
			<decile>  <!--   0..* Decile partitions   -->
				<nth value="90"/>
				<value value="12.20"/>
			</decile>
			<normalizedHigh value="12"/>
			<normalizedLow value="0"/>
			<fractionAboveNormal value="0.16"/>
			<fractionBelowNormal value="0"/>
		</scalarDistribution>
	</lab>
	<lab>
		<code>
			<coding>
				<system value="http://loinc.org"/>
				<code value="714-6"/>
				<display value="Eosinophils/100 leukocytes in Blood by Manual count"/>
			</coding>
		</code>
		<count value="456"/>
		<frequencyPerYear value="0.0355"/><!--   0..1 Number of this lab per year   -->
		<fractionOfSubjects value="0.0227"/><!--   0..1 Percent of subjects with this lab   -->
		<scalarDistribution>  <!--   0..1 Numeric sample summary   -->
			<units>
				<unit value="%"/>
				<system value="http://unitsofmeasure.org"/>
				<code value="%"/>
			</units>
			<min value="0"/><!--   1..1 Minimum value   -->
			<max value="81"/><!--   1..1 Maximum value   -->
			<mean value="3.58"/><!--   1..1 Mean   -->
			<median value="1"/><!--   1..1 Median   -->
			<stdDev value="8.31"/><!--   1..1 Standard deviation   -->
			<decile>  <!--   0..* Decile partitions   -->
				<nth value="10"/>
				<value value="0"/>
			</decile>
			<decile>  <!--   0..* Decile partitions   -->
				<nth value="20"/>
				<value value="0"/>
			</decile>
			<decile>  <!--   0..* Decile partitions   -->
				<nth value="30"/>
				<value value="0"/>
			</decile>
			<decile>  <!--   0..* Decile partitions   -->
				<nth value="40"/>
				<value value="1"/>
			</decile>
			<decile>  <!--   0..* Decile partitions   -->
				<nth value="50"/>
				<value value="1"/>
			</decile>
			<decile>  <!--   0..* Decile partitions   -->
				<nth value="60"/>
				<value value="2"/>
			</decile>
			<decile>  <!--   0..* Decile partitions   -->
				<nth value="70"/>
				<value value="3"/>
			</decile>
			<decile>  <!--   0..* Decile partitions   -->
				<nth value="80"/>
				<value value="5"/>
			</decile>
			<decile>  <!--   0..* Decile partitions   -->
				<nth value="90"/>
				<value value="8"/>
			</decile>
			<normalizedHigh value="7"/>
			<normalizedLow value="0"/>
			<fractionAboveNormal value="0.11"/>
			<fractionBelowNormal value="0"/>
		</scalarDistribution>
	</lab>
	<lab>
		<code>
			<coding>
				<system value="http://loinc.org"/>
				<code value="713-8"/>
				<display value="Eosinophils/100 leukocytes in Blood by Automated count"/>
			</coding>
		</code>
		<count value="19"/>
		<frequencyPerYear value="0.0015"/><!--   0..1 Number of this lab per year   -->
		<fractionOfSubjects value="0.0016"/><!--   0..1 Percent of subjects with this lab   -->
		<scalarDistribution>  <!--   0..1 Numeric sample summary   -->
			<units>
				<unit value="%"/>
				<system value="http://unitsofmeasure.org"/>
				<code value="%"/>
			</units>
			<min value="0.70"/><!--   1..1 Minimum value   -->
			<max value="15"/><!--   1..1 Maximum value   -->
			<mean value="5.29"/><!--   1..1 Mean   -->
			<median value="4.05"/><!--   1..1 Median   -->
			<stdDev value="4.30"/><!--   1..1 Standard deviation   -->
			<decile>  <!--   0..* Decile partitions   -->
				<nth value="10"/>
				<value value="1.20"/>
			</decile>
			<decile>  <!--   0..* Decile partitions   -->
				<nth value="20"/>
				<value value="1.40"/>
			</decile>
			<decile>  <!--   0..* Decile partitions   -->
				<nth value="30"/>
				<value value="2"/>
			</decile>
			<decile>  <!--   0..* Decile partitions   -->
				<nth value="40"/>
				<value value="3.10"/>
			</decile>
			<decile>  <!--   0..* Decile partitions   -->
				<nth value="50"/>
				<value value="4.10"/>
			</decile>
			<decile>  <!--   0..* Decile partitions   -->
				<nth value="60"/>
				<value value="4.80"/>
			</decile>
			<decile>  <!--   0..* Decile partitions   -->
				<nth value="70"/>
				<value value="5.20"/>
			</decile>
			<decile>  <!--   0..* Decile partitions   -->
				<nth value="80"/>
				<value value="9"/>
			</decile>
			<decile>  <!--   0..* Decile partitions   -->
				<nth value="90"/>
				<value value="10.80"/>
			</decile>
			<normalizedHigh value="7"/>
			<normalizedLow value="0"/>
			<fractionAboveNormal value="0.26"/>
			<fractionBelowNormal value="0"/>
		</scalarDistribution>
	</lab>
	<lab>
		<code>
			<coding>
				<system value="http://loinc.org"/>
				<code value="19254-2"/>
				<display value="Oxygen [Partial pressure] adjusted to patient's actual temperature in Blood"/>
			</coding>
		</code>
		<count value="412"/>
		<frequencyPerYear value="0.0320"/><!--   0..1 Number of this lab per year   -->
		<fractionOfSubjects value="0.0044"/><!--   0..1 Percent of subjects with this lab   -->
		<scalarDistribution>  <!--   0..1 Numeric sample summary   -->
			<units>
				<unit value="mmHg"/>
				<system value="http://unitsofmeasure.org"/>
				<code value="mmHg"/>
			</units>
			<min value="47"/><!--   1..1 Minimum value   -->
			<max value="562"/><!--   1..1 Maximum value   -->
			<mean value="137.55"/><!--   1..1 Mean   -->
			<median value="110"/><!--   1..1 Median   -->
			<stdDev value="87.82"/><!--   1..1 Standard deviation   -->
			<decile>  <!--   0..* Decile partitions   -->
				<nth value="10"/>
				<value value="60"/>
			</decile>
			<decile>  <!--   0..* Decile partitions   -->
				<nth value="20"/>
				<value value="66"/>
			</decile>
			<decile>  <!--   0..* Decile partitions   -->
				<nth value="30"/>
				<value value="74"/>
			</decile>
			<decile>  <!--   0..* Decile partitions   -->
				<nth value="40"/>
				<value value="90"/>
			</decile>
			<decile>  <!--   0..* Decile partitions   -->
				<nth value="50"/>
				<value value="110"/>
			</decile>
			<decile>  <!--   0..* Decile partitions   -->
				<nth value="60"/>
				<value value="129"/>
			</decile>
			<decile>  <!--   0..* Decile partitions   -->
				<nth value="70"/>
				<value value="160"/>
			</decile>
			<decile>  <!--   0..* Decile partitions   -->
				<nth value="80"/>
				<value value="202"/>
			</decile>
			<decile>  <!--   0..* Decile partitions   -->
				<nth value="90"/>
				<value value="251"/>
			</decile>
			<normalizedHigh value="100"/>
			<normalizedLow value="75"/>
			<fractionAboveNormal value="0.54"/>
			<fractionBelowNormal value="0.30"/>
		</scalarDistribution>
	</lab>
	<lab>
		<code>
			<coding>
				<system value="http://loinc.org"/>
				<code value="49701-6"/>
				<display value="pH of Blood adjusted to patient's actual temperature"/>
			</coding>
		</code>
		<count value="381"/>
		<frequencyPerYear value="0.0296"/><!--   0..1 Number of this lab per year   -->
		<fractionOfSubjects value="0.0044"/><!--   0..1 Percent of subjects with this lab   -->
		<scalarDistribution>  <!--   0..1 Numeric sample summary   -->
			<units>
				<unit value="UNK"/>
				<system value="http://unitsofmeasure.org"/>
				<code value="UNK"/>
			</units>
			<min value="6.99"/><!--   1..1 Minimum value   -->
			<max value="7.56"/><!--   1..1 Maximum value   -->
			<mean value="7.34"/><!--   1..1 Mean   -->
			<median value="7.35"/><!--   1..1 Median   -->
			<stdDev value="0.10"/><!--   1..1 Standard deviation   -->
			<decile>  <!--   0..* Decile partitions   -->
				<nth value="10"/>
				<value value="7.21"/>
			</decile>
			<decile>  <!--   0..* Decile partitions   -->
				<nth value="20"/>
				<value value="7.26"/>
			</decile>
			<decile>  <!--   0..* Decile partitions   -->
				<nth value="30"/>
				<value value="7.29"/>
			</decile>
			<decile>  <!--   0..* Decile partitions   -->
				<nth value="40"/>
				<value value="7.32"/>
			</decile>
			<decile>  <!--   0..* Decile partitions   -->
				<nth value="50"/>
				<value value="7.35"/>
			</decile>
			<decile>  <!--   0..* Decile partitions   -->
				<nth value="60"/>
				<value value="7.37"/>
			</decile>
			<decile>  <!--   0..* Decile partitions   -->
				<nth value="70"/>
				<value value="7.39"/>
			</decile>
			<decile>  <!--   0..* Decile partitions   -->
				<nth value="80"/>
				<value value="7.42"/>
			</decile>
			<decile>  <!--   0..* Decile partitions   -->
				<nth value="90"/>
				<value value="7.45"/>
			</decile>
			<normalizedHigh value="7.45"/>
			<normalizedLow value="7.35"/>
			<fractionAboveNormal value="0.12"/>
			<fractionBelowNormal value="0.54"/>
		</scalarDistribution>
	</lab>
	<lab>
		<code>
			<coding>
				<system value="http://loinc.org"/>
				<code value="34705-4"/>
				<display value="Carbon dioxide [Partial pressure] adjusted to patient's actual temperature in Blood"/>
			</coding>
		</code>
		<count value="378"/>
		<frequencyPerYear value="0.0294"/><!--   0..1 Number of this lab per year   -->
		<fractionOfSubjects value="0.0044"/><!--   0..1 Percent of subjects with this lab   -->
		<scalarDistribution>  <!--   0..1 Numeric sample summary   -->
			<units>
				<unit value="mmHg"/>
				<system value="http://unitsofmeasure.org"/>
				<code value="mmHg"/>
			</units>
			<min value="21"/><!--   1..1 Minimum value   -->
			<max value="121"/><!--   1..1 Maximum value   -->
			<mean value="51.12"/><!--   1..1 Mean   -->
			<median value="47"/><!--   1..1 Median   -->
			<stdDev value="16.12"/><!--   1..1 Standard deviation   -->
			<decile>  <!--   0..* Decile partitions   -->
				<nth value="10"/>
				<value value="35"/>
			</decile>
			<decile>  <!--   0..* Decile partitions   -->
				<nth value="20"/>
				<value value="37"/>
			</decile>
			<decile>  <!--   0..* Decile partitions   -->
				<nth value="30"/>
				<value value="40"/>
			</decile>
			<decile>  <!--   0..* Decile partitions   -->
				<nth value="40"/>
				<value value="44"/>
			</decile>
			<decile>  <!--   0..* Decile partitions   -->
				<nth value="50"/>
				<value value="47"/>
			</decile>
			<decile>  <!--   0..* Decile partitions   -->
				<nth value="60"/>
				<value value="51"/>
			</decile>
			<decile>  <!--   0..* Decile partitions   -->
				<nth value="70"/>
				<value value="57"/>
			</decile>
			<decile>  <!--   0..* Decile partitions   -->
				<nth value="80"/>
				<value value="65"/>
			</decile>
			<decile>  <!--   0..* Decile partitions   -->
				<nth value="90"/>
				<value value="75"/>
			</decile>
			<normalizedHigh value="45"/>
			<normalizedLow value="35"/>
			<fractionAboveNormal value="0.54"/>
			<fractionBelowNormal value="0.09"/>
		</scalarDistribution>
	</lab>
	<lab>
		<code>
			<coding>
				<system value="http://loinc.org"/>
				<code value="5964-2"/>
				<display value="Prothrombin time (PT) in Blood by Coagulation assay"/>
			</coding>
		</code>
		<count value="290"/>
		<frequencyPerYear value="0.0226"/><!--   0..1 Number of this lab per year   -->
		<fractionOfSubjects value="0.0193"/><!--   0..1 Percent of subjects with this lab   -->
		<scalarDistribution>  <!--   0..1 Numeric sample summary   -->
			<units>
				<unit value="Seconds"/>
				<system value="http://unitsofmeasure.org"/>
				<code value="Seconds"/>
			</units>
			<min value="9.70"/><!--   1..1 Minimum value   -->
			<max value="38.70"/><!--   1..1 Maximum value   -->
			<mean value="12.42"/><!--   1..1 Mean   -->
			<median value="11.60"/><!--   1..1 Median   -->
			<stdDev value="3.01"/><!--   1..1 Standard deviation   -->
			<decile>  <!--   0..* Decile partitions   -->
				<nth value="10"/>
				<value value="10.40"/>
			</decile>
			<decile>  <!--   0..* Decile partitions   -->
				<nth value="20"/>
				<value value="10.80"/>
			</decile>
			<decile>  <!--   0..* Decile partitions   -->
				<nth value="30"/>
				<value value="11"/>
			</decile>
			<decile>  <!--   0..* Decile partitions   -->
				<nth value="40"/>
				<value value="11.20"/>
			</decile>
			<decile>  <!--   0..* Decile partitions   -->
				<nth value="50"/>
				<value value="11.60"/>
			</decile>
			<decile>  <!--   0..* Decile partitions   -->
				<nth value="60"/>
				<value value="11.90"/>
			</decile>
			<decile>  <!--   0..* Decile partitions   -->
				<nth value="70"/>
				<value value="12.20"/>
			</decile>
			<decile>  <!--   0..* Decile partitions   -->
				<nth value="80"/>
				<value value="13"/>
			</decile>
			<decile>  <!--   0..* Decile partitions   -->
				<nth value="90"/>
				<value value="16"/>
			</decile>
		</scalarDistribution>
	</lab>
	<lab>
		<code>
			<coding>
				<system value="http://loinc.org"/>
				<code value="1959-6"/>
				<display value="Bicarbonate [Moles/volume] in Blood"/>
			</coding>
		</code>
		<count value="262"/>
		<frequencyPerYear value="0.0204"/><!--   0..1 Number of this lab per year   -->
		<fractionOfSubjects value="0.0044"/><!--   0..1 Percent of subjects with this lab   -->
		<scalarDistribution>  <!--   0..1 Numeric sample summary   -->
			<units>
				<unit value="mmol/L"/>
				<system value="http://unitsofmeasure.org"/>
				<code value="mmol/L"/>
			</units>
			<min value="14"/><!--   1..1 Minimum value   -->
			<max value="41"/><!--   1..1 Maximum value   -->
			<mean value="25.24"/><!--   1..1 Mean   -->
			<median value="24"/><!--   1..1 Median   -->
			<stdDev value="4.95"/><!--   1..1 Standard deviation   -->
			<decile>  <!--   0..* Decile partitions   -->
				<nth value="10"/>
				<value value="21"/>
			</decile>
			<decile>  <!--   0..* Decile partitions   -->
				<nth value="20"/>
				<value value="22"/>
			</decile>
			<decile>  <!--   0..* Decile partitions   -->
				<nth value="30"/>
				<value value="23"/>
			</decile>
			<decile>  <!--   0..* Decile partitions   -->
				<nth value="40"/>
				<value value="24"/>
			</decile>
			<decile>  <!--   0..* Decile partitions   -->
				<nth value="50"/>
				<value value="24"/>
			</decile>
			<decile>  <!--   0..* Decile partitions   -->
				<nth value="60"/>
				<value value="25"/>
			</decile>
			<decile>  <!--   0..* Decile partitions   -->
				<nth value="70"/>
				<value value="26"/>
			</decile>
			<decile>  <!--   0..* Decile partitions   -->
				<nth value="80"/>
				<value value="28"/>
			</decile>
			<decile>  <!--   0..* Decile partitions   -->
				<nth value="90"/>
				<value value="34"/>
			</decile>
			<normalizedHigh value="26"/>
			<normalizedLow value="22"/>
			<fractionAboveNormal value="0.27"/>
			<fractionBelowNormal value="0.17"/>
		</scalarDistribution>
	</lab>
	<lab>
		<code>
			<coding>
				<system value="http://loinc.org"/>
				<code value="706-2"/>
				<display value="Basophils/100 leukocytes in Blood by Automated count"/>
			</coding>
		</code>
		<count value="184"/>
		<frequencyPerYear value="0.0143"/><!--   0..1 Number of this lab per year   -->
		<fractionOfSubjects value="0.0148"/><!--   0..1 Percent of subjects with this lab   -->
		<scalarDistribution>  <!--   0..1 Numeric sample summary   -->
			<units>
				<unit value="%"/>
				<system value="http://unitsofmeasure.org"/>
				<code value="%"/>
			</units>
			<min value="0"/><!--   1..1 Minimum value   -->
			<max value="3"/><!--   1..1 Maximum value   -->
			<mean value="0.45"/><!--   1..1 Mean   -->
			<median value="0"/><!--   1..1 Median   -->
			<stdDev value="0.57"/><!--   1..1 Standard deviation   -->
			<decile>  <!--   0..* Decile partitions   -->
				<nth value="10"/>
				<value value="0"/>
			</decile>
			<decile>  <!--   0..* Decile partitions   -->
				<nth value="20"/>
				<value value="0"/>
			</decile>
			<decile>  <!--   0..* Decile partitions   -->
				<nth value="30"/>
				<value value="0"/>
			</decile>
			<decile>  <!--   0..* Decile partitions   -->
				<nth value="40"/>
				<value value="0"/>
			</decile>
			<decile>  <!--   0..* Decile partitions   -->
				<nth value="50"/>
				<value value="0"/>
			</decile>
			<decile>  <!--   0..* Decile partitions   -->
				<nth value="60"/>
				<value value="1"/>
			</decile>
			<decile>  <!--   0..* Decile partitions   -->
				<nth value="70"/>
				<value value="1"/>
			</decile>
			<decile>  <!--   0..* Decile partitions   -->
				<nth value="80"/>
				<value value="1"/>
			</decile>
			<decile>  <!--   0..* Decile partitions   -->
				<nth value="90"/>
				<value value="1"/>
			</decile>
			<normalizedHigh value="1.0"/>
			<normalizedLow value="0.0"/>
			<fractionAboveNormal value="0.03"/>
			<fractionBelowNormal value="0"/>
		</scalarDistribution>
	</lab>
	<lab>
		<code>
			<coding>
				<system value="http://loinc.org"/>
				<code value="19996-8"/>
				<display value="Oxygen/Inspired gas Respiratory system --on ventilator"/>
			</coding>
		</code>
		<count value="153"/>
		<frequencyPerYear value="0.0119"/><!--   0..1 Number of this lab per year   -->
		<fractionOfSubjects value="0.0070"/><!--   0..1 Percent of subjects with this lab   -->
		<scalarDistribution>  <!--   0..1 Numeric sample summary   -->
			<units>
				<unit value="%"/>
				<system value="http://unitsofmeasure.org"/>
				<code value="%"/>
			</units>
			<min value="0"/><!--   1..1 Minimum value   -->
			<max value="100"/><!--   1..1 Maximum value   -->
			<mean value="59.06"/><!--   1..1 Mean   -->
			<median value="60"/><!--   1..1 Median   -->
			<stdDev value="28.85"/><!--   1..1 Standard deviation   -->
			<decile>  <!--   0..* Decile partitions   -->
				<nth value="10"/>
				<value value="21"/>
			</decile>
			<decile>  <!--   0..* Decile partitions   -->
				<nth value="20"/>
				<value value="30"/>
			</decile>
			<decile>  <!--   0..* Decile partitions   -->
				<nth value="30"/>
				<value value="30"/>
			</decile>
			<decile>  <!--   0..* Decile partitions   -->
				<nth value="40"/>
				<value value="45"/>
			</decile>
			<decile>  <!--   0..* Decile partitions   -->
				<nth value="50"/>
				<value value="60"/>
			</decile>
			<decile>  <!--   0..* Decile partitions   -->
				<nth value="60"/>
				<value value="65"/>
			</decile>
			<decile>  <!--   0..* Decile partitions   -->
				<nth value="70"/>
				<value value="80"/>
			</decile>
			<decile>  <!--   0..* Decile partitions   -->
				<nth value="80"/>
				<value value="93"/>
			</decile>
			<decile>  <!--   0..* Decile partitions   -->
				<nth value="90"/>
				<value value="100"/>
			</decile>
		</scalarDistribution>
	</lab>
	<lab>
		<code>
			<coding>
				<system value="http://loinc.org"/>
				<code value="736-9"/>
				<display value="Lymphocytes/100 leukocytes in Blood by Automated count"/>
			</coding>
		</code>
		<count value="96"/>
		<frequencyPerYear value="0.0075"/><!--   0..1 Number of this lab per year   -->
		<fractionOfSubjects value="0.0067"/><!--   0..1 Percent of subjects with this lab   -->
		<scalarDistribution>  <!--   0..1 Numeric sample summary   -->
			<units>
				<unit value="%"/>
				<system value="http://unitsofmeasure.org"/>
				<code value="%"/>
			</units>
			<min value="5.80"/><!--   1..1 Minimum value   -->
			<max value="66"/><!--   1..1 Maximum value   -->
			<mean value="46.50"/><!--   1..1 Mean   -->
			<median value="48.80"/><!--   1..1 Median   -->
			<stdDev value="12.35"/><!--   1..1 Standard deviation   -->
			<decile>  <!--   0..* Decile partitions   -->
				<nth value="10"/>
				<value value="29.60"/>
			</decile>
			<decile>  <!--   0..* Decile partitions   -->
				<nth value="20"/>
				<value value="36"/>
			</decile>
			<decile>  <!--   0..* Decile partitions   -->
				<nth value="30"/>
				<value value="40.30"/>
			</decile>
			<decile>  <!--   0..* Decile partitions   -->
				<nth value="40"/>
				<value value="44.90"/>
			</decile>
			<decile>  <!--   0..* Decile partitions   -->
				<nth value="50"/>
				<value value="48.80"/>
			</decile>
			<decile>  <!--   0..* Decile partitions   -->
				<nth value="60"/>
				<value value="51"/>
			</decile>
			<decile>  <!--   0..* Decile partitions   -->
				<nth value="70"/>
				<value value="53.90"/>
			</decile>
			<decile>  <!--   0..* Decile partitions   -->
				<nth value="80"/>
				<value value="57.70"/>
			</decile>
			<decile>  <!--   0..* Decile partitions   -->
				<nth value="90"/>
				<value value="62"/>
			</decile>
		</scalarDistribution>
	</lab>
	<lab>
		<code>
			<coding>
				<system value="http://loinc.org"/>
				<code value="20448-7"/>
				<display value="Insulin [Units/volume] in Serum or Plasma"/>
			</coding>
		</code>
		<count value="79"/>
		<frequencyPerYear value="0.0061"/><!--   0..1 Number of this lab per year   -->
		<fractionOfSubjects value="0.0110"/><!--   0..1 Percent of subjects with this lab   -->
		<scalarDistribution>  <!--   0..1 Numeric sample summary   -->
			<units>
				<unit value="uIU/mL"/>
				<system value="http://unitsofmeasure.org"/>
				<code value="uIU/mL"/>
			</units>
			<min value="2.70"/><!--   1..1 Minimum value   -->
			<max value="267"/><!--   1..1 Maximum value   -->
			<mean value="39.74"/><!--   1..1 Mean   -->
			<median value="26.15"/><!--   1..1 Median   -->
			<stdDev value="45.66"/><!--   1..1 Standard deviation   -->
			<decile>  <!--   0..* Decile partitions   -->
				<nth value="10"/>
				<value value="12.20"/>
			</decile>
			<decile>  <!--   0..* Decile partitions   -->
				<nth value="20"/>
				<value value="15.80"/>
			</decile>
			<decile>  <!--   0..* Decile partitions   -->
				<nth value="30"/>
				<value value="19.50"/>
			</decile>
			<decile>  <!--   0..* Decile partitions   -->
				<nth value="40"/>
				<value value="22"/>
			</decile>
			<decile>  <!--   0..* Decile partitions   -->
				<nth value="50"/>
				<value value="26.40"/>
			</decile>
			<decile>  <!--   0..* Decile partitions   -->
				<nth value="60"/>
				<value value="29.10"/>
			</decile>
			<decile>  <!--   0..* Decile partitions   -->
				<nth value="70"/>
				<value value="36.60"/>
			</decile>
			<decile>  <!--   0..* Decile partitions   -->
				<nth value="80"/>
				<value value="47.60"/>
			</decile>
			<decile>  <!--   0..* Decile partitions   -->
				<nth value="90"/>
				<value value="69.40"/>
			</decile>
			<normalizedHigh value="24.9"/>
			<normalizedLow value="2.6"/>
			<fractionAboveNormal value="0.53"/>
			<fractionBelowNormal value="0"/>
		</scalarDistribution>
	</lab>
</ClinicalProfile>