<?xml version="1.0" encoding="UTF-8"?><Group xmlns="http://hl7.org/fhir">
	<id value="asthma-sample-52-cohort-jhu1"/>
	<meta>
    <security>
      <system value="http://hl7.org/fhir/v3/ActReason"/>
      <code value="HTEST"/>
      <display value="test health data"/>
    </security>
  </meta>
  <text>        
		<status value="additional"/>
		<div xmlns="http://www.w3.org/1999/xhtml">
			<p>asthma patients aged 15-19, Black or African American, Male</p>
		</div>
	</text>
	<identifier>
		<system value="http://ncats.org/clinicalprofile/"/>
		<value value="sample-52"/>
	</identifier>
	<type value="person"/>
	<actual value="true"/>
	<name value="asthma patients aged 15-19, Black or African American, Male"/>
	<quantity value="1164"/>
	<characteristic>
		<code>
			<text value="ageGroup"/>
		</code>
		<valueRange>
			<low>
				<value value="15"/>
			</low>
			<high>
				<value value="19"/>
			</high>
		</valueRange>
		<exclude value="false"/>
	</characteristic>
	<characteristic>
		<code>
			<text value="race"/>
		</code>
		<valueCodeableConcept>
			<coding>
				<system value="urn:oid:2.16.840.1.114222.4.11.836"/>
				<code value="2054-5"/>
				<display value="Black or African American"/>
			</coding>
		</valueCodeableConcept>
		<exclude value="false"/>
	</characteristic>
	<characteristic>
		<code>
			<text value="gender"/>
		</code>
		<valueCodeableConcept>
			<coding>
				<system value="http://hl7.org/fhir/administrative-gender"/>
				<code value="male"/>
				<display value="Male"/>
			</coding>
		</valueCodeableConcept>
		<exclude value="false"/>
	</characteristic>
</Group>