<?xml version="1.0" encoding="UTF-8"?><Group xmlns="http://hl7.org/fhir">
	<id value="eds-sample-9-cohort-jhu3"/>
	<meta>
    <security>
      <system value="http://hl7.org/fhir/v3/ActReason"/>
      <code value="HTEST"/>
      <display value="test health data"/>
    </security>
  </meta>
  <text>        
		<status value="additional"/>
		<div xmlns="http://www.w3.org/1999/xhtml">
			<p>Ehlers-Danlos syndromes patients aged 0-80+, White or Caucasian, Male,Female</p>
		</div>
	</text>
	<identifier>
		<system value="http://ncats.org/clinicalprofile/"/>
		<value value="sample-9"/>
	</identifier>
	<type value="person"/>
	<actual value="true"/>
	<name value="Ehlers-Danlos syndromes patients aged 0-80+, White or Caucasian, Male,Female"/>
	<quantity value="1147"/>
	<characteristic>
		<code>
			<text value="race"/>
		</code>
		<valueCodeableConcept>
			<coding>
				<system value="urn:oid:2.16.840.1.114222.4.11.836"/>
				<code value="2054-5"/>
				<display value="White or Caucasian"/>
			</coding>
		</valueCodeableConcept>
		<exclude value="false"/>
	</characteristic>
</Group>