<?xml version="1.0" encoding="UTF-8"?><ClinicalProfile xmlns="http://hl7.org/fhir">
	<!--   from Resource: id, meta, implicitRules, and language   -->
	<!--   from DomainResource: text, contained, extension, and modifierExtension   -->
	<id value="jhu-eds-profile-13-diagnoses"/>
	<meta>
    <security>
      <system value="http://terminology.hl7.org/CodeSystem/v3-ActReason"/>
      <code value="HTEST"/>
      <display value="test health data"/>
    </security>
  </meta>
  <text>
		<status value="generated"/>
		<div xmlns="http://www.w3.org/1999/xhtml">
			<p>Selected diagnoses for Male,Female, White or Caucasian patients aged 30-39 seen as either outpatients or inpatients at Johns Hopkins Hospital, JHCP, and Bayview between 3/1/2016 and 3/1/2018 having a diagnosis of Ehlers-Danlos syndromes recorded on the problem list or as an encounter diagnosis.
			</p>
		</div>
	</text>
	<identifier>
		<value value="urn:uuid:454D4C52-F3D5-1CB8-423D0B7E23216C3D"/>
	</identifier>
	<status value="draft"/><!--   1..1 complete | draft | error   -->
	<population>
		<reference value="Group/eds-population-jhu3"/>
	</population>
	<cohort>
		<reference value="Group/eds-sample-13-cohort-jhu3"/>
		<display value="White or Caucasian Male,Female aged 30-39"/> 
	</cohort>
	<date value="2018-09-13T12:20:00Z"/><!--   0..1 When the profile was generated   -->
	<source>
		<value value="http://ictrweb.johnshopkins.edu/ictr/synthetic/includes/clinical_profiles.cfm"/>
	</source>
	<reporter>
		<reference value="Organization/JHM"/>
		<type value="Organization"/>
		<display value="Johns Hopkins School of Medicine"/>
	</reporter>
	<diagnosis> 
		<code> 
			<coding> 
				<system value="http://hl7.org/fhir/sid/icd-10"/>
				<code value="Q79.6"/> 
				<display value="Ehlers-Danlos syndrome"/> 
			</coding> 
		</code> 
		<count value="206"/> 
	</diagnosis>
	<diagnosis> 
		<code> 
			<coding> 
				<system value="http://hl7.org/fhir/sid/icd-10"/>
				<code value="G43.909"/> 
				<display value="Migraine"/> 
			</coding> 
		</code> 
		<count value="37"/> 
	</diagnosis>
	<diagnosis> 
		<code> 
			<coding> 
				<system value="http://hl7.org/fhir/sid/icd-10"/>
				<code value="K21.9"/> 
				<display value="GERD (gastroesophageal reflux disease)"/> 
			</coding> 
		</code> 
		<count value="37"/> 
	</diagnosis>
	<diagnosis> 
		<code> 
			<coding> 
				<system value="http://hl7.org/fhir/sid/icd-10"/>
				<code value="Z00.00"/> 
				<display value="Routine general medical examination at a health care facility"/> 
			</coding> 
		</code> 
		<count value="36"/> 
	</diagnosis>
	<diagnosis> 
		<code> 
			<coding> 
				<system value="http://hl7.org/fhir/sid/icd-10"/>
				<code value="I95.1"/> 
				<display value="POTS (postural orthostatic tachycardia syndrome)"/> 
			</coding> 
		</code> 
		<count value="34"/> 
	</diagnosis>
	<diagnosis> 
		<code> 
			<coding> 
				<system value="http://hl7.org/fhir/sid/icd-10"/>
				<code value="G89.29"/> 
				<display value="Chronic pain"/> 
			</coding> 
		</code> 
		<count value="34"/> 
	</diagnosis>
	<diagnosis> 
		<code> 
			<coding> 
				<system value="http://hl7.org/fhir/sid/icd-10"/>
				<code value="E55.9"/> 
				<display value="Vitamin D deficiency"/> 
			</coding> 
		</code> 
		<count value="34"/> 
	</diagnosis>
	<diagnosis> 
		<code> 
			<coding> 
				<system value="http://hl7.org/fhir/sid/icd-10"/>
				<code value="J45.909"/> 
				<display value="Asthma"/> 
			</coding> 
		</code> 
		<count value="32"/> 
	</diagnosis>
	<diagnosis> 
		<code> 
			<coding> 
				<system value="http://hl7.org/fhir/sid/icd-10"/>
				<code value="R00.0"/> 
				<display value="POTS (postural orthostatic tachycardia syndrome)"/> 
			</coding> 
		</code> 
		<count value="32"/> 
	</diagnosis>
	<diagnosis> 
		<code> 
			<coding> 
				<system value="http://hl7.org/fhir/sid/icd-10"/>
				<code value="M79.7"/> 
				<display value="Fibromyalgia"/> 
			</coding> 
		</code> 
		<count value="28"/> 
	</diagnosis>
	<diagnosis> 
		<code> 
			<coding> 
				<system value="http://hl7.org/fhir/sid/icd-10"/>
				<code value="F32.9"/> 
				<display value="Depression"/> 
			</coding> 
		</code> 
		<count value="25"/> 
	</diagnosis>
	<diagnosis> 
		<code> 
			<coding> 
				<system value="http://hl7.org/fhir/sid/icd-10"/>
				<code value="F41.9"/> 
				<display value="Anxiety"/> 
			</coding> 
		</code> 
		<count value="24"/> 
	</diagnosis>
	<diagnosis> 
		<code> 
			<coding> 
				<system value="http://hl7.org/fhir/sid/icd-10"/>
				<code value="R51"/> 
				<display value="Pressure in head"/> 
			</coding> 
		</code> 
		<count value="24"/> 
	</diagnosis>
	<diagnosis> 
		<code> 
			<coding> 
				<system value="http://hl7.org/fhir/sid/icd-10"/>
				<code value="Z79.899"/> 
				<display value="Long-term use of immunosuppressant medication"/> 
			</coding> 
		</code> 
		<count value="20"/> 
	</diagnosis>
	<diagnosis> 
		<code> 
			<coding> 
				<system value="http://hl7.org/fhir/sid/icd-10"/>
				<code value="G93.5"/> 
				<display value="Arnold-Chiari malformation, type I"/> 
			</coding> 
		</code> 
		<count value="19"/> 
	</diagnosis>
	<diagnosis> 
		<code> 
			<coding> 
				<system value="http://hl7.org/fhir/sid/icd-10"/>
				<code value="G54.0"/> 
				<display value="Neurogenic thoracic outlet syndrome"/> 
			</coding> 
		</code> 
		<count value="18"/> 
	</diagnosis>
	<diagnosis> 
		<code> 
			<coding> 
				<system value="http://hl7.org/fhir/sid/icd-10"/>
				<code value="H51.11"/> 
				<display value="Convergence insufficiency"/> 
			</coding> 
		</code> 
		<count value="18"/> 
	</diagnosis>
	<diagnosis> 
		<code> 
			<coding> 
				<system value="http://hl7.org/fhir/sid/icd-10"/>
				<code value="R53.83"/> 
				<display value="Fatigue"/> 
			</coding> 
		</code> 
		<count value="18"/> 
	</diagnosis>
	<diagnosis> 
		<code> 
			<coding> 
				<system value="http://hl7.org/fhir/sid/icd-10"/>
				<code value="R53.82"/> 
				<display value="Chronic fatigue syndrome"/> 
			</coding> 
		</code> 
		<count value="17"/> 
	</diagnosis>
	<diagnosis> 
		<code> 
			<coding> 
				<system value="http://hl7.org/fhir/sid/icd-10"/>
				<code value="R55"/> 
				<display value="Vasovagal syncope"/> 
			</coding> 
		</code> 
		<count value="16"/> 
	</diagnosis>
	<diagnosis> 
		<code> 
			<coding> 
				<system value="http://hl7.org/fhir/sid/icd-10"/>
				<code value="G90.9"/> 
				<display value="Autonomic dysfunction"/> 
			</coding> 
		</code> 
		<count value="16"/> 
	</diagnosis>
	<diagnosis> 
		<code> 
			<coding> 
				<system value="http://hl7.org/fhir/sid/icd-10"/>
				<code value="E03.9"/> 
				<display value="Hypothyroidism"/> 
			</coding> 
		</code> 
		<count value="16"/> 
	</diagnosis>
	<diagnosis> 
		<code> 
			<coding> 
				<system value="http://hl7.org/fhir/sid/icd-10"/>
				<code value="IMO0002"/> 
				<display value="Glaucoma suspect with open angle"/> 
			</coding> 
		</code> 
		<count value="16"/> 
	</diagnosis>
	<diagnosis> 
		<code> 
			<coding> 
				<system value="http://hl7.org/fhir/sid/icd-10"/>
				<code value="K58.9"/> 
				<display value="Irritable bowel syndrome"/> 
			</coding> 
		</code> 
		<count value="14"/> 
	</diagnosis>
	<diagnosis> 
		<code> 
			<coding> 
				<system value="http://hl7.org/fhir/sid/icd-10"/>
				<code value="F98.8"/> 
				<display value="ADD (attention deficit disorder)"/> 
			</coding> 
		</code> 
		<count value="14"/> 
	</diagnosis>
	<diagnosis> 
		<code> 
			<coding> 
				<system value="http://hl7.org/fhir/sid/icd-10"/>
				<code value="Z34.90"/> 
				<display value="Pregnancy"/> 
			</coding> 
		</code> 
		<count value="14"/> 
	</diagnosis>
	<diagnosis> 
		<code> 
			<coding> 
				<system value="http://hl7.org/fhir/sid/icd-10"/>
				<code value="R42"/> 
				<display value="Dizziness"/> 
			</coding> 
		</code> 
		<count value="13"/> 
	</diagnosis>
	<diagnosis> 
		<code> 
			<coding> 
				<system value="http://hl7.org/fhir/sid/icd-10"/>
				<code value="G89.4"/> 
				<display value="Chronic pain disorder"/> 
			</coding> 
		</code> 
		<count value="13"/> 
	</diagnosis>
	<diagnosis> 
		<code> 
			<coding> 
				<system value="http://hl7.org/fhir/sid/icd-10"/>
				<code value="F31.9"/> 
				<display value="Bipolar 1 disorder"/> 
			</coding> 
		</code> 
		<count value="13"/> 
	</diagnosis>
	<diagnosis> 
		<code> 
			<coding> 
				<system value="http://hl7.org/fhir/sid/icd-10"/>
				<code value="J30.9"/> 
				<display value="Allergic rhinitis, cause unspecified"/> 
			</coding> 
		</code> 
		<count value="13"/> 
	</diagnosis>
	<diagnosis> 
		<code> 
			<coding> 
				<system value="http://hl7.org/fhir/sid/icd-10"/>
				<code value="M24.80"/> 
				<display value="Generalized hypermobility of joints"/> 
			</coding> 
		</code> 
		<count value="12"/> 
	</diagnosis>
	<diagnosis> 
		<code> 
			<coding> 
				<system value="http://hl7.org/fhir/sid/icd-10"/>
				<code value="M25.50"/> 
				<display value="Joint pain"/> 
			</coding> 
		</code> 
		<count value="12"/> 
	</diagnosis>
	<diagnosis> 
		<code> 
			<coding> 
				<system value="http://hl7.org/fhir/sid/icd-10"/>
				<code value="M54.2"/> 
				<display value="Neck pain"/> 
			</coding> 
		</code> 
		<count value="12"/> 
	</diagnosis>
	<diagnosis> 
		<code> 
			<coding> 
				<system value="http://hl7.org/fhir/sid/icd-10"/>
				<code value="M54.5"/> 
				<display value="Lumbar back pain"/> 
			</coding> 
		</code> 
		<count value="12"/> 
	</diagnosis>
	<diagnosis> 
		<code> 
			<coding> 
				<system value="http://hl7.org/fhir/sid/icd-10"/>
				<code value="H04.123"/> 
				<display value="Dry eye syndrome, bilateral"/> 
			</coding> 
		</code> 
		<count value="12"/> 
	</diagnosis>
	<diagnosis> 
		<code> 
			<coding> 
				<system value="http://hl7.org/fhir/sid/icd-10"/>
				<code value="I10"/> 
				<display value="Hypertension"/> 
			</coding> 
		</code> 
		<count value="11"/> 
	</diagnosis>
	<diagnosis> 
		<code> 
			<coding> 
				<system value="http://hl7.org/fhir/sid/icd-10"/>
				<code value="I73.00"/> 
				<display value="Raynaud's disease without gangrene"/> 
			</coding> 
		</code> 
		<count value="10"/> 
	</diagnosis>
	<diagnosis> 
		<code> 
			<coding> 
				<system value="http://hl7.org/fhir/sid/icd-10"/>
				<code value="K59.00"/> 
				<display value="Constipation"/> 
			</coding> 
		</code> 
		<count value="10"/> 
	</diagnosis>
	<diagnosis> 
		<code> 
			<coding> 
				<system value="http://hl7.org/fhir/sid/icd-10"/>
				<code value="M54.9"/> 
				<display value="Backache, unspecified"/> 
			</coding> 
		</code> 
		<count value="10"/> 
	</diagnosis>
	<diagnosis> 
		<code> 
			<coding> 
				<system value="http://hl7.org/fhir/sid/icd-10"/>
				<code value="E66.9"/> 
				<display value="Obesity"/> 
			</coding> 
		</code> 
		<count value="10"/> 
	</diagnosis>
	<diagnosis> 
		<code> 
			<coding> 
				<system value="http://hl7.org/fhir/sid/icd-10"/>
				<code value="E06.3"/> 
				<display value="Hashimoto's thyroiditis"/> 
			</coding> 
		</code> 
		<count value="10"/> 
	</diagnosis>
	<diagnosis> 
		<code> 
			<coding> 
				<system value="http://hl7.org/fhir/sid/icd-10"/>
				<code value="R10.9"/> 
				<display value="Abdominal pain, other specified site"/> 
			</coding> 
		</code> 
		<count value="10"/> 
	</diagnosis>
	<diagnosis> 
		<code> 
			<coding> 
				<system value="http://hl7.org/fhir/sid/icd-10"/>
				<code value="R00.2"/> 
				<display value="Palpitations"/> 
			</coding> 
		</code> 
		<count value="9"/> 
	</diagnosis>
	<diagnosis> 
		<code> 
			<coding> 
				<system value="http://hl7.org/fhir/sid/icd-10"/>
				<code value="F41.1"/> 
				<display value="Anxiety state"/> 
			</coding> 
		</code> 
		<count value="9"/> 
	</diagnosis>
	<diagnosis> 
		<code> 
			<coding> 
				<system value="http://hl7.org/fhir/sid/icd-10"/>
				<code value="G93.2"/> 
				<display value="Pseudotumor cerebri"/> 
			</coding> 
		</code> 
		<count value="9"/> 
	</diagnosis>
	<diagnosis> 
		<code> 
			<coding> 
				<system value="http://hl7.org/fhir/sid/icd-10"/>
				<code value="G47.00"/> 
				<display value="Insomnia, unspecified"/> 
			</coding> 
		</code> 
		<count value="9"/> 
	</diagnosis>
	<diagnosis> 
		<code> 
			<coding> 
				<system value="http://hl7.org/fhir/sid/icd-10"/>
				<code value="N80.9"/> 
				<display value="Endometriosis"/> 
			</coding> 
		</code> 
		<count value="9"/> 
	</diagnosis>
	<diagnosis> 
		<code> 
			<coding> 
				<system value="http://hl7.org/fhir/sid/icd-10"/>
				<code value="M35.7"/> 
				<display value="Benign joint hypermobility"/> 
			</coding> 
		</code> 
		<count value="8"/> 
	</diagnosis>
	<diagnosis> 
		<code> 
			<coding> 
				<system value="http://hl7.org/fhir/sid/icd-10"/>
				<code value="J32.9"/> 
				<display value="Sinusitis"/> 
			</coding> 
		</code> 
		<count value="8"/> 
	</diagnosis>
	<diagnosis> 
		<code> 
			<coding> 
				<system value="http://hl7.org/fhir/sid/icd-10"/>
				<code value="K31.84"/> 
				<display value="Gastroparesis"/> 
			</coding> 
		</code> 
		<count value="8"/> 
	</diagnosis>
	<diagnosis> 
		<code> 
			<coding> 
				<system value="http://hl7.org/fhir/sid/icd-10"/>
				<code value="G43.009"/> 
				<display value="Migraine without aura"/> 
			</coding> 
		</code> 
		<count value="8"/> 
	</diagnosis>
	<diagnosis> 
		<code> 
			<coding> 
				<system value="http://hl7.org/fhir/sid/icd-10"/>
				<code value="G43.109"/> 
				<display value="Migraine with aura and without status migrainosus, not intractable"/> 
			</coding> 
		</code> 
		<count value="8"/> 
	</diagnosis>
	<diagnosis> 
		<code> 
			<coding> 
				<system value="http://hl7.org/fhir/sid/icd-10"/>
				<code value="E78.00"/> 
				<display value="Hypercholesterolemia"/> 
			</coding> 
		</code> 
		<count value="8"/> 
	</diagnosis>
	<diagnosis> 
		<code> 
			<coding> 
				<system value="http://hl7.org/fhir/sid/icd-10"/>
				<code value="D47.09"/> 
				<display value="Mast cell disease"/> 
			</coding> 
		</code> 
		<count value="8"/> 
	</diagnosis>
	<diagnosis> 
		<code> 
			<coding> 
				<system value="http://hl7.org/fhir/sid/icd-10"/>
				<code value="D64.9"/> 
				<display value="Anemia"/> 
			</coding> 
		</code> 
		<count value="8"/> 
	</diagnosis>
	<diagnosis> 
		<code> 
			<coding> 
				<system value="http://hl7.org/fhir/sid/icd-10"/>
				<code value="R53.81"/> 
				<display value="Other malaise and fatigue"/> 
			</coding> 
		</code> 
		<count value="8"/> 
	</diagnosis>
	<diagnosis> 
		<code> 
			<coding> 
				<system value="http://hl7.org/fhir/sid/icd-10"/>
				<code value="Z98.890"/> 
				<display value="PONV (postoperative nausea and vomiting)"/> 
			</coding> 
		</code> 
		<count value="8"/> 
	</diagnosis>
	<diagnosis> 
		<code> 
			<coding> 
				<system value="http://hl7.org/fhir/sid/icd-10"/>
				<code value="R20.2"/> 
				<display value="Tingling"/> 
			</coding> 
		</code> 
		<count value="7"/> 
	</diagnosis>
	<diagnosis> 
		<code> 
			<coding> 
				<system value="http://hl7.org/fhir/sid/icd-10"/>
				<code value="R11.0"/> 
				<display value="Chronic nausea"/> 
			</coding> 
		</code> 
		<count value="7"/> 
	</diagnosis>
	<diagnosis> 
		<code> 
			<coding> 
				<system value="http://hl7.org/fhir/sid/icd-10"/>
				<code value="E66.09"/> 
				<display value="Non morbid obesity due to excess calories"/> 
			</coding> 
		</code> 
		<count value="7"/> 
	</diagnosis>
	<diagnosis> 
		<code> 
			<coding> 
				<system value="http://hl7.org/fhir/sid/icd-10"/>
				<code value="F41.8"/> 
				<display value="Depression with anxiety"/> 
			</coding> 
		</code> 
		<count value="7"/> 
	</diagnosis>
	<diagnosis> 
		<code> 
			<coding> 
				<system value="http://hl7.org/fhir/sid/icd-10"/>
				<code value="M35.9"/> 
				<display value="Connective tissue disorder"/> 
			</coding> 
		</code> 
		<count value="7"/> 
	</diagnosis>
	<diagnosis> 
		<code> 
			<coding> 
				<system value="http://hl7.org/fhir/sid/icd-10"/>
				<code value="M26.609"/> 
				<display value="Temporomandibular dysfunction syndrome"/> 
			</coding> 
		</code> 
		<count value="7"/> 
	</diagnosis>
	<diagnosis> 
		<code> 
			<coding> 
				<system value="http://hl7.org/fhir/sid/icd-10"/>
				<code value="M25.511"/> 
				<display value="Chronic right shoulder pain"/> 
			</coding> 
		</code> 
		<count value="7"/> 
	</diagnosis>
	<diagnosis> 
		<code> 
			<coding> 
				<system value="http://hl7.org/fhir/sid/icd-10"/>
				<code value="M41.9"/> 
				<display value="Scoliosis"/> 
			</coding> 
		</code> 
		<count value="6"/> 
	</diagnosis>
	<diagnosis> 
		<code> 
			<coding> 
				<system value="http://hl7.org/fhir/sid/icd-10"/>
				<code value="M54.81"/> 
				<display value="Bilateral occipital neuralgia"/> 
			</coding> 
		</code> 
		<count value="6"/> 
	</diagnosis>
	<diagnosis> 
		<code> 
			<coding> 
				<system value="http://hl7.org/fhir/sid/icd-10"/>
				<code value="N92.6"/> 
				<display value="Irregular menstrual cycle"/> 
			</coding> 
		</code> 
		<count value="6"/> 
	</diagnosis>
	<diagnosis> 
		<code> 
			<coding> 
				<system value="http://hl7.org/fhir/sid/icd-10"/>
				<code value="O09.90"/> 
				<display value="High-risk pregnancy"/> 
			</coding> 
		</code> 
		<count value="6"/> 
	</diagnosis>
	<diagnosis> 
		<code> 
			<coding> 
				<system value="http://hl7.org/fhir/sid/icd-10"/>
				<code value="M79.609"/> 
				<display value="Pain in limb"/> 
			</coding> 
		</code> 
		<count value="6"/> 
	</diagnosis>
	<diagnosis> 
		<code> 
			<coding> 
				<system value="http://hl7.org/fhir/sid/icd-10"/>
				<code value="M94.0"/> 
				<display value="Slipped rib syndrome"/> 
			</coding> 
		</code> 
		<count value="6"/> 
	</diagnosis>
	<diagnosis> 
		<code> 
			<coding> 
				<system value="http://hl7.org/fhir/sid/icd-10"/>
				<code value="K90.49"/> 
				<display value="Milk protein intolerance"/> 
			</coding> 
		</code> 
		<count value="6"/> 
	</diagnosis>
	<diagnosis> 
		<code> 
			<coding> 
				<system value="http://hl7.org/fhir/sid/icd-10"/>
				<code value="M24.9"/> 
				<display value="Hypermobility of joint"/> 
			</coding> 
		</code> 
		<count value="6"/> 
	</diagnosis>
	<diagnosis> 
		<code> 
			<coding> 
				<system value="http://hl7.org/fhir/sid/icd-10"/>
				<code value="L30.9"/> 
				<display value="Eczema"/> 
			</coding> 
		</code> 
		<count value="6"/> 
	</diagnosis>
	<diagnosis> 
		<code> 
			<coding> 
				<system value="http://hl7.org/fhir/sid/icd-10"/>
				<code value="E28.2"/> 
				<display value="Polycystic ovaries"/> 
			</coding> 
		</code> 
		<count value="6"/> 
	</diagnosis>
	<diagnosis> 
		<code> 
			<coding> 
				<system value="http://hl7.org/fhir/sid/icd-10"/>
				<code value="D50.9"/> 
				<display value="Iron deficiency anemia"/> 
			</coding> 
		</code> 
		<count value="6"/> 
	</diagnosis>
	<diagnosis> 
		<code> 
			<coding> 
				<system value="http://hl7.org/fhir/sid/icd-10"/>
				<code value="H04.129"/> 
				<display value="Tear film insufficiency"/> 
			</coding> 
		</code> 
		<count value="6"/> 
	</diagnosis>
	<diagnosis> 
		<code> 
			<coding> 
				<system value="http://hl7.org/fhir/sid/icd-10"/>
				<code value="H52.10"/> 
				<display value="Myopia with astigmatism"/> 
			</coding> 
		</code> 
		<count value="6"/> 
	</diagnosis>
	<diagnosis> 
		<code> 
			<coding> 
				<system value="http://hl7.org/fhir/sid/icd-10"/>
				<code value="H55.89"/> 
				<display value="Deficiencies of smooth pursuit movements"/> 
			</coding> 
		</code> 
		<count value="6"/> 
	</diagnosis>
	<diagnosis> 
		<code> 
			<coding> 
				<system value="http://hl7.org/fhir/sid/icd-10"/>
				<code value="Z91.09"/> 
				<display value="Environmental allergies"/> 
			</coding> 
		</code> 
		<count value="6"/> 
	</diagnosis>
	<diagnosis> 
		<code> 
			<coding> 
				<system value="http://hl7.org/fhir/sid/icd-10"/>
				<code value="R76.8"/> 
				<display value="Positive ANA (antinuclear antibody)"/> 
			</coding> 
		</code> 
		<count value="6"/> 
	</diagnosis>
	<diagnosis> 
		<code> 
			<coding> 
				<system value="http://hl7.org/fhir/sid/icd-10"/>
				<code value="Z01.818"/> 
				<display value="Preoperative examination, unspecified"/> 
			</coding> 
		</code> 
		<count value="5"/> 
	</diagnosis>
	<diagnosis> 
		<code> 
			<coding> 
				<system value="http://hl7.org/fhir/sid/icd-10"/>
				<code value="Z78.9"/> 
				<display value="Alcohol use"/> 
			</coding> 
		</code> 
		<count value="5"/> 
	</diagnosis>
	<diagnosis> 
		<code> 
			<coding> 
				<system value="http://hl7.org/fhir/sid/icd-10"/>
				<code value="R07.9"/> 
				<display value="Chest pain"/> 
			</coding> 
		</code> 
		<count value="5"/> 
	</diagnosis>
	<diagnosis> 
		<code> 
			<coding> 
				<system value="http://hl7.org/fhir/sid/icd-10"/>
				<code value="H52.13"/> 
				<display value="Myopia, bilateral"/> 
			</coding> 
		</code> 
		<count value="5"/> 
	</diagnosis>
	<diagnosis> 
		<code> 
			<coding> 
				<system value="http://hl7.org/fhir/sid/icd-10"/>
				<code value="E04.1"/> 
				<display value="Thyroid nodule"/> 
			</coding> 
		</code> 
		<count value="5"/> 
	</diagnosis>
	<diagnosis> 
		<code> 
			<coding> 
				<system value="http://hl7.org/fhir/sid/icd-10"/>
				<code value="D80.3"/> 
				<display value="IgG2 deficiency"/> 
			</coding> 
		</code> 
		<count value="5"/> 
	</diagnosis>
	<diagnosis> 
		<code> 
			<coding> 
				<system value="http://hl7.org/fhir/sid/icd-10"/>
				<code value="F17.200"/> 
				<display value="Smoking"/> 
			</coding> 
		</code> 
		<count value="5"/> 
	</diagnosis>
	<diagnosis> 
		<code> 
			<coding> 
				<system value="http://hl7.org/fhir/sid/icd-10"/>
				<code value="F90.9"/> 
				<display value="ADHD (attention deficit hyperactivity disorder)"/> 
			</coding> 
		</code> 
		<count value="5"/> 
	</diagnosis>
	<diagnosis> 
		<code> 
			<coding> 
				<system value="http://hl7.org/fhir/sid/icd-10"/>
				<code value="L65.9"/> 
				<display value="Alopecia"/> 
			</coding> 
		</code> 
		<count value="5"/> 
	</diagnosis>
	<diagnosis> 
		<code> 
			<coding> 
				<system value="http://hl7.org/fhir/sid/icd-10"/>
				<code value="L71.9"/> 
				<display value="Rosacea"/> 
			</coding> 
		</code> 
		<count value="5"/> 
	</diagnosis>
	<diagnosis> 
		<code> 
			<coding> 
				<system value="http://hl7.org/fhir/sid/icd-10"/>
				<code value="K90.41"/> 
				<display value="Gluten intolerance"/> 
			</coding> 
		</code> 
		<count value="5"/> 
	</diagnosis>
	<diagnosis> 
		<code> 
			<coding> 
				<system value="http://hl7.org/fhir/sid/icd-10"/>
				<code value="K58.2"/> 
				<display value="Irritable bowel syndrome with constipation and diarrhea"/> 
			</coding> 
		</code> 
		<count value="5"/> 
	</diagnosis>
	<diagnosis> 
		<code> 
			<coding> 
				<system value="http://hl7.org/fhir/sid/icd-10"/>
				<code value="J30.89"/> 
				<display value="Perennial allergic rhinitis"/> 
			</coding> 
		</code> 
		<count value="5"/> 
	</diagnosis>
	<diagnosis> 
		<code> 
			<coding> 
				<system value="http://hl7.org/fhir/sid/icd-10"/>
				<code value="I77.810"/> 
				<display value="Aortic root dilatation"/> 
			</coding> 
		</code> 
		<count value="5"/> 
	</diagnosis>
	<diagnosis> 
		<code> 
			<coding> 
				<system value="http://hl7.org/fhir/sid/icd-10"/>
				<code value="M85.80"/> 
				<display value="Osteopenia"/> 
			</coding> 
		</code> 
		<count value="5"/> 
	</diagnosis>
	<diagnosis> 
		<code> 
			<coding> 
				<system value="http://hl7.org/fhir/sid/icd-10"/>
				<code value="N94.89"/> 
				<display value="Pelvic congestion syndrome"/> 
			</coding> 
		</code> 
		<count value="5"/> 
	</diagnosis>
	<diagnosis> 
		<code> 
			<coding> 
				<system value="http://hl7.org/fhir/sid/icd-10"/>
				<code value="N94.6"/> 
				<display value="Dysmenorrhea"/> 
			</coding> 
		</code> 
		<count value="5"/> 
	</diagnosis>
	<diagnosis> 
		<code> 
			<coding> 
				<system value="http://hl7.org/fhir/sid/icd-10"/>
				<code value="M79.1"/> 
				<display value="Myalgia"/> 
			</coding> 
		</code> 
		<count value="5"/> 
	</diagnosis>
	<diagnosis> 
		<code> 
			<coding> 
				<system value="http://hl7.org/fhir/sid/icd-10"/>
				<code value="M62.838"/> 
				<display value="Levator spasm"/> 
			</coding> 
		</code> 
		<count value="5"/> 
	</diagnosis>
	<diagnosis> 
		<code> 
			<coding> 
				<system value="http://hl7.org/fhir/sid/icd-10"/>
				<code value="M53.3"/> 
				<display value="Pain of both sacroiliac joints"/> 
			</coding> 
		</code> 
		<count value="5"/> 
	</diagnosis>
	<diagnosis> 
		<code> 
			<coding> 
				<system value="http://hl7.org/fhir/sid/icd-10"/>
				<code value="M53.2X2"/> 
				<display value="Cervical spine instability"/> 
			</coding> 
		</code> 
		<count value="4"/> 
	</diagnosis>
	<diagnosis> 
		<code> 
			<coding> 
				<system value="http://hl7.org/fhir/sid/icd-10"/>
				<code value="M25.512"/> 
				<display value="Chronic left shoulder pain"/> 
			</coding> 
		</code> 
		<count value="4"/> 
	</diagnosis>
	<diagnosis> 
		<code> 
			<coding> 
				<system value="http://hl7.org/fhir/sid/icd-10"/>
				<code value="M32.19"/> 
				<display value="Other systemic lupus erythematosus with other organ involvement"/> 
			</coding> 
		</code> 
		<count value="4"/> 
	</diagnosis>
	<diagnosis> 
		<code> 
			<coding> 
				<system value="http://hl7.org/fhir/sid/icd-10"/>
				<code value="O09.299"/> 
				<display value="History of gestational diabetes in prior pregnancy, currently pregnant"/> 
			</coding> 
		</code> 
		<count value="4"/> 
	</diagnosis>
	<diagnosis> 
		<code> 
			<coding> 
				<system value="http://hl7.org/fhir/sid/icd-10"/>
				<code value="M81.0"/> 
				<display value="Osteoporosis"/> 
			</coding> 
		</code> 
		<count value="4"/> 
	</diagnosis>
	<diagnosis> 
		<code> 
			<coding> 
				<system value="http://hl7.org/fhir/sid/icd-10"/>
				<code value="N20.0"/> 
				<display value="Calculus of kidney"/> 
			</coding> 
		</code> 
		<count value="4"/> 
	</diagnosis>
	<diagnosis> 
		<code> 
			<coding> 
				<system value="http://hl7.org/fhir/sid/icd-10"/>
				<code value="J30.1"/> 
				<display value="Allergic rhinitis due to pollen"/> 
			</coding> 
		</code> 
		<count value="4"/> 
	</diagnosis>
	<diagnosis> 
		<code> 
			<coding> 
				<system value="http://hl7.org/fhir/sid/icd-10"/>
				<code value="J30.2"/> 
				<display value="Seasonal allergies"/> 
			</coding> 
		</code> 
		<count value="4"/> 
	</diagnosis>
	<diagnosis> 
		<code> 
			<coding> 
				<system value="http://hl7.org/fhir/sid/icd-10"/>
				<code value="I72.8"/> 
				<display value="Aneurysm of hepatic artery"/> 
			</coding> 
		</code> 
		<count value="4"/> 
	</diagnosis>
	<diagnosis> 
		<code> 
			<coding> 
				<system value="http://hl7.org/fhir/sid/icd-10"/>
				<code value="J45.20"/> 
				<display value="Asthma, mild intermittent"/> 
			</coding> 
		</code> 
		<count value="4"/> 
	</diagnosis>
	<diagnosis> 
		<code> 
			<coding> 
				<system value="http://hl7.org/fhir/sid/icd-10"/>
				<code value="K90.0"/> 
				<display value="Celiac disease"/> 
			</coding> 
		</code> 
		<count value="4"/> 
	</diagnosis>
	<diagnosis> 
		<code> 
			<coding> 
				<system value="http://hl7.org/fhir/sid/icd-10"/>
				<code value="M25.311"/> 
				<display value="Shoulder instability, right"/> 
			</coding> 
		</code> 
		<count value="4"/> 
	</diagnosis>
	<diagnosis> 
		<code> 
			<coding> 
				<system value="http://hl7.org/fhir/sid/icd-10"/>
				<code value="M15.0"/> 
				<display value="Primary osteoarthritis involving multiple joints"/> 
			</coding> 
		</code> 
		<count value="4"/> 
	</diagnosis>
	<diagnosis> 
		<code> 
			<coding> 
				<system value="http://hl7.org/fhir/sid/icd-10"/>
				<code value="F43.10"/> 
				<display value="Posttraumatic stress disorder"/> 
			</coding> 
		</code> 
		<count value="4"/> 
	</diagnosis>
	<diagnosis> 
		<code> 
			<coding> 
				<system value="http://hl7.org/fhir/sid/icd-10"/>
				<code value="E78.2"/> 
				<display value="Mixed hyperlipidemia"/> 
			</coding> 
		</code> 
		<count value="4"/> 
	</diagnosis>
	<diagnosis> 
		<code> 
			<coding> 
				<system value="http://hl7.org/fhir/sid/icd-10"/>
				<code value="B00.9"/> 
				<display value="HSV infection"/> 
			</coding> 
		</code> 
		<count value="4"/> 
	</diagnosis>
	<diagnosis> 
		<code> 
			<coding> 
				<system value="http://hl7.org/fhir/sid/icd-10"/>
				<code value="D22.9"/> 
				<display value="Multiple benign melanocytic nevi"/> 
			</coding> 
		</code> 
		<count value="4"/> 
	</diagnosis>
	<diagnosis> 
		<code> 
			<coding> 
				<system value="http://hl7.org/fhir/sid/icd-10"/>
				<code value="H53.2"/> 
				<display value="Diplopia"/> 
			</coding> 
		</code> 
		<count value="4"/> 
	</diagnosis>
	<diagnosis> 
		<code> 
			<coding> 
				<system value="http://hl7.org/fhir/sid/icd-10"/>
				<code value="G96.0"/> 
				<display value="CSF leak"/> 
			</coding> 
		</code> 
		<count value="4"/> 
	</diagnosis>
	<diagnosis> 
		<code> 
			<coding> 
				<system value="http://hl7.org/fhir/sid/icd-10"/>
				<code value="G90.3"/> 
				<display value="Orthostatic hypotension dysautonomic syndrome"/> 
			</coding> 
		</code> 
		<count value="4"/> 
	</diagnosis>
	<diagnosis> 
		<code> 
			<coding> 
				<system value="http://hl7.org/fhir/sid/icd-10"/>
				<code value="G62.9"/> 
				<display value="Peripheral neuropathy"/> 
			</coding> 
		</code> 
		<count value="4"/> 
	</diagnosis>
	<diagnosis> 
		<code> 
			<coding> 
				<system value="http://hl7.org/fhir/sid/icd-10"/>
				<code value="G43.719"/> 
				<display value="Intractable chronic migraine without aura"/> 
			</coding> 
		</code> 
		<count value="4"/> 
	</diagnosis>
	<diagnosis> 
		<code> 
			<coding> 
				<system value="http://hl7.org/fhir/sid/icd-10"/>
				<code value="R11.2"/> 
				<display value="Non-intractable vomiting with nausea, unspecified vomiting type"/> 
			</coding> 
		</code> 
		<count value="4"/> 
	</diagnosis>
	<diagnosis> 
		<code> 
			<coding> 
				<system value="http://hl7.org/fhir/sid/icd-10"/>
				<code value="R13.10"/> 
				<display value="Difficulty swallowing"/> 
			</coding> 
		</code> 
		<count value="4"/> 
	</diagnosis>
	<diagnosis> 
		<code> 
			<coding> 
				<system value="http://hl7.org/fhir/sid/icd-10"/>
				<code value="R19.7"/> 
				<display value="Diarrhea"/> 
			</coding> 
		</code> 
		<count value="4"/> 
	</diagnosis>
	<diagnosis> 
		<code> 
			<coding> 
				<system value="http://hl7.org/fhir/sid/icd-10"/>
				<code value="R06.00"/> 
				<display value="Dyspnea, unspecified type"/> 
			</coding> 
		</code> 
		<count value="4"/> 
	</diagnosis>
	<diagnosis> 
		<code> 
			<coding> 
				<system value="http://hl7.org/fhir/sid/icd-10"/>
				<code value="O24.419"/> 
				<display value="Gestational diabetes"/> 
			</coding> 
		</code> 
		<count value="4"/> 
	</diagnosis>
	<diagnosis> 
		<code> 
			<coding> 
				<system value="http://hl7.org/fhir/sid/icd-10"/>
				<code value="R25.1"/> 
				<display value="Tremor"/> 
			</coding> 
		</code> 
		<count value="4"/> 
	</diagnosis>
	<diagnosis> 
		<code> 
			<coding> 
				<system value="http://hl7.org/fhir/sid/icd-10"/>
				<code value="R60.9"/> 
				<display value="Peripheral edema"/> 
			</coding> 
		</code> 
		<count value="4"/> 
	</diagnosis>
	<diagnosis> 
		<code> 
			<coding> 
				<system value="http://hl7.org/fhir/sid/icd-10"/>
				<code value="R74.0"/> 
				<display value="Elevated AST (SGOT)"/> 
			</coding> 
		</code> 
		<count value="4"/> 
	</diagnosis>
	<diagnosis> 
		<code> 
			<coding> 
				<system value="http://hl7.org/fhir/sid/icd-10"/>
				<code value="Z51.81"/> 
				<display value="Encounter for monitoring immunomodulating therapy"/> 
			</coding> 
		</code> 
		<count value="4"/> 
	</diagnosis>
	<diagnosis> 
		<code> 
			<coding> 
				<system value="http://hl7.org/fhir/sid/icd-10"/>
				<code value="Z30.09"/> 
				<display value="Other general counseling and advice for contraceptive management"/> 
			</coding> 
		</code> 
		<count value="4"/> 
	</diagnosis>
	<diagnosis> 
		<code> 
			<coding> 
				<system value="http://hl7.org/fhir/sid/icd-10"/>
				<code value="Z13.79"/> 
				<display value="Genetic testing"/> 
			</coding> 
		</code> 
		<count value="4"/> 
	</diagnosis>
	<diagnosis> 
		<code> 
			<coding> 
				<system value="http://hl7.org/fhir/sid/icd-10"/>
				<code value="Z88.9"/> 
				<display value="Drug allergy"/> 
			</coding> 
		</code> 
		<count value="4"/> 
	</diagnosis>
	<diagnosis> 
		<code> 
			<coding> 
				<system value="http://hl7.org/fhir/sid/icd-10"/>
				<code value="Z34.80"/> 
				<display value="Term pregnancy"/> 
			</coding> 
		</code> 
		<count value="4"/> 
	</diagnosis>
	<diagnosis> 
		<code> 
			<coding> 
				<system value="http://hl7.org/fhir/sid/icd-10"/>
				<code value="Z86.39"/> 
				<display value="H/O vitamin D deficiency"/> 
			</coding> 
		</code> 
		<count value="4"/> 
	</diagnosis>
</ClinicalProfile>