<?xml version="1.0" encoding="UTF-8"?><Group xmlns="http://hl7.org/fhir">
	<id value="asthma-sample-35-cohort-jhu1"/>
	<meta>
    <security>
      <system value="http://hl7.org/fhir/v3/ActReason"/>
      <code value="HTEST"/>
      <display value="test health data"/>
    </security>
  </meta>
  <text>        
		<status value="additional"/>
		<div xmlns="http://www.w3.org/1999/xhtml">
			<p>asthma patients aged 5-14, White or Caucasian,Native Hawaiian or Other Pacific Islander,Black or African American,Asian,Unknown,Hispanic,Declined to Answer,American Indian or Alaska Native,Other, Male</p>
		</div>
	</text>
	<identifier>
		<system value="http://ncats.org/clinicalprofile/"/>
		<value value="sample-35"/>
	</identifier>
	<type value="person"/>
	<actual value="true"/>
	<name value="asthma patients aged 5-14, White or Caucasian,Native Hawaiian or Other Pacific Islander,Black or African American,Asian,Unknown,Hispanic,Declined to Answer,American Indian or Alaska Native,Other, Male"/>
	<quantity value="6832"/>
	<characteristic>
		<code>
			<text value="ageGroup"/>
		</code>
		<valueRange>
			<low>
				<value value="5"/>
			</low>
			<high>
				<value value="14"/>
			</high>
		</valueRange>
		<exclude value="false"/>
	</characteristic>
	<characteristic>
		<code>
			<text value="gender"/>
		</code>
		<valueCodeableConcept>
			<coding>
				<system value="http://hl7.org/fhir/administrative-gender"/>
				<code value="male"/>
				<display value="Male"/>
			</coding>
		</valueCodeableConcept>
		<exclude value="false"/>
	</characteristic>
</Group>