<?xml version="1.0" encoding="UTF-8"?><ClinicalProfile xmlns="http://hl7.org/fhir">
	<!--   from Resource: id, meta, implicitRules, and language   -->
	<!--   from DomainResource: text, contained, extension, and modifierExtension   -->
	<id value="jhu-asthma-profile-96-labs"/>
	<meta>
    <security>
      <system value="http://terminology.hl7.org/CodeSystem/v3-ActReason"/>
      <code value="HTEST"/>
      <display value="test health data"/>
    </security>
  </meta>
  <text>
		<status value="generated"/>
		<div xmlns="http://www.w3.org/1999/xhtml">
			<p>Selected laboratory tests for Female, Native Hawaiian or Other Pacific Islander,Asian,Unknown,American Indian or Alaska Native,Other patients aged 65-80 seen as either outpatients or inpatients at Johns Hopkins Hospital, JHCP, and Bayview between 3/1/2016 and 3/1/2018 having a diagnosis of asthma recorded on the problem list or as an encounter diagnosis.
			</p>
		</div>
	</text>
	<identifier>
		<value value="urn:uuid:1C067E6A-927E-EA12-CC95008E4B7FD16D"/>
	</identifier>
	<status value="draft"/><!--   1..1 complete | draft | error   -->
	<population>
		<reference value="Group/asthma-population-jhu1"/>
	</population>
	<cohort>
		<reference value="Group/asthma-sample-96-cohort-jhu1"/>
	</cohort>
	<date value="2018-09-12T17:05:00Z"/><!--   0..1 When the profile was generated   -->
	<source>
		<value value="http://ictrweb.johnshopkins.edu/ictr/synthetic/includes/clinical_profiles.cfm"/>
	</source>
	<reporter>
		<reference value="Organization/JHM"/>
		<type value="Organization"/>
		<display value="Johns Hopkins School of Medicine"/>
	</reporter>
	<lab>
		<code>
			<coding>
				<system value="http://loinc.org"/>
				<code value="17861-6"/>
				<display value="Calcium [Mass/volume] in Serum or Plasma"/>
			</coding>
		</code>
		<count value="1854"/>
		<frequencyPerYear value="2.6261"/><!--   0..1 Number of this lab per year   -->
		<fractionOfSubjects value="0.7507"/><!--   0..1 Percent of subjects with this lab   -->
		<scalarDistribution>  <!--   0..1 Numeric sample summary   -->
			<units>
				<unit value="mg/dL"/>
				<system value="http://unitsofmeasure.org"/>
				<code value="mg/dL"/>
			</units>
			<min value="5.80"/><!--   1..1 Minimum value   -->
			<max value="12.30"/><!--   1..1 Maximum value   -->
			<mean value="8.84"/><!--   1..1 Mean   -->
			<median value="8.90"/><!--   1..1 Median   -->
			<stdDev value="0.84"/><!--   1..1 Standard deviation   -->
			<decile>  <!--   0..* Decile partitions   -->
				<nth value="10"/>
				<value value="7.70"/>
			</decile>
			<decile>  <!--   0..* Decile partitions   -->
				<nth value="20"/>
				<value value="8.10"/>
			</decile>
			<decile>  <!--   0..* Decile partitions   -->
				<nth value="30"/>
				<value value="8.40"/>
			</decile>
			<decile>  <!--   0..* Decile partitions   -->
				<nth value="40"/>
				<value value="8.70"/>
			</decile>
			<decile>  <!--   0..* Decile partitions   -->
				<nth value="50"/>
				<value value="8.90"/>
			</decile>
			<decile>  <!--   0..* Decile partitions   -->
				<nth value="60"/>
				<value value="9.10"/>
			</decile>
			<decile>  <!--   0..* Decile partitions   -->
				<nth value="70"/>
				<value value="9.30"/>
			</decile>
			<decile>  <!--   0..* Decile partitions   -->
				<nth value="80"/>
				<value value="9.50"/>
			</decile>
			<decile>  <!--   0..* Decile partitions   -->
				<nth value="90"/>
				<value value="9.80"/>
			</decile>
			<normalizedHigh value="10.5"/>
			<normalizedLow value="9"/>
			<fractionAboveNormal value="0.01"/>
			<fractionBelowNormal value="0.50"/>
		</scalarDistribution>
	</lab>
	<lab>
		<code>
			<coding>
				<system value="http://loinc.org"/>
				<code value="2000-8"/>
				<display value="Calcium [Moles/volume] in Serum or Plasma"/>
			</coding>
		</code>
		<count value="78"/>
		<frequencyPerYear value="0.1105"/><!--   0..1 Number of this lab per year   -->
		<fractionOfSubjects value="0.0453"/><!--   0..1 Percent of subjects with this lab   -->
		<scalarDistribution>  <!--   0..1 Numeric sample summary   -->
			<units>
				<unit value="mg/dL"/>
				<system value="http://unitsofmeasure.org"/>
				<code value="mg/dL"/>
			</units>
			<min value="6"/><!--   1..1 Minimum value   -->
			<max value="10.30"/><!--   1..1 Maximum value   -->
			<mean value="8.88"/><!--   1..1 Mean   -->
			<median value="9"/><!--   1..1 Median   -->
			<stdDev value="0.72"/><!--   1..1 Standard deviation   -->
			<decile>  <!--   0..* Decile partitions   -->
				<nth value="10"/>
				<value value="8"/>
			</decile>
			<decile>  <!--   0..* Decile partitions   -->
				<nth value="20"/>
				<value value="8.30"/>
			</decile>
			<decile>  <!--   0..* Decile partitions   -->
				<nth value="30"/>
				<value value="8.60"/>
			</decile>
			<decile>  <!--   0..* Decile partitions   -->
				<nth value="40"/>
				<value value="8.80"/>
			</decile>
			<decile>  <!--   0..* Decile partitions   -->
				<nth value="50"/>
				<value value="9"/>
			</decile>
			<decile>  <!--   0..* Decile partitions   -->
				<nth value="60"/>
				<value value="9.20"/>
			</decile>
			<decile>  <!--   0..* Decile partitions   -->
				<nth value="70"/>
				<value value="9.20"/>
			</decile>
			<decile>  <!--   0..* Decile partitions   -->
				<nth value="80"/>
				<value value="9.40"/>
			</decile>
			<decile>  <!--   0..* Decile partitions   -->
				<nth value="90"/>
				<value value="9.50"/>
			</decile>
			<normalizedHigh value="10.4"/>
			<normalizedLow value="8.5"/>
			<fractionAboveNormal value="0"/>
			<fractionBelowNormal value="0.22"/>
		</scalarDistribution>
	</lab>
	<lab>
		<code>
			<coding>
				<system value="http://loinc.org"/>
				<code value="39789-3"/>
				<display value="Potassium [Moles/volume] in Venous blood"/>
			</coding>
		</code>
		<count value="1562"/>
		<frequencyPerYear value="2.2125"/><!--   0..1 Number of this lab per year   -->
		<fractionOfSubjects value="0.6204"/><!--   0..1 Percent of subjects with this lab   -->
		<scalarDistribution>  <!--   0..1 Numeric sample summary   -->
			<units>
				<unit value="mmol/L"/>
				<system value="http://unitsofmeasure.org"/>
				<code value="mmol/L"/>
			</units>
			<min value="2.70"/><!--   1..1 Minimum value   -->
			<max value="7.10"/><!--   1..1 Maximum value   -->
			<mean value="4.29"/><!--   1..1 Mean   -->
			<median value="4.30"/><!--   1..1 Median   -->
			<stdDev value="0.58"/><!--   1..1 Standard deviation   -->
			<decile>  <!--   0..* Decile partitions   -->
				<nth value="10"/>
				<value value="3.60"/>
			</decile>
			<decile>  <!--   0..* Decile partitions   -->
				<nth value="20"/>
				<value value="3.80"/>
			</decile>
			<decile>  <!--   0..* Decile partitions   -->
				<nth value="30"/>
				<value value="4"/>
			</decile>
			<decile>  <!--   0..* Decile partitions   -->
				<nth value="40"/>
				<value value="4.10"/>
			</decile>
			<decile>  <!--   0..* Decile partitions   -->
				<nth value="50"/>
				<value value="4.30"/>
			</decile>
			<decile>  <!--   0..* Decile partitions   -->
				<nth value="60"/>
				<value value="4.40"/>
			</decile>
			<decile>  <!--   0..* Decile partitions   -->
				<nth value="70"/>
				<value value="4.50"/>
			</decile>
			<decile>  <!--   0..* Decile partitions   -->
				<nth value="80"/>
				<value value="4.70"/>
			</decile>
			<decile>  <!--   0..* Decile partitions   -->
				<nth value="90"/>
				<value value="5"/>
			</decile>
		</scalarDistribution>
	</lab>
	<lab>
		<code>
			<coding>
				<system value="http://loinc.org"/>
				<code value="2823-3"/>
				<display value="Potassium [Moles/volume] in Serum or Plasma"/>
			</coding>
		</code>
		<count value="292"/>
		<frequencyPerYear value="0.4136"/><!--   0..1 Number of this lab per year   -->
		<fractionOfSubjects value="0.2380"/><!--   0..1 Percent of subjects with this lab   -->
		<scalarDistribution>  <!--   0..1 Numeric sample summary   -->
			<units>
				<unit value="mmol/L"/>
				<system value="http://unitsofmeasure.org"/>
				<code value="mmol/L"/>
			</units>
			<min value="2.80"/><!--   1..1 Minimum value   -->
			<max value="6.20"/><!--   1..1 Maximum value   -->
			<mean value="4.37"/><!--   1..1 Mean   -->
			<median value="4.40"/><!--   1..1 Median   -->
			<stdDev value="0.52"/><!--   1..1 Standard deviation   -->
			<decile>  <!--   0..* Decile partitions   -->
				<nth value="10"/>
				<value value="3.70"/>
			</decile>
			<decile>  <!--   0..* Decile partitions   -->
				<nth value="20"/>
				<value value="4"/>
			</decile>
			<decile>  <!--   0..* Decile partitions   -->
				<nth value="30"/>
				<value value="4.10"/>
			</decile>
			<decile>  <!--   0..* Decile partitions   -->
				<nth value="40"/>
				<value value="4.20"/>
			</decile>
			<decile>  <!--   0..* Decile partitions   -->
				<nth value="50"/>
				<value value="4.40"/>
			</decile>
			<decile>  <!--   0..* Decile partitions   -->
				<nth value="60"/>
				<value value="4.50"/>
			</decile>
			<decile>  <!--   0..* Decile partitions   -->
				<nth value="70"/>
				<value value="4.60"/>
			</decile>
			<decile>  <!--   0..* Decile partitions   -->
				<nth value="80"/>
				<value value="4.70"/>
			</decile>
			<decile>  <!--   0..* Decile partitions   -->
				<nth value="90"/>
				<value value="5"/>
			</decile>
			<normalizedHigh value="5.2"/>
			<normalizedLow value="3.5"/>
			<fractionAboveNormal value="0.06"/>
			<fractionBelowNormal value="0.03"/>
		</scalarDistribution>
	</lab>
	<lab>
		<code>
			<coding>
				<system value="http://loinc.org"/>
				<code value="2345-7"/>
				<display value="Glucose [Mass/volume] in Serum or Plasma"/>
			</coding>
		</code>
		<count value="1563"/>
		<frequencyPerYear value="2.2139"/><!--   0..1 Number of this lab per year   -->
		<fractionOfSubjects value="0.7139"/><!--   0..1 Percent of subjects with this lab   -->
		<scalarDistribution>  <!--   0..1 Numeric sample summary   -->
			<units>
				<unit value="mg/dL"/>
				<system value="http://unitsofmeasure.org"/>
				<code value="mg/dL"/>
			</units>
			<min value="33"/><!--   1..1 Minimum value   -->
			<max value="567"/><!--   1..1 Maximum value   -->
			<mean value="144.83"/><!--   1..1 Mean   -->
			<median value="121.50"/><!--   1..1 Median   -->
			<stdDev value="65.27"/><!--   1..1 Standard deviation   -->
			<decile>  <!--   0..* Decile partitions   -->
				<nth value="10"/>
				<value value="90"/>
			</decile>
			<decile>  <!--   0..* Decile partitions   -->
				<nth value="20"/>
				<value value="96"/>
			</decile>
			<decile>  <!--   0..* Decile partitions   -->
				<nth value="30"/>
				<value value="103"/>
			</decile>
			<decile>  <!--   0..* Decile partitions   -->
				<nth value="40"/>
				<value value="112"/>
			</decile>
			<decile>  <!--   0..* Decile partitions   -->
				<nth value="50"/>
				<value value="122"/>
			</decile>
			<decile>  <!--   0..* Decile partitions   -->
				<nth value="60"/>
				<value value="137"/>
			</decile>
			<decile>  <!--   0..* Decile partitions   -->
				<nth value="70"/>
				<value value="159"/>
			</decile>
			<decile>  <!--   0..* Decile partitions   -->
				<nth value="80"/>
				<value value="183"/>
			</decile>
			<decile>  <!--   0..* Decile partitions   -->
				<nth value="90"/>
				<value value="231"/>
			</decile>
			<normalizedHigh value="106"/>
			<normalizedLow value="74"/>
			<fractionAboveNormal value="0.65"/>
			<fractionBelowNormal value="0.01"/>
		</scalarDistribution>
	</lab>
	<lab>
		<code>
			<coding>
				<system value="http://loinc.org"/>
				<code value="2339-0"/>
				<display value="Glucose [Mass/volume] in Blood"/>
			</coding>
		</code>
		<count value="236"/>
		<frequencyPerYear value="0.3343"/><!--   0..1 Number of this lab per year   -->
		<fractionOfSubjects value="0.0878"/><!--   0..1 Percent of subjects with this lab   -->
		<scalarDistribution>  <!--   0..1 Numeric sample summary   -->
			<units>
				<unit value="mg/dL"/>
				<system value="http://unitsofmeasure.org"/>
				<code value="mg/dL"/>
			</units>
			<min value="48"/><!--   1..1 Minimum value   -->
			<max value="711"/><!--   1..1 Maximum value   -->
			<mean value="155.39"/><!--   1..1 Mean   -->
			<median value="134"/><!--   1..1 Median   -->
			<stdDev value="79.79"/><!--   1..1 Standard deviation   -->
			<decile>  <!--   0..* Decile partitions   -->
				<nth value="10"/>
				<value value="91"/>
			</decile>
			<decile>  <!--   0..* Decile partitions   -->
				<nth value="20"/>
				<value value="100"/>
			</decile>
			<decile>  <!--   0..* Decile partitions   -->
				<nth value="30"/>
				<value value="111"/>
			</decile>
			<decile>  <!--   0..* Decile partitions   -->
				<nth value="40"/>
				<value value="122"/>
			</decile>
			<decile>  <!--   0..* Decile partitions   -->
				<nth value="50"/>
				<value value="134"/>
			</decile>
			<decile>  <!--   0..* Decile partitions   -->
				<nth value="60"/>
				<value value="151"/>
			</decile>
			<decile>  <!--   0..* Decile partitions   -->
				<nth value="70"/>
				<value value="169"/>
			</decile>
			<decile>  <!--   0..* Decile partitions   -->
				<nth value="80"/>
				<value value="198"/>
			</decile>
			<decile>  <!--   0..* Decile partitions   -->
				<nth value="90"/>
				<value value="241"/>
			</decile>
		</scalarDistribution>
	</lab>
	<lab>
		<code>
			<coding>
				<system value="http://loinc.org"/>
				<code value="14749-6"/>
				<display value="Glucose [Moles/volume] in Serum or Plasma"/>
			</coding>
		</code>
		<count value="78"/>
		<frequencyPerYear value="0.1105"/><!--   0..1 Number of this lab per year   -->
		<fractionOfSubjects value="0.0453"/><!--   0..1 Percent of subjects with this lab   -->
		<scalarDistribution>  <!--   0..1 Numeric sample summary   -->
			<units>
				<unit value="mg/dL"/>
				<system value="http://unitsofmeasure.org"/>
				<code value="mg/dL"/>
			</units>
			<min value="83"/><!--   1..1 Minimum value   -->
			<max value="312"/><!--   1..1 Maximum value   -->
			<mean value="136.42"/><!--   1..1 Mean   -->
			<median value="121"/><!--   1..1 Median   -->
			<stdDev value="49.34"/><!--   1..1 Standard deviation   -->
			<decile>  <!--   0..* Decile partitions   -->
				<nth value="10"/>
				<value value="89"/>
			</decile>
			<decile>  <!--   0..* Decile partitions   -->
				<nth value="20"/>
				<value value="96"/>
			</decile>
			<decile>  <!--   0..* Decile partitions   -->
				<nth value="30"/>
				<value value="100"/>
			</decile>
			<decile>  <!--   0..* Decile partitions   -->
				<nth value="40"/>
				<value value="111"/>
			</decile>
			<decile>  <!--   0..* Decile partitions   -->
				<nth value="50"/>
				<value value="121"/>
			</decile>
			<decile>  <!--   0..* Decile partitions   -->
				<nth value="60"/>
				<value value="132"/>
			</decile>
			<decile>  <!--   0..* Decile partitions   -->
				<nth value="70"/>
				<value value="150"/>
			</decile>
			<decile>  <!--   0..* Decile partitions   -->
				<nth value="80"/>
				<value value="167"/>
			</decile>
			<decile>  <!--   0..* Decile partitions   -->
				<nth value="90"/>
				<value value="208"/>
			</decile>
			<normalizedHigh value="99"/>
			<normalizedLow value="60"/>
			<fractionAboveNormal value="0.74"/>
			<fractionBelowNormal value="0"/>
		</scalarDistribution>
	</lab>
	<lab>
		<code>
			<coding>
				<system value="http://loinc.org"/>
				<code value="2951-2"/>
				<display value="Sodium [Moles/volume] in Serum or Plasma"/>
			</coding>
		</code>
		<count value="1862"/>
		<frequencyPerYear value="2.6374"/><!--   0..1 Number of this lab per year   -->
		<fractionOfSubjects value="0.7564"/><!--   0..1 Percent of subjects with this lab   -->
		<scalarDistribution>  <!--   0..1 Numeric sample summary   -->
			<units>
				<unit value="mmol/L"/>
				<system value="http://unitsofmeasure.org"/>
				<code value="mmol/L"/>
			</units>
			<min value="120"/><!--   1..1 Minimum value   -->
			<max value="155"/><!--   1..1 Maximum value   -->
			<mean value="139.84"/><!--   1..1 Mean   -->
			<median value="140"/><!--   1..1 Median   -->
			<stdDev value="4.13"/><!--   1..1 Standard deviation   -->
			<decile>  <!--   0..* Decile partitions   -->
				<nth value="10"/>
				<value value="135"/>
			</decile>
			<decile>  <!--   0..* Decile partitions   -->
				<nth value="20"/>
				<value value="137"/>
			</decile>
			<decile>  <!--   0..* Decile partitions   -->
				<nth value="30"/>
				<value value="138"/>
			</decile>
			<decile>  <!--   0..* Decile partitions   -->
				<nth value="40"/>
				<value value="139"/>
			</decile>
			<decile>  <!--   0..* Decile partitions   -->
				<nth value="50"/>
				<value value="140"/>
			</decile>
			<decile>  <!--   0..* Decile partitions   -->
				<nth value="60"/>
				<value value="141"/>
			</decile>
			<decile>  <!--   0..* Decile partitions   -->
				<nth value="70"/>
				<value value="142"/>
			</decile>
			<decile>  <!--   0..* Decile partitions   -->
				<nth value="80"/>
				<value value="143"/>
			</decile>
			<decile>  <!--   0..* Decile partitions   -->
				<nth value="90"/>
				<value value="144"/>
			</decile>
			<normalizedHigh value="145"/>
			<normalizedLow value="136"/>
			<fractionAboveNormal value="0.05"/>
			<fractionBelowNormal value="0.14"/>
		</scalarDistribution>
	</lab>
	<lab>
		<code>
			<coding>
				<system value="http://loinc.org"/>
				<code value="12962-7"/>
				<display value="Urea nitrogen [Mass/volume] in Venous blood"/>
			</coding>
		</code>
		<count value="1558"/>
		<frequencyPerYear value="2.2068"/><!--   0..1 Number of this lab per year   -->
		<fractionOfSubjects value="0.6232"/><!--   0..1 Percent of subjects with this lab   -->
		<scalarDistribution>  <!--   0..1 Numeric sample summary   -->
			<units>
				<unit value="mg/dL"/>
				<system value="http://unitsofmeasure.org"/>
				<code value="mg/dL"/>
			</units>
			<min value="3"/><!--   1..1 Minimum value   -->
			<max value="114"/><!--   1..1 Maximum value   -->
			<mean value="23.23"/><!--   1..1 Mean   -->
			<median value="19"/><!--   1..1 Median   -->
			<stdDev value="15.88"/><!--   1..1 Standard deviation   -->
			<decile>  <!--   0..* Decile partitions   -->
				<nth value="10"/>
				<value value="10"/>
			</decile>
			<decile>  <!--   0..* Decile partitions   -->
				<nth value="20"/>
				<value value="12"/>
			</decile>
			<decile>  <!--   0..* Decile partitions   -->
				<nth value="30"/>
				<value value="14"/>
			</decile>
			<decile>  <!--   0..* Decile partitions   -->
				<nth value="40"/>
				<value value="16"/>
			</decile>
			<decile>  <!--   0..* Decile partitions   -->
				<nth value="50"/>
				<value value="19"/>
			</decile>
			<decile>  <!--   0..* Decile partitions   -->
				<nth value="60"/>
				<value value="21"/>
			</decile>
			<decile>  <!--   0..* Decile partitions   -->
				<nth value="70"/>
				<value value="25"/>
			</decile>
			<decile>  <!--   0..* Decile partitions   -->
				<nth value="80"/>
				<value value="31"/>
			</decile>
			<decile>  <!--   0..* Decile partitions   -->
				<nth value="90"/>
				<value value="41"/>
			</decile>
		</scalarDistribution>
	</lab>
	<lab>
		<code>
			<coding>
				<system value="http://loinc.org"/>
				<code value="3094-0"/>
				<display value="Urea nitrogen [Mass/volume] in Serum or Plasma"/>
			</coding>
		</code>
		<count value="290"/>
		<frequencyPerYear value="0.4108"/><!--   0..1 Number of this lab per year   -->
		<fractionOfSubjects value="0.2380"/><!--   0..1 Percent of subjects with this lab   -->
		<scalarDistribution>  <!--   0..1 Numeric sample summary   -->
			<units>
				<unit value="mg/dL"/>
				<system value="http://unitsofmeasure.org"/>
				<code value="mg/dL"/>
			</units>
			<min value="4"/><!--   1..1 Minimum value   -->
			<max value="62"/><!--   1..1 Maximum value   -->
			<mean value="19.07"/><!--   1..1 Mean   -->
			<median value="17"/><!--   1..1 Median   -->
			<stdDev value="9.82"/><!--   1..1 Standard deviation   -->
			<decile>  <!--   0..* Decile partitions   -->
				<nth value="10"/>
				<value value="9"/>
			</decile>
			<decile>  <!--   0..* Decile partitions   -->
				<nth value="20"/>
				<value value="12"/>
			</decile>
			<decile>  <!--   0..* Decile partitions   -->
				<nth value="30"/>
				<value value="13"/>
			</decile>
			<decile>  <!--   0..* Decile partitions   -->
				<nth value="40"/>
				<value value="15"/>
			</decile>
			<decile>  <!--   0..* Decile partitions   -->
				<nth value="50"/>
				<value value="17"/>
			</decile>
			<decile>  <!--   0..* Decile partitions   -->
				<nth value="60"/>
				<value value="19"/>
			</decile>
			<decile>  <!--   0..* Decile partitions   -->
				<nth value="70"/>
				<value value="21"/>
			</decile>
			<decile>  <!--   0..* Decile partitions   -->
				<nth value="80"/>
				<value value="25"/>
			</decile>
			<decile>  <!--   0..* Decile partitions   -->
				<nth value="90"/>
				<value value="31"/>
			</decile>
			<normalizedHigh value="25"/>
			<normalizedLow value="7"/>
			<fractionAboveNormal value="0.19"/>
			<fractionBelowNormal value="0.02"/>
		</scalarDistribution>
	</lab>
	<lab>
		<code>
			<coding>
				<system value="http://loinc.org"/>
				<code value="48642-3"/>
				<display value="Glomerular filtration rate/1.73 sq M predicted among non-blacks [Volume Rate/Area] in Serum or Plasma by Creatinine-based formula (MDRD)"/>
			</coding>
		</code>
		<count value="942"/>
		<frequencyPerYear value="1.3343"/><!--   0..1 Number of this lab per year   -->
		<fractionOfSubjects value="0.3399"/><!--   0..1 Percent of subjects with this lab   -->
		<scalarDistribution>  <!--   0..1 Numeric sample summary   -->
			<units>
				<unit value="mL/min/1.73 sqm"/>
				<system value="http://unitsofmeasure.org"/>
				<code value="mL/min/1.73 sqm"/>
			</units>
			<min value="4"/><!--   1..1 Minimum value   -->
			<max value="101"/><!--   1..1 Maximum value   -->
			<mean value="43.69"/><!--   1..1 Mean   -->
			<median value="42"/><!--   1..1 Median   -->
			<stdDev value="18.13"/><!--   1..1 Standard deviation   -->
			<decile>  <!--   0..* Decile partitions   -->
				<nth value="10"/>
				<value value="24"/>
			</decile>
			<decile>  <!--   0..* Decile partitions   -->
				<nth value="20"/>
				<value value="30"/>
			</decile>
			<decile>  <!--   0..* Decile partitions   -->
				<nth value="30"/>
				<value value="34"/>
			</decile>
			<decile>  <!--   0..* Decile partitions   -->
				<nth value="40"/>
				<value value="37"/>
			</decile>
			<decile>  <!--   0..* Decile partitions   -->
				<nth value="50"/>
				<value value="42"/>
			</decile>
			<decile>  <!--   0..* Decile partitions   -->
				<nth value="60"/>
				<value value="47"/>
			</decile>
			<decile>  <!--   0..* Decile partitions   -->
				<nth value="70"/>
				<value value="50"/>
			</decile>
			<decile>  <!--   0..* Decile partitions   -->
				<nth value="80"/>
				<value value="55"/>
			</decile>
			<decile>  <!--   0..* Decile partitions   -->
				<nth value="90"/>
				<value value="61"/>
			</decile>
		</scalarDistribution>
	</lab>
	<lab>
		<code>
			<coding>
				<system value="http://loinc.org"/>
				<code value="33914-3"/>
				<display value="Glomerular filtration rate/1.73 sq M.predicted [Volume Rate/Area] in Serum or Plasma by Creatinine-based formula (MDRD)"/>
			</coding>
		</code>
		<count value="58"/>
		<frequencyPerYear value="0.0822"/><!--   0..1 Number of this lab per year   -->
		<fractionOfSubjects value="0.0992"/><!--   0..1 Percent of subjects with this lab   -->
		<scalarDistribution>  <!--   0..1 Numeric sample summary   -->
			<units>
				<unit value="mL/min/1.73m2"/>
				<system value="http://unitsofmeasure.org"/>
				<code value="mL/min/1.73m2"/>
			</units>
			<min value="28"/><!--   1..1 Minimum value   -->
			<max value="104"/><!--   1..1 Maximum value   -->
			<mean value="70.33"/><!--   1..1 Mean   -->
			<median value="73"/><!--   1..1 Median   -->
			<stdDev value="20.20"/><!--   1..1 Standard deviation   -->
			<decile>  <!--   0..* Decile partitions   -->
				<nth value="10"/>
				<value value="38"/>
			</decile>
			<decile>  <!--   0..* Decile partitions   -->
				<nth value="20"/>
				<value value="49"/>
			</decile>
			<decile>  <!--   0..* Decile partitions   -->
				<nth value="30"/>
				<value value="61"/>
			</decile>
			<decile>  <!--   0..* Decile partitions   -->
				<nth value="40"/>
				<value value="66"/>
			</decile>
			<decile>  <!--   0..* Decile partitions   -->
				<nth value="50"/>
				<value value="73"/>
			</decile>
			<decile>  <!--   0..* Decile partitions   -->
				<nth value="60"/>
				<value value="78"/>
			</decile>
			<decile>  <!--   0..* Decile partitions   -->
				<nth value="70"/>
				<value value="83"/>
			</decile>
			<decile>  <!--   0..* Decile partitions   -->
				<nth value="80"/>
				<value value="89"/>
			</decile>
			<decile>  <!--   0..* Decile partitions   -->
				<nth value="90"/>
				<value value="94"/>
			</decile>
		</scalarDistribution>
	</lab>
	<lab>
		<code>
			<coding>
				<system value="http://loinc.org"/>
				<code value="62238-1"/>
				<display value="Glomerular filtration rate/1.73 sq M.predicted [Volume Rate/Area] in Serum or Plasma by Creatinine-based formula (CKD-EPI)"/>
			</coding>
		</code>
		<count value="13"/>
		<frequencyPerYear value="0.0184"/><!--   0..1 Number of this lab per year   -->
		<fractionOfSubjects value="0.0198"/><!--   0..1 Percent of subjects with this lab   -->
		<scalarDistribution>  <!--   0..1 Numeric sample summary   -->
			<units>
				<unit value="mL/min/1.73m2"/>
				<system value="http://unitsofmeasure.org"/>
				<code value="mL/min/1.73m2"/>
			</units>
			<min value="45"/><!--   1..1 Minimum value   -->
			<max value="93"/><!--   1..1 Maximum value   -->
			<mean value="81.46"/><!--   1..1 Mean   -->
			<median value="86"/><!--   1..1 Median   -->
			<stdDev value="14.56"/><!--   1..1 Standard deviation   -->
			<decile>  <!--   0..* Decile partitions   -->
				<nth value="10"/>
				<value value="45"/>
			</decile>
			<decile>  <!--   0..* Decile partitions   -->
				<nth value="20"/>
				<value value="71"/>
			</decile>
			<decile>  <!--   0..* Decile partitions   -->
				<nth value="30"/>
				<value value="73"/>
			</decile>
			<decile>  <!--   0..* Decile partitions   -->
				<nth value="40"/>
				<value value="74"/>
			</decile>
			<decile>  <!--   0..* Decile partitions   -->
				<nth value="50"/>
				<value value="86"/>
			</decile>
			<decile>  <!--   0..* Decile partitions   -->
				<nth value="60"/>
				<value value="92"/>
			</decile>
			<decile>  <!--   0..* Decile partitions   -->
				<nth value="70"/>
				<value value="92"/>
			</decile>
			<decile>  <!--   0..* Decile partitions   -->
				<nth value="80"/>
				<value value="93"/>
			</decile>
			<decile>  <!--   0..* Decile partitions   -->
				<nth value="90"/>
				<value value="93"/>
			</decile>
		</scalarDistribution>
	</lab>
	<lab>
		<code>
			<coding>
				<system value="http://loinc.org"/>
				<code value="48643-1"/>
				<display value="Glomerular filtration rate/1.73 sq M predicted among blacks [Volume Rate/Area] in Serum or Plasma by Creatinine-based formula (MDRD)"/>
			</coding>
		</code>
		<count value="848"/>
		<frequencyPerYear value="1.2011"/><!--   0..1 Number of this lab per year   -->
		<fractionOfSubjects value="0.3654"/><!--   0..1 Percent of subjects with this lab   -->
		<scalarDistribution>  <!--   0..1 Numeric sample summary   -->
			<units>
				<unit value="mL/min/1.73m2"/>
				<system value="http://unitsofmeasure.org"/>
				<code value="mL/min/1.73m2"/>
			</units>
			<min value="5"/><!--   1..1 Minimum value   -->
			<max value="120"/><!--   1..1 Maximum value   -->
			<mean value="51.73"/><!--   1..1 Mean   -->
			<median value="48"/><!--   1..1 Median   -->
			<stdDev value="23.19"/><!--   1..1 Standard deviation   -->
			<decile>  <!--   0..* Decile partitions   -->
				<nth value="10"/>
				<value value="28"/>
			</decile>
			<decile>  <!--   0..* Decile partitions   -->
				<nth value="20"/>
				<value value="34"/>
			</decile>
			<decile>  <!--   0..* Decile partitions   -->
				<nth value="30"/>
				<value value="39"/>
			</decile>
			<decile>  <!--   0..* Decile partitions   -->
				<nth value="40"/>
				<value value="43"/>
			</decile>
			<decile>  <!--   0..* Decile partitions   -->
				<nth value="50"/>
				<value value="48"/>
			</decile>
			<decile>  <!--   0..* Decile partitions   -->
				<nth value="60"/>
				<value value="53"/>
			</decile>
			<decile>  <!--   0..* Decile partitions   -->
				<nth value="70"/>
				<value value="57"/>
			</decile>
			<decile>  <!--   0..* Decile partitions   -->
				<nth value="80"/>
				<value value="60"/>
			</decile>
			<decile>  <!--   0..* Decile partitions   -->
				<nth value="90"/>
				<value value="91"/>
			</decile>
		</scalarDistribution>
	</lab>
	<lab>
		<code>
			<coding>
				<system value="http://loinc.org"/>
				<code value="62238-1"/>
				<display value="Glomerular filtration rate/1.73 sq M.predicted [Volume Rate/Area] in Serum or Plasma by Creatinine-based formula (CKD-EPI)"/>
			</coding>
		</code>
		<count value="13"/>
		<frequencyPerYear value="0.0184"/><!--   0..1 Number of this lab per year   -->
		<fractionOfSubjects value="0.0198"/><!--   0..1 Percent of subjects with this lab   -->
		<scalarDistribution>  <!--   0..1 Numeric sample summary   -->
			<units>
				<unit value="mL/min/1.73m2"/>
				<system value="http://unitsofmeasure.org"/>
				<code value="mL/min/1.73m2"/>
			</units>
			<min value="51"/><!--   1..1 Minimum value   -->
			<max value="107"/><!--   1..1 Maximum value   -->
			<mean value="93.85"/><!--   1..1 Mean   -->
			<median value="99.50"/><!--   1..1 Median   -->
			<stdDev value="16.93"/><!--   1..1 Standard deviation   -->
			<decile>  <!--   0..* Decile partitions   -->
				<nth value="10"/>
				<value value="51"/>
			</decile>
			<decile>  <!--   0..* Decile partitions   -->
				<nth value="20"/>
				<value value="82"/>
			</decile>
			<decile>  <!--   0..* Decile partitions   -->
				<nth value="30"/>
				<value value="84"/>
			</decile>
			<decile>  <!--   0..* Decile partitions   -->
				<nth value="40"/>
				<value value="86"/>
			</decile>
			<decile>  <!--   0..* Decile partitions   -->
				<nth value="50"/>
				<value value="100"/>
			</decile>
			<decile>  <!--   0..* Decile partitions   -->
				<nth value="60"/>
				<value value="106"/>
			</decile>
			<decile>  <!--   0..* Decile partitions   -->
				<nth value="70"/>
				<value value="106"/>
			</decile>
			<decile>  <!--   0..* Decile partitions   -->
				<nth value="80"/>
				<value value="107"/>
			</decile>
			<decile>  <!--   0..* Decile partitions   -->
				<nth value="90"/>
				<value value="107"/>
			</decile>
		</scalarDistribution>
	</lab>
	<lab>
		<code>
			<coding>
				<system value="http://loinc.org"/>
				<code value="4544-3"/>
				<display value="Hematocrit [Volume Fraction] of Blood by Automated count"/>
			</coding>
		</code>
		<count value="1622"/>
		<frequencyPerYear value="2.2975"/><!--   0..1 Number of this lab per year   -->
		<fractionOfSubjects value="0.6997"/><!--   0..1 Percent of subjects with this lab   -->
		<scalarDistribution>  <!--   0..1 Numeric sample summary   -->
			<units>
				<unit value="%"/>
				<system value="http://unitsofmeasure.org"/>
				<code value="%"/>
			</units>
			<min value="14.60"/><!--   1..1 Minimum value   -->
			<max value="53.40"/><!--   1..1 Maximum value   -->
			<mean value="33.77"/><!--   1..1 Mean   -->
			<median value="34.30"/><!--   1..1 Median   -->
			<stdDev value="6.58"/><!--   1..1 Standard deviation   -->
			<decile>  <!--   0..* Decile partitions   -->
				<nth value="10"/>
				<value value="24.60"/>
			</decile>
			<decile>  <!--   0..* Decile partitions   -->
				<nth value="20"/>
				<value value="27.20"/>
			</decile>
			<decile>  <!--   0..* Decile partitions   -->
				<nth value="30"/>
				<value value="29.50"/>
			</decile>
			<decile>  <!--   0..* Decile partitions   -->
				<nth value="40"/>
				<value value="32.20"/>
			</decile>
			<decile>  <!--   0..* Decile partitions   -->
				<nth value="50"/>
				<value value="34.30"/>
			</decile>
			<decile>  <!--   0..* Decile partitions   -->
				<nth value="60"/>
				<value value="36.20"/>
			</decile>
			<decile>  <!--   0..* Decile partitions   -->
				<nth value="70"/>
				<value value="38.10"/>
			</decile>
			<decile>  <!--   0..* Decile partitions   -->
				<nth value="80"/>
				<value value="40"/>
			</decile>
			<decile>  <!--   0..* Decile partitions   -->
				<nth value="90"/>
				<value value="42.30"/>
			</decile>
			<normalizedHigh value="46.6"/>
			<normalizedLow value="34.0"/>
			<fractionAboveNormal value="0.01"/>
			<fractionBelowNormal value="0.48"/>
		</scalarDistribution>
	</lab>
	<lab>
		<code>
			<coding>
				<system value="http://loinc.org"/>
				<code value="718-7"/>
				<display value="Hemoglobin [Mass/volume] in Blood"/>
			</coding>
		</code>
		<count value="1621"/>
		<frequencyPerYear value="2.2960"/><!--   0..1 Number of this lab per year   -->
		<fractionOfSubjects value="0.6997"/><!--   0..1 Percent of subjects with this lab   -->
		<scalarDistribution>  <!--   0..1 Numeric sample summary   -->
			<units>
				<unit value="g/dL"/>
				<system value="http://unitsofmeasure.org"/>
				<code value="g/dL"/>
			</units>
			<min value="4.60"/><!--   1..1 Minimum value   -->
			<max value="16.90"/><!--   1..1 Maximum value   -->
			<mean value="10.90"/><!--   1..1 Mean   -->
			<median value="11"/><!--   1..1 Median   -->
			<stdDev value="2.16"/><!--   1..1 Standard deviation   -->
			<decile>  <!--   0..* Decile partitions   -->
				<nth value="10"/>
				<value value="7.90"/>
			</decile>
			<decile>  <!--   0..* Decile partitions   -->
				<nth value="20"/>
				<value value="8.70"/>
			</decile>
			<decile>  <!--   0..* Decile partitions   -->
				<nth value="30"/>
				<value value="9.50"/>
			</decile>
			<decile>  <!--   0..* Decile partitions   -->
				<nth value="40"/>
				<value value="10.30"/>
			</decile>
			<decile>  <!--   0..* Decile partitions   -->
				<nth value="50"/>
				<value value="11"/>
			</decile>
			<decile>  <!--   0..* Decile partitions   -->
				<nth value="60"/>
				<value value="11.70"/>
			</decile>
			<decile>  <!--   0..* Decile partitions   -->
				<nth value="70"/>
				<value value="12.30"/>
			</decile>
			<decile>  <!--   0..* Decile partitions   -->
				<nth value="80"/>
				<value value="12.90"/>
			</decile>
			<decile>  <!--   0..* Decile partitions   -->
				<nth value="90"/>
				<value value="13.60"/>
			</decile>
			<normalizedHigh value="16.0"/>
			<normalizedLow value="12.0"/>
			<fractionAboveNormal value="0.00"/>
			<fractionBelowNormal value="0.63"/>
		</scalarDistribution>
	</lab>
	<lab>
		<code>
			<coding>
				<system value="http://loinc.org"/>
				<code value="33256-9"/>
				<display value="Leukocytes [#/volume] corrected for nucleated erythrocytes in Blood by Automated count"/>
			</coding>
		</code>
		<count value="1368"/>
		<frequencyPerYear value="1.9377"/><!--   0..1 Number of this lab per year   -->
		<fractionOfSubjects value="0.5921"/><!--   0..1 Percent of subjects with this lab   -->
		<scalarDistribution>  <!--   0..1 Numeric sample summary   -->
			<units>
				<unit value="K/cu mm"/>
				<system value="http://unitsofmeasure.org"/>
				<code value="K/cu mm"/>
			</units>
			<min value="0.16"/><!--   1..1 Minimum value   -->
			<max value="58.60"/><!--   1..1 Maximum value   -->
			<mean value="8.68"/><!--   1..1 Mean   -->
			<median value="8.06"/><!--   1..1 Median   -->
			<stdDev value="5.03"/><!--   1..1 Standard deviation   -->
			<decile>  <!--   0..* Decile partitions   -->
				<nth value="10"/>
				<value value="4.38"/>
			</decile>
			<decile>  <!--   0..* Decile partitions   -->
				<nth value="20"/>
				<value value="5.68"/>
			</decile>
			<decile>  <!--   0..* Decile partitions   -->
				<nth value="30"/>
				<value value="6.31"/>
			</decile>
			<decile>  <!--   0..* Decile partitions   -->
				<nth value="40"/>
				<value value="7.21"/>
			</decile>
			<decile>  <!--   0..* Decile partitions   -->
				<nth value="50"/>
				<value value="8.06"/>
			</decile>
			<decile>  <!--   0..* Decile partitions   -->
				<nth value="60"/>
				<value value="8.91"/>
			</decile>
			<decile>  <!--   0..* Decile partitions   -->
				<nth value="70"/>
				<value value="9.92"/>
			</decile>
			<decile>  <!--   0..* Decile partitions   -->
				<nth value="80"/>
				<value value="11.17"/>
			</decile>
			<decile>  <!--   0..* Decile partitions   -->
				<nth value="90"/>
				<value value="13.64"/>
			</decile>
		</scalarDistribution>
	</lab>
	<lab>
		<code>
			<coding>
				<system value="http://loinc.org"/>
				<code value="6690-2"/>
				<display value="Leukocytes [#/volume] in Blood by Automated count"/>
			</coding>
		</code>
		<count value="248"/>
		<frequencyPerYear value="0.3513"/><!--   0..1 Number of this lab per year   -->
		<fractionOfSubjects value="0.1983"/><!--   0..1 Percent of subjects with this lab   -->
		<scalarDistribution>  <!--   0..1 Numeric sample summary   -->
			<units>
				<unit value="x10E3/uL"/>
				<system value="http://unitsofmeasure.org"/>
				<code value="x10E3/uL"/>
			</units>
			<min value="1.30"/><!--   1..1 Minimum value   -->
			<max value="20.40"/><!--   1..1 Maximum value   -->
			<mean value="7.47"/><!--   1..1 Mean   -->
			<median value="6.80"/><!--   1..1 Median   -->
			<stdDev value="3.10"/><!--   1..1 Standard deviation   -->
			<decile>  <!--   0..* Decile partitions   -->
				<nth value="10"/>
				<value value="4.60"/>
			</decile>
			<decile>  <!--   0..* Decile partitions   -->
				<nth value="20"/>
				<value value="5"/>
			</decile>
			<decile>  <!--   0..* Decile partitions   -->
				<nth value="30"/>
				<value value="5.60"/>
			</decile>
			<decile>  <!--   0..* Decile partitions   -->
				<nth value="40"/>
				<value value="6.18"/>
			</decile>
			<decile>  <!--   0..* Decile partitions   -->
				<nth value="50"/>
				<value value="6.80"/>
			</decile>
			<decile>  <!--   0..* Decile partitions   -->
				<nth value="60"/>
				<value value="7.56"/>
			</decile>
			<decile>  <!--   0..* Decile partitions   -->
				<nth value="70"/>
				<value value="8.10"/>
			</decile>
			<decile>  <!--   0..* Decile partitions   -->
				<nth value="80"/>
				<value value="9.10"/>
			</decile>
			<decile>  <!--   0..* Decile partitions   -->
				<nth value="90"/>
				<value value="11.60"/>
			</decile>
			<normalizedHigh value="10.8"/>
			<normalizedLow value="3.4"/>
			<fractionAboveNormal value="0.13"/>
			<fractionBelowNormal value="0.04"/>
		</scalarDistribution>
	</lab>
	<lab>
		<code>
			<coding>
				<system value="http://loinc.org"/>
				<code value="777-3"/>
				<display value="Platelets [#/volume] in Blood by Automated count"/>
			</coding>
		</code>
		<count value="1614"/>
		<frequencyPerYear value="2.2861"/><!--   0..1 Number of this lab per year   -->
		<fractionOfSubjects value="0.6997"/><!--   0..1 Percent of subjects with this lab   -->
		<scalarDistribution>  <!--   0..1 Numeric sample summary   -->
			<units>
				<unit value="x10E3/uL"/>
				<system value="http://unitsofmeasure.org"/>
				<code value="x10E3/uL"/>
			</units>
			<min value="27"/><!--   1..1 Minimum value   -->
			<max value="793"/><!--   1..1 Maximum value   -->
			<mean value="240.96"/><!--   1..1 Mean   -->
			<median value="228"/><!--   1..1 Median   -->
			<stdDev value="88.83"/><!--   1..1 Standard deviation   -->
			<decile>  <!--   0..* Decile partitions   -->
				<nth value="10"/>
				<value value="147"/>
			</decile>
			<decile>  <!--   0..* Decile partitions   -->
				<nth value="20"/>
				<value value="174"/>
			</decile>
			<decile>  <!--   0..* Decile partitions   -->
				<nth value="30"/>
				<value value="194"/>
			</decile>
			<decile>  <!--   0..* Decile partitions   -->
				<nth value="40"/>
				<value value="212"/>
			</decile>
			<decile>  <!--   0..* Decile partitions   -->
				<nth value="50"/>
				<value value="228"/>
			</decile>
			<decile>  <!--   0..* Decile partitions   -->
				<nth value="60"/>
				<value value="250"/>
			</decile>
			<decile>  <!--   0..* Decile partitions   -->
				<nth value="70"/>
				<value value="274"/>
			</decile>
			<decile>  <!--   0..* Decile partitions   -->
				<nth value="80"/>
				<value value="302"/>
			</decile>
			<decile>  <!--   0..* Decile partitions   -->
				<nth value="90"/>
				<value value="348"/>
			</decile>
			<normalizedHigh value="396"/>
			<normalizedLow value="140"/>
			<fractionAboveNormal value="0.06"/>
			<fractionBelowNormal value="0.09"/>
		</scalarDistribution>
	</lab>
	<lab>
		<code>
			<coding>
				<system value="http://loinc.org"/>
				<code value="789-8"/>
				<display value="Erythrocytes [#/volume] in Blood by Automated count"/>
			</coding>
		</code>
		<count value="1615"/>
		<frequencyPerYear value="2.2875"/><!--   0..1 Number of this lab per year   -->
		<fractionOfSubjects value="0.6997"/><!--   0..1 Percent of subjects with this lab   -->
		<scalarDistribution>  <!--   0..1 Numeric sample summary   -->
			<units>
				<unit value="x10E6/uL"/>
				<system value="http://unitsofmeasure.org"/>
				<code value="x10E6/uL"/>
			</units>
			<min value="1.66"/><!--   1..1 Minimum value   -->
			<max value="6.02"/><!--   1..1 Maximum value   -->
			<mean value="3.78"/><!--   1..1 Mean   -->
			<median value="3.89"/><!--   1..1 Median   -->
			<stdDev value="0.79"/><!--   1..1 Standard deviation   -->
			<decile>  <!--   0..* Decile partitions   -->
				<nth value="10"/>
				<value value="2.65"/>
			</decile>
			<decile>  <!--   0..* Decile partitions   -->
				<nth value="20"/>
				<value value="3.01"/>
			</decile>
			<decile>  <!--   0..* Decile partitions   -->
				<nth value="30"/>
				<value value="3.30"/>
			</decile>
			<decile>  <!--   0..* Decile partitions   -->
				<nth value="40"/>
				<value value="3.61"/>
			</decile>
			<decile>  <!--   0..* Decile partitions   -->
				<nth value="50"/>
				<value value="3.89"/>
			</decile>
			<decile>  <!--   0..* Decile partitions   -->
				<nth value="60"/>
				<value value="4.10"/>
			</decile>
			<decile>  <!--   0..* Decile partitions   -->
				<nth value="70"/>
				<value value="4.28"/>
			</decile>
			<decile>  <!--   0..* Decile partitions   -->
				<nth value="80"/>
				<value value="4.49"/>
			</decile>
			<decile>  <!--   0..* Decile partitions   -->
				<nth value="90"/>
				<value value="4.72"/>
			</decile>
			<normalizedHigh value="5.28"/>
			<normalizedLow value="3.77"/>
			<fractionAboveNormal value="0.02"/>
			<fractionBelowNormal value="0.45"/>
		</scalarDistribution>
	</lab>
	<lab>
		<code>
			<coding>
				<system value="http://loinc.org"/>
				<code value="787-2"/>
				<display value="Erythrocyte mean corpuscular volume [Entitic volume] by Automated count"/>
			</coding>
		</code>
		<count value="1612"/>
		<frequencyPerYear value="2.2833"/><!--   0..1 Number of this lab per year   -->
		<fractionOfSubjects value="0.6997"/><!--   0..1 Percent of subjects with this lab   -->
		<scalarDistribution>  <!--   0..1 Numeric sample summary   -->
			<units>
				<unit value="fL"/>
				<system value="http://unitsofmeasure.org"/>
				<code value="fL"/>
			</units>
			<min value="57"/><!--   1..1 Minimum value   -->
			<max value="112.80"/><!--   1..1 Maximum value   -->
			<mean value="89.92"/><!--   1..1 Mean   -->
			<median value="90.90"/><!--   1..1 Median   -->
			<stdDev value="6.48"/><!--   1..1 Standard deviation   -->
			<decile>  <!--   0..* Decile partitions   -->
				<nth value="10"/>
				<value value="82"/>
			</decile>
			<decile>  <!--   0..* Decile partitions   -->
				<nth value="20"/>
				<value value="85"/>
			</decile>
			<decile>  <!--   0..* Decile partitions   -->
				<nth value="30"/>
				<value value="87.40"/>
			</decile>
			<decile>  <!--   0..* Decile partitions   -->
				<nth value="40"/>
				<value value="89.40"/>
			</decile>
			<decile>  <!--   0..* Decile partitions   -->
				<nth value="50"/>
				<value value="90.90"/>
			</decile>
			<decile>  <!--   0..* Decile partitions   -->
				<nth value="60"/>
				<value value="92.10"/>
			</decile>
			<decile>  <!--   0..* Decile partitions   -->
				<nth value="70"/>
				<value value="93.40"/>
			</decile>
			<decile>  <!--   0..* Decile partitions   -->
				<nth value="80"/>
				<value value="95"/>
			</decile>
			<decile>  <!--   0..* Decile partitions   -->
				<nth value="90"/>
				<value value="97"/>
			</decile>
			<normalizedHigh value="97"/>
			<normalizedLow value="79"/>
			<fractionAboveNormal value="0.10"/>
			<fractionBelowNormal value="0.04"/>
		</scalarDistribution>
	</lab>
	<lab>
		<code>
			<coding>
				<system value="http://loinc.org"/>
				<code value="785-6"/>
				<display value="Erythrocyte mean corpuscular hemoglobin [Entitic mass] by Automated count"/>
			</coding>
		</code>
		<count value="1610"/>
		<frequencyPerYear value="2.2805"/><!--   0..1 Number of this lab per year   -->
		<fractionOfSubjects value="0.6997"/><!--   0..1 Percent of subjects with this lab   -->
		<scalarDistribution>  <!--   0..1 Numeric sample summary   -->
			<units>
				<unit value="pg"/>
				<system value="http://unitsofmeasure.org"/>
				<code value="pg"/>
			</units>
			<min value="18.10"/><!--   1..1 Minimum value   -->
			<max value="35.80"/><!--   1..1 Maximum value   -->
			<mean value="29.04"/><!--   1..1 Mean   -->
			<median value="29.30"/><!--   1..1 Median   -->
			<stdDev value="2.41"/><!--   1..1 Standard deviation   -->
			<decile>  <!--   0..* Decile partitions   -->
				<nth value="10"/>
				<value value="26.10"/>
			</decile>
			<decile>  <!--   0..* Decile partitions   -->
				<nth value="20"/>
				<value value="27.30"/>
			</decile>
			<decile>  <!--   0..* Decile partitions   -->
				<nth value="30"/>
				<value value="28.10"/>
			</decile>
			<decile>  <!--   0..* Decile partitions   -->
				<nth value="40"/>
				<value value="28.80"/>
			</decile>
			<decile>  <!--   0..* Decile partitions   -->
				<nth value="50"/>
				<value value="29.30"/>
			</decile>
			<decile>  <!--   0..* Decile partitions   -->
				<nth value="60"/>
				<value value="29.80"/>
			</decile>
			<decile>  <!--   0..* Decile partitions   -->
				<nth value="70"/>
				<value value="30.30"/>
			</decile>
			<decile>  <!--   0..* Decile partitions   -->
				<nth value="80"/>
				<value value="30.80"/>
			</decile>
			<decile>  <!--   0..* Decile partitions   -->
				<nth value="90"/>
				<value value="31.70"/>
			</decile>
			<normalizedHigh value="33.0"/>
			<normalizedLow value="26.6"/>
			<fractionAboveNormal value="0.05"/>
			<fractionBelowNormal value="0.14"/>
		</scalarDistribution>
	</lab>
	<lab>
		<code>
			<coding>
				<system value="http://loinc.org"/>
				<code value="786-4"/>
				<display value="Erythrocyte mean corpuscular hemoglobin concentration [Mass/volume] by Automated count"/>
			</coding>
		</code>
		<count value="1610"/>
		<frequencyPerYear value="2.2805"/><!--   0..1 Number of this lab per year   -->
		<fractionOfSubjects value="0.6997"/><!--   0..1 Percent of subjects with this lab   -->
		<scalarDistribution>  <!--   0..1 Numeric sample summary   -->
			<units>
				<unit value="g/dL"/>
				<system value="http://unitsofmeasure.org"/>
				<code value="g/dL"/>
			</units>
			<min value="28.20"/><!--   1..1 Minimum value   -->
			<max value="36"/><!--   1..1 Maximum value   -->
			<mean value="32.28"/><!--   1..1 Mean   -->
			<median value="32.30"/><!--   1..1 Median   -->
			<stdDev value="1.17"/><!--   1..1 Standard deviation   -->
			<decile>  <!--   0..* Decile partitions   -->
				<nth value="10"/>
				<value value="30.80"/>
			</decile>
			<decile>  <!--   0..* Decile partitions   -->
				<nth value="20"/>
				<value value="31.30"/>
			</decile>
			<decile>  <!--   0..* Decile partitions   -->
				<nth value="30"/>
				<value value="31.70"/>
			</decile>
			<decile>  <!--   0..* Decile partitions   -->
				<nth value="40"/>
				<value value="32"/>
			</decile>
			<decile>  <!--   0..* Decile partitions   -->
				<nth value="50"/>
				<value value="32.30"/>
			</decile>
			<decile>  <!--   0..* Decile partitions   -->
				<nth value="60"/>
				<value value="32.60"/>
			</decile>
			<decile>  <!--   0..* Decile partitions   -->
				<nth value="70"/>
				<value value="32.90"/>
			</decile>
			<decile>  <!--   0..* Decile partitions   -->
				<nth value="80"/>
				<value value="33.30"/>
			</decile>
			<decile>  <!--   0..* Decile partitions   -->
				<nth value="90"/>
				<value value="33.80"/>
			</decile>
			<normalizedHigh value="35.7"/>
			<normalizedLow value="31.5"/>
			<fractionAboveNormal value="0.00"/>
			<fractionBelowNormal value="0.23"/>
		</scalarDistribution>
	</lab>
	<lab>
		<code>
			<coding>
				<system value="http://loinc.org"/>
				<code value="788-0"/>
				<display value="Erythrocyte distribution width [Ratio] by Automated count"/>
			</coding>
		</code>
		<count value="1598"/>
		<frequencyPerYear value="2.2635"/><!--   0..1 Number of this lab per year   -->
		<fractionOfSubjects value="0.6997"/><!--   0..1 Percent of subjects with this lab   -->
		<scalarDistribution>  <!--   0..1 Numeric sample summary   -->
			<units>
				<unit value="%"/>
				<system value="http://unitsofmeasure.org"/>
				<code value="%"/>
			</units>
			<min value="11.80"/><!--   1..1 Minimum value   -->
			<max value="26.60"/><!--   1..1 Maximum value   -->
			<mean value="15.33"/><!--   1..1 Mean   -->
			<median value="14.80"/><!--   1..1 Median   -->
			<stdDev value="2.30"/><!--   1..1 Standard deviation   -->
			<decile>  <!--   0..* Decile partitions   -->
				<nth value="10"/>
				<value value="13"/>
			</decile>
			<decile>  <!--   0..* Decile partitions   -->
				<nth value="20"/>
				<value value="13.40"/>
			</decile>
			<decile>  <!--   0..* Decile partitions   -->
				<nth value="30"/>
				<value value="13.80"/>
			</decile>
			<decile>  <!--   0..* Decile partitions   -->
				<nth value="40"/>
				<value value="14.30"/>
			</decile>
			<decile>  <!--   0..* Decile partitions   -->
				<nth value="50"/>
				<value value="14.80"/>
			</decile>
			<decile>  <!--   0..* Decile partitions   -->
				<nth value="60"/>
				<value value="15.30"/>
			</decile>
			<decile>  <!--   0..* Decile partitions   -->
				<nth value="70"/>
				<value value="16.10"/>
			</decile>
			<decile>  <!--   0..* Decile partitions   -->
				<nth value="80"/>
				<value value="17.20"/>
			</decile>
			<decile>  <!--   0..* Decile partitions   -->
				<nth value="90"/>
				<value value="18.40"/>
			</decile>
			<normalizedHigh value="15.4"/>
			<normalizedLow value="12.3"/>
			<fractionAboveNormal value="0.38"/>
			<fractionBelowNormal value="0.02"/>
		</scalarDistribution>
	</lab>
	<lab>
		<code>
			<coding>
				<system value="http://loinc.org"/>
				<code value="1920-8"/>
				<display value="Aspartate aminotransferase [Enzymatic activity/volume] in Serum or Plasma"/>
			</coding>
		</code>
		<count value="1173"/>
		<frequencyPerYear value="1.6615"/><!--   0..1 Number of this lab per year   -->
		<fractionOfSubjects value="0.7110"/><!--   0..1 Percent of subjects with this lab   -->
		<scalarDistribution>  <!--   0..1 Numeric sample summary   -->
			<units>
				<unit value="IU/L"/>
				<system value="http://unitsofmeasure.org"/>
				<code value="IU/L"/>
			</units>
			<min value="8"/><!--   1..1 Minimum value   -->
			<max value="386"/><!--   1..1 Maximum value   -->
			<mean value="28.80"/><!--   1..1 Mean   -->
			<median value="21"/><!--   1..1 Median   -->
			<stdDev value="31.25"/><!--   1..1 Standard deviation   -->
			<decile>  <!--   0..* Decile partitions   -->
				<nth value="10"/>
				<value value="14"/>
			</decile>
			<decile>  <!--   0..* Decile partitions   -->
				<nth value="20"/>
				<value value="16"/>
			</decile>
			<decile>  <!--   0..* Decile partitions   -->
				<nth value="30"/>
				<value value="18"/>
			</decile>
			<decile>  <!--   0..* Decile partitions   -->
				<nth value="40"/>
				<value value="19"/>
			</decile>
			<decile>  <!--   0..* Decile partitions   -->
				<nth value="50"/>
				<value value="21"/>
			</decile>
			<decile>  <!--   0..* Decile partitions   -->
				<nth value="60"/>
				<value value="23"/>
			</decile>
			<decile>  <!--   0..* Decile partitions   -->
				<nth value="70"/>
				<value value="25"/>
			</decile>
			<decile>  <!--   0..* Decile partitions   -->
				<nth value="80"/>
				<value value="30"/>
			</decile>
			<decile>  <!--   0..* Decile partitions   -->
				<nth value="90"/>
				<value value="42"/>
			</decile>
			<normalizedHigh value="40"/>
			<normalizedLow value="0"/>
			<fractionAboveNormal value="0.11"/>
			<fractionBelowNormal value="0"/>
		</scalarDistribution>
	</lab>
	<lab>
		<code>
			<coding>
				<system value="http://loinc.org"/>
				<code value="1742-6"/>
				<display value="Alanine aminotransferase [Enzymatic activity/volume] in Serum or Plasma"/>
			</coding>
		</code>
		<count value="1188"/>
		<frequencyPerYear value="1.6827"/><!--   0..1 Number of this lab per year   -->
		<fractionOfSubjects value="0.7195"/><!--   0..1 Percent of subjects with this lab   -->
		<scalarDistribution>  <!--   0..1 Numeric sample summary   -->
			<units>
				<unit value="U/L"/>
				<system value="http://unitsofmeasure.org"/>
				<code value="U/L"/>
			</units>
			<min value="5"/><!--   1..1 Minimum value   -->
			<max value="570"/><!--   1..1 Maximum value   -->
			<mean value="24.91"/><!--   1..1 Mean   -->
			<median value="17"/><!--   1..1 Median   -->
			<stdDev value="28.95"/><!--   1..1 Standard deviation   -->
			<decile>  <!--   0..* Decile partitions   -->
				<nth value="10"/>
				<value value="10"/>
			</decile>
			<decile>  <!--   0..* Decile partitions   -->
				<nth value="20"/>
				<value value="12"/>
			</decile>
			<decile>  <!--   0..* Decile partitions   -->
				<nth value="30"/>
				<value value="14"/>
			</decile>
			<decile>  <!--   0..* Decile partitions   -->
				<nth value="40"/>
				<value value="16"/>
			</decile>
			<decile>  <!--   0..* Decile partitions   -->
				<nth value="50"/>
				<value value="17"/>
			</decile>
			<decile>  <!--   0..* Decile partitions   -->
				<nth value="60"/>
				<value value="19"/>
			</decile>
			<decile>  <!--   0..* Decile partitions   -->
				<nth value="70"/>
				<value value="22"/>
			</decile>
			<decile>  <!--   0..* Decile partitions   -->
				<nth value="80"/>
				<value value="27"/>
			</decile>
			<decile>  <!--   0..* Decile partitions   -->
				<nth value="90"/>
				<value value="43"/>
			</decile>
			<normalizedHigh value="25"/>
			<normalizedLow value="0"/>
			<fractionAboveNormal value="0.24"/>
			<fractionBelowNormal value="0"/>
		</scalarDistribution>
	</lab>
	<lab>
		<code>
			<coding>
				<system value="http://loinc.org"/>
				<code value="6768-6"/>
				<display value="Alkaline phosphatase [Enzymatic activity/volume] in Serum or Plasma"/>
			</coding>
		</code>
		<count value="1212"/>
		<frequencyPerYear value="1.7167"/><!--   0..1 Number of this lab per year   -->
		<fractionOfSubjects value="0.7195"/><!--   0..1 Percent of subjects with this lab   -->
		<scalarDistribution>  <!--   0..1 Numeric sample summary   -->
			<units>
				<unit value="U/L"/>
				<system value="http://unitsofmeasure.org"/>
				<code value="U/L"/>
			</units>
			<min value="26"/><!--   1..1 Minimum value   -->
			<max value="528"/><!--   1..1 Maximum value   -->
			<mean value="86.66"/><!--   1..1 Mean   -->
			<median value="76"/><!--   1..1 Median   -->
			<stdDev value="47.56"/><!--   1..1 Standard deviation   -->
			<decile>  <!--   0..* Decile partitions   -->
				<nth value="10"/>
				<value value="50"/>
			</decile>
			<decile>  <!--   0..* Decile partitions   -->
				<nth value="20"/>
				<value value="57"/>
			</decile>
			<decile>  <!--   0..* Decile partitions   -->
				<nth value="30"/>
				<value value="62"/>
			</decile>
			<decile>  <!--   0..* Decile partitions   -->
				<nth value="40"/>
				<value value="70"/>
			</decile>
			<decile>  <!--   0..* Decile partitions   -->
				<nth value="50"/>
				<value value="76"/>
			</decile>
			<decile>  <!--   0..* Decile partitions   -->
				<nth value="60"/>
				<value value="83"/>
			</decile>
			<decile>  <!--   0..* Decile partitions   -->
				<nth value="70"/>
				<value value="91"/>
			</decile>
			<decile>  <!--   0..* Decile partitions   -->
				<nth value="80"/>
				<value value="102"/>
			</decile>
			<decile>  <!--   0..* Decile partitions   -->
				<nth value="90"/>
				<value value="130"/>
			</decile>
			<normalizedHigh value="120"/>
			<normalizedLow value="30"/>
			<fractionAboveNormal value="0.12"/>
			<fractionBelowNormal value="0.00"/>
		</scalarDistribution>
	</lab>
	<lab>
		<code>
			<coding>
				<system value="http://loinc.org"/>
				<code value="1975-2"/>
				<display value="Bilirubin.total [Mass/volume] in Serum or Plasma"/>
			</coding>
		</code>
		<count value="1112"/>
		<frequencyPerYear value="1.5751"/><!--   0..1 Number of this lab per year   -->
		<fractionOfSubjects value="0.7110"/><!--   0..1 Percent of subjects with this lab   -->
		<scalarDistribution>  <!--   0..1 Numeric sample summary   -->
			<units>
				<unit value="mg/dL"/>
				<system value="http://unitsofmeasure.org"/>
				<code value="mg/dL"/>
			</units>
			<min value="0.10"/><!--   1..1 Minimum value   -->
			<max value="4.10"/><!--   1..1 Maximum value   -->
			<mean value="0.50"/><!--   1..1 Mean   -->
			<median value="0.40"/><!--   1..1 Median   -->
			<stdDev value="0.34"/><!--   1..1 Standard deviation   -->
			<decile>  <!--   0..* Decile partitions   -->
				<nth value="10"/>
				<value value="0.20"/>
			</decile>
			<decile>  <!--   0..* Decile partitions   -->
				<nth value="20"/>
				<value value="0.30"/>
			</decile>
			<decile>  <!--   0..* Decile partitions   -->
				<nth value="30"/>
				<value value="0.30"/>
			</decile>
			<decile>  <!--   0..* Decile partitions   -->
				<nth value="40"/>
				<value value="0.40"/>
			</decile>
			<decile>  <!--   0..* Decile partitions   -->
				<nth value="50"/>
				<value value="0.40"/>
			</decile>
			<decile>  <!--   0..* Decile partitions   -->
				<nth value="60"/>
				<value value="0.50"/>
			</decile>
			<decile>  <!--   0..* Decile partitions   -->
				<nth value="70"/>
				<value value="0.50"/>
			</decile>
			<decile>  <!--   0..* Decile partitions   -->
				<nth value="80"/>
				<value value="0.60"/>
			</decile>
			<decile>  <!--   0..* Decile partitions   -->
				<nth value="90"/>
				<value value="0.80"/>
			</decile>
			<normalizedHigh value="1.2"/>
			<normalizedLow value="0.2"/>
			<fractionAboveNormal value="0.02"/>
			<fractionBelowNormal value="0.00"/>
		</scalarDistribution>
	</lab>
	<lab>
		<code>
			<coding>
				<system value="http://loinc.org"/>
				<code value="713-8"/>
				<display value="Eosinophils/100 leukocytes in Blood by Automated count"/>
			</coding>
		</code>
		<count value="902"/>
		<frequencyPerYear value="1.2776"/><!--   0..1 Number of this lab per year   -->
		<fractionOfSubjects value="0.5949"/><!--   0..1 Percent of subjects with this lab   -->
		<scalarDistribution>  <!--   0..1 Numeric sample summary   -->
			<units>
				<unit value="%"/>
				<system value="http://unitsofmeasure.org"/>
				<code value="%"/>
			</units>
			<min value="0"/><!--   1..1 Minimum value   -->
			<max value="22.30"/><!--   1..1 Maximum value   -->
			<mean value="2.99"/><!--   1..1 Mean   -->
			<median value="2.10"/><!--   1..1 Median   -->
			<stdDev value="2.89"/><!--   1..1 Standard deviation   -->
			<decile>  <!--   0..* Decile partitions   -->
				<nth value="10"/>
				<value value="0"/>
			</decile>
			<decile>  <!--   0..* Decile partitions   -->
				<nth value="20"/>
				<value value="0.90"/>
			</decile>
			<decile>  <!--   0..* Decile partitions   -->
				<nth value="30"/>
				<value value="1.20"/>
			</decile>
			<decile>  <!--   0..* Decile partitions   -->
				<nth value="40"/>
				<value value="1.90"/>
			</decile>
			<decile>  <!--   0..* Decile partitions   -->
				<nth value="50"/>
				<value value="2.10"/>
			</decile>
			<decile>  <!--   0..* Decile partitions   -->
				<nth value="60"/>
				<value value="2.80"/>
			</decile>
			<decile>  <!--   0..* Decile partitions   -->
				<nth value="70"/>
				<value value="3.50"/>
			</decile>
			<decile>  <!--   0..* Decile partitions   -->
				<nth value="80"/>
				<value value="4.80"/>
			</decile>
			<decile>  <!--   0..* Decile partitions   -->
				<nth value="90"/>
				<value value="6.60"/>
			</decile>
			<normalizedHigh value="7"/>
			<normalizedLow value="0"/>
			<fractionAboveNormal value="0.09"/>
			<fractionBelowNormal value="0"/>
		</scalarDistribution>
	</lab>
	<lab>
		<code>
			<coding>
				<system value="http://loinc.org"/>
				<code value="706-2"/>
				<display value="Basophils/100 leukocytes in Blood by Automated count"/>
			</coding>
		</code>
		<count value="770"/>
		<frequencyPerYear value="1.0907"/><!--   0..1 Number of this lab per year   -->
		<fractionOfSubjects value="0.5524"/><!--   0..1 Percent of subjects with this lab   -->
		<scalarDistribution>  <!--   0..1 Numeric sample summary   -->
			<units>
				<unit value="%"/>
				<system value="http://unitsofmeasure.org"/>
				<code value="%"/>
			</units>
			<min value="0"/><!--   1..1 Minimum value   -->
			<max value="6.80"/><!--   1..1 Maximum value   -->
			<mean value="0.55"/><!--   1..1 Mean   -->
			<median value="0.50"/><!--   1..1 Median   -->
			<stdDev value="0.43"/><!--   1..1 Standard deviation   -->
			<decile>  <!--   0..* Decile partitions   -->
				<nth value="10"/>
				<value value="0.10"/>
			</decile>
			<decile>  <!--   0..* Decile partitions   -->
				<nth value="20"/>
				<value value="0.20"/>
			</decile>
			<decile>  <!--   0..* Decile partitions   -->
				<nth value="30"/>
				<value value="0.30"/>
			</decile>
			<decile>  <!--   0..* Decile partitions   -->
				<nth value="40"/>
				<value value="0.40"/>
			</decile>
			<decile>  <!--   0..* Decile partitions   -->
				<nth value="50"/>
				<value value="0.50"/>
			</decile>
			<decile>  <!--   0..* Decile partitions   -->
				<nth value="60"/>
				<value value="0.60"/>
			</decile>
			<decile>  <!--   0..* Decile partitions   -->
				<nth value="70"/>
				<value value="0.70"/>
			</decile>
			<decile>  <!--   0..* Decile partitions   -->
				<nth value="80"/>
				<value value="0.80"/>
			</decile>
			<decile>  <!--   0..* Decile partitions   -->
				<nth value="90"/>
				<value value="1"/>
			</decile>
			<normalizedHigh value="1.0"/>
			<normalizedLow value="0.0"/>
			<fractionAboveNormal value="0.07"/>
			<fractionBelowNormal value="0"/>
		</scalarDistribution>
	</lab>
	<lab>
		<code>
			<coding>
				<system value="http://loinc.org"/>
				<code value="5905-5"/>
				<display value="Monocytes/100 leukocytes in Blood by Automated count"/>
			</coding>
		</code>
		<count value="740"/>
		<frequencyPerYear value="1.0482"/><!--   0..1 Number of this lab per year   -->
		<fractionOfSubjects value="0.5071"/><!--   0..1 Percent of subjects with this lab   -->
		<scalarDistribution>  <!--   0..1 Numeric sample summary   -->
			<units>
				<unit value="%"/>
				<system value="http://unitsofmeasure.org"/>
				<code value="%"/>
			</units>
			<min value="0.50"/><!--   1..1 Minimum value   -->
			<max value="36.40"/><!--   1..1 Maximum value   -->
			<mean value="8.02"/><!--   1..1 Mean   -->
			<median value="7.70"/><!--   1..1 Median   -->
			<stdDev value="3.76"/><!--   1..1 Standard deviation   -->
			<decile>  <!--   0..* Decile partitions   -->
				<nth value="10"/>
				<value value="4.90"/>
			</decile>
			<decile>  <!--   0..* Decile partitions   -->
				<nth value="20"/>
				<value value="5.80"/>
			</decile>
			<decile>  <!--   0..* Decile partitions   -->
				<nth value="30"/>
				<value value="6.40"/>
			</decile>
			<decile>  <!--   0..* Decile partitions   -->
				<nth value="40"/>
				<value value="7.10"/>
			</decile>
			<decile>  <!--   0..* Decile partitions   -->
				<nth value="50"/>
				<value value="7.70"/>
			</decile>
			<decile>  <!--   0..* Decile partitions   -->
				<nth value="60"/>
				<value value="8.20"/>
			</decile>
			<decile>  <!--   0..* Decile partitions   -->
				<nth value="70"/>
				<value value="8.70"/>
			</decile>
			<decile>  <!--   0..* Decile partitions   -->
				<nth value="80"/>
				<value value="9.60"/>
			</decile>
			<decile>  <!--   0..* Decile partitions   -->
				<nth value="90"/>
				<value value="10.90"/>
			</decile>
			<normalizedHigh value="12"/>
			<normalizedLow value="0"/>
			<fractionAboveNormal value="0.06"/>
			<fractionBelowNormal value="0"/>
		</scalarDistribution>
	</lab>
	<lab>
		<code>
			<coding>
				<system value="http://loinc.org"/>
				<code value="19123-9"/>
				<display value="Magnesium [Mass/volume] in Serum or Plasma"/>
			</coding>
		</code>
		<count value="512"/>
		<frequencyPerYear value="0.7252"/><!--   0..1 Number of this lab per year   -->
		<fractionOfSubjects value="0.2238"/><!--   0..1 Percent of subjects with this lab   -->
		<scalarDistribution>  <!--   0..1 Numeric sample summary   -->
			<units>
				<unit value="mg/dL"/>
				<system value="http://unitsofmeasure.org"/>
				<code value="mg/dL"/>
			</units>
			<min value="1"/><!--   1..1 Minimum value   -->
			<max value="4.80"/><!--   1..1 Maximum value   -->
			<mean value="2.04"/><!--   1..1 Mean   -->
			<median value="2"/><!--   1..1 Median   -->
			<stdDev value="0.38"/><!--   1..1 Standard deviation   -->
			<decile>  <!--   0..* Decile partitions   -->
				<nth value="10"/>
				<value value="1.60"/>
			</decile>
			<decile>  <!--   0..* Decile partitions   -->
				<nth value="20"/>
				<value value="1.70"/>
			</decile>
			<decile>  <!--   0..* Decile partitions   -->
				<nth value="30"/>
				<value value="1.80"/>
			</decile>
			<decile>  <!--   0..* Decile partitions   -->
				<nth value="40"/>
				<value value="1.90"/>
			</decile>
			<decile>  <!--   0..* Decile partitions   -->
				<nth value="50"/>
				<value value="2"/>
			</decile>
			<decile>  <!--   0..* Decile partitions   -->
				<nth value="60"/>
				<value value="2.10"/>
			</decile>
			<decile>  <!--   0..* Decile partitions   -->
				<nth value="70"/>
				<value value="2.20"/>
			</decile>
			<decile>  <!--   0..* Decile partitions   -->
				<nth value="80"/>
				<value value="2.30"/>
			</decile>
			<decile>  <!--   0..* Decile partitions   -->
				<nth value="90"/>
				<value value="2.50"/>
			</decile>
			<normalizedHigh value="2.3"/>
			<normalizedLow value="1.6"/>
			<fractionAboveNormal value="0.16"/>
			<fractionBelowNormal value="0.05"/>
		</scalarDistribution>
	</lab>
	<lab>
		<code>
			<coding>
				<system value="http://loinc.org"/>
				<code value="5964-2"/>
				<display value="Prothrombin time (PT) in Blood by Coagulation assay"/>
			</coding>
		</code>
		<count value="465"/>
		<frequencyPerYear value="0.6586"/><!--   0..1 Number of this lab per year   -->
		<fractionOfSubjects value="0.2295"/><!--   0..1 Percent of subjects with this lab   -->
		<scalarDistribution>  <!--   0..1 Numeric sample summary   -->
			<units>
				<unit value="Seconds"/>
				<system value="http://unitsofmeasure.org"/>
				<code value="Seconds"/>
			</units>
			<min value="9.50"/><!--   1..1 Minimum value   -->
			<max value="57.80"/><!--   1..1 Maximum value   -->
			<mean value="17.14"/><!--   1..1 Mean   -->
			<median value="12"/><!--   1..1 Median   -->
			<stdDev value="9.56"/><!--   1..1 Standard deviation   -->
			<decile>  <!--   0..* Decile partitions   -->
				<nth value="10"/>
				<value value="10.30"/>
			</decile>
			<decile>  <!--   0..* Decile partitions   -->
				<nth value="20"/>
				<value value="10.60"/>
			</decile>
			<decile>  <!--   0..* Decile partitions   -->
				<nth value="30"/>
				<value value="11"/>
			</decile>
			<decile>  <!--   0..* Decile partitions   -->
				<nth value="40"/>
				<value value="11.40"/>
			</decile>
			<decile>  <!--   0..* Decile partitions   -->
				<nth value="50"/>
				<value value="12"/>
			</decile>
			<decile>  <!--   0..* Decile partitions   -->
				<nth value="60"/>
				<value value="14.70"/>
			</decile>
			<decile>  <!--   0..* Decile partitions   -->
				<nth value="70"/>
				<value value="18.30"/>
			</decile>
			<decile>  <!--   0..* Decile partitions   -->
				<nth value="80"/>
				<value value="23.80"/>
			</decile>
			<decile>  <!--   0..* Decile partitions   -->
				<nth value="90"/>
				<value value="30.50"/>
			</decile>
		</scalarDistribution>
	</lab>
	<lab>
		<code>
			<coding>
				<system value="http://loinc.org"/>
				<code value="5902-2"/>
				<display value="Prothrombin time (PT)"/>
			</coding>
		</code>
		<count value="57"/>
		<frequencyPerYear value="0.0807"/><!--   0..1 Number of this lab per year   -->
		<fractionOfSubjects value="0.0482"/><!--   0..1 Percent of subjects with this lab   -->
		<scalarDistribution>  <!--   0..1 Numeric sample summary   -->
			<units>
				<unit value="sec"/>
				<system value="http://unitsofmeasure.org"/>
				<code value="sec"/>
			</units>
			<min value="10"/><!--   1..1 Minimum value   -->
			<max value="199.20"/><!--   1..1 Maximum value   -->
			<mean value="28.91"/><!--   1..1 Mean   -->
			<median value="22.80"/><!--   1..1 Median   -->
			<stdDev value="27.44"/><!--   1..1 Standard deviation   -->
			<decile>  <!--   0..* Decile partitions   -->
				<nth value="10"/>
				<value value="10.60"/>
			</decile>
			<decile>  <!--   0..* Decile partitions   -->
				<nth value="20"/>
				<value value="11"/>
			</decile>
			<decile>  <!--   0..* Decile partitions   -->
				<nth value="30"/>
				<value value="13.60"/>
			</decile>
			<decile>  <!--   0..* Decile partitions   -->
				<nth value="40"/>
				<value value="19.90"/>
			</decile>
			<decile>  <!--   0..* Decile partitions   -->
				<nth value="50"/>
				<value value="22.90"/>
			</decile>
			<decile>  <!--   0..* Decile partitions   -->
				<nth value="60"/>
				<value value="26.70"/>
			</decile>
			<decile>  <!--   0..* Decile partitions   -->
				<nth value="70"/>
				<value value="28.90"/>
			</decile>
			<decile>  <!--   0..* Decile partitions   -->
				<nth value="80"/>
				<value value="40.80"/>
			</decile>
			<decile>  <!--   0..* Decile partitions   -->
				<nth value="90"/>
				<value value="49.50"/>
			</decile>
			<normalizedHigh value="12.0"/>
			<normalizedLow value="9.1"/>
			<fractionAboveNormal value="0.75"/>
			<fractionBelowNormal value="0"/>
		</scalarDistribution>
	</lab>
	<lab>
		<code>
			<coding>
				<system value="http://loinc.org"/>
				<code value="2093-3"/>
				<display value="Cholesterol [Mass/volume] in Serum or Plasma"/>
			</coding>
		</code>
		<count value="373"/>
		<frequencyPerYear value="0.5283"/><!--   0..1 Number of this lab per year   -->
		<fractionOfSubjects value="0.5581"/><!--   0..1 Percent of subjects with this lab   -->
		<scalarDistribution>  <!--   0..1 Numeric sample summary   -->
			<units>
				<unit value="mg/dL"/>
				<system value="http://unitsofmeasure.org"/>
				<code value="mg/dL"/>
			</units>
			<min value="73"/><!--   1..1 Minimum value   -->
			<max value="371"/><!--   1..1 Maximum value   -->
			<mean value="187.86"/><!--   1..1 Mean   -->
			<median value="184"/><!--   1..1 Median   -->
			<stdDev value="44.12"/><!--   1..1 Standard deviation   -->
			<decile>  <!--   0..* Decile partitions   -->
				<nth value="10"/>
				<value value="137"/>
			</decile>
			<decile>  <!--   0..* Decile partitions   -->
				<nth value="20"/>
				<value value="154"/>
			</decile>
			<decile>  <!--   0..* Decile partitions   -->
				<nth value="30"/>
				<value value="164"/>
			</decile>
			<decile>  <!--   0..* Decile partitions   -->
				<nth value="40"/>
				<value value="173"/>
			</decile>
			<decile>  <!--   0..* Decile partitions   -->
				<nth value="50"/>
				<value value="184"/>
			</decile>
			<decile>  <!--   0..* Decile partitions   -->
				<nth value="60"/>
				<value value="194"/>
			</decile>
			<decile>  <!--   0..* Decile partitions   -->
				<nth value="70"/>
				<value value="205"/>
			</decile>
			<decile>  <!--   0..* Decile partitions   -->
				<nth value="80"/>
				<value value="219"/>
			</decile>
			<decile>  <!--   0..* Decile partitions   -->
				<nth value="90"/>
				<value value="245"/>
			</decile>
			<normalizedHigh value="199"/>
			<normalizedLow value="100"/>
			<fractionAboveNormal value="0.34"/>
			<fractionBelowNormal value="0.01"/>
		</scalarDistribution>
	</lab>
	<lab>
		<code>
			<coding>
				<system value="http://loinc.org"/>
				<code value="2085-9"/>
				<display value="Cholesterol in HDL [Mass/volume] in Serum or Plasma"/>
			</coding>
		</code>
		<count value="375"/>
		<frequencyPerYear value="0.5312"/><!--   0..1 Number of this lab per year   -->
		<fractionOfSubjects value="0.5609"/><!--   0..1 Percent of subjects with this lab   -->
		<scalarDistribution>  <!--   0..1 Numeric sample summary   -->
			<units>
				<unit value="mg/dL"/>
				<system value="http://unitsofmeasure.org"/>
				<code value="mg/dL"/>
			</units>
			<min value="11"/><!--   1..1 Minimum value   -->
			<max value="135"/><!--   1..1 Maximum value   -->
			<mean value="60.36"/><!--   1..1 Mean   -->
			<median value="59"/><!--   1..1 Median   -->
			<stdDev value="16.02"/><!--   1..1 Standard deviation   -->
			<decile>  <!--   0..* Decile partitions   -->
				<nth value="10"/>
				<value value="42"/>
			</decile>
			<decile>  <!--   0..* Decile partitions   -->
				<nth value="20"/>
				<value value="48"/>
			</decile>
			<decile>  <!--   0..* Decile partitions   -->
				<nth value="30"/>
				<value value="52"/>
			</decile>
			<decile>  <!--   0..* Decile partitions   -->
				<nth value="40"/>
				<value value="56"/>
			</decile>
			<decile>  <!--   0..* Decile partitions   -->
				<nth value="50"/>
				<value value="59"/>
			</decile>
			<decile>  <!--   0..* Decile partitions   -->
				<nth value="60"/>
				<value value="62"/>
			</decile>
			<decile>  <!--   0..* Decile partitions   -->
				<nth value="70"/>
				<value value="66"/>
			</decile>
			<decile>  <!--   0..* Decile partitions   -->
				<nth value="80"/>
				<value value="69"/>
			</decile>
			<decile>  <!--   0..* Decile partitions   -->
				<nth value="90"/>
				<value value="78"/>
			</decile>
			<normalizedHigh value="76"/>
			<normalizedLow value="36"/>
			<fractionAboveNormal value="0.12"/>
			<fractionBelowNormal value="0.02"/>
		</scalarDistribution>
	</lab>
	<lab>
		<code>
			<coding>
				<system value="http://loinc.org"/>
				<code value="2571-8"/>
				<display value="Triglyceride [Mass/volume] in Serum or Plasma"/>
			</coding>
		</code>
		<count value="372"/>
		<frequencyPerYear value="0.5269"/><!--   0..1 Number of this lab per year   -->
		<fractionOfSubjects value="0.5496"/><!--   0..1 Percent of subjects with this lab   -->
		<scalarDistribution>  <!--   0..1 Numeric sample summary   -->
			<units>
				<unit value="mg/dL"/>
				<system value="http://unitsofmeasure.org"/>
				<code value="mg/dL"/>
			</units>
			<min value="39"/><!--   1..1 Minimum value   -->
			<max value="580"/><!--   1..1 Maximum value   -->
			<mean value="140.82"/><!--   1..1 Mean   -->
			<median value="127"/><!--   1..1 Median   -->
			<stdDev value="67.81"/><!--   1..1 Standard deviation   -->
			<decile>  <!--   0..* Decile partitions   -->
				<nth value="10"/>
				<value value="69"/>
			</decile>
			<decile>  <!--   0..* Decile partitions   -->
				<nth value="20"/>
				<value value="83"/>
			</decile>
			<decile>  <!--   0..* Decile partitions   -->
				<nth value="30"/>
				<value value="99"/>
			</decile>
			<decile>  <!--   0..* Decile partitions   -->
				<nth value="40"/>
				<value value="111"/>
			</decile>
			<decile>  <!--   0..* Decile partitions   -->
				<nth value="50"/>
				<value value="127"/>
			</decile>
			<decile>  <!--   0..* Decile partitions   -->
				<nth value="60"/>
				<value value="142"/>
			</decile>
			<decile>  <!--   0..* Decile partitions   -->
				<nth value="70"/>
				<value value="161"/>
			</decile>
			<decile>  <!--   0..* Decile partitions   -->
				<nth value="80"/>
				<value value="186"/>
			</decile>
			<decile>  <!--   0..* Decile partitions   -->
				<nth value="90"/>
				<value value="223"/>
			</decile>
			<normalizedHigh value="149"/>
			<normalizedLow value="0"/>
			<fractionAboveNormal value="0.37"/>
			<fractionBelowNormal value="0"/>
		</scalarDistribution>
	</lab>
	<lab>
		<code>
			<coding>
				<system value="http://loinc.org"/>
				<code value="2777-1"/>
				<display value="Phosphate [Mass/volume] in Serum or Plasma"/>
			</coding>
		</code>
		<count value="375"/>
		<frequencyPerYear value="0.5312"/><!--   0..1 Number of this lab per year   -->
		<fractionOfSubjects value="0.1416"/><!--   0..1 Percent of subjects with this lab   -->
		<scalarDistribution>  <!--   0..1 Numeric sample summary   -->
			<units>
				<unit value="mg/dL"/>
				<system value="http://unitsofmeasure.org"/>
				<code value="mg/dL"/>
			</units>
			<min value="0.90"/><!--   1..1 Minimum value   -->
			<max value="8.40"/><!--   1..1 Maximum value   -->
			<mean value="3.48"/><!--   1..1 Mean   -->
			<median value="3.45"/><!--   1..1 Median   -->
			<stdDev value="0.95"/><!--   1..1 Standard deviation   -->
			<decile>  <!--   0..* Decile partitions   -->
				<nth value="10"/>
				<value value="2.40"/>
			</decile>
			<decile>  <!--   0..* Decile partitions   -->
				<nth value="20"/>
				<value value="2.80"/>
			</decile>
			<decile>  <!--   0..* Decile partitions   -->
				<nth value="30"/>
				<value value="3"/>
			</decile>
			<decile>  <!--   0..* Decile partitions   -->
				<nth value="40"/>
				<value value="3.30"/>
			</decile>
			<decile>  <!--   0..* Decile partitions   -->
				<nth value="50"/>
				<value value="3.50"/>
			</decile>
			<decile>  <!--   0..* Decile partitions   -->
				<nth value="60"/>
				<value value="3.60"/>
			</decile>
			<decile>  <!--   0..* Decile partitions   -->
				<nth value="70"/>
				<value value="3.90"/>
			</decile>
			<decile>  <!--   0..* Decile partitions   -->
				<nth value="80"/>
				<value value="4.10"/>
			</decile>
			<decile>  <!--   0..* Decile partitions   -->
				<nth value="90"/>
				<value value="4.60"/>
			</decile>
			<normalizedHigh value="4.5"/>
			<normalizedLow value="2.5"/>
			<fractionAboveNormal value="0.11"/>
			<fractionBelowNormal value="0.10"/>
		</scalarDistribution>
	</lab>
	<lab>
		<code>
			<coding>
				<system value="http://loinc.org"/>
				<code value="19254-2"/>
				<display value="Oxygen [Partial pressure] adjusted to patient's actual temperature in Blood"/>
			</coding>
		</code>
		<count value="317"/>
		<frequencyPerYear value="0.4490"/><!--   0..1 Number of this lab per year   -->
		<fractionOfSubjects value="0.0453"/><!--   0..1 Percent of subjects with this lab   -->
		<scalarDistribution>  <!--   0..1 Numeric sample summary   -->
			<units>
				<unit value="mmHg"/>
				<system value="http://unitsofmeasure.org"/>
				<code value="mmHg"/>
			</units>
			<min value="37"/><!--   1..1 Minimum value   -->
			<max value="402"/><!--   1..1 Maximum value   -->
			<mean value="120"/><!--   1..1 Mean   -->
			<median value="108"/><!--   1..1 Median   -->
			<stdDev value="54.12"/><!--   1..1 Standard deviation   -->
			<decile>  <!--   0..* Decile partitions   -->
				<nth value="10"/>
				<value value="74"/>
			</decile>
			<decile>  <!--   0..* Decile partitions   -->
				<nth value="20"/>
				<value value="83"/>
			</decile>
			<decile>  <!--   0..* Decile partitions   -->
				<nth value="30"/>
				<value value="90"/>
			</decile>
			<decile>  <!--   0..* Decile partitions   -->
				<nth value="40"/>
				<value value="97"/>
			</decile>
			<decile>  <!--   0..* Decile partitions   -->
				<nth value="50"/>
				<value value="108"/>
			</decile>
			<decile>  <!--   0..* Decile partitions   -->
				<nth value="60"/>
				<value value="118"/>
			</decile>
			<decile>  <!--   0..* Decile partitions   -->
				<nth value="70"/>
				<value value="127"/>
			</decile>
			<decile>  <!--   0..* Decile partitions   -->
				<nth value="80"/>
				<value value="144"/>
			</decile>
			<decile>  <!--   0..* Decile partitions   -->
				<nth value="90"/>
				<value value="165"/>
			</decile>
			<normalizedHigh value="100"/>
			<normalizedLow value="75"/>
			<fractionAboveNormal value="0.57"/>
			<fractionBelowNormal value="0.11"/>
		</scalarDistribution>
	</lab>
	<lab>
		<code>
			<coding>
				<system value="http://loinc.org"/>
				<code value="49701-6"/>
				<display value="pH of Blood adjusted to patient's actual temperature"/>
			</coding>
		</code>
		<count value="283"/>
		<frequencyPerYear value="0.4008"/><!--   0..1 Number of this lab per year   -->
		<fractionOfSubjects value="0.0453"/><!--   0..1 Percent of subjects with this lab   -->
		<scalarDistribution>  <!--   0..1 Numeric sample summary   -->
			<units>
				<unit value="UNK"/>
				<system value="http://unitsofmeasure.org"/>
				<code value="UNK"/>
			</units>
			<min value="6.92"/><!--   1..1 Minimum value   -->
			<max value="7.58"/><!--   1..1 Maximum value   -->
			<mean value="7.40"/><!--   1..1 Mean   -->
			<median value="7.40"/><!--   1..1 Median   -->
			<stdDev value="0.07"/><!--   1..1 Standard deviation   -->
			<decile>  <!--   0..* Decile partitions   -->
				<nth value="10"/>
				<value value="7.31"/>
			</decile>
			<decile>  <!--   0..* Decile partitions   -->
				<nth value="20"/>
				<value value="7.34"/>
			</decile>
			<decile>  <!--   0..* Decile partitions   -->
				<nth value="30"/>
				<value value="7.37"/>
			</decile>
			<decile>  <!--   0..* Decile partitions   -->
				<nth value="40"/>
				<value value="7.39"/>
			</decile>
			<decile>  <!--   0..* Decile partitions   -->
				<nth value="50"/>
				<value value="7.40"/>
			</decile>
			<decile>  <!--   0..* Decile partitions   -->
				<nth value="60"/>
				<value value="7.42"/>
			</decile>
			<decile>  <!--   0..* Decile partitions   -->
				<nth value="70"/>
				<value value="7.43"/>
			</decile>
			<decile>  <!--   0..* Decile partitions   -->
				<nth value="80"/>
				<value value="7.45"/>
			</decile>
			<decile>  <!--   0..* Decile partitions   -->
				<nth value="90"/>
				<value value="7.47"/>
			</decile>
			<normalizedHigh value="7.45"/>
			<normalizedLow value="7.35"/>
			<fractionAboveNormal value="0.24"/>
			<fractionBelowNormal value="0.24"/>
		</scalarDistribution>
	</lab>
	<lab>
		<code>
			<coding>
				<system value="http://loinc.org"/>
				<code value="34705-4"/>
				<display value="Carbon dioxide [Partial pressure] adjusted to patient's actual temperature in Blood"/>
			</coding>
		</code>
		<count value="278"/>
		<frequencyPerYear value="0.3938"/><!--   0..1 Number of this lab per year   -->
		<fractionOfSubjects value="0.0453"/><!--   0..1 Percent of subjects with this lab   -->
		<scalarDistribution>  <!--   0..1 Numeric sample summary   -->
			<units>
				<unit value="mmHg"/>
				<system value="http://unitsofmeasure.org"/>
				<code value="mmHg"/>
			</units>
			<min value="22"/><!--   1..1 Minimum value   -->
			<max value="78"/><!--   1..1 Maximum value   -->
			<mean value="40.55"/><!--   1..1 Mean   -->
			<median value="39"/><!--   1..1 Median   -->
			<stdDev value="7.14"/><!--   1..1 Standard deviation   -->
			<decile>  <!--   0..* Decile partitions   -->
				<nth value="10"/>
				<value value="33"/>
			</decile>
			<decile>  <!--   0..* Decile partitions   -->
				<nth value="20"/>
				<value value="35"/>
			</decile>
			<decile>  <!--   0..* Decile partitions   -->
				<nth value="30"/>
				<value value="37"/>
			</decile>
			<decile>  <!--   0..* Decile partitions   -->
				<nth value="40"/>
				<value value="38"/>
			</decile>
			<decile>  <!--   0..* Decile partitions   -->
				<nth value="50"/>
				<value value="39"/>
			</decile>
			<decile>  <!--   0..* Decile partitions   -->
				<nth value="60"/>
				<value value="41"/>
			</decile>
			<decile>  <!--   0..* Decile partitions   -->
				<nth value="70"/>
				<value value="42"/>
			</decile>
			<decile>  <!--   0..* Decile partitions   -->
				<nth value="80"/>
				<value value="44"/>
			</decile>
			<decile>  <!--   0..* Decile partitions   -->
				<nth value="90"/>
				<value value="49"/>
			</decile>
			<normalizedHigh value="45"/>
			<normalizedLow value="35"/>
			<fractionAboveNormal value="0.18"/>
			<fractionBelowNormal value="0.16"/>
		</scalarDistribution>
	</lab>
	<lab>
		<code>
			<coding>
				<system value="http://loinc.org"/>
				<code value="1959-6"/>
				<display value="Bicarbonate [Moles/volume] in Blood"/>
			</coding>
		</code>
		<count value="215"/>
		<frequencyPerYear value="0.3045"/><!--   0..1 Number of this lab per year   -->
		<fractionOfSubjects value="0.0425"/><!--   0..1 Percent of subjects with this lab   -->
		<scalarDistribution>  <!--   0..1 Numeric sample summary   -->
			<units>
				<unit value="mmol/L"/>
				<system value="http://unitsofmeasure.org"/>
				<code value="mmol/L"/>
			</units>
			<min value="11"/><!--   1..1 Minimum value   -->
			<max value="39"/><!--   1..1 Maximum value   -->
			<mean value="24.65"/><!--   1..1 Mean   -->
			<median value="24"/><!--   1..1 Median   -->
			<stdDev value="4.49"/><!--   1..1 Standard deviation   -->
			<decile>  <!--   0..* Decile partitions   -->
				<nth value="10"/>
				<value value="20"/>
			</decile>
			<decile>  <!--   0..* Decile partitions   -->
				<nth value="20"/>
				<value value="21"/>
			</decile>
			<decile>  <!--   0..* Decile partitions   -->
				<nth value="30"/>
				<value value="22"/>
			</decile>
			<decile>  <!--   0..* Decile partitions   -->
				<nth value="40"/>
				<value value="23"/>
			</decile>
			<decile>  <!--   0..* Decile partitions   -->
				<nth value="50"/>
				<value value="24"/>
			</decile>
			<decile>  <!--   0..* Decile partitions   -->
				<nth value="60"/>
				<value value="25"/>
			</decile>
			<decile>  <!--   0..* Decile partitions   -->
				<nth value="70"/>
				<value value="26"/>
			</decile>
			<decile>  <!--   0..* Decile partitions   -->
				<nth value="80"/>
				<value value="28"/>
			</decile>
			<decile>  <!--   0..* Decile partitions   -->
				<nth value="90"/>
				<value value="31"/>
			</decile>
			<normalizedHigh value="26"/>
			<normalizedLow value="22"/>
			<fractionAboveNormal value="0.27"/>
			<fractionBelowNormal value="0.23"/>
		</scalarDistribution>
	</lab>
	<lab>
		<code>
			<coding>
				<system value="http://loinc.org"/>
				<code value="19996-8"/>
				<display value="Oxygen/Inspired gas Respiratory system --on ventilator"/>
			</coding>
		</code>
		<count value="183"/>
		<frequencyPerYear value="0.2592"/><!--   0..1 Number of this lab per year   -->
		<fractionOfSubjects value="0.0482"/><!--   0..1 Percent of subjects with this lab   -->
		<scalarDistribution>  <!--   0..1 Numeric sample summary   -->
			<units>
				<unit value="%"/>
				<system value="http://unitsofmeasure.org"/>
				<code value="%"/>
			</units>
			<min value="1"/><!--   1..1 Minimum value   -->
			<max value="100"/><!--   1..1 Maximum value   -->
			<mean value="46.43"/><!--   1..1 Mean   -->
			<median value="40"/><!--   1..1 Median   -->
			<stdDev value="23.00"/><!--   1..1 Standard deviation   -->
			<decile>  <!--   0..* Decile partitions   -->
				<nth value="10"/>
				<value value="21"/>
			</decile>
			<decile>  <!--   0..* Decile partitions   -->
				<nth value="20"/>
				<value value="30"/>
			</decile>
			<decile>  <!--   0..* Decile partitions   -->
				<nth value="30"/>
				<value value="37"/>
			</decile>
			<decile>  <!--   0..* Decile partitions   -->
				<nth value="40"/>
				<value value="40"/>
			</decile>
			<decile>  <!--   0..* Decile partitions   -->
				<nth value="50"/>
				<value value="40"/>
			</decile>
			<decile>  <!--   0..* Decile partitions   -->
				<nth value="60"/>
				<value value="40"/>
			</decile>
			<decile>  <!--   0..* Decile partitions   -->
				<nth value="70"/>
				<value value="40"/>
			</decile>
			<decile>  <!--   0..* Decile partitions   -->
				<nth value="80"/>
				<value value="60"/>
			</decile>
			<decile>  <!--   0..* Decile partitions   -->
				<nth value="90"/>
				<value value="98"/>
			</decile>
		</scalarDistribution>
	</lab>
	<lab>
		<code>
			<coding>
				<system value="http://loinc.org"/>
				<code value="737-7"/>
				<display value="Lymphocytes/100 leukocytes in Blood by Manual count"/>
			</coding>
		</code>
		<count value="153"/>
		<frequencyPerYear value="0.2167"/><!--   0..1 Number of this lab per year   -->
		<fractionOfSubjects value="0.0850"/><!--   0..1 Percent of subjects with this lab   -->
		<scalarDistribution>  <!--   0..1 Numeric sample summary   -->
			<units>
				<unit value="%"/>
				<system value="http://unitsofmeasure.org"/>
				<code value="%"/>
			</units>
			<min value="0"/><!--   1..1 Minimum value   -->
			<max value="79"/><!--   1..1 Maximum value   -->
			<mean value="21.63"/><!--   1..1 Mean   -->
			<median value="18"/><!--   1..1 Median   -->
			<stdDev value="16.61"/><!--   1..1 Standard deviation   -->
			<decile>  <!--   0..* Decile partitions   -->
				<nth value="10"/>
				<value value="4"/>
			</decile>
			<decile>  <!--   0..* Decile partitions   -->
				<nth value="20"/>
				<value value="8"/>
			</decile>
			<decile>  <!--   0..* Decile partitions   -->
				<nth value="30"/>
				<value value="10"/>
			</decile>
			<decile>  <!--   0..* Decile partitions   -->
				<nth value="40"/>
				<value value="15"/>
			</decile>
			<decile>  <!--   0..* Decile partitions   -->
				<nth value="50"/>
				<value value="18"/>
			</decile>
			<decile>  <!--   0..* Decile partitions   -->
				<nth value="60"/>
				<value value="23"/>
			</decile>
			<decile>  <!--   0..* Decile partitions   -->
				<nth value="70"/>
				<value value="26"/>
			</decile>
			<decile>  <!--   0..* Decile partitions   -->
				<nth value="80"/>
				<value value="30"/>
			</decile>
			<decile>  <!--   0..* Decile partitions   -->
				<nth value="90"/>
				<value value="50"/>
			</decile>
			<normalizedHigh value="44"/>
			<normalizedLow value="24"/>
			<fractionAboveNormal value="0.11"/>
			<fractionBelowNormal value="0.62"/>
		</scalarDistribution>
	</lab>
	<lab>
		<code>
			<coding>
				<system value="http://loinc.org"/>
				<code value="744-3"/>
				<display value="Monocytes/100 leukocytes in Blood by Manual count"/>
			</coding>
		</code>
		<count value="152"/>
		<frequencyPerYear value="0.2153"/><!--   0..1 Number of this lab per year   -->
		<fractionOfSubjects value="0.0850"/><!--   0..1 Percent of subjects with this lab   -->
		<scalarDistribution>  <!--   0..1 Numeric sample summary   -->
			<units>
				<unit value="%"/>
				<system value="http://unitsofmeasure.org"/>
				<code value="%"/>
			</units>
			<min value="0"/><!--   1..1 Minimum value   -->
			<max value="34"/><!--   1..1 Maximum value   -->
			<mean value="5.59"/><!--   1..1 Mean   -->
			<median value="4"/><!--   1..1 Median   -->
			<stdDev value="6.58"/><!--   1..1 Standard deviation   -->
			<decile>  <!--   0..* Decile partitions   -->
				<nth value="10"/>
				<value value="0"/>
			</decile>
			<decile>  <!--   0..* Decile partitions   -->
				<nth value="20"/>
				<value value="0"/>
			</decile>
			<decile>  <!--   0..* Decile partitions   -->
				<nth value="30"/>
				<value value="1"/>
			</decile>
			<decile>  <!--   0..* Decile partitions   -->
				<nth value="40"/>
				<value value="3"/>
			</decile>
			<decile>  <!--   0..* Decile partitions   -->
				<nth value="50"/>
				<value value="4"/>
			</decile>
			<decile>  <!--   0..* Decile partitions   -->
				<nth value="60"/>
				<value value="5"/>
			</decile>
			<decile>  <!--   0..* Decile partitions   -->
				<nth value="70"/>
				<value value="7"/>
			</decile>
			<decile>  <!--   0..* Decile partitions   -->
				<nth value="80"/>
				<value value="9"/>
			</decile>
			<decile>  <!--   0..* Decile partitions   -->
				<nth value="90"/>
				<value value="13"/>
			</decile>
			<normalizedHigh value="12"/>
			<normalizedLow value="1"/>
			<fractionAboveNormal value="0.11"/>
			<fractionBelowNormal value="0.22"/>
		</scalarDistribution>
	</lab>
	<lab>
		<code>
			<coding>
				<system value="http://loinc.org"/>
				<code value="714-6"/>
				<display value="Eosinophils/100 leukocytes in Blood by Manual count"/>
			</coding>
		</code>
		<count value="150"/>
		<frequencyPerYear value="0.2125"/><!--   0..1 Number of this lab per year   -->
		<fractionOfSubjects value="0.0850"/><!--   0..1 Percent of subjects with this lab   -->
		<scalarDistribution>  <!--   0..1 Numeric sample summary   -->
			<units>
				<unit value="%"/>
				<system value="http://unitsofmeasure.org"/>
				<code value="%"/>
			</units>
			<min value="0"/><!--   1..1 Minimum value   -->
			<max value="30"/><!--   1..1 Maximum value   -->
			<mean value="2.37"/><!--   1..1 Mean   -->
			<median value="1"/><!--   1..1 Median   -->
			<stdDev value="3.65"/><!--   1..1 Standard deviation   -->
			<decile>  <!--   0..* Decile partitions   -->
				<nth value="10"/>
				<value value="0"/>
			</decile>
			<decile>  <!--   0..* Decile partitions   -->
				<nth value="20"/>
				<value value="0"/>
			</decile>
			<decile>  <!--   0..* Decile partitions   -->
				<nth value="30"/>
				<value value="0"/>
			</decile>
			<decile>  <!--   0..* Decile partitions   -->
				<nth value="40"/>
				<value value="0"/>
			</decile>
			<decile>  <!--   0..* Decile partitions   -->
				<nth value="50"/>
				<value value="1"/>
			</decile>
			<decile>  <!--   0..* Decile partitions   -->
				<nth value="60"/>
				<value value="2"/>
			</decile>
			<decile>  <!--   0..* Decile partitions   -->
				<nth value="70"/>
				<value value="3"/>
			</decile>
			<decile>  <!--   0..* Decile partitions   -->
				<nth value="80"/>
				<value value="4"/>
			</decile>
			<decile>  <!--   0..* Decile partitions   -->
				<nth value="90"/>
				<value value="6"/>
			</decile>
			<normalizedHigh value="7"/>
			<normalizedLow value="0"/>
			<fractionAboveNormal value="0.07"/>
			<fractionBelowNormal value="0"/>
		</scalarDistribution>
	</lab>
	<lab>
		<code>
			<coding>
				<system value="http://loinc.org"/>
				<code value="706-2"/>
				<display value="Basophils/100 leukocytes in Blood by Automated count"/>
			</coding>
		</code>
		<count value="131"/>
		<frequencyPerYear value="0.1856"/><!--   0..1 Number of this lab per year   -->
		<fractionOfSubjects value="0.0623"/><!--   0..1 Percent of subjects with this lab   -->
		<scalarDistribution>  <!--   0..1 Numeric sample summary   -->
			<units>
				<unit value="%"/>
				<system value="http://unitsofmeasure.org"/>
				<code value="%"/>
			</units>
			<min value="0"/><!--   1..1 Minimum value   -->
			<max value="3"/><!--   1..1 Maximum value   -->
			<mean value="0.33"/><!--   1..1 Mean   -->
			<median value="0"/><!--   1..1 Median   -->
			<stdDev value="0.52"/><!--   1..1 Standard deviation   -->
			<decile>  <!--   0..* Decile partitions   -->
				<nth value="10"/>
				<value value="0"/>
			</decile>
			<decile>  <!--   0..* Decile partitions   -->
				<nth value="20"/>
				<value value="0"/>
			</decile>
			<decile>  <!--   0..* Decile partitions   -->
				<nth value="30"/>
				<value value="0"/>
			</decile>
			<decile>  <!--   0..* Decile partitions   -->
				<nth value="40"/>
				<value value="0"/>
			</decile>
			<decile>  <!--   0..* Decile partitions   -->
				<nth value="50"/>
				<value value="0"/>
			</decile>
			<decile>  <!--   0..* Decile partitions   -->
				<nth value="60"/>
				<value value="0"/>
			</decile>
			<decile>  <!--   0..* Decile partitions   -->
				<nth value="70"/>
				<value value="1"/>
			</decile>
			<decile>  <!--   0..* Decile partitions   -->
				<nth value="80"/>
				<value value="1"/>
			</decile>
			<decile>  <!--   0..* Decile partitions   -->
				<nth value="90"/>
				<value value="1"/>
			</decile>
			<normalizedHigh value="1.0"/>
			<normalizedLow value="0.0"/>
			<fractionAboveNormal value="0.01"/>
			<fractionBelowNormal value="0"/>
		</scalarDistribution>
	</lab>
	<lab>
		<code>
			<coding>
				<system value="http://loinc.org"/>
				<code value="736-9"/>
				<display value="Lymphocytes/100 leukocytes in Blood by Automated count"/>
			</coding>
		</code>
		<count value="32"/>
		<frequencyPerYear value="0.0453"/><!--   0..1 Number of this lab per year   -->
		<fractionOfSubjects value="0.0623"/><!--   0..1 Percent of subjects with this lab   -->
		<scalarDistribution>  <!--   0..1 Numeric sample summary   -->
			<units>
				<unit value="%"/>
				<system value="http://unitsofmeasure.org"/>
				<code value="%"/>
			</units>
			<min value="16.10"/><!--   1..1 Minimum value   -->
			<max value="43"/><!--   1..1 Maximum value   -->
			<mean value="30.88"/><!--   1..1 Mean   -->
			<median value="31.40"/><!--   1..1 Median   -->
			<stdDev value="6.90"/><!--   1..1 Standard deviation   -->
			<decile>  <!--   0..* Decile partitions   -->
				<nth value="10"/>
				<value value="20.50"/>
			</decile>
			<decile>  <!--   0..* Decile partitions   -->
				<nth value="20"/>
				<value value="23.40"/>
			</decile>
			<decile>  <!--   0..* Decile partitions   -->
				<nth value="30"/>
				<value value="27.20"/>
			</decile>
			<decile>  <!--   0..* Decile partitions   -->
				<nth value="40"/>
				<value value="28.20"/>
			</decile>
			<decile>  <!--   0..* Decile partitions   -->
				<nth value="50"/>
				<value value="31.40"/>
			</decile>
			<decile>  <!--   0..* Decile partitions   -->
				<nth value="60"/>
				<value value="31.90"/>
			</decile>
			<decile>  <!--   0..* Decile partitions   -->
				<nth value="70"/>
				<value value="34.10"/>
			</decile>
			<decile>  <!--   0..* Decile partitions   -->
				<nth value="80"/>
				<value value="36.80"/>
			</decile>
			<decile>  <!--   0..* Decile partitions   -->
				<nth value="90"/>
				<value value="40.10"/>
			</decile>
		</scalarDistribution>
	</lab>
</ClinicalProfile>