<?xml version="1.0" encoding="UTF-8"?><ClinicalProfile xmlns="http://hl7.org/fhir">
	<!--   from Resource: id, meta, implicitRules, and language   -->
	<!--   from DomainResource: text, contained, extension, and modifierExtension   -->
	<id value="jhu-diabetes-profile-27-diagnoses"/>
	<meta>
    <security>
      <system value="http://terminology.hl7.org/CodeSystem/v3-ActReason"/>
      <code value="HTEST"/>
      <display value="test health data"/>
    </security>
  </meta>
  <text>
		<status value="generated"/>
		<div xmlns="http://www.w3.org/1999/xhtml">
			<p>Selected diagnoses for Male, White or Caucasian patients aged 18-44 seen as either outpatients or inpatients at Johns Hopkins Hospital, JHCP, and Bayview between 3/1/2016 and 3/1/2018 having a diagnosis of diabetes recorded on the problem list or as an encounter diagnosis.
			</p>
		</div>
	</text>
	<identifier>
		<value value="urn:uuid:2AD7B952-0119-B1B8-8EEF2FA6AADD2203"/>
	</identifier>
	<status value="draft"/><!--   1..1 complete | draft | error   -->
	<population>
		<reference value="Group/diabetes-population-jhu2"/>
	</population>
	<cohort>
		<reference value="Group/diabetes-sample-27-cohort-jhu2"/>
		<display value="White or Caucasian Male aged 18-44"/> 
	</cohort>
	<date value="2018-09-13T00:00:00Z"/><!--   0..1 When the profile was generated   -->
	<source>
		<value value="http://ictrweb.johnshopkins.edu/ictr/synthetic/includes/clinical_profiles.cfm"/>
	</source>
	<reporter>
		<reference value="Organization/JHM"/>
		<type value="Organization"/>
		<display value="Johns Hopkins School of Medicine"/>
	</reporter>
	<diagnosis> 
		<code> 
			<coding> 
				<system value="http://hl7.org/fhir/sid/icd-10"/>
				<code value="E11.9"/> 
				<display value="DMII (diabetes mellitus, type 2)"/> 
			</coding> 
		</code> 
		<count value="790"/> 
	</diagnosis>
	<diagnosis> 
		<code> 
			<coding> 
				<system value="http://hl7.org/fhir/sid/icd-10"/>
				<code value="I10"/> 
				<display value="Benign hypertension"/> 
			</coding> 
		</code> 
		<count value="588"/> 
	</diagnosis>
	<diagnosis> 
		<code> 
			<coding> 
				<system value="http://hl7.org/fhir/sid/icd-10"/>
				<code value="Z00.00"/> 
				<display value="Blood tests for routine general physical examination"/> 
			</coding> 
		</code> 
		<count value="401"/> 
	</diagnosis>
	<diagnosis> 
		<code> 
			<coding> 
				<system value="http://hl7.org/fhir/sid/icd-10"/>
				<code value="E10.9"/> 
				<display value="Type I diabetes mellitus"/> 
			</coding> 
		</code> 
		<count value="363"/> 
	</diagnosis>
	<diagnosis> 
		<code> 
			<coding> 
				<system value="http://hl7.org/fhir/sid/icd-10"/>
				<code value="E66.9"/> 
				<display value="Obesity, Class II, BMI 35-39.9, with comorbidity"/> 
			</coding> 
		</code> 
		<count value="277"/> 
	</diagnosis>
	<diagnosis> 
		<code> 
			<coding> 
				<system value="http://hl7.org/fhir/sid/icd-10"/>
				<code value="E78.5"/> 
				<display value="Dyslipidemia, goal LDL below 100"/> 
			</coding> 
		</code> 
		<count value="260"/> 
	</diagnosis>
	<diagnosis> 
		<code> 
			<coding> 
				<system value="http://hl7.org/fhir/sid/icd-10"/>
				<code value="E66.01"/> 
				<display value="Morbid (severe) obesity due to excess calories"/> 
			</coding> 
		</code> 
		<count value="174"/> 
	</diagnosis>
	<diagnosis> 
		<code> 
			<coding> 
				<system value="http://hl7.org/fhir/sid/icd-10"/>
				<code value="K21.9"/> 
				<display value="Reflux"/> 
			</coding> 
		</code> 
		<count value="173"/> 
	</diagnosis>
	<diagnosis> 
		<code> 
			<coding> 
				<system value="http://hl7.org/fhir/sid/icd-10"/>
				<code value="E55.9"/> 
				<display value="Low vitamin D level"/> 
			</coding> 
		</code> 
		<count value="171"/> 
	</diagnosis>
	<diagnosis> 
		<code> 
			<coding> 
				<system value="http://hl7.org/fhir/sid/icd-10"/>
				<code value="E10.65"/> 
				<display value="Diabetes type 1, uncontrolled"/> 
			</coding> 
		</code> 
		<count value="164"/> 
	</diagnosis>
	<diagnosis> 
		<code> 
			<coding> 
				<system value="http://hl7.org/fhir/sid/icd-10"/>
				<code value="E78.2"/> 
				<display value="Mixed dyslipidemia"/> 
			</coding> 
		</code> 
		<count value="161"/> 
	</diagnosis>
	<diagnosis> 
		<code> 
			<coding> 
				<system value="http://hl7.org/fhir/sid/icd-10"/>
				<code value="G47.33"/> 
				<display value="Moderate obstructive sleep apnea"/> 
			</coding> 
		</code> 
		<count value="155"/> 
	</diagnosis>
	<diagnosis> 
		<code> 
			<coding> 
				<system value="http://hl7.org/fhir/sid/icd-10"/>
				<code value="F32.9"/> 
				<display value="Depressed mood"/> 
			</coding> 
		</code> 
		<count value="129"/> 
	</diagnosis>
	<diagnosis> 
		<code> 
			<coding> 
				<system value="http://hl7.org/fhir/sid/icd-10"/>
				<code value="E11.65"/> 
				<display value="Type II or unspecified type diabetes mellitus with renal manifestations, uncontrolled(250.42)"/> 
			</coding> 
		</code> 
		<count value="122"/> 
	</diagnosis>
	<diagnosis> 
		<code> 
			<coding> 
				<system value="http://hl7.org/fhir/sid/icd-10"/>
				<code value="J30.9"/> 
				<display value="Atopic rhinitis"/> 
			</coding> 
		</code> 
		<count value="101"/> 
	</diagnosis>
	<diagnosis> 
		<code> 
			<coding> 
				<system value="http://hl7.org/fhir/sid/icd-10"/>
				<code value="E78.00"/> 
				<display value="Elevated LDL cholesterol level"/> 
			</coding> 
		</code> 
		<count value="99"/> 
	</diagnosis>
	<diagnosis> 
		<code> 
			<coding> 
				<system value="http://hl7.org/fhir/sid/icd-10"/>
				<code value="F41.9"/> 
				<display value="Chronic anxiety"/> 
			</coding> 
		</code> 
		<count value="98"/> 
	</diagnosis>
	<diagnosis> 
		<code> 
			<coding> 
				<system value="http://hl7.org/fhir/sid/icd-10"/>
				<code value="G89.29"/> 
				<display value="Back pain, chronic"/> 
			</coding> 
		</code> 
		<count value="88"/> 
	</diagnosis>
	<diagnosis> 
		<code> 
			<coding> 
				<system value="http://hl7.org/fhir/sid/icd-10"/>
				<code value="E03.9"/> 
				<display value="Hypothyroidism in adult"/> 
			</coding> 
		</code> 
		<count value="87"/> 
	</diagnosis>
	<diagnosis> 
		<code> 
			<coding> 
				<system value="http://hl7.org/fhir/sid/icd-10"/>
				<code value="Z79.4"/> 
				<display value="Type 2 diabetes mellitus with both eyes affected by mild nonproliferative retinopathy without macular edema, with long-term current use of insulin"/> 
			</coding> 
		</code> 
		<count value="85"/> 
	</diagnosis>
	<diagnosis> 
		<code> 
			<coding> 
				<system value="http://hl7.org/fhir/sid/icd-10"/>
				<code value="R80.9"/> 
				<display value="Nephrotic range proteinuria"/> 
			</coding> 
		</code> 
		<count value="83"/> 
	</diagnosis>
	<diagnosis> 
		<code> 
			<coding> 
				<system value="http://hl7.org/fhir/sid/icd-10"/>
				<code value="M54.5"/> 
				<display value="Bilateral low back pain without sciatica"/> 
			</coding> 
		</code> 
		<count value="81"/> 
	</diagnosis>
	<diagnosis> 
		<code> 
			<coding> 
				<system value="http://hl7.org/fhir/sid/icd-10"/>
				<code value="F17.200"/> 
				<display value="Nicotine dependence"/> 
			</coding> 
		</code> 
		<count value="79"/> 
	</diagnosis>
	<diagnosis> 
		<code> 
			<coding> 
				<system value="http://hl7.org/fhir/sid/icd-10"/>
				<code value="G47.30"/> 
				<display value="Mild sleep apnea"/> 
			</coding> 
		</code> 
		<count value="76"/> 
	</diagnosis>
	<diagnosis> 
		<code> 
			<coding> 
				<system value="http://hl7.org/fhir/sid/icd-10"/>
				<code value="H52.13"/> 
				<display value="High myopia, bilateral"/> 
			</coding> 
		</code> 
		<count value="76"/> 
	</diagnosis>
	<diagnosis> 
		<code> 
			<coding> 
				<system value="http://hl7.org/fhir/sid/icd-10"/>
				<code value="R79.89"/> 
				<display value="LFT elevation"/> 
			</coding> 
		</code> 
		<count value="75"/> 
	</diagnosis>
	<diagnosis> 
		<code> 
			<coding> 
				<system value="http://hl7.org/fhir/sid/icd-10"/>
				<code value="E78.1"/> 
				<display value="High triglycerides"/> 
			</coding> 
		</code> 
		<count value="71"/> 
	</diagnosis>
	<diagnosis> 
		<code> 
			<coding> 
				<system value="http://hl7.org/fhir/sid/icd-10"/>
				<code value="N52.9"/> 
				<display value="Organic erectile dysfunction"/> 
			</coding> 
		</code> 
		<count value="67"/> 
	</diagnosis>
	<diagnosis> 
		<code> 
			<coding> 
				<system value="http://hl7.org/fhir/sid/icd-10"/>
				<code value="Z72.0"/> 
				<display value="Tobacco user"/> 
			</coding> 
		</code> 
		<count value="64"/> 
	</diagnosis>
	<diagnosis> 
		<code> 
			<coding> 
				<system value="http://hl7.org/fhir/sid/icd-10"/>
				<code value="M54.9"/> 
				<display value="Back pain, chronic"/> 
			</coding> 
		</code> 
		<count value="60"/> 
	</diagnosis>
	<diagnosis> 
		<code> 
			<coding> 
				<system value="http://hl7.org/fhir/sid/icd-10"/>
				<code value="J45.909"/> 
				<display value="Extrinsic asthma"/> 
			</coding> 
		</code> 
		<count value="60"/> 
	</diagnosis>
	<diagnosis> 
		<code> 
			<coding> 
				<system value="http://hl7.org/fhir/sid/icd-10"/>
				<code value="R74.0"/> 
				<display value="Elevated ALT measurement"/> 
			</coding> 
		</code> 
		<count value="59"/> 
	</diagnosis>
	<diagnosis> 
		<code> 
			<coding> 
				<system value="http://hl7.org/fhir/sid/icd-10"/>
				<code value="R07.9"/> 
				<display value="Chest pain with high risk for cardiac etiology"/> 
			</coding> 
		</code> 
		<count value="54"/> 
	</diagnosis>
	<diagnosis> 
		<code> 
			<coding> 
				<system value="http://hl7.org/fhir/sid/icd-10"/>
				<code value="K76.0"/> 
				<display value="Nonalcoholic fatty liver disease"/> 
			</coding> 
		</code> 
		<count value="53"/> 
	</diagnosis>
	<diagnosis> 
		<code> 
			<coding> 
				<system value="http://hl7.org/fhir/sid/icd-10"/>
				<code value="N18.6"/> 
				<display value="End-stage renal disease"/> 
			</coding> 
		</code> 
		<count value="52"/> 
	</diagnosis>
	<diagnosis> 
		<code> 
			<coding> 
				<system value="http://hl7.org/fhir/sid/icd-10"/>
				<code value="Z98.890"/> 
				<display value="S/P YAG capsulotomy, left"/> 
			</coding> 
		</code> 
		<count value="52"/> 
	</diagnosis>
	<diagnosis> 
		<code> 
			<coding> 
				<system value="http://hl7.org/fhir/sid/icd-10"/>
				<code value="H52.203"/> 
				<display value="Myopic astigmatism of both eyes"/> 
			</coding> 
		</code> 
		<count value="51"/> 
	</diagnosis>
	<diagnosis> 
		<code> 
			<coding> 
				<system value="http://hl7.org/fhir/sid/icd-10"/>
				<code value="E66.09"/> 
				<display value="Obesity due to excess calories with serious comorbidity"/> 
			</coding> 
		</code> 
		<count value="51"/> 
	</diagnosis>
	<diagnosis> 
		<code> 
			<coding> 
				<system value="http://hl7.org/fhir/sid/icd-10"/>
				<code value="H52.10"/> 
				<display value="Myopic astigmatism"/> 
			</coding> 
		</code> 
		<count value="50"/> 
	</diagnosis>
	<diagnosis> 
		<code> 
			<coding> 
				<system value="http://hl7.org/fhir/sid/icd-10"/>
				<code value="I25.10"/> 
				<display value="Coronary artery calcification"/> 
			</coding> 
		</code> 
		<count value="49"/> 
	</diagnosis>
	<diagnosis> 
		<code> 
			<coding> 
				<system value="http://hl7.org/fhir/sid/icd-10"/>
				<code value="R10.9"/> 
				<display value="Right flank pain"/> 
			</coding> 
		</code> 
		<count value="48"/> 
	</diagnosis>
	<diagnosis> 
		<code> 
			<coding> 
				<system value="http://hl7.org/fhir/sid/icd-10"/>
				<code value="H52.209"/> 
				<display value="Myopic astigmatism"/> 
			</coding> 
		</code> 
		<count value="48"/> 
	</diagnosis>
	<diagnosis> 
		<code> 
			<coding> 
				<system value="http://hl7.org/fhir/sid/icd-10"/>
				<code value="E10.649"/> 
				<display value="Hypoglycemia due to type 1 diabetes mellitus"/> 
			</coding> 
		</code> 
		<count value="46"/> 
	</diagnosis>
	<diagnosis> 
		<code> 
			<coding> 
				<system value="http://hl7.org/fhir/sid/icd-10"/>
				<code value="Z94.0"/> 
				<display value="Kidney transplant status, living related donor"/> 
			</coding> 
		</code> 
		<count value="44"/> 
	</diagnosis>
	<diagnosis> 
		<code> 
			<coding> 
				<system value="http://hl7.org/fhir/sid/icd-10"/>
				<code value="H52.4"/> 
				<display value="Myopia with astigmatism and presbyopia, left"/> 
			</coding> 
		</code> 
		<count value="44"/> 
	</diagnosis>
	<diagnosis> 
		<code> 
			<coding> 
				<system value="http://hl7.org/fhir/sid/icd-10"/>
				<code value="F41.1"/> 
				<display value="Anxiety, generalized"/> 
			</coding> 
		</code> 
		<count value="44"/> 
	</diagnosis>
	<diagnosis> 
		<code> 
			<coding> 
				<system value="http://hl7.org/fhir/sid/icd-10"/>
				<code value="N20.0"/> 
				<display value="Renal stone"/> 
			</coding> 
		</code> 
		<count value="42"/> 
	</diagnosis>
	<diagnosis> 
		<code> 
			<coding> 
				<system value="http://hl7.org/fhir/sid/icd-10"/>
				<code value="R03.0"/> 
				<display value="Elevated BP without diagnosis of hypertension"/> 
			</coding> 
		</code> 
		<count value="39"/> 
	</diagnosis>
	<diagnosis> 
		<code> 
			<coding> 
				<system value="http://hl7.org/fhir/sid/icd-10"/>
				<code value="M10.9"/> 
				<display value="Gout, unspecified cause, unspecified chronicity, unspecified site"/> 
			</coding> 
		</code> 
		<count value="38"/> 
	</diagnosis>
	<diagnosis> 
		<code> 
			<coding> 
				<system value="http://hl7.org/fhir/sid/icd-10"/>
				<code value="R05"/> 
				<display value="Cough due to ACE inhibitor"/> 
			</coding> 
		</code> 
		<count value="38"/> 
	</diagnosis>
	<diagnosis> 
		<code> 
			<coding> 
				<system value="http://hl7.org/fhir/sid/icd-10"/>
				<code value="IMO0002"/> 
				<display value="Cataract, nuclear, bilateral"/> 
			</coding> 
		</code> 
		<count value="38"/> 
	</diagnosis>
	<diagnosis> 
		<code> 
			<coding> 
				<system value="http://hl7.org/fhir/sid/icd-10"/>
				<code value="R53.83"/> 
				<display value="Lethargy"/> 
			</coding> 
		</code> 
		<count value="37"/> 
	</diagnosis>
	<diagnosis> 
		<code> 
			<coding> 
				<system value="http://hl7.org/fhir/sid/icd-10"/>
				<code value="E84.9"/> 
				<display value="CF (cystic fibrosis)"/> 
			</coding> 
		</code> 
		<count value="37"/> 
	</diagnosis>
	<diagnosis> 
		<code> 
			<coding> 
				<system value="http://hl7.org/fhir/sid/icd-10"/>
				<code value="Z01.818"/> 
				<display value="Preop testing"/> 
			</coding> 
		</code> 
		<count value="35"/> 
	</diagnosis>
	<diagnosis> 
		<code> 
			<coding> 
				<system value="http://hl7.org/fhir/sid/icd-10"/>
				<code value="E88.81"/> 
				<display value="Metabolic syndrome X"/> 
			</coding> 
		</code> 
		<count value="35"/> 
	</diagnosis>
	<diagnosis> 
		<code> 
			<coding> 
				<system value="http://hl7.org/fhir/sid/icd-10"/>
				<code value="F31.9"/> 
				<display value="Bipolar disorder, unspecified"/> 
			</coding> 
		</code> 
		<count value="35"/> 
	</diagnosis>
	<diagnosis> 
		<code> 
			<coding> 
				<system value="http://hl7.org/fhir/sid/icd-10"/>
				<code value="E66.3"/> 
				<display value="Overweight with body mass index (BMI) 25.0-29.9"/> 
			</coding> 
		</code> 
		<count value="34"/> 
	</diagnosis>
	<diagnosis> 
		<code> 
			<coding> 
				<system value="http://hl7.org/fhir/sid/icd-10"/>
				<code value="G47.00"/> 
				<display value="Persistent disorder of initiating or maintaining sleep"/> 
			</coding> 
		</code> 
		<count value="34"/> 
	</diagnosis>
	<diagnosis> 
		<code> 
			<coding> 
				<system value="http://hl7.org/fhir/sid/icd-10"/>
				<code value="E11.8"/> 
				<display value="Type II or unspecified type diabetes mellitus with unspecified complication, not stated as uncontrolled"/> 
			</coding> 
		</code> 
		<count value="33"/> 
	</diagnosis>
	<diagnosis> 
		<code> 
			<coding> 
				<system value="http://hl7.org/fhir/sid/icd-10"/>
				<code value="R73.9"/> 
				<display value="Elevated blood sugar"/> 
			</coding> 
		</code> 
		<count value="32"/> 
	</diagnosis>
	<diagnosis> 
		<code> 
			<coding> 
				<system value="http://hl7.org/fhir/sid/icd-10"/>
				<code value="R74.8"/> 
				<display value="Elevated troponin I level"/> 
			</coding> 
		</code> 
		<count value="32"/> 
	</diagnosis>
	<diagnosis> 
		<code> 
			<coding> 
				<system value="http://hl7.org/fhir/sid/icd-10"/>
				<code value="R00.0"/> 
				<display value="POTS (postural orthostatic tachycardia syndrome)"/> 
			</coding> 
		</code> 
		<count value="32"/> 
	</diagnosis>
	<diagnosis> 
		<code> 
			<coding> 
				<system value="http://hl7.org/fhir/sid/icd-10"/>
				<code value="E10.10"/> 
				<display value="DKA, type 1"/> 
			</coding> 
		</code> 
		<count value="32"/> 
	</diagnosis>
	<diagnosis> 
		<code> 
			<coding> 
				<system value="http://hl7.org/fhir/sid/icd-10"/>
				<code value="Z79.899"/> 
				<display value="Long term current use of immunosuppressive drug"/> 
			</coding> 
		</code> 
		<count value="31"/> 
	</diagnosis>
	<diagnosis> 
		<code> 
			<coding> 
				<system value="http://hl7.org/fhir/sid/icd-10"/>
				<code value="N17.9"/> 
				<display value="Acute kidney failure, unspecified"/> 
			</coding> 
		</code> 
		<count value="31"/> 
	</diagnosis>
	<diagnosis> 
		<code> 
			<coding> 
				<system value="http://hl7.org/fhir/sid/icd-10"/>
				<code value="D64.9"/> 
				<display value="Mild anemia"/> 
			</coding> 
		</code> 
		<count value="30"/> 
	</diagnosis>
	<diagnosis> 
		<code> 
			<coding> 
				<system value="http://hl7.org/fhir/sid/icd-10"/>
				<code value="F90.9"/> 
				<display value="Attention deficit disorder with hyperactivity(314.01)"/> 
			</coding> 
		</code> 
		<count value="29"/> 
	</diagnosis>
	<diagnosis> 
		<code> 
			<coding> 
				<system value="http://hl7.org/fhir/sid/icd-10"/>
				<code value="R06.09"/> 
				<display value="Dyspnea on effort"/> 
			</coding> 
		</code> 
		<count value="29"/> 
	</diagnosis>
	<diagnosis> 
		<code> 
			<coding> 
				<system value="http://hl7.org/fhir/sid/icd-10"/>
				<code value="E29.1"/> 
				<display value="Testicular hypofunction"/> 
			</coding> 
		</code> 
		<count value="29"/> 
	</diagnosis>
	<diagnosis> 
		<code> 
			<coding> 
				<system value="http://hl7.org/fhir/sid/icd-10"/>
				<code value="G62.9"/> 
				<display value="Polyneuropathy"/> 
			</coding> 
		</code> 
		<count value="29"/> 
	</diagnosis>
	<diagnosis> 
		<code> 
			<coding> 
				<system value="http://hl7.org/fhir/sid/icd-10"/>
				<code value="J32.9"/> 
				<display value="Recurrent sinusitis"/> 
			</coding> 
		</code> 
		<count value="28"/> 
	</diagnosis>
	<diagnosis> 
		<code> 
			<coding> 
				<system value="http://hl7.org/fhir/sid/icd-10"/>
				<code value="M54.2"/> 
				<display value="Neck pain on right side"/> 
			</coding> 
		</code> 
		<count value="28"/> 
	</diagnosis>
	<diagnosis> 
		<code> 
			<coding> 
				<system value="http://hl7.org/fhir/sid/icd-10"/>
				<code value="F98.8"/> 
				<display value="Attention deficit disorder without mention of hyperactivity"/> 
			</coding> 
		</code> 
		<count value="28"/> 
	</diagnosis>
	<diagnosis> 
		<code> 
			<coding> 
				<system value="http://hl7.org/fhir/sid/icd-10"/>
				<code value="R51"/> 
				<display value="Chronic headaches"/> 
			</coding> 
		</code> 
		<count value="28"/> 
	</diagnosis>
	<diagnosis> 
		<code> 
			<coding> 
				<system value="http://hl7.org/fhir/sid/icd-10"/>
				<code value="J18.9"/> 
				<display value="Multifocal pneumonia"/> 
			</coding> 
		</code> 
		<count value="28"/> 
	</diagnosis>
	<diagnosis> 
		<code> 
			<coding> 
				<system value="http://hl7.org/fhir/sid/icd-10"/>
				<code value="R73.03"/> 
				<display value="Borderline diabetes"/> 
			</coding> 
		</code> 
		<count value="27"/> 
	</diagnosis>
	<diagnosis> 
		<code> 
			<coding> 
				<system value="http://hl7.org/fhir/sid/icd-10"/>
				<code value="Z82.49"/> 
				<display value="Family history of coronary artery disease"/> 
			</coding> 
		</code> 
		<count value="27"/> 
	</diagnosis>
	<diagnosis> 
		<code> 
			<coding> 
				<system value="http://hl7.org/fhir/sid/icd-10"/>
				<code value="R73.01"/> 
				<display value="Impaired fasting blood sugar"/> 
			</coding> 
		</code> 
		<count value="27"/> 
	</diagnosis>
	<diagnosis> 
		<code> 
			<coding> 
				<system value="http://hl7.org/fhir/sid/icd-10"/>
				<code value="R21"/> 
				<display value="Skin rash"/> 
			</coding> 
		</code> 
		<count value="27"/> 
	</diagnosis>
	<diagnosis> 
		<code> 
			<coding> 
				<system value="http://hl7.org/fhir/sid/icd-10"/>
				<code value="J30.1"/> 
				<display value="Chronic seasonal allergic rhinitis due to pollen"/> 
			</coding> 
		</code> 
		<count value="27"/> 
	</diagnosis>
	<diagnosis> 
		<code> 
			<coding> 
				<system value="http://hl7.org/fhir/sid/icd-10"/>
				<code value="Z99.89"/> 
				<display value="BiPAP (biphasic positive airway pressure) dependence"/> 
			</coding> 
		</code> 
		<count value="26"/> 
	</diagnosis>
	<diagnosis> 
		<code> 
			<coding> 
				<system value="http://hl7.org/fhir/sid/icd-10"/>
				<code value="M25.561"/> 
				<display value="Right knee pain, unspecified chronicity"/> 
			</coding> 
		</code> 
		<count value="26"/> 
	</diagnosis>
	<diagnosis> 
		<code> 
			<coding> 
				<system value="http://hl7.org/fhir/sid/icd-10"/>
				<code value="F43.10"/> 
				<display value="Post traumatic stress disorder (PTSD)"/> 
			</coding> 
		</code> 
		<count value="25"/> 
	</diagnosis>
	<diagnosis> 
		<code> 
			<coding> 
				<system value="http://hl7.org/fhir/sid/icd-10"/>
				<code value="E11.42"/> 
				<display value="Polyneuropathy in diabetes(357.2)"/> 
			</coding> 
		</code> 
		<count value="25"/> 
	</diagnosis>
	<diagnosis> 
		<code> 
			<coding> 
				<system value="http://hl7.org/fhir/sid/icd-10"/>
				<code value="J06.9"/> 
				<display value="Viral upper respiratory tract infection"/> 
			</coding> 
		</code> 
		<count value="25"/> 
	</diagnosis>
	<diagnosis> 
		<code> 
			<coding> 
				<system value="http://hl7.org/fhir/sid/icd-10"/>
				<code value="E11.3299"/> 
				<display value="Mild nonproliferative diabetic retinopathy(362.04)"/> 
			</coding> 
		</code> 
		<count value="24"/> 
	</diagnosis>
	<diagnosis> 
		<code> 
			<coding> 
				<system value="http://hl7.org/fhir/sid/icd-10"/>
				<code value="E06.3"/> 
				<display value="Chronic lymphocytic thyroiditis"/> 
			</coding> 
		</code> 
		<count value="24"/> 
	</diagnosis>
	<diagnosis> 
		<code> 
			<coding> 
				<system value="http://hl7.org/fhir/sid/icd-10"/>
				<code value="R00.2"/> 
				<display value="Intermittent palpitations"/> 
			</coding> 
		</code> 
		<count value="24"/> 
	</diagnosis>
	<diagnosis> 
		<code> 
			<coding> 
				<system value="http://hl7.org/fhir/sid/icd-10"/>
				<code value="M25.569"/> 
				<display value="Chronic knee pain"/> 
			</coding> 
		</code> 
		<count value="24"/> 
	</diagnosis>
</ClinicalProfile>