<?xml version="1.0" encoding="UTF-8"?><ClinicalProfile xmlns="http://hl7.org/fhir">
	<!--   from Resource: id, meta, implicitRules, and language   -->
	<!--   from DomainResource: text, contained, extension, and modifierExtension   -->
	<id value="jhu-asthma-profile-84-diagnoses"/>
	<meta>
    <security>
      <system value="http://hl7.org/fhir/v3/ActReason"/>
      <code value="HTEST"/>
      <display value="test health data"/>
    </security>
  </meta>
  <text>
		<status value="generated"/>
		<div xmlns="http://www.w3.org/1999/xhtml">
			<p>Selected diagnoses for Female, Black or African American patients aged 15-19 seen as either outpatients or inpatients at Johns Hopkins Hospital, JHCP, and Bayview between 3/1/2016 and 3/1/2018 having a diagnosis of asthma recorded on the problem list or as an encounter diagnosis.
			</p>
		</div>
	</text>
	<identifier>
		<value value="urn:uuid:18C69E91-DF03-F726-9FD5B1D88993D9BE"/>
	</identifier>
	<status value="draft"/><!--   1..1 complete | draft | error   -->
	<population>
		<reference value="Group/asthma-population-jhu1"/>
	</population>
	<cohort>
		<reference value="Group/asthma-sample-84-cohort-jhu1"/>
		<display value="Black or African American Female aged 15-19"/> 
	</cohort>
	<date value="2018-09-12T15:35:00Z"/><!--   0..1 When the profile was generated   -->
	<source>
		<value value="http://ictrweb.johnshopkins.edu/ictr/synthetic/includes/clinical_profiles.cfm"/>
	</source>
	<reporter>
		<reference value="Organization/JHM"/>
		<type value="Organization"/>
		<display value="Johns Hopkins School of Medicine"/>
	</reporter>
	<diagnosis> 
		<code> 
			<coding> 
				<system value="http://hl7.org/fhir/sid/icd-10"/>
				<code value="Z00.129"/> 
				<display value="Routine infant or child health check"/> 
			</coding> 
		</code> 
		<count value="676"/> 
	</diagnosis>
	<diagnosis> 
		<code> 
			<coding> 
				<system value="http://hl7.org/fhir/sid/icd-10"/>
				<code value="J45.20"/> 
				<display value="Mild intermittent asthma without complication"/> 
			</coding> 
		</code> 
		<count value="532"/> 
	</diagnosis>
	<diagnosis> 
		<code> 
			<coding> 
				<system value="http://hl7.org/fhir/sid/icd-10"/>
				<code value="J45.909"/> 
				<display value="Asthma"/> 
			</coding> 
		</code> 
		<count value="515"/> 
	</diagnosis>
	<diagnosis> 
		<code> 
			<coding> 
				<system value="http://hl7.org/fhir/sid/icd-10"/>
				<code value="J30.9"/> 
				<display value="Allergic rhinitis"/> 
			</coding> 
		</code> 
		<count value="478"/> 
	</diagnosis>
	<diagnosis> 
		<code> 
			<coding> 
				<system value="http://hl7.org/fhir/sid/icd-10"/>
				<code value="E66.9"/> 
				<display value="Non morbid obesity"/> 
			</coding> 
		</code> 
		<count value="252"/> 
	</diagnosis>
	<diagnosis> 
		<code> 
			<coding> 
				<system value="http://hl7.org/fhir/sid/icd-10"/>
				<code value="F32.9"/> 
				<display value="Depression"/> 
			</coding> 
		</code> 
		<count value="177"/> 
	</diagnosis>
	<diagnosis> 
		<code> 
			<coding> 
				<system value="http://hl7.org/fhir/sid/icd-10"/>
				<code value="L30.9"/> 
				<display value="Dermatitis"/> 
			</coding> 
		</code> 
		<count value="149"/> 
	</diagnosis>
	<diagnosis> 
		<code> 
			<coding> 
				<system value="http://hl7.org/fhir/sid/icd-10"/>
				<code value="L70.9"/> 
				<display value="Acne"/> 
			</coding> 
		</code> 
		<count value="139"/> 
	</diagnosis>
	<diagnosis> 
		<code> 
			<coding> 
				<system value="http://hl7.org/fhir/sid/icd-10"/>
				<code value="N94.6"/> 
				<display value="Dysmenorrhea"/> 
			</coding> 
		</code> 
		<count value="137"/> 
	</diagnosis>
	<diagnosis> 
		<code> 
			<coding> 
				<system value="http://hl7.org/fhir/sid/icd-10"/>
				<code value="J45.30"/> 
				<display value="Mild persistent asthma without complication"/> 
			</coding> 
		</code> 
		<count value="136"/> 
	</diagnosis>
	<diagnosis> 
		<code> 
			<coding> 
				<system value="http://hl7.org/fhir/sid/icd-10"/>
				<code value="E55.9"/> 
				<display value="Unspecified vitamin D deficiency"/> 
			</coding> 
		</code> 
		<count value="136"/> 
	</diagnosis>
	<diagnosis> 
		<code> 
			<coding> 
				<system value="http://hl7.org/fhir/sid/icd-10"/>
				<code value="IMO0002"/> 
				<display value="Other tear of cartilage or meniscus of knee, current"/> 
			</coding> 
		</code> 
		<count value="135"/> 
	</diagnosis>
	<diagnosis> 
		<code> 
			<coding> 
				<system value="http://hl7.org/fhir/sid/icd-10"/>
				<code value="J30.2"/> 
				<display value="Seasonal allergies"/> 
			</coding> 
		</code> 
		<count value="132"/> 
	</diagnosis>
	<diagnosis> 
		<code> 
			<coding> 
				<system value="http://hl7.org/fhir/sid/icd-10"/>
				<code value="Z34.90"/> 
				<display value="Pregnancy, obstetrical care"/> 
			</coding> 
		</code> 
		<count value="127"/> 
	</diagnosis>
	<diagnosis> 
		<code> 
			<coding> 
				<system value="http://hl7.org/fhir/sid/icd-10"/>
				<code value="L70.8"/> 
				<display value="Other acne"/> 
			</coding> 
		</code> 
		<count value="123"/> 
	</diagnosis>
	<diagnosis> 
		<code> 
			<coding> 
				<system value="http://hl7.org/fhir/sid/icd-10"/>
				<code value="R51"/> 
				<display value="Headache(784.0)"/> 
			</coding> 
		</code> 
		<count value="114"/> 
	</diagnosis>
	<diagnosis> 
		<code> 
			<coding> 
				<system value="http://hl7.org/fhir/sid/icd-10"/>
				<code value="Z00.00"/> 
				<display value="Routine general medical examination at a health care facility"/> 
			</coding> 
		</code> 
		<count value="111"/> 
	</diagnosis>
	<diagnosis> 
		<code> 
			<coding> 
				<system value="http://hl7.org/fhir/sid/icd-10"/>
				<code value="H10.10"/> 
				<display value="Allergic conjunctivitis and rhinitis"/> 
			</coding> 
		</code> 
		<count value="107"/> 
	</diagnosis>
	<diagnosis> 
		<code> 
			<coding> 
				<system value="http://hl7.org/fhir/sid/icd-10"/>
				<code value="F90.9"/> 
				<display value="ADHD (attention deficit hyperactivity disorder)"/> 
			</coding> 
		</code> 
		<count value="95"/> 
	</diagnosis>
	<diagnosis> 
		<code> 
			<coding> 
				<system value="http://hl7.org/fhir/sid/icd-10"/>
				<code value="F41.9"/> 
				<display value="Anxiety disorder"/> 
			</coding> 
		</code> 
		<count value="93"/> 
	</diagnosis>
	<diagnosis> 
		<code> 
			<coding> 
				<system value="http://hl7.org/fhir/sid/icd-10"/>
				<code value="A74.9"/> 
				<display value="Chlamydia infection"/> 
			</coding> 
		</code> 
		<count value="90"/> 
	</diagnosis>
	<diagnosis> 
		<code> 
			<coding> 
				<system value="http://hl7.org/fhir/sid/icd-10"/>
				<code value="J45.40"/> 
				<display value="Moderate persistent asthma"/> 
			</coding> 
		</code> 
		<count value="88"/> 
	</diagnosis>
	<diagnosis> 
		<code> 
			<coding> 
				<system value="http://hl7.org/fhir/sid/icd-10"/>
				<code value="Z30.9"/> 
				<display value="Contraception management"/> 
			</coding> 
		</code> 
		<count value="86"/> 
	</diagnosis>
	<diagnosis> 
		<code> 
			<coding> 
				<system value="http://hl7.org/fhir/sid/icd-10"/>
				<code value="K59.00"/> 
				<display value="Constipation"/> 
			</coding> 
		</code> 
		<count value="86"/> 
	</diagnosis>
	<diagnosis> 
		<code> 
			<coding> 
				<system value="http://hl7.org/fhir/sid/icd-10"/>
				<code value="Z68.54"/> 
				<display value="Body mass index, pediatric, greater than or equal to 95th percentile for age"/> 
			</coding> 
		</code> 
		<count value="84"/> 
	</diagnosis>
	<diagnosis> 
		<code> 
			<coding> 
				<system value="http://hl7.org/fhir/sid/icd-10"/>
				<code value="E66.3"/> 
				<display value="Overweight"/> 
			</coding> 
		</code> 
		<count value="83"/> 
	</diagnosis>
	<diagnosis> 
		<code> 
			<coding> 
				<system value="http://hl7.org/fhir/sid/icd-10"/>
				<code value="J30.1"/> 
				<display value="Allergic rhinitis due to pollen"/> 
			</coding> 
		</code> 
		<count value="82"/> 
	</diagnosis>
	<diagnosis> 
		<code> 
			<coding> 
				<system value="http://hl7.org/fhir/sid/icd-10"/>
				<code value="L25.9"/> 
				<display value="Contact dermatitis and eczema"/> 
			</coding> 
		</code> 
		<count value="79"/> 
	</diagnosis>
	<diagnosis> 
		<code> 
			<coding> 
				<system value="http://hl7.org/fhir/sid/icd-10"/>
				<code value="L20.89"/> 
				<display value="Other atopic dermatitis and related conditions"/> 
			</coding> 
		</code> 
		<count value="77"/> 
	</diagnosis>
	<diagnosis> 
		<code> 
			<coding> 
				<system value="http://hl7.org/fhir/sid/icd-10"/>
				<code value="Z30.09"/> 
				<display value="Family planning"/> 
			</coding> 
		</code> 
		<count value="74"/> 
	</diagnosis>
	<diagnosis> 
		<code> 
			<coding> 
				<system value="http://hl7.org/fhir/sid/icd-10"/>
				<code value="K21.9"/> 
				<display value="Esophageal reflux"/> 
			</coding> 
		</code> 
		<count value="73"/> 
	</diagnosis>
	<diagnosis> 
		<code> 
			<coding> 
				<system value="http://hl7.org/fhir/sid/icd-10"/>
				<code value="G89.29"/> 
				<display value="Chronic pain of left knee"/> 
			</coding> 
		</code> 
		<count value="70"/> 
	</diagnosis>
	<diagnosis> 
		<code> 
			<coding> 
				<system value="http://hl7.org/fhir/sid/icd-10"/>
				<code value="D64.9"/> 
				<display value="Anemia"/> 
			</coding> 
		</code> 
		<count value="68"/> 
	</diagnosis>
	<diagnosis> 
		<code> 
			<coding> 
				<system value="http://hl7.org/fhir/sid/icd-10"/>
				<code value="J45.990"/> 
				<display value="Asthma, exercise induced"/> 
			</coding> 
		</code> 
		<count value="67"/> 
	</diagnosis>
	<diagnosis> 
		<code> 
			<coding> 
				<system value="http://hl7.org/fhir/sid/icd-10"/>
				<code value="L20.9"/> 
				<display value="Atopic dermatitis"/> 
			</coding> 
		</code> 
		<count value="66"/> 
	</diagnosis>
	<diagnosis> 
		<code> 
			<coding> 
				<system value="http://hl7.org/fhir/sid/icd-10"/>
				<code value="H54.7"/> 
				<display value="Vision problem"/> 
			</coding> 
		</code> 
		<count value="65"/> 
	</diagnosis>
	<diagnosis> 
		<code> 
			<coding> 
				<system value="http://hl7.org/fhir/sid/icd-10"/>
				<code value="R10.9"/> 
				<display value="Abdominal pain"/> 
			</coding> 
		</code> 
		<count value="65"/> 
	</diagnosis>
	<diagnosis> 
		<code> 
			<coding> 
				<system value="http://hl7.org/fhir/sid/icd-10"/>
				<code value="N76.0"/> 
				<display value="Vaginitis"/> 
			</coding> 
		</code> 
		<count value="64"/> 
	</diagnosis>
	<diagnosis> 
		<code> 
			<coding> 
				<system value="http://hl7.org/fhir/sid/icd-10"/>
				<code value="L70.0"/> 
				<display value="Acne vulgaris"/> 
			</coding> 
		</code> 
		<count value="63"/> 
	</diagnosis>
	<diagnosis> 
		<code> 
			<coding> 
				<system value="http://hl7.org/fhir/sid/icd-10"/>
				<code value="Z91.018"/> 
				<display value="Allergy to tree nuts"/> 
			</coding> 
		</code> 
		<count value="60"/> 
	</diagnosis>
	<diagnosis> 
		<code> 
			<coding> 
				<system value="http://hl7.org/fhir/sid/icd-10"/>
				<code value="N92.6"/> 
				<display value="Irregular menstrual cycle"/> 
			</coding> 
		</code> 
		<count value="58"/> 
	</diagnosis>
	<diagnosis> 
		<code> 
			<coding> 
				<system value="http://hl7.org/fhir/sid/icd-10"/>
				<code value="N39.0"/> 
				<display value="UTI (lower urinary tract infection)"/> 
			</coding> 
		</code> 
		<count value="58"/> 
	</diagnosis>
	<diagnosis> 
		<code> 
			<coding> 
				<system value="http://hl7.org/fhir/sid/icd-10"/>
				<code value="M54.9"/> 
				<display value="Back pain"/> 
			</coding> 
		</code> 
		<count value="57"/> 
	</diagnosis>
	<diagnosis> 
		<code> 
			<coding> 
				<system value="http://hl7.org/fhir/sid/icd-10"/>
				<code value="Z97.3"/> 
				<display value="Wears glasses"/> 
			</coding> 
		</code> 
		<count value="56"/> 
	</diagnosis>
	<diagnosis> 
		<code> 
			<coding> 
				<system value="http://hl7.org/fhir/sid/icd-10"/>
				<code value="H52.10"/> 
				<display value="Myopia with astigmatism and presbyopia"/> 
			</coding> 
		</code> 
		<count value="55"/> 
	</diagnosis>
	<diagnosis> 
		<code> 
			<coding> 
				<system value="http://hl7.org/fhir/sid/icd-10"/>
				<code value="E66.01"/> 
				<display value="Morbid obesity due to excess calories"/> 
			</coding> 
		</code> 
		<count value="55"/> 
	</diagnosis>
	<diagnosis> 
		<code> 
			<coding> 
				<system value="http://hl7.org/fhir/sid/icd-10"/>
				<code value="Z01.89"/> 
				<display value="Laboratory test"/> 
			</coding> 
		</code> 
		<count value="52"/> 
	</diagnosis>
	<diagnosis> 
		<code> 
			<coding> 
				<system value="http://hl7.org/fhir/sid/icd-10"/>
				<code value="G43.909"/> 
				<display value="Migraine"/> 
			</coding> 
		</code> 
		<count value="51"/> 
	</diagnosis>
	<diagnosis> 
		<code> 
			<coding> 
				<system value="http://hl7.org/fhir/sid/icd-10"/>
				<code value="Z68.53"/> 
				<display value="Body mass index, pediatric, 85th percentile to less than 95th percentile for age"/> 
			</coding> 
		</code> 
		<count value="48"/> 
	</diagnosis>
	<diagnosis> 
		<code> 
			<coding> 
				<system value="http://hl7.org/fhir/sid/icd-10"/>
				<code value="Z55.9"/> 
				<display value="Educational circumstance"/> 
			</coding> 
		</code> 
		<count value="47"/> 
	</diagnosis>
	<diagnosis> 
		<code> 
			<coding> 
				<system value="http://hl7.org/fhir/sid/icd-10"/>
				<code value="N92.0"/> 
				<display value="Menorrhagia"/> 
			</coding> 
		</code> 
		<count value="46"/> 
	</diagnosis>
	<diagnosis> 
		<code> 
			<coding> 
				<system value="http://hl7.org/fhir/sid/icd-10"/>
				<code value="D50.9"/> 
				<display value="Iron deficiency anemia"/> 
			</coding> 
		</code> 
		<count value="46"/> 
	</diagnosis>
	<diagnosis> 
		<code> 
			<coding> 
				<system value="http://hl7.org/fhir/sid/icd-10"/>
				<code value="R06.83"/> 
				<display value="Snoring"/> 
			</coding> 
		</code> 
		<count value="43"/> 
	</diagnosis>
	<diagnosis> 
		<code> 
			<coding> 
				<system value="http://hl7.org/fhir/sid/icd-10"/>
				<code value="P07.30"/> 
				<display value="Prematurity"/> 
			</coding> 
		</code> 
		<count value="42"/> 
	</diagnosis>
	<diagnosis> 
		<code> 
			<coding> 
				<system value="http://hl7.org/fhir/sid/icd-10"/>
				<code value="D57.3"/> 
				<display value="Sickle-cell trait"/> 
			</coding> 
		</code> 
		<count value="41"/> 
	</diagnosis>
	<diagnosis> 
		<code> 
			<coding> 
				<system value="http://hl7.org/fhir/sid/icd-10"/>
				<code value="Z91.09"/> 
				<display value="Environmental allergies"/> 
			</coding> 
		</code> 
		<count value="40"/> 
	</diagnosis>
	<diagnosis> 
		<code> 
			<coding> 
				<system value="http://hl7.org/fhir/sid/icd-10"/>
				<code value="R07.9"/> 
				<display value="Chest pain at rest"/> 
			</coding> 
		</code> 
		<count value="40"/> 
	</diagnosis>
	<diagnosis> 
		<code> 
			<coding> 
				<system value="http://hl7.org/fhir/sid/icd-10"/>
				<code value="J45.901"/> 
				<display value="Acute asthma exacerbation"/> 
			</coding> 
		</code> 
		<count value="40"/> 
	</diagnosis>
	<diagnosis> 
		<code> 
			<coding> 
				<system value="http://hl7.org/fhir/sid/icd-10"/>
				<code value="Z97.5"/> 
				<display value="Presence of subcutaneous contraceptive implant"/> 
			</coding> 
		</code> 
		<count value="39"/> 
	</diagnosis>
	<diagnosis> 
		<code> 
			<coding> 
				<system value="http://hl7.org/fhir/sid/icd-10"/>
				<code value="Z23"/> 
				<display value="Need for prophylactic vaccination and inoculation against influenza"/> 
			</coding> 
		</code> 
		<count value="38"/> 
	</diagnosis>
	<diagnosis> 
		<code> 
			<coding> 
				<system value="http://hl7.org/fhir/sid/icd-10"/>
				<code value="G47.33"/> 
				<display value="OSA on CPAP"/> 
			</coding> 
		</code> 
		<count value="37"/> 
	</diagnosis>
	<diagnosis> 
		<code> 
			<coding> 
				<system value="http://hl7.org/fhir/sid/icd-10"/>
				<code value="H52.209"/> 
				<display value="Hyperopia with astigmatism and presbyopia"/> 
			</coding> 
		</code> 
		<count value="37"/> 
	</diagnosis>
	<diagnosis> 
		<code> 
			<coding> 
				<system value="http://hl7.org/fhir/sid/icd-10"/>
				<code value="R55"/> 
				<display value="Syncope"/> 
			</coding> 
		</code> 
		<count value="36"/> 
	</diagnosis>
	<diagnosis> 
		<code> 
			<coding> 
				<system value="http://hl7.org/fhir/sid/icd-10"/>
				<code value="B36.0"/> 
				<display value="Tinea versicolor"/> 
			</coding> 
		</code> 
		<count value="36"/> 
	</diagnosis>
	<diagnosis> 
		<code> 
			<coding> 
				<system value="http://hl7.org/fhir/sid/icd-10"/>
				<code value="L83"/> 
				<display value="Acquired acanthosis nigricans"/> 
			</coding> 
		</code> 
		<count value="35"/> 
	</diagnosis>
	<diagnosis> 
		<code> 
			<coding> 
				<system value="http://hl7.org/fhir/sid/icd-10"/>
				<code value="J02.9"/> 
				<display value="Acute pharyngitis"/> 
			</coding> 
		</code> 
		<count value="34"/> 
	</diagnosis>
	<diagnosis> 
		<code> 
			<coding> 
				<system value="http://hl7.org/fhir/sid/icd-10"/>
				<code value="B96.89"/> 
				<display value="Bacterial vaginosis"/> 
			</coding> 
		</code> 
		<count value="34"/> 
	</diagnosis>
	<diagnosis> 
		<code> 
			<coding> 
				<system value="http://hl7.org/fhir/sid/icd-10"/>
				<code value="H10.13"/> 
				<display value="Allergic conjunctivitis of both eyes"/> 
			</coding> 
		</code> 
		<count value="33"/> 
	</diagnosis>
	<diagnosis> 
		<code> 
			<coding> 
				<system value="http://hl7.org/fhir/sid/icd-10"/>
				<code value="J15.9"/> 
				<display value="Bacterial pneumonia, unspecified"/> 
			</coding> 
		</code> 
		<count value="33"/> 
	</diagnosis>
	<diagnosis> 
		<code> 
			<coding> 
				<system value="http://hl7.org/fhir/sid/icd-10"/>
				<code value="F12.10"/> 
				<display value="Cannabis abuse"/> 
			</coding> 
		</code> 
		<count value="32"/> 
	</diagnosis>
	<diagnosis> 
		<code> 
			<coding> 
				<system value="http://hl7.org/fhir/sid/icd-10"/>
				<code value="H52.13"/> 
				<display value="Myopia with astigmatism, bilateral"/> 
			</coding> 
		</code> 
		<count value="32"/> 
	</diagnosis>
	<diagnosis> 
		<code> 
			<coding> 
				<system value="http://hl7.org/fhir/sid/icd-10"/>
				<code value="D57.1"/> 
				<display value="Sickle cell retinopathy"/> 
			</coding> 
		</code> 
		<count value="32"/> 
	</diagnosis>
	<diagnosis> 
		<code> 
			<coding> 
				<system value="http://hl7.org/fhir/sid/icd-10"/>
				<code value="G43.009"/> 
				<display value="Migraine headache without aura"/> 
			</coding> 
		</code> 
		<count value="32"/> 
	</diagnosis>
	<diagnosis> 
		<code> 
			<coding> 
				<system value="http://hl7.org/fhir/sid/icd-10"/>
				<code value="F39"/> 
				<display value="Unspecified episodic mood disorder"/> 
			</coding> 
		</code> 
		<count value="31"/> 
	</diagnosis>
	<diagnosis> 
		<code> 
			<coding> 
				<system value="http://hl7.org/fhir/sid/icd-10"/>
				<code value="O99.019"/> 
				<display value="Anemia affecting pregnancy"/> 
			</coding> 
		</code> 
		<count value="31"/> 
	</diagnosis>
	<diagnosis> 
		<code> 
			<coding> 
				<system value="http://hl7.org/fhir/sid/icd-10"/>
				<code value="T56.0X1A"/> 
				<display value="Lead poisoning"/> 
			</coding> 
		</code> 
		<count value="31"/> 
	</diagnosis>
	<diagnosis> 
		<code> 
			<coding> 
				<system value="http://hl7.org/fhir/sid/icd-10"/>
				<code value="M54.5"/> 
				<display value="Lumbago"/> 
			</coding> 
		</code> 
		<count value="30"/> 
	</diagnosis>
	<diagnosis> 
		<code> 
			<coding> 
				<system value="http://hl7.org/fhir/sid/icd-10"/>
				<code value="E28.2"/> 
				<display value="Polycystic ovaries"/> 
			</coding> 
		</code> 
		<count value="30"/> 
	</diagnosis>
	<diagnosis> 
		<code> 
			<coding> 
				<system value="http://hl7.org/fhir/sid/icd-10"/>
				<code value="H91.90"/> 
				<display value="Hearing loss"/> 
			</coding> 
		</code> 
		<count value="30"/> 
	</diagnosis>
	<diagnosis> 
		<code> 
			<coding> 
				<system value="http://hl7.org/fhir/sid/icd-10"/>
				<code value="J02.0"/> 
				<display value="Streptococcal sore throat"/> 
			</coding> 
		</code> 
		<count value="30"/> 
	</diagnosis>
	<diagnosis> 
		<code> 
			<coding> 
				<system value="http://hl7.org/fhir/sid/icd-10"/>
				<code value="Z11.3"/> 
				<display value="Screening examination for venereal disease"/> 
			</coding> 
		</code> 
		<count value="30"/> 
	</diagnosis>
	<diagnosis> 
		<code> 
			<coding> 
				<system value="http://hl7.org/fhir/sid/icd-10"/>
				<code value="N39.44"/> 
				<display value="Nocturnal enuresis"/> 
			</coding> 
		</code> 
		<count value="30"/> 
	</diagnosis>
	<diagnosis> 
		<code> 
			<coding> 
				<system value="http://hl7.org/fhir/sid/icd-10"/>
				<code value="R03.0"/> 
				<display value="Elevated blood pressure reading without diagnosis of hypertension"/> 
			</coding> 
		</code> 
		<count value="30"/> 
	</diagnosis>
	<diagnosis> 
		<code> 
			<coding> 
				<system value="http://hl7.org/fhir/sid/icd-10"/>
				<code value="R63.4"/> 
				<display value="Weight loss, abnormal"/> 
			</coding> 
		</code> 
		<count value="30"/> 
	</diagnosis>
	<diagnosis> 
		<code> 
			<coding> 
				<system value="http://hl7.org/fhir/sid/icd-10"/>
				<code value="L21.9"/> 
				<display value="Seborrheic dermatitis"/> 
			</coding> 
		</code> 
		<count value="29"/> 
	</diagnosis>
	<diagnosis> 
		<code> 
			<coding> 
				<system value="http://hl7.org/fhir/sid/icd-10"/>
				<code value="E66.09"/> 
				<display value="Obesity due to excess calories without serious comorbidity with body mass index (BMI) greater than 99th percentile for age in pediatric patient"/> 
			</coding> 
		</code> 
		<count value="29"/> 
	</diagnosis>
	<diagnosis> 
		<code> 
			<coding> 
				<system value="http://hl7.org/fhir/sid/icd-10"/>
				<code value="L73.2"/> 
				<display value="Hidradenitis suppurativa"/> 
			</coding> 
		</code> 
		<count value="29"/> 
	</diagnosis>
	<diagnosis> 
		<code> 
			<coding> 
				<system value="http://hl7.org/fhir/sid/icd-10"/>
				<code value="D57.00"/> 
				<display value="Sickle cell pain crisis"/> 
			</coding> 
		</code> 
		<count value="28"/> 
	</diagnosis>
	<diagnosis> 
		<code> 
			<coding> 
				<system value="http://hl7.org/fhir/sid/icd-10"/>
				<code value="M25.569"/> 
				<display value="Pain in joint, lower leg"/> 
			</coding> 
		</code> 
		<count value="28"/> 
	</diagnosis>
	<diagnosis> 
		<code> 
			<coding> 
				<system value="http://hl7.org/fhir/sid/icd-10"/>
				<code value="F41.1"/> 
				<display value="Anxiety state"/> 
			</coding> 
		</code> 
		<count value="28"/> 
	</diagnosis>
	<diagnosis> 
		<code> 
			<coding> 
				<system value="http://hl7.org/fhir/sid/icd-10"/>
				<code value="M41.9"/> 
				<display value="Scoliosis"/> 
			</coding> 
		</code> 
		<count value="27"/> 
	</diagnosis>
	<diagnosis> 
		<code> 
			<coding> 
				<system value="http://hl7.org/fhir/sid/icd-10"/>
				<code value="B00.9"/> 
				<display value="Herpes simplex without mention of complication"/> 
			</coding> 
		</code> 
		<count value="27"/> 
	</diagnosis>
	<diagnosis> 
		<code> 
			<coding> 
				<system value="http://hl7.org/fhir/sid/icd-10"/>
				<code value="Z30.42"/> 
				<display value="Encounter for surveillance of injectable contraceptive"/> 
			</coding> 
		</code> 
		<count value="27"/> 
	</diagnosis>
	<diagnosis> 
		<code> 
			<coding> 
				<system value="http://hl7.org/fhir/sid/icd-10"/>
				<code value="M41.20"/> 
				<display value="Scoliosis (and kyphoscoliosis), idiopathic"/> 
			</coding> 
		</code> 
		<count value="27"/> 
	</diagnosis>
	<diagnosis> 
		<code> 
			<coding> 
				<system value="http://hl7.org/fhir/sid/icd-10"/>
				<code value="F81.9"/> 
				<display value="Learning difficulty"/> 
			</coding> 
		</code> 
		<count value="27"/> 
	</diagnosis>
	<diagnosis> 
		<code> 
			<coding> 
				<system value="http://hl7.org/fhir/sid/icd-10"/>
				<code value="F12.90"/> 
				<display value="Marijuana use"/> 
			</coding> 
		</code> 
		<count value="26"/> 
	</diagnosis>
	<diagnosis> 
		<code> 
			<coding> 
				<system value="http://hl7.org/fhir/sid/icd-10"/>
				<code value="R04.0"/> 
				<display value="Epistaxis"/> 
			</coding> 
		</code> 
		<count value="26"/> 
	</diagnosis>
	<diagnosis> 
		<code> 
			<coding> 
				<system value="http://hl7.org/fhir/sid/icd-10"/>
				<code value="B95.1"/> 
				<display value="Group B streptococcal infection during pregnancy"/> 
			</coding> 
		</code> 
		<count value="25"/> 
	</diagnosis>
	<diagnosis> 
		<code> 
			<coding> 
				<system value="http://hl7.org/fhir/sid/icd-10"/>
				<code value="L50.9"/> 
				<display value="Hives"/> 
			</coding> 
		</code> 
		<count value="25"/> 
	</diagnosis>
	<diagnosis> 
		<code> 
			<coding> 
				<system value="http://hl7.org/fhir/sid/icd-10"/>
				<code value="M21.40"/> 
				<display value="Flat foot(734)"/> 
			</coding> 
		</code> 
		<count value="25"/> 
	</diagnosis>
	<diagnosis> 
		<code> 
			<coding> 
				<system value="http://hl7.org/fhir/sid/icd-10"/>
				<code value="R46.89"/> 
				<display value="Childhood behavior problems"/> 
			</coding> 
		</code> 
		<count value="25"/> 
	</diagnosis>
	<diagnosis> 
		<code> 
			<coding> 
				<system value="http://hl7.org/fhir/sid/icd-10"/>
				<code value="O99.820"/> 
				<display value="Group B streptococcal carriage complicating pregnancy"/> 
			</coding> 
		</code> 
		<count value="24"/> 
	</diagnosis>
	<diagnosis> 
		<code> 
			<coding> 
				<system value="http://hl7.org/fhir/sid/icd-10"/>
				<code value="IMO0001"/> 
				<display value="Elevated blood pressure"/> 
			</coding> 
		</code> 
		<count value="24"/> 
	</diagnosis>
	<diagnosis> 
		<code> 
			<coding> 
				<system value="http://hl7.org/fhir/sid/icd-10"/>
				<code value="L27.2"/> 
				<display value="Dermatitis due to food taken internally"/> 
			</coding> 
		</code> 
		<count value="24"/> 
	</diagnosis>
	<diagnosis> 
		<code> 
			<coding> 
				<system value="http://hl7.org/fhir/sid/icd-10"/>
				<code value="R06.09"/> 
				<display value="Other dyspnea and respiratory abnormality"/> 
			</coding> 
		</code> 
		<count value="24"/> 
	</diagnosis>
	<diagnosis> 
		<code> 
			<coding> 
				<system value="http://hl7.org/fhir/sid/icd-10"/>
				<code value="Z34.80"/> 
				<display value="Term pregnancy"/> 
			</coding> 
		</code> 
		<count value="24"/> 
	</diagnosis>
	<diagnosis> 
		<code> 
			<coding> 
				<system value="http://hl7.org/fhir/sid/icd-10"/>
				<code value="I10"/> 
				<display value="Unspecified essential hypertension"/> 
			</coding> 
		</code> 
		<count value="23"/> 
	</diagnosis>
	<diagnosis> 
		<code> 
			<coding> 
				<system value="http://hl7.org/fhir/sid/icd-10"/>
				<code value="G43.109"/> 
				<display value="Migraine with aura, without mention of intractable migraine without mention of status migrainosus"/> 
			</coding> 
		</code> 
		<count value="23"/> 
	</diagnosis>
	<diagnosis> 
		<code> 
			<coding> 
				<system value="http://hl7.org/fhir/sid/icd-10"/>
				<code value="R09.89"/> 
				<display value="Other dyspnea and respiratory abnormality"/> 
			</coding> 
		</code> 
		<count value="23"/> 
	</diagnosis>
	<diagnosis> 
		<code> 
			<coding> 
				<system value="http://hl7.org/fhir/sid/icd-10"/>
				<code value="A54.9"/> 
				<display value="Gonorrhea"/> 
			</coding> 
		</code> 
		<count value="23"/> 
	</diagnosis>
	<diagnosis> 
		<code> 
			<coding> 
				<system value="http://hl7.org/fhir/sid/icd-10"/>
				<code value="R80.9"/> 
				<display value="Microalbuminuria"/> 
			</coding> 
		</code> 
		<count value="22"/> 
	</diagnosis>
	<diagnosis> 
		<code> 
			<coding> 
				<system value="http://hl7.org/fhir/sid/icd-10"/>
				<code value="E78.00"/> 
				<display value="Pure hypercholesterolemia"/> 
			</coding> 
		</code> 
		<count value="22"/> 
	</diagnosis>
	<diagnosis> 
		<code> 
			<coding> 
				<system value="http://hl7.org/fhir/sid/icd-10"/>
				<code value="M25.562"/> 
				<display value="Bilateral chronic knee pain"/> 
			</coding> 
		</code> 
		<count value="22"/> 
	</diagnosis>
	<diagnosis> 
		<code> 
			<coding> 
				<system value="http://hl7.org/fhir/sid/icd-10"/>
				<code value="A56.09"/> 
				<display value="Chlamydia trachomatis infection of lower genitourinary sites"/> 
			</coding> 
		</code> 
		<count value="22"/> 
	</diagnosis>
	<diagnosis> 
		<code> 
			<coding> 
				<system value="http://hl7.org/fhir/sid/icd-10"/>
				<code value="M25.561"/> 
				<display value="Chronic pain of right knee"/> 
			</coding> 
		</code> 
		<count value="22"/> 
	</diagnosis>
	<diagnosis> 
		<code> 
			<coding> 
				<system value="http://hl7.org/fhir/sid/icd-10"/>
				<code value="J01.90"/> 
				<display value="Acute sinusitis, unspecified"/> 
			</coding> 
		</code> 
		<count value="22"/> 
	</diagnosis>
	<diagnosis> 
		<code> 
			<coding> 
				<system value="http://hl7.org/fhir/sid/icd-10"/>
				<code value="E73.9"/> 
				<display value="Intestinal disaccharidase deficiencies and disaccharide malabsorption"/> 
			</coding> 
		</code> 
		<count value="21"/> 
	</diagnosis>
	<diagnosis> 
		<code> 
			<coding> 
				<system value="http://hl7.org/fhir/sid/icd-10"/>
				<code value="N91.2"/> 
				<display value="Absence of menstruation"/> 
			</coding> 
		</code> 
		<count value="21"/> 
	</diagnosis>
	<diagnosis> 
		<code> 
			<coding> 
				<system value="http://hl7.org/fhir/sid/icd-10"/>
				<code value="R82.71"/> 
				<display value="Asymptomatic bacteriuria"/> 
			</coding> 
		</code> 
		<count value="21"/> 
	</diagnosis>
</ClinicalProfile>