<?xml version="1.0" encoding="UTF-8"?><ClinicalProfile xmlns="http://hl7.org/fhir">
	<!--   from Resource: id, meta, implicitRules, and language   -->
	<!--   from DomainResource: text, contained, extension, and modifierExtension   -->
	<id value="jhu-eds-profile-4-labs"/>
	<meta>
    <security>
      <system value="http://terminology.hl7.org/CodeSystem/v3-ActReason"/>
      <code value="HTEST"/>
      <display value="test health data"/>
    </security>
  </meta>
  <text>
		<status value="generated"/>
		<div xmlns="http://www.w3.org/1999/xhtml">
			<p>Selected laboratory tests for Male,Female, White or Caucasian,Black or African American,Asian,Unknown,Declined to Answer,American Indian or Alaska Native,Other patients aged 20-29 seen as either outpatients or inpatients at Johns Hopkins Hospital, JHCP, and Bayview between 3/1/2016 and 3/1/2018 having a diagnosis of Ehlers-Danlos syndromes recorded on the problem list or as an encounter diagnosis.
			</p>
		</div>
	</text>
	<identifier>
		<value value="urn:uuid:4420DB20-0680-5D46-53D61A91D9DAE193"/>
	</identifier>
	<status value="draft"/><!--   1..1 complete | draft | error   -->
	<population>
		<reference value="Group/eds-population-jhu3"/>
	</population>
	<cohort>
		<reference value="Group/eds-sample-4-cohort-jhu3"/>
	</cohort>
	<date value="2018-09-13T11:47:00Z"/><!--   0..1 When the profile was generated   -->
	<source>
		<value value="http://ictrweb.johnshopkins.edu/ictr/synthetic/includes/clinical_profiles.cfm"/>
	</source>
	<reporter>
		<reference value="Organization/JHM"/>
		<type value="Organization"/>
		<display value="Johns Hopkins School of Medicine"/>
	</reporter>
	<lab>
		<code>
			<coding>
				<system value="http://loinc.org"/>
				<code value="4544-3"/>
				<display value="Hematocrit [Volume Fraction] of Blood by Automated count"/>
			</coding>
		</code>
		<count value="746"/>
		<frequencyPerYear value="1.4237"/><!--   0..1 Number of this lab per year   -->
		<fractionOfSubjects value="0.4771"/><!--   0..1 Percent of subjects with this lab   -->
		<scalarDistribution>  <!--   0..1 Numeric sample summary   -->
			<units>
				<unit value="%"/>
				<system value="http://unitsofmeasure.org"/>
				<code value="%"/>
			</units>
			<min value="14.90"/><!--   1..1 Minimum value   -->
			<max value="51.60"/><!--   1..1 Maximum value   -->
			<mean value="35.42"/><!--   1..1 Mean   -->
			<median value="36"/><!--   1..1 Median   -->
			<stdDev value="5.75"/><!--   1..1 Standard deviation   -->
			<decile>  <!--   0..* Decile partitions   -->
				<nth value="10"/>
				<value value="27.10"/>
			</decile>
			<decile>  <!--   0..* Decile partitions   -->
				<nth value="20"/>
				<value value="30.90"/>
			</decile>
			<decile>  <!--   0..* Decile partitions   -->
				<nth value="30"/>
				<value value="33"/>
			</decile>
			<decile>  <!--   0..* Decile partitions   -->
				<nth value="40"/>
				<value value="34.70"/>
			</decile>
			<decile>  <!--   0..* Decile partitions   -->
				<nth value="50"/>
				<value value="36"/>
			</decile>
			<decile>  <!--   0..* Decile partitions   -->
				<nth value="60"/>
				<value value="37.20"/>
			</decile>
			<decile>  <!--   0..* Decile partitions   -->
				<nth value="70"/>
				<value value="38.60"/>
			</decile>
			<decile>  <!--   0..* Decile partitions   -->
				<nth value="80"/>
				<value value="40.50"/>
			</decile>
			<decile>  <!--   0..* Decile partitions   -->
				<nth value="90"/>
				<value value="42.30"/>
			</decile>
			<normalizedHigh value="46.6"/>
			<normalizedLow value="34.0"/>
			<fractionAboveNormal value="0.01"/>
			<fractionBelowNormal value="0.35"/>
		</scalarDistribution>
	</lab>
	<lab>
		<code>
			<coding>
				<system value="http://loinc.org"/>
				<code value="789-8"/>
				<display value="Erythrocytes [#/volume] in Blood by Automated count"/>
			</coding>
		</code>
		<count value="746"/>
		<frequencyPerYear value="1.4237"/><!--   0..1 Number of this lab per year   -->
		<fractionOfSubjects value="0.4771"/><!--   0..1 Percent of subjects with this lab   -->
		<scalarDistribution>  <!--   0..1 Numeric sample summary   -->
			<units>
				<unit value="x10E6/uL"/>
				<system value="http://unitsofmeasure.org"/>
				<code value="x10E6/uL"/>
			</units>
			<min value="1.56"/><!--   1..1 Minimum value   -->
			<max value="6.07"/><!--   1..1 Maximum value   -->
			<mean value="4"/><!--   1..1 Mean   -->
			<median value="4.04"/><!--   1..1 Median   -->
			<stdDev value="0.69"/><!--   1..1 Standard deviation   -->
			<decile>  <!--   0..* Decile partitions   -->
				<nth value="10"/>
				<value value="3.04"/>
			</decile>
			<decile>  <!--   0..* Decile partitions   -->
				<nth value="20"/>
				<value value="3.51"/>
			</decile>
			<decile>  <!--   0..* Decile partitions   -->
				<nth value="30"/>
				<value value="3.71"/>
			</decile>
			<decile>  <!--   0..* Decile partitions   -->
				<nth value="40"/>
				<value value="3.90"/>
			</decile>
			<decile>  <!--   0..* Decile partitions   -->
				<nth value="50"/>
				<value value="4.04"/>
			</decile>
			<decile>  <!--   0..* Decile partitions   -->
				<nth value="60"/>
				<value value="4.19"/>
			</decile>
			<decile>  <!--   0..* Decile partitions   -->
				<nth value="70"/>
				<value value="4.36"/>
			</decile>
			<decile>  <!--   0..* Decile partitions   -->
				<nth value="80"/>
				<value value="4.58"/>
			</decile>
			<decile>  <!--   0..* Decile partitions   -->
				<nth value="90"/>
				<value value="4.86"/>
			</decile>
			<normalizedHigh value="5.28"/>
			<normalizedLow value="3.77"/>
			<fractionAboveNormal value="0.03"/>
			<fractionBelowNormal value="0.33"/>
		</scalarDistribution>
	</lab>
	<lab>
		<code>
			<coding>
				<system value="http://loinc.org"/>
				<code value="777-3"/>
				<display value="Platelets [#/volume] in Blood by Automated count"/>
			</coding>
		</code>
		<count value="744"/>
		<frequencyPerYear value="1.4198"/><!--   0..1 Number of this lab per year   -->
		<fractionOfSubjects value="0.4771"/><!--   0..1 Percent of subjects with this lab   -->
		<scalarDistribution>  <!--   0..1 Numeric sample summary   -->
			<units>
				<unit value="x10E3/uL"/>
				<system value="http://unitsofmeasure.org"/>
				<code value="x10E3/uL"/>
			</units>
			<min value="44"/><!--   1..1 Minimum value   -->
			<max value="910"/><!--   1..1 Maximum value   -->
			<mean value="261.06"/><!--   1..1 Mean   -->
			<median value="250"/><!--   1..1 Median   -->
			<stdDev value="101.02"/><!--   1..1 Standard deviation   -->
			<decile>  <!--   0..* Decile partitions   -->
				<nth value="10"/>
				<value value="159"/>
			</decile>
			<decile>  <!--   0..* Decile partitions   -->
				<nth value="20"/>
				<value value="187"/>
			</decile>
			<decile>  <!--   0..* Decile partitions   -->
				<nth value="30"/>
				<value value="212"/>
			</decile>
			<decile>  <!--   0..* Decile partitions   -->
				<nth value="40"/>
				<value value="230"/>
			</decile>
			<decile>  <!--   0..* Decile partitions   -->
				<nth value="50"/>
				<value value="250"/>
			</decile>
			<decile>  <!--   0..* Decile partitions   -->
				<nth value="60"/>
				<value value="269"/>
			</decile>
			<decile>  <!--   0..* Decile partitions   -->
				<nth value="70"/>
				<value value="293"/>
			</decile>
			<decile>  <!--   0..* Decile partitions   -->
				<nth value="80"/>
				<value value="322"/>
			</decile>
			<decile>  <!--   0..* Decile partitions   -->
				<nth value="90"/>
				<value value="368"/>
			</decile>
			<normalizedHigh value="396"/>
			<normalizedLow value="140"/>
			<fractionAboveNormal value="0.08"/>
			<fractionBelowNormal value="0.08"/>
		</scalarDistribution>
	</lab>
	<lab>
		<code>
			<coding>
				<system value="http://loinc.org"/>
				<code value="787-2"/>
				<display value="Erythrocyte mean corpuscular volume [Entitic volume] by Automated count"/>
			</coding>
		</code>
		<count value="745"/>
		<frequencyPerYear value="1.4218"/><!--   0..1 Number of this lab per year   -->
		<fractionOfSubjects value="0.4771"/><!--   0..1 Percent of subjects with this lab   -->
		<scalarDistribution>  <!--   0..1 Numeric sample summary   -->
			<units>
				<unit value="fL"/>
				<system value="http://unitsofmeasure.org"/>
				<code value="fL"/>
			</units>
			<min value="74.30"/><!--   1..1 Minimum value   -->
			<max value="114"/><!--   1..1 Maximum value   -->
			<mean value="88.77"/><!--   1..1 Mean   -->
			<median value="88.70"/><!--   1..1 Median   -->
			<stdDev value="5.23"/><!--   1..1 Standard deviation   -->
			<decile>  <!--   0..* Decile partitions   -->
				<nth value="10"/>
				<value value="82"/>
			</decile>
			<decile>  <!--   0..* Decile partitions   -->
				<nth value="20"/>
				<value value="84.20"/>
			</decile>
			<decile>  <!--   0..* Decile partitions   -->
				<nth value="30"/>
				<value value="85.90"/>
			</decile>
			<decile>  <!--   0..* Decile partitions   -->
				<nth value="40"/>
				<value value="87.40"/>
			</decile>
			<decile>  <!--   0..* Decile partitions   -->
				<nth value="50"/>
				<value value="88.70"/>
			</decile>
			<decile>  <!--   0..* Decile partitions   -->
				<nth value="60"/>
				<value value="89.90"/>
			</decile>
			<decile>  <!--   0..* Decile partitions   -->
				<nth value="70"/>
				<value value="91.30"/>
			</decile>
			<decile>  <!--   0..* Decile partitions   -->
				<nth value="80"/>
				<value value="93"/>
			</decile>
			<decile>  <!--   0..* Decile partitions   -->
				<nth value="90"/>
				<value value="95.50"/>
			</decile>
			<normalizedHigh value="97"/>
			<normalizedLow value="79"/>
			<fractionAboveNormal value="0.06"/>
			<fractionBelowNormal value="0.02"/>
		</scalarDistribution>
	</lab>
	<lab>
		<code>
			<coding>
				<system value="http://loinc.org"/>
				<code value="33256-9"/>
				<display value="Leukocytes [#/volume] corrected for nucleated erythrocytes in Blood by Automated count"/>
			</coding>
		</code>
		<count value="683"/>
		<frequencyPerYear value="1.3034"/><!--   0..1 Number of this lab per year   -->
		<fractionOfSubjects value="0.4084"/><!--   0..1 Percent of subjects with this lab   -->
		<scalarDistribution>  <!--   0..1 Numeric sample summary   -->
			<units>
				<unit value="K/cu mm"/>
				<system value="http://unitsofmeasure.org"/>
				<code value="K/cu mm"/>
			</units>
			<min value="0.93"/><!--   1..1 Minimum value   -->
			<max value="29.69"/><!--   1..1 Maximum value   -->
			<mean value="7.99"/><!--   1..1 Mean   -->
			<median value="7.23"/><!--   1..1 Median   -->
			<stdDev value="4.12"/><!--   1..1 Standard deviation   -->
			<decile>  <!--   0..* Decile partitions   -->
				<nth value="10"/>
				<value value="3.66"/>
			</decile>
			<decile>  <!--   0..* Decile partitions   -->
				<nth value="20"/>
				<value value="4.61"/>
			</decile>
			<decile>  <!--   0..* Decile partitions   -->
				<nth value="30"/>
				<value value="5.75"/>
			</decile>
			<decile>  <!--   0..* Decile partitions   -->
				<nth value="40"/>
				<value value="6.38"/>
			</decile>
			<decile>  <!--   0..* Decile partitions   -->
				<nth value="50"/>
				<value value="7.23"/>
			</decile>
			<decile>  <!--   0..* Decile partitions   -->
				<nth value="60"/>
				<value value="8.19"/>
			</decile>
			<decile>  <!--   0..* Decile partitions   -->
				<nth value="70"/>
				<value value="9.36"/>
			</decile>
			<decile>  <!--   0..* Decile partitions   -->
				<nth value="80"/>
				<value value="10.62"/>
			</decile>
			<decile>  <!--   0..* Decile partitions   -->
				<nth value="90"/>
				<value value="13.21"/>
			</decile>
		</scalarDistribution>
	</lab>
	<lab>
		<code>
			<coding>
				<system value="http://loinc.org"/>
				<code value="6690-2"/>
				<display value="Leukocytes [#/volume] in Blood by Automated count"/>
			</coding>
		</code>
		<count value="62"/>
		<frequencyPerYear value="0.1183"/><!--   0..1 Number of this lab per year   -->
		<fractionOfSubjects value="0.1450"/><!--   0..1 Percent of subjects with this lab   -->
		<scalarDistribution>  <!--   0..1 Numeric sample summary   -->
			<units>
				<unit value="x10E3/uL"/>
				<system value="http://unitsofmeasure.org"/>
				<code value="x10E3/uL"/>
			</units>
			<min value="2.30"/><!--   1..1 Minimum value   -->
			<max value="13.50"/><!--   1..1 Maximum value   -->
			<mean value="6.77"/><!--   1..1 Mean   -->
			<median value="6.40"/><!--   1..1 Median   -->
			<stdDev value="2.45"/><!--   1..1 Standard deviation   -->
			<decile>  <!--   0..* Decile partitions   -->
				<nth value="10"/>
				<value value="4"/>
			</decile>
			<decile>  <!--   0..* Decile partitions   -->
				<nth value="20"/>
				<value value="4.80"/>
			</decile>
			<decile>  <!--   0..* Decile partitions   -->
				<nth value="30"/>
				<value value="5.20"/>
			</decile>
			<decile>  <!--   0..* Decile partitions   -->
				<nth value="40"/>
				<value value="5.80"/>
			</decile>
			<decile>  <!--   0..* Decile partitions   -->
				<nth value="50"/>
				<value value="6.40"/>
			</decile>
			<decile>  <!--   0..* Decile partitions   -->
				<nth value="60"/>
				<value value="6.80"/>
			</decile>
			<decile>  <!--   0..* Decile partitions   -->
				<nth value="70"/>
				<value value="7.40"/>
			</decile>
			<decile>  <!--   0..* Decile partitions   -->
				<nth value="80"/>
				<value value="8.30"/>
			</decile>
			<decile>  <!--   0..* Decile partitions   -->
				<nth value="90"/>
				<value value="10.20"/>
			</decile>
			<normalizedHigh value="10.8"/>
			<normalizedLow value="3.4"/>
			<fractionAboveNormal value="0.10"/>
			<fractionBelowNormal value="0.03"/>
		</scalarDistribution>
	</lab>
	<lab>
		<code>
			<coding>
				<system value="http://loinc.org"/>
				<code value="718-7"/>
				<display value="Hemoglobin [Mass/volume] in Blood"/>
			</coding>
		</code>
		<count value="743"/>
		<frequencyPerYear value="1.4179"/><!--   0..1 Number of this lab per year   -->
		<fractionOfSubjects value="0.4771"/><!--   0..1 Percent of subjects with this lab   -->
		<scalarDistribution>  <!--   0..1 Numeric sample summary   -->
			<units>
				<unit value="g/dL"/>
				<system value="http://unitsofmeasure.org"/>
				<code value="g/dL"/>
			</units>
			<min value="4.50"/><!--   1..1 Minimum value   -->
			<max value="16.80"/><!--   1..1 Maximum value   -->
			<mean value="11.75"/><!--   1..1 Mean   -->
			<median value="11.90"/><!--   1..1 Median   -->
			<stdDev value="1.96"/><!--   1..1 Standard deviation   -->
			<decile>  <!--   0..* Decile partitions   -->
				<nth value="10"/>
				<value value="8.70"/>
			</decile>
			<decile>  <!--   0..* Decile partitions   -->
				<nth value="20"/>
				<value value="10.10"/>
			</decile>
			<decile>  <!--   0..* Decile partitions   -->
				<nth value="30"/>
				<value value="10.90"/>
			</decile>
			<decile>  <!--   0..* Decile partitions   -->
				<nth value="40"/>
				<value value="11.50"/>
			</decile>
			<decile>  <!--   0..* Decile partitions   -->
				<nth value="50"/>
				<value value="11.90"/>
			</decile>
			<decile>  <!--   0..* Decile partitions   -->
				<nth value="60"/>
				<value value="12.30"/>
			</decile>
			<decile>  <!--   0..* Decile partitions   -->
				<nth value="70"/>
				<value value="12.90"/>
			</decile>
			<decile>  <!--   0..* Decile partitions   -->
				<nth value="80"/>
				<value value="13.50"/>
			</decile>
			<decile>  <!--   0..* Decile partitions   -->
				<nth value="90"/>
				<value value="14.20"/>
			</decile>
			<normalizedHigh value="16.0"/>
			<normalizedLow value="12.0"/>
			<fractionAboveNormal value="0.00"/>
			<fractionBelowNormal value="0.51"/>
		</scalarDistribution>
	</lab>
	<lab>
		<code>
			<coding>
				<system value="http://loinc.org"/>
				<code value="17861-6"/>
				<display value="Calcium [Mass/volume] in Serum or Plasma"/>
			</coding>
		</code>
		<count value="738"/>
		<frequencyPerYear value="1.4084"/><!--   0..1 Number of this lab per year   -->
		<fractionOfSubjects value="0.4695"/><!--   0..1 Percent of subjects with this lab   -->
		<scalarDistribution>  <!--   0..1 Numeric sample summary   -->
			<units>
				<unit value="mg/dL"/>
				<system value="http://unitsofmeasure.org"/>
				<code value="mg/dL"/>
			</units>
			<min value="6.10"/><!--   1..1 Minimum value   -->
			<max value="11.40"/><!--   1..1 Maximum value   -->
			<mean value="8.99"/><!--   1..1 Mean   -->
			<median value="9"/><!--   1..1 Median   -->
			<stdDev value="0.63"/><!--   1..1 Standard deviation   -->
			<decile>  <!--   0..* Decile partitions   -->
				<nth value="10"/>
				<value value="8.20"/>
			</decile>
			<decile>  <!--   0..* Decile partitions   -->
				<nth value="20"/>
				<value value="8.50"/>
			</decile>
			<decile>  <!--   0..* Decile partitions   -->
				<nth value="30"/>
				<value value="8.70"/>
			</decile>
			<decile>  <!--   0..* Decile partitions   -->
				<nth value="40"/>
				<value value="8.90"/>
			</decile>
			<decile>  <!--   0..* Decile partitions   -->
				<nth value="50"/>
				<value value="9"/>
			</decile>
			<decile>  <!--   0..* Decile partitions   -->
				<nth value="60"/>
				<value value="9.20"/>
			</decile>
			<decile>  <!--   0..* Decile partitions   -->
				<nth value="70"/>
				<value value="9.40"/>
			</decile>
			<decile>  <!--   0..* Decile partitions   -->
				<nth value="80"/>
				<value value="9.50"/>
			</decile>
			<decile>  <!--   0..* Decile partitions   -->
				<nth value="90"/>
				<value value="9.70"/>
			</decile>
			<normalizedHigh value="10.5"/>
			<normalizedLow value="9"/>
			<fractionAboveNormal value="0.01"/>
			<fractionBelowNormal value="0.45"/>
		</scalarDistribution>
	</lab>
	<lab>
		<code>
			<coding>
				<system value="http://loinc.org"/>
				<code value="2345-7"/>
				<display value="Glucose [Mass/volume] in Serum or Plasma"/>
			</coding>
		</code>
		<count value="689"/>
		<frequencyPerYear value="1.3149"/><!--   0..1 Number of this lab per year   -->
		<fractionOfSubjects value="0.4504"/><!--   0..1 Percent of subjects with this lab   -->
		<scalarDistribution>  <!--   0..1 Numeric sample summary   -->
			<units>
				<unit value="mg/dL"/>
				<system value="http://unitsofmeasure.org"/>
				<code value="mg/dL"/>
			</units>
			<min value="43"/><!--   1..1 Minimum value   -->
			<max value="514"/><!--   1..1 Maximum value   -->
			<mean value="96.99"/><!--   1..1 Mean   -->
			<median value="91"/><!--   1..1 Median   -->
			<stdDev value="32.33"/><!--   1..1 Standard deviation   -->
			<decile>  <!--   0..* Decile partitions   -->
				<nth value="10"/>
				<value value="76"/>
			</decile>
			<decile>  <!--   0..* Decile partitions   -->
				<nth value="20"/>
				<value value="81"/>
			</decile>
			<decile>  <!--   0..* Decile partitions   -->
				<nth value="30"/>
				<value value="85"/>
			</decile>
			<decile>  <!--   0..* Decile partitions   -->
				<nth value="40"/>
				<value value="88"/>
			</decile>
			<decile>  <!--   0..* Decile partitions   -->
				<nth value="50"/>
				<value value="91"/>
			</decile>
			<decile>  <!--   0..* Decile partitions   -->
				<nth value="60"/>
				<value value="94"/>
			</decile>
			<decile>  <!--   0..* Decile partitions   -->
				<nth value="70"/>
				<value value="99"/>
			</decile>
			<decile>  <!--   0..* Decile partitions   -->
				<nth value="80"/>
				<value value="106"/>
			</decile>
			<decile>  <!--   0..* Decile partitions   -->
				<nth value="90"/>
				<value value="119"/>
			</decile>
			<normalizedHigh value="106"/>
			<normalizedLow value="74"/>
			<fractionAboveNormal value="0.19"/>
			<fractionBelowNormal value="0.07"/>
		</scalarDistribution>
	</lab>
	<lab>
		<code>
			<coding>
				<system value="http://loinc.org"/>
				<code value="2339-0"/>
				<display value="Glucose [Mass/volume] in Blood"/>
			</coding>
		</code>
		<count value="45"/>
		<frequencyPerYear value="0.0859"/><!--   0..1 Number of this lab per year   -->
		<fractionOfSubjects value="0.0611"/><!--   0..1 Percent of subjects with this lab   -->
		<scalarDistribution>  <!--   0..1 Numeric sample summary   -->
			<units>
				<unit value="mg/dL"/>
				<system value="http://unitsofmeasure.org"/>
				<code value="mg/dL"/>
			</units>
			<min value="54"/><!--   1..1 Minimum value   -->
			<max value="229"/><!--   1..1 Maximum value   -->
			<mean value="101.07"/><!--   1..1 Mean   -->
			<median value="92.50"/><!--   1..1 Median   -->
			<stdDev value="31.18"/><!--   1..1 Standard deviation   -->
			<decile>  <!--   0..* Decile partitions   -->
				<nth value="10"/>
				<value value="79"/>
			</decile>
			<decile>  <!--   0..* Decile partitions   -->
				<nth value="20"/>
				<value value="85"/>
			</decile>
			<decile>  <!--   0..* Decile partitions   -->
				<nth value="30"/>
				<value value="89"/>
			</decile>
			<decile>  <!--   0..* Decile partitions   -->
				<nth value="40"/>
				<value value="91"/>
			</decile>
			<decile>  <!--   0..* Decile partitions   -->
				<nth value="50"/>
				<value value="93"/>
			</decile>
			<decile>  <!--   0..* Decile partitions   -->
				<nth value="60"/>
				<value value="98"/>
			</decile>
			<decile>  <!--   0..* Decile partitions   -->
				<nth value="70"/>
				<value value="101"/>
			</decile>
			<decile>  <!--   0..* Decile partitions   -->
				<nth value="80"/>
				<value value="107"/>
			</decile>
			<decile>  <!--   0..* Decile partitions   -->
				<nth value="90"/>
				<value value="119"/>
			</decile>
		</scalarDistribution>
	</lab>
	<lab>
		<code>
			<coding>
				<system value="http://loinc.org"/>
				<code value="786-4"/>
				<display value="Erythrocyte mean corpuscular hemoglobin concentration [Mass/volume] by Automated count"/>
			</coding>
		</code>
		<count value="742"/>
		<frequencyPerYear value="1.4160"/><!--   0..1 Number of this lab per year   -->
		<fractionOfSubjects value="0.4771"/><!--   0..1 Percent of subjects with this lab   -->
		<scalarDistribution>  <!--   0..1 Numeric sample summary   -->
			<units>
				<unit value="g/dL"/>
				<system value="http://unitsofmeasure.org"/>
				<code value="g/dL"/>
			</units>
			<min value="29.30"/><!--   1..1 Minimum value   -->
			<max value="36.70"/><!--   1..1 Maximum value   -->
			<mean value="33.14"/><!--   1..1 Mean   -->
			<median value="33.10"/><!--   1..1 Median   -->
			<stdDev value="1.27"/><!--   1..1 Standard deviation   -->
			<decile>  <!--   0..* Decile partitions   -->
				<nth value="10"/>
				<value value="31.60"/>
			</decile>
			<decile>  <!--   0..* Decile partitions   -->
				<nth value="20"/>
				<value value="32.10"/>
			</decile>
			<decile>  <!--   0..* Decile partitions   -->
				<nth value="30"/>
				<value value="32.50"/>
			</decile>
			<decile>  <!--   0..* Decile partitions   -->
				<nth value="40"/>
				<value value="32.80"/>
			</decile>
			<decile>  <!--   0..* Decile partitions   -->
				<nth value="50"/>
				<value value="33.10"/>
			</decile>
			<decile>  <!--   0..* Decile partitions   -->
				<nth value="60"/>
				<value value="33.40"/>
			</decile>
			<decile>  <!--   0..* Decile partitions   -->
				<nth value="70"/>
				<value value="33.80"/>
			</decile>
			<decile>  <!--   0..* Decile partitions   -->
				<nth value="80"/>
				<value value="34.20"/>
			</decile>
			<decile>  <!--   0..* Decile partitions   -->
				<nth value="90"/>
				<value value="34.80"/>
			</decile>
			<normalizedHigh value="35.7"/>
			<normalizedLow value="31.5"/>
			<fractionAboveNormal value="0.03"/>
			<fractionBelowNormal value="0.08"/>
		</scalarDistribution>
	</lab>
	<lab>
		<code>
			<coding>
				<system value="http://loinc.org"/>
				<code value="785-6"/>
				<display value="Erythrocyte mean corpuscular hemoglobin [Entitic mass] by Automated count"/>
			</coding>
		</code>
		<count value="742"/>
		<frequencyPerYear value="1.4160"/><!--   0..1 Number of this lab per year   -->
		<fractionOfSubjects value="0.4771"/><!--   0..1 Percent of subjects with this lab   -->
		<scalarDistribution>  <!--   0..1 Numeric sample summary   -->
			<units>
				<unit value="pg"/>
				<system value="http://unitsofmeasure.org"/>
				<code value="pg"/>
			</units>
			<min value="23"/><!--   1..1 Minimum value   -->
			<max value="39.50"/><!--   1..1 Maximum value   -->
			<mean value="29.43"/><!--   1..1 Mean   -->
			<median value="29.40"/><!--   1..1 Median   -->
			<stdDev value="2.23"/><!--   1..1 Standard deviation   -->
			<decile>  <!--   0..* Decile partitions   -->
				<nth value="10"/>
				<value value="26.50"/>
			</decile>
			<decile>  <!--   0..* Decile partitions   -->
				<nth value="20"/>
				<value value="27.60"/>
			</decile>
			<decile>  <!--   0..* Decile partitions   -->
				<nth value="30"/>
				<value value="28.30"/>
			</decile>
			<decile>  <!--   0..* Decile partitions   -->
				<nth value="40"/>
				<value value="29"/>
			</decile>
			<decile>  <!--   0..* Decile partitions   -->
				<nth value="50"/>
				<value value="29.40"/>
			</decile>
			<decile>  <!--   0..* Decile partitions   -->
				<nth value="60"/>
				<value value="29.90"/>
			</decile>
			<decile>  <!--   0..* Decile partitions   -->
				<nth value="70"/>
				<value value="30.60"/>
			</decile>
			<decile>  <!--   0..* Decile partitions   -->
				<nth value="80"/>
				<value value="31.20"/>
			</decile>
			<decile>  <!--   0..* Decile partitions   -->
				<nth value="90"/>
				<value value="32.10"/>
			</decile>
			<normalizedHigh value="33.0"/>
			<normalizedLow value="26.6"/>
			<fractionAboveNormal value="0.05"/>
			<fractionBelowNormal value="0.10"/>
		</scalarDistribution>
	</lab>
	<lab>
		<code>
			<coding>
				<system value="http://loinc.org"/>
				<code value="39789-3"/>
				<display value="Potassium [Moles/volume] in Venous blood"/>
			</coding>
		</code>
		<count value="656"/>
		<frequencyPerYear value="1.2519"/><!--   0..1 Number of this lab per year   -->
		<fractionOfSubjects value="0.3893"/><!--   0..1 Percent of subjects with this lab   -->
		<scalarDistribution>  <!--   0..1 Numeric sample summary   -->
			<units>
				<unit value="mmol/L"/>
				<system value="http://unitsofmeasure.org"/>
				<code value="mmol/L"/>
			</units>
			<min value="2.40"/><!--   1..1 Minimum value   -->
			<max value="5.50"/><!--   1..1 Maximum value   -->
			<mean value="4.06"/><!--   1..1 Mean   -->
			<median value="4.10"/><!--   1..1 Median   -->
			<stdDev value="0.43"/><!--   1..1 Standard deviation   -->
			<decile>  <!--   0..* Decile partitions   -->
				<nth value="10"/>
				<value value="3.50"/>
			</decile>
			<decile>  <!--   0..* Decile partitions   -->
				<nth value="20"/>
				<value value="3.70"/>
			</decile>
			<decile>  <!--   0..* Decile partitions   -->
				<nth value="30"/>
				<value value="3.80"/>
			</decile>
			<decile>  <!--   0..* Decile partitions   -->
				<nth value="40"/>
				<value value="4"/>
			</decile>
			<decile>  <!--   0..* Decile partitions   -->
				<nth value="50"/>
				<value value="4.10"/>
			</decile>
			<decile>  <!--   0..* Decile partitions   -->
				<nth value="60"/>
				<value value="4.20"/>
			</decile>
			<decile>  <!--   0..* Decile partitions   -->
				<nth value="70"/>
				<value value="4.30"/>
			</decile>
			<decile>  <!--   0..* Decile partitions   -->
				<nth value="80"/>
				<value value="4.40"/>
			</decile>
			<decile>  <!--   0..* Decile partitions   -->
				<nth value="90"/>
				<value value="4.60"/>
			</decile>
		</scalarDistribution>
	</lab>
	<lab>
		<code>
			<coding>
				<system value="http://loinc.org"/>
				<code value="2823-3"/>
				<display value="Potassium [Moles/volume] in Serum or Plasma"/>
			</coding>
		</code>
		<count value="58"/>
		<frequencyPerYear value="0.1107"/><!--   0..1 Number of this lab per year   -->
		<fractionOfSubjects value="0.1450"/><!--   0..1 Percent of subjects with this lab   -->
		<scalarDistribution>  <!--   0..1 Numeric sample summary   -->
			<units>
				<unit value="mmol/L"/>
				<system value="http://unitsofmeasure.org"/>
				<code value="mmol/L"/>
			</units>
			<min value="3.70"/><!--   1..1 Minimum value   -->
			<max value="5"/><!--   1..1 Maximum value   -->
			<mean value="4.29"/><!--   1..1 Mean   -->
			<median value="4.30"/><!--   1..1 Median   -->
			<stdDev value="0.30"/><!--   1..1 Standard deviation   -->
			<decile>  <!--   0..* Decile partitions   -->
				<nth value="10"/>
				<value value="3.90"/>
			</decile>
			<decile>  <!--   0..* Decile partitions   -->
				<nth value="20"/>
				<value value="4"/>
			</decile>
			<decile>  <!--   0..* Decile partitions   -->
				<nth value="30"/>
				<value value="4.10"/>
			</decile>
			<decile>  <!--   0..* Decile partitions   -->
				<nth value="40"/>
				<value value="4.20"/>
			</decile>
			<decile>  <!--   0..* Decile partitions   -->
				<nth value="50"/>
				<value value="4.30"/>
			</decile>
			<decile>  <!--   0..* Decile partitions   -->
				<nth value="60"/>
				<value value="4.40"/>
			</decile>
			<decile>  <!--   0..* Decile partitions   -->
				<nth value="70"/>
				<value value="4.40"/>
			</decile>
			<decile>  <!--   0..* Decile partitions   -->
				<nth value="80"/>
				<value value="4.50"/>
			</decile>
			<decile>  <!--   0..* Decile partitions   -->
				<nth value="90"/>
				<value value="4.70"/>
			</decile>
			<normalizedHigh value="5.2"/>
			<normalizedLow value="3.5"/>
			<fractionAboveNormal value="0"/>
			<fractionBelowNormal value="0"/>
		</scalarDistribution>
	</lab>
	<lab>
		<code>
			<coding>
				<system value="http://loinc.org"/>
				<code value="2951-2"/>
				<display value="Sodium [Moles/volume] in Serum or Plasma"/>
			</coding>
		</code>
		<count value="739"/>
		<frequencyPerYear value="1.4103"/><!--   0..1 Number of this lab per year   -->
		<fractionOfSubjects value="0.4733"/><!--   0..1 Percent of subjects with this lab   -->
		<scalarDistribution>  <!--   0..1 Numeric sample summary   -->
			<units>
				<unit value="mmol/L"/>
				<system value="http://unitsofmeasure.org"/>
				<code value="mmol/L"/>
			</units>
			<min value="129"/><!--   1..1 Minimum value   -->
			<max value="147"/><!--   1..1 Maximum value   -->
			<mean value="139.77"/><!--   1..1 Mean   -->
			<median value="140"/><!--   1..1 Median   -->
			<stdDev value="2.56"/><!--   1..1 Standard deviation   -->
			<decile>  <!--   0..* Decile partitions   -->
				<nth value="10"/>
				<value value="137"/>
			</decile>
			<decile>  <!--   0..* Decile partitions   -->
				<nth value="20"/>
				<value value="138"/>
			</decile>
			<decile>  <!--   0..* Decile partitions   -->
				<nth value="30"/>
				<value value="139"/>
			</decile>
			<decile>  <!--   0..* Decile partitions   -->
				<nth value="40"/>
				<value value="139"/>
			</decile>
			<decile>  <!--   0..* Decile partitions   -->
				<nth value="50"/>
				<value value="140"/>
			</decile>
			<decile>  <!--   0..* Decile partitions   -->
				<nth value="60"/>
				<value value="140"/>
			</decile>
			<decile>  <!--   0..* Decile partitions   -->
				<nth value="70"/>
				<value value="141"/>
			</decile>
			<decile>  <!--   0..* Decile partitions   -->
				<nth value="80"/>
				<value value="142"/>
			</decile>
			<decile>  <!--   0..* Decile partitions   -->
				<nth value="90"/>
				<value value="143"/>
			</decile>
			<normalizedHigh value="145"/>
			<normalizedLow value="136"/>
			<fractionAboveNormal value="0.01"/>
			<fractionBelowNormal value="0.05"/>
		</scalarDistribution>
	</lab>
	<lab>
		<code>
			<coding>
				<system value="http://loinc.org"/>
				<code value="788-0"/>
				<display value="Erythrocyte distribution width [Ratio] by Automated count"/>
			</coding>
		</code>
		<count value="736"/>
		<frequencyPerYear value="1.4046"/><!--   0..1 Number of this lab per year   -->
		<fractionOfSubjects value="0.4771"/><!--   0..1 Percent of subjects with this lab   -->
		<scalarDistribution>  <!--   0..1 Numeric sample summary   -->
			<units>
				<unit value="%"/>
				<system value="http://unitsofmeasure.org"/>
				<code value="%"/>
			</units>
			<min value="11.40"/><!--   1..1 Minimum value   -->
			<max value="23.50"/><!--   1..1 Maximum value   -->
			<mean value="13.60"/><!--   1..1 Mean   -->
			<median value="13.10"/><!--   1..1 Median   -->
			<stdDev value="1.75"/><!--   1..1 Standard deviation   -->
			<decile>  <!--   0..* Decile partitions   -->
				<nth value="10"/>
				<value value="12.10"/>
			</decile>
			<decile>  <!--   0..* Decile partitions   -->
				<nth value="20"/>
				<value value="12.50"/>
			</decile>
			<decile>  <!--   0..* Decile partitions   -->
				<nth value="30"/>
				<value value="12.70"/>
			</decile>
			<decile>  <!--   0..* Decile partitions   -->
				<nth value="40"/>
				<value value="12.90"/>
			</decile>
			<decile>  <!--   0..* Decile partitions   -->
				<nth value="50"/>
				<value value="13.10"/>
			</decile>
			<decile>  <!--   0..* Decile partitions   -->
				<nth value="60"/>
				<value value="13.30"/>
			</decile>
			<decile>  <!--   0..* Decile partitions   -->
				<nth value="70"/>
				<value value="13.70"/>
			</decile>
			<decile>  <!--   0..* Decile partitions   -->
				<nth value="80"/>
				<value value="14.40"/>
			</decile>
			<decile>  <!--   0..* Decile partitions   -->
				<nth value="90"/>
				<value value="15.40"/>
			</decile>
			<normalizedHigh value="15.4"/>
			<normalizedLow value="12.3"/>
			<fractionAboveNormal value="0.10"/>
			<fractionBelowNormal value="0.12"/>
		</scalarDistribution>
	</lab>
	<lab>
		<code>
			<coding>
				<system value="http://loinc.org"/>
				<code value="12962-7"/>
				<display value="Urea nitrogen [Mass/volume] in Venous blood"/>
			</coding>
		</code>
		<count value="672"/>
		<frequencyPerYear value="1.2824"/><!--   0..1 Number of this lab per year   -->
		<fractionOfSubjects value="0.3931"/><!--   0..1 Percent of subjects with this lab   -->
		<scalarDistribution>  <!--   0..1 Numeric sample summary   -->
			<units>
				<unit value="mg/dL"/>
				<system value="http://unitsofmeasure.org"/>
				<code value="mg/dL"/>
			</units>
			<min value="1"/><!--   1..1 Minimum value   -->
			<max value="36"/><!--   1..1 Maximum value   -->
			<mean value="9.54"/><!--   1..1 Mean   -->
			<median value="9"/><!--   1..1 Median   -->
			<stdDev value="4.60"/><!--   1..1 Standard deviation   -->
			<decile>  <!--   0..* Decile partitions   -->
				<nth value="10"/>
				<value value="4"/>
			</decile>
			<decile>  <!--   0..* Decile partitions   -->
				<nth value="20"/>
				<value value="6"/>
			</decile>
			<decile>  <!--   0..* Decile partitions   -->
				<nth value="30"/>
				<value value="7"/>
			</decile>
			<decile>  <!--   0..* Decile partitions   -->
				<nth value="40"/>
				<value value="8"/>
			</decile>
			<decile>  <!--   0..* Decile partitions   -->
				<nth value="50"/>
				<value value="9"/>
			</decile>
			<decile>  <!--   0..* Decile partitions   -->
				<nth value="60"/>
				<value value="10"/>
			</decile>
			<decile>  <!--   0..* Decile partitions   -->
				<nth value="70"/>
				<value value="11"/>
			</decile>
			<decile>  <!--   0..* Decile partitions   -->
				<nth value="80"/>
				<value value="13"/>
			</decile>
			<decile>  <!--   0..* Decile partitions   -->
				<nth value="90"/>
				<value value="15"/>
			</decile>
		</scalarDistribution>
	</lab>
	<lab>
		<code>
			<coding>
				<system value="http://loinc.org"/>
				<code value="3094-0"/>
				<display value="Urea nitrogen [Mass/volume] in Serum or Plasma"/>
			</coding>
		</code>
		<count value="58"/>
		<frequencyPerYear value="0.1107"/><!--   0..1 Number of this lab per year   -->
		<fractionOfSubjects value="0.1450"/><!--   0..1 Percent of subjects with this lab   -->
		<scalarDistribution>  <!--   0..1 Numeric sample summary   -->
			<units>
				<unit value="mg/dL"/>
				<system value="http://unitsofmeasure.org"/>
				<code value="mg/dL"/>
			</units>
			<min value="3"/><!--   1..1 Minimum value   -->
			<max value="29"/><!--   1..1 Maximum value   -->
			<mean value="11.52"/><!--   1..1 Mean   -->
			<median value="11"/><!--   1..1 Median   -->
			<stdDev value="4.39"/><!--   1..1 Standard deviation   -->
			<decile>  <!--   0..* Decile partitions   -->
				<nth value="10"/>
				<value value="6"/>
			</decile>
			<decile>  <!--   0..* Decile partitions   -->
				<nth value="20"/>
				<value value="9"/>
			</decile>
			<decile>  <!--   0..* Decile partitions   -->
				<nth value="30"/>
				<value value="9"/>
			</decile>
			<decile>  <!--   0..* Decile partitions   -->
				<nth value="40"/>
				<value value="10"/>
			</decile>
			<decile>  <!--   0..* Decile partitions   -->
				<nth value="50"/>
				<value value="11"/>
			</decile>
			<decile>  <!--   0..* Decile partitions   -->
				<nth value="60"/>
				<value value="12"/>
			</decile>
			<decile>  <!--   0..* Decile partitions   -->
				<nth value="70"/>
				<value value="13"/>
			</decile>
			<decile>  <!--   0..* Decile partitions   -->
				<nth value="80"/>
				<value value="14"/>
			</decile>
			<decile>  <!--   0..* Decile partitions   -->
				<nth value="90"/>
				<value value="17"/>
			</decile>
			<normalizedHigh value="25"/>
			<normalizedLow value="7"/>
			<fractionAboveNormal value="0.02"/>
			<fractionBelowNormal value="0.10"/>
		</scalarDistribution>
	</lab>
	<lab>
		<code>
			<coding>
				<system value="http://loinc.org"/>
				<code value="48642-3"/>
				<display value="Glomerular filtration rate/1.73 sq M predicted among non-blacks [Volume Rate/Area] in Serum or Plasma by Creatinine-based formula (MDRD)"/>
			</coding>
		</code>
		<count value="32"/>
		<frequencyPerYear value="0.0611"/><!--   0..1 Number of this lab per year   -->
		<fractionOfSubjects value="0.0878"/><!--   0..1 Percent of subjects with this lab   -->
		<scalarDistribution>  <!--   0..1 Numeric sample summary   -->
			<units>
				<unit value="mL/min/1.73 sqm"/>
				<system value="http://unitsofmeasure.org"/>
				<code value="mL/min/1.73 sqm"/>
			</units>
			<min value="54"/><!--   1..1 Minimum value   -->
			<max value="138"/><!--   1..1 Maximum value   -->
			<mean value="109.78"/><!--   1..1 Mean   -->
			<median value="115"/><!--   1..1 Median   -->
			<stdDev value="23.16"/><!--   1..1 Standard deviation   -->
			<decile>  <!--   0..* Decile partitions   -->
				<nth value="10"/>
				<value value="60"/>
			</decile>
			<decile>  <!--   0..* Decile partitions   -->
				<nth value="20"/>
				<value value="97"/>
			</decile>
			<decile>  <!--   0..* Decile partitions   -->
				<nth value="30"/>
				<value value="105"/>
			</decile>
			<decile>  <!--   0..* Decile partitions   -->
				<nth value="40"/>
				<value value="111"/>
			</decile>
			<decile>  <!--   0..* Decile partitions   -->
				<nth value="50"/>
				<value value="115"/>
			</decile>
			<decile>  <!--   0..* Decile partitions   -->
				<nth value="60"/>
				<value value="120"/>
			</decile>
			<decile>  <!--   0..* Decile partitions   -->
				<nth value="70"/>
				<value value="121"/>
			</decile>
			<decile>  <!--   0..* Decile partitions   -->
				<nth value="80"/>
				<value value="125"/>
			</decile>
			<decile>  <!--   0..* Decile partitions   -->
				<nth value="90"/>
				<value value="134"/>
			</decile>
		</scalarDistribution>
	</lab>
	<lab>
		<code>
			<coding>
				<system value="http://loinc.org"/>
				<code value="33914-3"/>
				<display value="Glomerular filtration rate/1.73 sq M.predicted [Volume Rate/Area] in Serum or Plasma by Creatinine-based formula (MDRD)"/>
			</coding>
		</code>
		<count value="17"/>
		<frequencyPerYear value="0.0324"/><!--   0..1 Number of this lab per year   -->
		<fractionOfSubjects value="0.0420"/><!--   0..1 Percent of subjects with this lab   -->
		<scalarDistribution>  <!--   0..1 Numeric sample summary   -->
			<units>
				<unit value="mL/min/1.73m2"/>
				<system value="http://unitsofmeasure.org"/>
				<code value="mL/min/1.73m2"/>
			</units>
			<min value="89"/><!--   1..1 Minimum value   -->
			<max value="128"/><!--   1..1 Maximum value   -->
			<mean value="112.82"/><!--   1..1 Mean   -->
			<median value="117.50"/><!--   1..1 Median   -->
			<stdDev value="12.18"/><!--   1..1 Standard deviation   -->
			<decile>  <!--   0..* Decile partitions   -->
				<nth value="10"/>
				<value value="95"/>
			</decile>
			<decile>  <!--   0..* Decile partitions   -->
				<nth value="20"/>
				<value value="98"/>
			</decile>
			<decile>  <!--   0..* Decile partitions   -->
				<nth value="30"/>
				<value value="103"/>
			</decile>
			<decile>  <!--   0..* Decile partitions   -->
				<nth value="40"/>
				<value value="114"/>
			</decile>
			<decile>  <!--   0..* Decile partitions   -->
				<nth value="50"/>
				<value value="118"/>
			</decile>
			<decile>  <!--   0..* Decile partitions   -->
				<nth value="60"/>
				<value value="119"/>
			</decile>
			<decile>  <!--   0..* Decile partitions   -->
				<nth value="70"/>
				<value value="120"/>
			</decile>
			<decile>  <!--   0..* Decile partitions   -->
				<nth value="80"/>
				<value value="122"/>
			</decile>
			<decile>  <!--   0..* Decile partitions   -->
				<nth value="90"/>
				<value value="125"/>
			</decile>
		</scalarDistribution>
	</lab>
	<lab>
		<code>
			<coding>
				<system value="http://loinc.org"/>
				<code value="48643-1"/>
				<display value="Glomerular filtration rate/1.73 sq M predicted among blacks [Volume Rate/Area] in Serum or Plasma by Creatinine-based formula (MDRD)"/>
			</coding>
		</code>
		<count value="45"/>
		<frequencyPerYear value="0.0859"/><!--   0..1 Number of this lab per year   -->
		<fractionOfSubjects value="0.1183"/><!--   0..1 Percent of subjects with this lab   -->
		<scalarDistribution>  <!--   0..1 Numeric sample summary   -->
			<units>
				<unit value="mL/min/1.73m2"/>
				<system value="http://unitsofmeasure.org"/>
				<code value="mL/min/1.73m2"/>
			</units>
			<min value="104"/><!--   1..1 Minimum value   -->
			<max value="159"/><!--   1..1 Maximum value   -->
			<mean value="133.44"/><!--   1..1 Mean   -->
			<median value="136"/><!--   1..1 Median   -->
			<stdDev value="14.39"/><!--   1..1 Standard deviation   -->
			<decile>  <!--   0..* Decile partitions   -->
				<nth value="10"/>
				<value value="113"/>
			</decile>
			<decile>  <!--   0..* Decile partitions   -->
				<nth value="20"/>
				<value value="118"/>
			</decile>
			<decile>  <!--   0..* Decile partitions   -->
				<nth value="30"/>
				<value value="127"/>
			</decile>
			<decile>  <!--   0..* Decile partitions   -->
				<nth value="40"/>
				<value value="132"/>
			</decile>
			<decile>  <!--   0..* Decile partitions   -->
				<nth value="50"/>
				<value value="137"/>
			</decile>
			<decile>  <!--   0..* Decile partitions   -->
				<nth value="60"/>
				<value value="138"/>
			</decile>
			<decile>  <!--   0..* Decile partitions   -->
				<nth value="70"/>
				<value value="140"/>
			</decile>
			<decile>  <!--   0..* Decile partitions   -->
				<nth value="80"/>
				<value value="144"/>
			</decile>
			<decile>  <!--   0..* Decile partitions   -->
				<nth value="90"/>
				<value value="152"/>
			</decile>
		</scalarDistribution>
	</lab>
	<lab>
		<code>
			<coding>
				<system value="http://loinc.org"/>
				<code value="6768-6"/>
				<display value="Alkaline phosphatase [Enzymatic activity/volume] in Serum or Plasma"/>
			</coding>
		</code>
		<count value="606"/>
		<frequencyPerYear value="1.1565"/><!--   0..1 Number of this lab per year   -->
		<fractionOfSubjects value="0.4389"/><!--   0..1 Percent of subjects with this lab   -->
		<scalarDistribution>  <!--   0..1 Numeric sample summary   -->
			<units>
				<unit value="U/L"/>
				<system value="http://unitsofmeasure.org"/>
				<code value="U/L"/>
			</units>
			<min value="25"/><!--   1..1 Minimum value   -->
			<max value="855"/><!--   1..1 Maximum value   -->
			<mean value="67.39"/><!--   1..1 Mean   -->
			<median value="61"/><!--   1..1 Median   -->
			<stdDev value="50.10"/><!--   1..1 Standard deviation   -->
			<decile>  <!--   0..* Decile partitions   -->
				<nth value="10"/>
				<value value="40"/>
			</decile>
			<decile>  <!--   0..* Decile partitions   -->
				<nth value="20"/>
				<value value="48"/>
			</decile>
			<decile>  <!--   0..* Decile partitions   -->
				<nth value="30"/>
				<value value="54"/>
			</decile>
			<decile>  <!--   0..* Decile partitions   -->
				<nth value="40"/>
				<value value="57"/>
			</decile>
			<decile>  <!--   0..* Decile partitions   -->
				<nth value="50"/>
				<value value="61"/>
			</decile>
			<decile>  <!--   0..* Decile partitions   -->
				<nth value="60"/>
				<value value="67"/>
			</decile>
			<decile>  <!--   0..* Decile partitions   -->
				<nth value="70"/>
				<value value="72"/>
			</decile>
			<decile>  <!--   0..* Decile partitions   -->
				<nth value="80"/>
				<value value="78"/>
			</decile>
			<decile>  <!--   0..* Decile partitions   -->
				<nth value="90"/>
				<value value="94"/>
			</decile>
			<normalizedHigh value="120"/>
			<normalizedLow value="30"/>
			<fractionAboveNormal value="0.02"/>
			<fractionBelowNormal value="0.01"/>
		</scalarDistribution>
	</lab>
	<lab>
		<code>
			<coding>
				<system value="http://loinc.org"/>
				<code value="1920-8"/>
				<display value="Aspartate aminotransferase [Enzymatic activity/volume] in Serum or Plasma"/>
			</coding>
		</code>
		<count value="568"/>
		<frequencyPerYear value="1.0840"/><!--   0..1 Number of this lab per year   -->
		<fractionOfSubjects value="0.4275"/><!--   0..1 Percent of subjects with this lab   -->
		<scalarDistribution>  <!--   0..1 Numeric sample summary   -->
			<units>
				<unit value="IU/L"/>
				<system value="http://unitsofmeasure.org"/>
				<code value="IU/L"/>
			</units>
			<min value="6"/><!--   1..1 Minimum value   -->
			<max value="543"/><!--   1..1 Maximum value   -->
			<mean value="21.89"/><!--   1..1 Mean   -->
			<median value="17"/><!--   1..1 Median   -->
			<stdDev value="27.78"/><!--   1..1 Standard deviation   -->
			<decile>  <!--   0..* Decile partitions   -->
				<nth value="10"/>
				<value value="12"/>
			</decile>
			<decile>  <!--   0..* Decile partitions   -->
				<nth value="20"/>
				<value value="13"/>
			</decile>
			<decile>  <!--   0..* Decile partitions   -->
				<nth value="30"/>
				<value value="14"/>
			</decile>
			<decile>  <!--   0..* Decile partitions   -->
				<nth value="40"/>
				<value value="16"/>
			</decile>
			<decile>  <!--   0..* Decile partitions   -->
				<nth value="50"/>
				<value value="17"/>
			</decile>
			<decile>  <!--   0..* Decile partitions   -->
				<nth value="60"/>
				<value value="19"/>
			</decile>
			<decile>  <!--   0..* Decile partitions   -->
				<nth value="70"/>
				<value value="21"/>
			</decile>
			<decile>  <!--   0..* Decile partitions   -->
				<nth value="80"/>
				<value value="24"/>
			</decile>
			<decile>  <!--   0..* Decile partitions   -->
				<nth value="90"/>
				<value value="32"/>
			</decile>
			<normalizedHigh value="40"/>
			<normalizedLow value="0"/>
			<fractionAboveNormal value="0.05"/>
			<fractionBelowNormal value="0"/>
		</scalarDistribution>
	</lab>
	<lab>
		<code>
			<coding>
				<system value="http://loinc.org"/>
				<code value="1742-6"/>
				<display value="Alanine aminotransferase [Enzymatic activity/volume] in Serum or Plasma"/>
			</coding>
		</code>
		<count value="604"/>
		<frequencyPerYear value="1.1527"/><!--   0..1 Number of this lab per year   -->
		<fractionOfSubjects value="0.4351"/><!--   0..1 Percent of subjects with this lab   -->
		<scalarDistribution>  <!--   0..1 Numeric sample summary   -->
			<units>
				<unit value="U/L"/>
				<system value="http://unitsofmeasure.org"/>
				<code value="U/L"/>
			</units>
			<min value="5"/><!--   1..1 Minimum value   -->
			<max value="277"/><!--   1..1 Maximum value   -->
			<mean value="23"/><!--   1..1 Mean   -->
			<median value="15"/><!--   1..1 Median   -->
			<stdDev value="29.64"/><!--   1..1 Standard deviation   -->
			<decile>  <!--   0..* Decile partitions   -->
				<nth value="10"/>
				<value value="9"/>
			</decile>
			<decile>  <!--   0..* Decile partitions   -->
				<nth value="20"/>
				<value value="11"/>
			</decile>
			<decile>  <!--   0..* Decile partitions   -->
				<nth value="30"/>
				<value value="12"/>
			</decile>
			<decile>  <!--   0..* Decile partitions   -->
				<nth value="40"/>
				<value value="14"/>
			</decile>
			<decile>  <!--   0..* Decile partitions   -->
				<nth value="50"/>
				<value value="15"/>
			</decile>
			<decile>  <!--   0..* Decile partitions   -->
				<nth value="60"/>
				<value value="18"/>
			</decile>
			<decile>  <!--   0..* Decile partitions   -->
				<nth value="70"/>
				<value value="21"/>
			</decile>
			<decile>  <!--   0..* Decile partitions   -->
				<nth value="80"/>
				<value value="26"/>
			</decile>
			<decile>  <!--   0..* Decile partitions   -->
				<nth value="90"/>
				<value value="36"/>
			</decile>
			<normalizedHigh value="25"/>
			<normalizedLow value="0"/>
			<fractionAboveNormal value="0.20"/>
			<fractionBelowNormal value="0"/>
		</scalarDistribution>
	</lab>
	<lab>
		<code>
			<coding>
				<system value="http://loinc.org"/>
				<code value="2885-2"/>
				<display value="Protein [Mass/volume] in Serum or Plasma"/>
			</coding>
		</code>
		<count value="610"/>
		<frequencyPerYear value="1.1641"/><!--   0..1 Number of this lab per year   -->
		<fractionOfSubjects value="0.4389"/><!--   0..1 Percent of subjects with this lab   -->
		<scalarDistribution>  <!--   0..1 Numeric sample summary   -->
			<units>
				<unit value="g/dL"/>
				<system value="http://unitsofmeasure.org"/>
				<code value="g/dL"/>
			</units>
			<min value="4.30"/><!--   1..1 Minimum value   -->
			<max value="8.90"/><!--   1..1 Maximum value   -->
			<mean value="6.66"/><!--   1..1 Mean   -->
			<median value="6.70"/><!--   1..1 Median   -->
			<stdDev value="0.75"/><!--   1..1 Standard deviation   -->
			<decile>  <!--   0..* Decile partitions   -->
				<nth value="10"/>
				<value value="5.60"/>
			</decile>
			<decile>  <!--   0..* Decile partitions   -->
				<nth value="20"/>
				<value value="6.10"/>
			</decile>
			<decile>  <!--   0..* Decile partitions   -->
				<nth value="30"/>
				<value value="6.40"/>
			</decile>
			<decile>  <!--   0..* Decile partitions   -->
				<nth value="40"/>
				<value value="6.60"/>
			</decile>
			<decile>  <!--   0..* Decile partitions   -->
				<nth value="50"/>
				<value value="6.70"/>
			</decile>
			<decile>  <!--   0..* Decile partitions   -->
				<nth value="60"/>
				<value value="6.90"/>
			</decile>
			<decile>  <!--   0..* Decile partitions   -->
				<nth value="70"/>
				<value value="7.10"/>
			</decile>
			<decile>  <!--   0..* Decile partitions   -->
				<nth value="80"/>
				<value value="7.30"/>
			</decile>
			<decile>  <!--   0..* Decile partitions   -->
				<nth value="90"/>
				<value value="7.50"/>
			</decile>
			<normalizedHigh value="8.5"/>
			<normalizedLow value="6"/>
			<fractionAboveNormal value="0.00"/>
			<fractionBelowNormal value="0.17"/>
		</scalarDistribution>
	</lab>
	<lab>
		<code>
			<coding>
				<system value="http://loinc.org"/>
				<code value="1975-2"/>
				<display value="Bilirubin.total [Mass/volume] in Serum or Plasma"/>
			</coding>
		</code>
		<count value="474"/>
		<frequencyPerYear value="0.9046"/><!--   0..1 Number of this lab per year   -->
		<fractionOfSubjects value="0.3931"/><!--   0..1 Percent of subjects with this lab   -->
		<scalarDistribution>  <!--   0..1 Numeric sample summary   -->
			<units>
				<unit value="mg/dL"/>
				<system value="http://unitsofmeasure.org"/>
				<code value="mg/dL"/>
			</units>
			<min value="0.10"/><!--   1..1 Minimum value   -->
			<max value="1.90"/><!--   1..1 Maximum value   -->
			<mean value="0.45"/><!--   1..1 Mean   -->
			<median value="0.40"/><!--   1..1 Median   -->
			<stdDev value="0.27"/><!--   1..1 Standard deviation   -->
			<decile>  <!--   0..* Decile partitions   -->
				<nth value="10"/>
				<value value="0.20"/>
			</decile>
			<decile>  <!--   0..* Decile partitions   -->
				<nth value="20"/>
				<value value="0.30"/>
			</decile>
			<decile>  <!--   0..* Decile partitions   -->
				<nth value="30"/>
				<value value="0.30"/>
			</decile>
			<decile>  <!--   0..* Decile partitions   -->
				<nth value="40"/>
				<value value="0.30"/>
			</decile>
			<decile>  <!--   0..* Decile partitions   -->
				<nth value="50"/>
				<value value="0.40"/>
			</decile>
			<decile>  <!--   0..* Decile partitions   -->
				<nth value="60"/>
				<value value="0.40"/>
			</decile>
			<decile>  <!--   0..* Decile partitions   -->
				<nth value="70"/>
				<value value="0.50"/>
			</decile>
			<decile>  <!--   0..* Decile partitions   -->
				<nth value="80"/>
				<value value="0.60"/>
			</decile>
			<decile>  <!--   0..* Decile partitions   -->
				<nth value="90"/>
				<value value="0.80"/>
			</decile>
			<normalizedHigh value="1.2"/>
			<normalizedLow value="0.2"/>
			<fractionAboveNormal value="0.03"/>
			<fractionBelowNormal value="0.01"/>
		</scalarDistribution>
	</lab>
	<lab>
		<code>
			<coding>
				<system value="http://loinc.org"/>
				<code value="713-8"/>
				<display value="Eosinophils/100 leukocytes in Blood by Automated count"/>
			</coding>
		</code>
		<count value="520"/>
		<frequencyPerYear value="0.9924"/><!--   0..1 Number of this lab per year   -->
		<fractionOfSubjects value="0.4427"/><!--   0..1 Percent of subjects with this lab   -->
		<scalarDistribution>  <!--   0..1 Numeric sample summary   -->
			<units>
				<unit value="%"/>
				<system value="http://unitsofmeasure.org"/>
				<code value="%"/>
			</units>
			<min value="0"/><!--   1..1 Minimum value   -->
			<max value="15.50"/><!--   1..1 Maximum value   -->
			<mean value="2.47"/><!--   1..1 Mean   -->
			<median value="1.70"/><!--   1..1 Median   -->
			<stdDev value="2.55"/><!--   1..1 Standard deviation   -->
			<decile>  <!--   0..* Decile partitions   -->
				<nth value="10"/>
				<value value="0.30"/>
			</decile>
			<decile>  <!--   0..* Decile partitions   -->
				<nth value="20"/>
				<value value="0.70"/>
			</decile>
			<decile>  <!--   0..* Decile partitions   -->
				<nth value="30"/>
				<value value="1"/>
			</decile>
			<decile>  <!--   0..* Decile partitions   -->
				<nth value="40"/>
				<value value="1.30"/>
			</decile>
			<decile>  <!--   0..* Decile partitions   -->
				<nth value="50"/>
				<value value="1.70"/>
			</decile>
			<decile>  <!--   0..* Decile partitions   -->
				<nth value="60"/>
				<value value="2.10"/>
			</decile>
			<decile>  <!--   0..* Decile partitions   -->
				<nth value="70"/>
				<value value="2.60"/>
			</decile>
			<decile>  <!--   0..* Decile partitions   -->
				<nth value="80"/>
				<value value="3.80"/>
			</decile>
			<decile>  <!--   0..* Decile partitions   -->
				<nth value="90"/>
				<value value="5.40"/>
			</decile>
			<normalizedHigh value="7"/>
			<normalizedLow value="0"/>
			<fractionAboveNormal value="0.07"/>
			<fractionBelowNormal value="0"/>
		</scalarDistribution>
	</lab>
	<lab>
		<code>
			<coding>
				<system value="http://loinc.org"/>
				<code value="706-2"/>
				<display value="Basophils/100 leukocytes in Blood by Automated count"/>
			</coding>
		</code>
		<count value="484"/>
		<frequencyPerYear value="0.9237"/><!--   0..1 Number of this lab per year   -->
		<fractionOfSubjects value="0.3969"/><!--   0..1 Percent of subjects with this lab   -->
		<scalarDistribution>  <!--   0..1 Numeric sample summary   -->
			<units>
				<unit value="%"/>
				<system value="http://unitsofmeasure.org"/>
				<code value="%"/>
			</units>
			<min value="0"/><!--   1..1 Minimum value   -->
			<max value="2.80"/><!--   1..1 Maximum value   -->
			<mean value="0.54"/><!--   1..1 Mean   -->
			<median value="0.50"/><!--   1..1 Median   -->
			<stdDev value="0.36"/><!--   1..1 Standard deviation   -->
			<decile>  <!--   0..* Decile partitions   -->
				<nth value="10"/>
				<value value="0.20"/>
			</decile>
			<decile>  <!--   0..* Decile partitions   -->
				<nth value="20"/>
				<value value="0.30"/>
			</decile>
			<decile>  <!--   0..* Decile partitions   -->
				<nth value="30"/>
				<value value="0.30"/>
			</decile>
			<decile>  <!--   0..* Decile partitions   -->
				<nth value="40"/>
				<value value="0.40"/>
			</decile>
			<decile>  <!--   0..* Decile partitions   -->
				<nth value="50"/>
				<value value="0.50"/>
			</decile>
			<decile>  <!--   0..* Decile partitions   -->
				<nth value="60"/>
				<value value="0.50"/>
			</decile>
			<decile>  <!--   0..* Decile partitions   -->
				<nth value="70"/>
				<value value="0.60"/>
			</decile>
			<decile>  <!--   0..* Decile partitions   -->
				<nth value="80"/>
				<value value="0.70"/>
			</decile>
			<decile>  <!--   0..* Decile partitions   -->
				<nth value="90"/>
				<value value="1"/>
			</decile>
			<normalizedHigh value="1.0"/>
			<normalizedLow value="0.0"/>
			<fractionAboveNormal value="0.08"/>
			<fractionBelowNormal value="0"/>
		</scalarDistribution>
	</lab>
	<lab>
		<code>
			<coding>
				<system value="http://loinc.org"/>
				<code value="5905-5"/>
				<display value="Monocytes/100 leukocytes in Blood by Automated count"/>
			</coding>
		</code>
		<count value="474"/>
		<frequencyPerYear value="0.9046"/><!--   0..1 Number of this lab per year   -->
		<fractionOfSubjects value="0.3817"/><!--   0..1 Percent of subjects with this lab   -->
		<scalarDistribution>  <!--   0..1 Numeric sample summary   -->
			<units>
				<unit value="%"/>
				<system value="http://unitsofmeasure.org"/>
				<code value="%"/>
			</units>
			<min value="0.40"/><!--   1..1 Minimum value   -->
			<max value="44.40"/><!--   1..1 Maximum value   -->
			<mean value="8.26"/><!--   1..1 Mean   -->
			<median value="7.10"/><!--   1..1 Median   -->
			<stdDev value="5.67"/><!--   1..1 Standard deviation   -->
			<decile>  <!--   0..* Decile partitions   -->
				<nth value="10"/>
				<value value="4.60"/>
			</decile>
			<decile>  <!--   0..* Decile partitions   -->
				<nth value="20"/>
				<value value="5.40"/>
			</decile>
			<decile>  <!--   0..* Decile partitions   -->
				<nth value="30"/>
				<value value="6"/>
			</decile>
			<decile>  <!--   0..* Decile partitions   -->
				<nth value="40"/>
				<value value="6.50"/>
			</decile>
			<decile>  <!--   0..* Decile partitions   -->
				<nth value="50"/>
				<value value="7.10"/>
			</decile>
			<decile>  <!--   0..* Decile partitions   -->
				<nth value="60"/>
				<value value="7.50"/>
			</decile>
			<decile>  <!--   0..* Decile partitions   -->
				<nth value="70"/>
				<value value="8.10"/>
			</decile>
			<decile>  <!--   0..* Decile partitions   -->
				<nth value="80"/>
				<value value="9.10"/>
			</decile>
			<decile>  <!--   0..* Decile partitions   -->
				<nth value="90"/>
				<value value="11.80"/>
			</decile>
			<normalizedHigh value="12"/>
			<normalizedLow value="0"/>
			<fractionAboveNormal value="0.09"/>
			<fractionBelowNormal value="0"/>
		</scalarDistribution>
	</lab>
	<lab>
		<code>
			<coding>
				<system value="http://loinc.org"/>
				<code value="19123-9"/>
				<display value="Magnesium [Mass/volume] in Serum or Plasma"/>
			</coding>
		</code>
		<count value="236"/>
		<frequencyPerYear value="0.4504"/><!--   0..1 Number of this lab per year   -->
		<fractionOfSubjects value="0.1489"/><!--   0..1 Percent of subjects with this lab   -->
		<scalarDistribution>  <!--   0..1 Numeric sample summary   -->
			<units>
				<unit value="mg/dL"/>
				<system value="http://unitsofmeasure.org"/>
				<code value="mg/dL"/>
			</units>
			<min value="1.40"/><!--   1..1 Minimum value   -->
			<max value="4"/><!--   1..1 Maximum value   -->
			<mean value="2.04"/><!--   1..1 Mean   -->
			<median value="2"/><!--   1..1 Median   -->
			<stdDev value="0.29"/><!--   1..1 Standard deviation   -->
			<decile>  <!--   0..* Decile partitions   -->
				<nth value="10"/>
				<value value="1.80"/>
			</decile>
			<decile>  <!--   0..* Decile partitions   -->
				<nth value="20"/>
				<value value="1.90"/>
			</decile>
			<decile>  <!--   0..* Decile partitions   -->
				<nth value="30"/>
				<value value="1.90"/>
			</decile>
			<decile>  <!--   0..* Decile partitions   -->
				<nth value="40"/>
				<value value="2"/>
			</decile>
			<decile>  <!--   0..* Decile partitions   -->
				<nth value="50"/>
				<value value="2"/>
			</decile>
			<decile>  <!--   0..* Decile partitions   -->
				<nth value="60"/>
				<value value="2.10"/>
			</decile>
			<decile>  <!--   0..* Decile partitions   -->
				<nth value="70"/>
				<value value="2.10"/>
			</decile>
			<decile>  <!--   0..* Decile partitions   -->
				<nth value="80"/>
				<value value="2.20"/>
			</decile>
			<decile>  <!--   0..* Decile partitions   -->
				<nth value="90"/>
				<value value="2.30"/>
			</decile>
			<normalizedHigh value="2.3"/>
			<normalizedLow value="1.6"/>
			<fractionAboveNormal value="0.09"/>
			<fractionBelowNormal value="0.01"/>
		</scalarDistribution>
	</lab>
	<lab>
		<code>
			<coding>
				<system value="http://loinc.org"/>
				<code value="41653-7"/>
				<display value="Glucose [Mass/volume] in Capillary blood by Glucometer"/>
			</coding>
		</code>
		<count value="172"/>
		<frequencyPerYear value="0.3282"/><!--   0..1 Number of this lab per year   -->
		<fractionOfSubjects value="0.0840"/><!--   0..1 Percent of subjects with this lab   -->
		<scalarDistribution>  <!--   0..1 Numeric sample summary   -->
			<units>
				<unit value="mg/dL"/>
				<system value="http://unitsofmeasure.org"/>
				<code value="mg/dL"/>
			</units>
			<min value="54"/><!--   1..1 Minimum value   -->
			<max value="217"/><!--   1..1 Maximum value   -->
			<mean value="101.02"/><!--   1..1 Mean   -->
			<median value="95"/><!--   1..1 Median   -->
			<stdDev value="26.83"/><!--   1..1 Standard deviation   -->
			<decile>  <!--   0..* Decile partitions   -->
				<nth value="10"/>
				<value value="74"/>
			</decile>
			<decile>  <!--   0..* Decile partitions   -->
				<nth value="20"/>
				<value value="82"/>
			</decile>
			<decile>  <!--   0..* Decile partitions   -->
				<nth value="30"/>
				<value value="88"/>
			</decile>
			<decile>  <!--   0..* Decile partitions   -->
				<nth value="40"/>
				<value value="91"/>
			</decile>
			<decile>  <!--   0..* Decile partitions   -->
				<nth value="50"/>
				<value value="95"/>
			</decile>
			<decile>  <!--   0..* Decile partitions   -->
				<nth value="60"/>
				<value value="100"/>
			</decile>
			<decile>  <!--   0..* Decile partitions   -->
				<nth value="70"/>
				<value value="106"/>
			</decile>
			<decile>  <!--   0..* Decile partitions   -->
				<nth value="80"/>
				<value value="115"/>
			</decile>
			<decile>  <!--   0..* Decile partitions   -->
				<nth value="90"/>
				<value value="131"/>
			</decile>
			<normalizedHigh value="106"/>
			<normalizedLow value="74"/>
			<fractionAboveNormal value="0.29"/>
			<fractionBelowNormal value="0.08"/>
		</scalarDistribution>
	</lab>
	<lab>
		<code>
			<coding>
				<system value="http://loinc.org"/>
				<code value="2777-1"/>
				<display value="Phosphate [Mass/volume] in Serum or Plasma"/>
			</coding>
		</code>
		<count value="169"/>
		<frequencyPerYear value="0.3225"/><!--   0..1 Number of this lab per year   -->
		<fractionOfSubjects value="0.1031"/><!--   0..1 Percent of subjects with this lab   -->
		<scalarDistribution>  <!--   0..1 Numeric sample summary   -->
			<units>
				<unit value="mg/dL"/>
				<system value="http://unitsofmeasure.org"/>
				<code value="mg/dL"/>
			</units>
			<min value="0.80"/><!--   1..1 Minimum value   -->
			<max value="6.20"/><!--   1..1 Maximum value   -->
			<mean value="3.58"/><!--   1..1 Mean   -->
			<median value="3.50"/><!--   1..1 Median   -->
			<stdDev value="0.95"/><!--   1..1 Standard deviation   -->
			<decile>  <!--   0..* Decile partitions   -->
				<nth value="10"/>
				<value value="2.50"/>
			</decile>
			<decile>  <!--   0..* Decile partitions   -->
				<nth value="20"/>
				<value value="2.80"/>
			</decile>
			<decile>  <!--   0..* Decile partitions   -->
				<nth value="30"/>
				<value value="3.10"/>
			</decile>
			<decile>  <!--   0..* Decile partitions   -->
				<nth value="40"/>
				<value value="3.30"/>
			</decile>
			<decile>  <!--   0..* Decile partitions   -->
				<nth value="50"/>
				<value value="3.50"/>
			</decile>
			<decile>  <!--   0..* Decile partitions   -->
				<nth value="60"/>
				<value value="3.80"/>
			</decile>
			<decile>  <!--   0..* Decile partitions   -->
				<nth value="70"/>
				<value value="4.10"/>
			</decile>
			<decile>  <!--   0..* Decile partitions   -->
				<nth value="80"/>
				<value value="4.40"/>
			</decile>
			<decile>  <!--   0..* Decile partitions   -->
				<nth value="90"/>
				<value value="4.80"/>
			</decile>
			<normalizedHigh value="4.5"/>
			<normalizedLow value="2.5"/>
			<fractionAboveNormal value="0.15"/>
			<fractionBelowNormal value="0.09"/>
		</scalarDistribution>
	</lab>
	<lab>
		<code>
			<coding>
				<system value="http://loinc.org"/>
				<code value="5964-2"/>
				<display value="Prothrombin time (PT) in Blood by Coagulation assay"/>
			</coding>
		</code>
		<count value="129"/>
		<frequencyPerYear value="0.2462"/><!--   0..1 Number of this lab per year   -->
		<fractionOfSubjects value="0.1603"/><!--   0..1 Percent of subjects with this lab   -->
		<scalarDistribution>  <!--   0..1 Numeric sample summary   -->
			<units>
				<unit value="Seconds"/>
				<system value="http://unitsofmeasure.org"/>
				<code value="Seconds"/>
			</units>
			<min value="9.30"/><!--   1..1 Minimum value   -->
			<max value="12.70"/><!--   1..1 Maximum value   -->
			<mean value="11.03"/><!--   1..1 Mean   -->
			<median value="10.90"/><!--   1..1 Median   -->
			<stdDev value="0.79"/><!--   1..1 Standard deviation   -->
			<decile>  <!--   0..* Decile partitions   -->
				<nth value="10"/>
				<value value="10"/>
			</decile>
			<decile>  <!--   0..* Decile partitions   -->
				<nth value="20"/>
				<value value="10.40"/>
			</decile>
			<decile>  <!--   0..* Decile partitions   -->
				<nth value="30"/>
				<value value="10.60"/>
			</decile>
			<decile>  <!--   0..* Decile partitions   -->
				<nth value="40"/>
				<value value="10.70"/>
			</decile>
			<decile>  <!--   0..* Decile partitions   -->
				<nth value="50"/>
				<value value="10.90"/>
			</decile>
			<decile>  <!--   0..* Decile partitions   -->
				<nth value="60"/>
				<value value="11.10"/>
			</decile>
			<decile>  <!--   0..* Decile partitions   -->
				<nth value="70"/>
				<value value="11.40"/>
			</decile>
			<decile>  <!--   0..* Decile partitions   -->
				<nth value="80"/>
				<value value="11.80"/>
			</decile>
			<decile>  <!--   0..* Decile partitions   -->
				<nth value="90"/>
				<value value="12.10"/>
			</decile>
		</scalarDistribution>
	</lab>
	<lab>
		<code>
			<coding>
				<system value="http://loinc.org"/>
				<code value="2571-8"/>
				<display value="Triglyceride [Mass/volume] in Serum or Plasma"/>
			</coding>
		</code>
		<count value="80"/>
		<frequencyPerYear value="0.1527"/><!--   0..1 Number of this lab per year   -->
		<fractionOfSubjects value="0.1260"/><!--   0..1 Percent of subjects with this lab   -->
		<scalarDistribution>  <!--   0..1 Numeric sample summary   -->
			<units>
				<unit value="mg/dL"/>
				<system value="http://unitsofmeasure.org"/>
				<code value="mg/dL"/>
			</units>
			<min value="42"/><!--   1..1 Minimum value   -->
			<max value="612"/><!--   1..1 Maximum value   -->
			<mean value="158.54"/><!--   1..1 Mean   -->
			<median value="141"/><!--   1..1 Median   -->
			<stdDev value="99.29"/><!--   1..1 Standard deviation   -->
			<decile>  <!--   0..* Decile partitions   -->
				<nth value="10"/>
				<value value="59"/>
			</decile>
			<decile>  <!--   0..* Decile partitions   -->
				<nth value="20"/>
				<value value="71"/>
			</decile>
			<decile>  <!--   0..* Decile partitions   -->
				<nth value="30"/>
				<value value="85"/>
			</decile>
			<decile>  <!--   0..* Decile partitions   -->
				<nth value="40"/>
				<value value="115"/>
			</decile>
			<decile>  <!--   0..* Decile partitions   -->
				<nth value="50"/>
				<value value="141"/>
			</decile>
			<decile>  <!--   0..* Decile partitions   -->
				<nth value="60"/>
				<value value="162"/>
			</decile>
			<decile>  <!--   0..* Decile partitions   -->
				<nth value="70"/>
				<value value="187"/>
			</decile>
			<decile>  <!--   0..* Decile partitions   -->
				<nth value="80"/>
				<value value="237"/>
			</decile>
			<decile>  <!--   0..* Decile partitions   -->
				<nth value="90"/>
				<value value="282"/>
			</decile>
			<normalizedHigh value="149"/>
			<normalizedLow value="0"/>
			<fractionAboveNormal value="0.44"/>
			<fractionBelowNormal value="0"/>
		</scalarDistribution>
	</lab>
	<lab>
		<code>
			<coding>
				<system value="http://loinc.org"/>
				<code value="2093-3"/>
				<display value="Cholesterol [Mass/volume] in Serum or Plasma"/>
			</coding>
		</code>
		<count value="55"/>
		<frequencyPerYear value="0.1050"/><!--   0..1 Number of this lab per year   -->
		<fractionOfSubjects value="0.1298"/><!--   0..1 Percent of subjects with this lab   -->
		<scalarDistribution>  <!--   0..1 Numeric sample summary   -->
			<units>
				<unit value="mg/dL"/>
				<system value="http://unitsofmeasure.org"/>
				<code value="mg/dL"/>
			</units>
			<min value="122"/><!--   1..1 Minimum value   -->
			<max value="235"/><!--   1..1 Maximum value   -->
			<mean value="178.35"/><!--   1..1 Mean   -->
			<median value="178.50"/><!--   1..1 Median   -->
			<stdDev value="30.64"/><!--   1..1 Standard deviation   -->
			<decile>  <!--   0..* Decile partitions   -->
				<nth value="10"/>
				<value value="134"/>
			</decile>
			<decile>  <!--   0..* Decile partitions   -->
				<nth value="20"/>
				<value value="148"/>
			</decile>
			<decile>  <!--   0..* Decile partitions   -->
				<nth value="30"/>
				<value value="161"/>
			</decile>
			<decile>  <!--   0..* Decile partitions   -->
				<nth value="40"/>
				<value value="168"/>
			</decile>
			<decile>  <!--   0..* Decile partitions   -->
				<nth value="50"/>
				<value value="179"/>
			</decile>
			<decile>  <!--   0..* Decile partitions   -->
				<nth value="60"/>
				<value value="187"/>
			</decile>
			<decile>  <!--   0..* Decile partitions   -->
				<nth value="70"/>
				<value value="197"/>
			</decile>
			<decile>  <!--   0..* Decile partitions   -->
				<nth value="80"/>
				<value value="205"/>
			</decile>
			<decile>  <!--   0..* Decile partitions   -->
				<nth value="90"/>
				<value value="222"/>
			</decile>
			<normalizedHigh value="199"/>
			<normalizedLow value="100"/>
			<fractionAboveNormal value="0.25"/>
			<fractionBelowNormal value="0"/>
		</scalarDistribution>
	</lab>
	<lab>
		<code>
			<coding>
				<system value="http://loinc.org"/>
				<code value="2085-9"/>
				<display value="Cholesterol in HDL [Mass/volume] in Serum or Plasma"/>
			</coding>
		</code>
		<count value="42"/>
		<frequencyPerYear value="0.0802"/><!--   0..1 Number of this lab per year   -->
		<fractionOfSubjects value="0.1260"/><!--   0..1 Percent of subjects with this lab   -->
		<scalarDistribution>  <!--   0..1 Numeric sample summary   -->
			<units>
				<unit value="mg/dL"/>
				<system value="http://unitsofmeasure.org"/>
				<code value="mg/dL"/>
			</units>
			<min value="20"/><!--   1..1 Minimum value   -->
			<max value="102"/><!--   1..1 Maximum value   -->
			<mean value="59.62"/><!--   1..1 Mean   -->
			<median value="59"/><!--   1..1 Median   -->
			<stdDev value="17.44"/><!--   1..1 Standard deviation   -->
			<decile>  <!--   0..* Decile partitions   -->
				<nth value="10"/>
				<value value="34"/>
			</decile>
			<decile>  <!--   0..* Decile partitions   -->
				<nth value="20"/>
				<value value="40"/>
			</decile>
			<decile>  <!--   0..* Decile partitions   -->
				<nth value="30"/>
				<value value="52"/>
			</decile>
			<decile>  <!--   0..* Decile partitions   -->
				<nth value="40"/>
				<value value="54"/>
			</decile>
			<decile>  <!--   0..* Decile partitions   -->
				<nth value="50"/>
				<value value="59"/>
			</decile>
			<decile>  <!--   0..* Decile partitions   -->
				<nth value="60"/>
				<value value="64"/>
			</decile>
			<decile>  <!--   0..* Decile partitions   -->
				<nth value="70"/>
				<value value="72"/>
			</decile>
			<decile>  <!--   0..* Decile partitions   -->
				<nth value="80"/>
				<value value="76"/>
			</decile>
			<decile>  <!--   0..* Decile partitions   -->
				<nth value="90"/>
				<value value="79"/>
			</decile>
			<normalizedHigh value="76"/>
			<normalizedLow value="36"/>
			<fractionAboveNormal value="0.17"/>
			<fractionBelowNormal value="0.10"/>
		</scalarDistribution>
	</lab>
	<lab>
		<code>
			<coding>
				<system value="http://loinc.org"/>
				<code value="744-3"/>
				<display value="Monocytes/100 leukocytes in Blood by Manual count"/>
			</coding>
		</code>
		<count value="42"/>
		<frequencyPerYear value="0.0802"/><!--   0..1 Number of this lab per year   -->
		<fractionOfSubjects value="0.0382"/><!--   0..1 Percent of subjects with this lab   -->
		<scalarDistribution>  <!--   0..1 Numeric sample summary   -->
			<units>
				<unit value="%"/>
				<system value="http://unitsofmeasure.org"/>
				<code value="%"/>
			</units>
			<min value="0"/><!--   1..1 Minimum value   -->
			<max value="35"/><!--   1..1 Maximum value   -->
			<mean value="11.21"/><!--   1..1 Mean   -->
			<median value="7"/><!--   1..1 Median   -->
			<stdDev value="9.97"/><!--   1..1 Standard deviation   -->
			<decile>  <!--   0..* Decile partitions   -->
				<nth value="10"/>
				<value value="0"/>
			</decile>
			<decile>  <!--   0..* Decile partitions   -->
				<nth value="20"/>
				<value value="3"/>
			</decile>
			<decile>  <!--   0..* Decile partitions   -->
				<nth value="30"/>
				<value value="5"/>
			</decile>
			<decile>  <!--   0..* Decile partitions   -->
				<nth value="40"/>
				<value value="6"/>
			</decile>
			<decile>  <!--   0..* Decile partitions   -->
				<nth value="50"/>
				<value value="7"/>
			</decile>
			<decile>  <!--   0..* Decile partitions   -->
				<nth value="60"/>
				<value value="9"/>
			</decile>
			<decile>  <!--   0..* Decile partitions   -->
				<nth value="70"/>
				<value value="13"/>
			</decile>
			<decile>  <!--   0..* Decile partitions   -->
				<nth value="80"/>
				<value value="23"/>
			</decile>
			<decile>  <!--   0..* Decile partitions   -->
				<nth value="90"/>
				<value value="27"/>
			</decile>
			<normalizedHigh value="12"/>
			<normalizedLow value="1"/>
			<fractionAboveNormal value="0.36"/>
			<fractionBelowNormal value="0.10"/>
		</scalarDistribution>
	</lab>
	<lab>
		<code>
			<coding>
				<system value="http://loinc.org"/>
				<code value="714-6"/>
				<display value="Eosinophils/100 leukocytes in Blood by Manual count"/>
			</coding>
		</code>
		<count value="42"/>
		<frequencyPerYear value="0.0802"/><!--   0..1 Number of this lab per year   -->
		<fractionOfSubjects value="0.0382"/><!--   0..1 Percent of subjects with this lab   -->
		<scalarDistribution>  <!--   0..1 Numeric sample summary   -->
			<units>
				<unit value="%"/>
				<system value="http://unitsofmeasure.org"/>
				<code value="%"/>
			</units>
			<min value="0"/><!--   1..1 Minimum value   -->
			<max value="13"/><!--   1..1 Maximum value   -->
			<mean value="3.02"/><!--   1..1 Mean   -->
			<median value="2"/><!--   1..1 Median   -->
			<stdDev value="3.47"/><!--   1..1 Standard deviation   -->
			<decile>  <!--   0..* Decile partitions   -->
				<nth value="10"/>
				<value value="0"/>
			</decile>
			<decile>  <!--   0..* Decile partitions   -->
				<nth value="20"/>
				<value value="0"/>
			</decile>
			<decile>  <!--   0..* Decile partitions   -->
				<nth value="30"/>
				<value value="0"/>
			</decile>
			<decile>  <!--   0..* Decile partitions   -->
				<nth value="40"/>
				<value value="1"/>
			</decile>
			<decile>  <!--   0..* Decile partitions   -->
				<nth value="50"/>
				<value value="2"/>
			</decile>
			<decile>  <!--   0..* Decile partitions   -->
				<nth value="60"/>
				<value value="3"/>
			</decile>
			<decile>  <!--   0..* Decile partitions   -->
				<nth value="70"/>
				<value value="4"/>
			</decile>
			<decile>  <!--   0..* Decile partitions   -->
				<nth value="80"/>
				<value value="6"/>
			</decile>
			<decile>  <!--   0..* Decile partitions   -->
				<nth value="90"/>
				<value value="9"/>
			</decile>
			<normalizedHigh value="7"/>
			<normalizedLow value="0"/>
			<fractionAboveNormal value="0.14"/>
			<fractionBelowNormal value="0"/>
		</scalarDistribution>
	</lab>
	<lab>
		<code>
			<coding>
				<system value="http://loinc.org"/>
				<code value="737-7"/>
				<display value="Lymphocytes/100 leukocytes in Blood by Manual count"/>
			</coding>
		</code>
		<count value="42"/>
		<frequencyPerYear value="0.0802"/><!--   0..1 Number of this lab per year   -->
		<fractionOfSubjects value="0.0382"/><!--   0..1 Percent of subjects with this lab   -->
		<scalarDistribution>  <!--   0..1 Numeric sample summary   -->
			<units>
				<unit value="%"/>
				<system value="http://unitsofmeasure.org"/>
				<code value="%"/>
			</units>
			<min value="2"/><!--   1..1 Minimum value   -->
			<max value="65"/><!--   1..1 Maximum value   -->
			<mean value="27.74"/><!--   1..1 Mean   -->
			<median value="25"/><!--   1..1 Median   -->
			<stdDev value="15.36"/><!--   1..1 Standard deviation   -->
			<decile>  <!--   0..* Decile partitions   -->
				<nth value="10"/>
				<value value="7"/>
			</decile>
			<decile>  <!--   0..* Decile partitions   -->
				<nth value="20"/>
				<value value="14"/>
			</decile>
			<decile>  <!--   0..* Decile partitions   -->
				<nth value="30"/>
				<value value="18"/>
			</decile>
			<decile>  <!--   0..* Decile partitions   -->
				<nth value="40"/>
				<value value="22"/>
			</decile>
			<decile>  <!--   0..* Decile partitions   -->
				<nth value="50"/>
				<value value="25"/>
			</decile>
			<decile>  <!--   0..* Decile partitions   -->
				<nth value="60"/>
				<value value="30"/>
			</decile>
			<decile>  <!--   0..* Decile partitions   -->
				<nth value="70"/>
				<value value="35"/>
			</decile>
			<decile>  <!--   0..* Decile partitions   -->
				<nth value="80"/>
				<value value="38"/>
			</decile>
			<decile>  <!--   0..* Decile partitions   -->
				<nth value="90"/>
				<value value="45"/>
			</decile>
			<normalizedHigh value="44"/>
			<normalizedLow value="24"/>
			<fractionAboveNormal value="0.12"/>
			<fractionBelowNormal value="0.43"/>
		</scalarDistribution>
	</lab>
	<lab>
		<code>
			<coding>
				<system value="http://loinc.org"/>
				<code value="706-2"/>
				<display value="Basophils/100 leukocytes in Blood by Automated count"/>
			</coding>
		</code>
		<count value="33"/>
		<frequencyPerYear value="0.0630"/><!--   0..1 Number of this lab per year   -->
		<fractionOfSubjects value="0.0802"/><!--   0..1 Percent of subjects with this lab   -->
		<scalarDistribution>  <!--   0..1 Numeric sample summary   -->
			<units>
				<unit value="%"/>
				<system value="http://unitsofmeasure.org"/>
				<code value="%"/>
			</units>
			<min value="0"/><!--   1..1 Minimum value   -->
			<max value="2"/><!--   1..1 Maximum value   -->
			<mean value="0.52"/><!--   1..1 Mean   -->
			<median value="0"/><!--   1..1 Median   -->
			<stdDev value="0.57"/><!--   1..1 Standard deviation   -->
			<decile>  <!--   0..* Decile partitions   -->
				<nth value="10"/>
				<value value="0"/>
			</decile>
			<decile>  <!--   0..* Decile partitions   -->
				<nth value="20"/>
				<value value="0"/>
			</decile>
			<decile>  <!--   0..* Decile partitions   -->
				<nth value="30"/>
				<value value="0"/>
			</decile>
			<decile>  <!--   0..* Decile partitions   -->
				<nth value="40"/>
				<value value="0"/>
			</decile>
			<decile>  <!--   0..* Decile partitions   -->
				<nth value="50"/>
				<value value="0"/>
			</decile>
			<decile>  <!--   0..* Decile partitions   -->
				<nth value="60"/>
				<value value="1"/>
			</decile>
			<decile>  <!--   0..* Decile partitions   -->
				<nth value="70"/>
				<value value="1"/>
			</decile>
			<decile>  <!--   0..* Decile partitions   -->
				<nth value="80"/>
				<value value="1"/>
			</decile>
			<decile>  <!--   0..* Decile partitions   -->
				<nth value="90"/>
				<value value="1"/>
			</decile>
			<normalizedHigh value="1.0"/>
			<normalizedLow value="0.0"/>
			<fractionAboveNormal value="0.03"/>
			<fractionBelowNormal value="0"/>
		</scalarDistribution>
	</lab>
	<lab>
		<code>
			<coding>
				<system value="http://loinc.org"/>
				<code value="4548-4"/>
				<display value="Hemoglobin A1c/Hemoglobin.total in Blood"/>
			</coding>
		</code>
		<count value="24"/>
		<frequencyPerYear value="0.0458"/><!--   0..1 Number of this lab per year   -->
		<fractionOfSubjects value="0.0763"/><!--   0..1 Percent of subjects with this lab   -->
		<scalarDistribution>  <!--   0..1 Numeric sample summary   -->
			<units>
				<unit value="%"/>
				<system value="http://unitsofmeasure.org"/>
				<code value="%"/>
			</units>
			<min value="4.40"/><!--   1..1 Minimum value   -->
			<max value="5.90"/><!--   1..1 Maximum value   -->
			<mean value="5.03"/><!--   1..1 Mean   -->
			<median value="5.10"/><!--   1..1 Median   -->
			<stdDev value="0.39"/><!--   1..1 Standard deviation   -->
			<decile>  <!--   0..* Decile partitions   -->
				<nth value="10"/>
				<value value="4.50"/>
			</decile>
			<decile>  <!--   0..* Decile partitions   -->
				<nth value="20"/>
				<value value="4.70"/>
			</decile>
			<decile>  <!--   0..* Decile partitions   -->
				<nth value="30"/>
				<value value="4.80"/>
			</decile>
			<decile>  <!--   0..* Decile partitions   -->
				<nth value="40"/>
				<value value="4.90"/>
			</decile>
			<decile>  <!--   0..* Decile partitions   -->
				<nth value="50"/>
				<value value="5.10"/>
			</decile>
			<decile>  <!--   0..* Decile partitions   -->
				<nth value="60"/>
				<value value="5.10"/>
			</decile>
			<decile>  <!--   0..* Decile partitions   -->
				<nth value="70"/>
				<value value="5.30"/>
			</decile>
			<decile>  <!--   0..* Decile partitions   -->
				<nth value="80"/>
				<value value="5.30"/>
			</decile>
			<decile>  <!--   0..* Decile partitions   -->
				<nth value="90"/>
				<value value="5.40"/>
			</decile>
			<normalizedHigh value="5.6"/>
			<normalizedLow value="4.8"/>
			<fractionAboveNormal value="0.08"/>
			<fractionBelowNormal value="0.38"/>
		</scalarDistribution>
	</lab>
	<lab>
		<code>
			<coding>
				<system value="http://loinc.org"/>
				<code value="21582-2"/>
				<display value="Tryptase [Mass/volume] in Serum or Plasma"/>
			</coding>
		</code>
		<count value="23"/>
		<frequencyPerYear value="0.0439"/><!--   0..1 Number of this lab per year   -->
		<fractionOfSubjects value="0.0687"/><!--   0..1 Percent of subjects with this lab   -->
		<scalarDistribution>  <!--   0..1 Numeric sample summary   -->
			<units>
				<unit value="ng/mL"/>
				<system value="http://unitsofmeasure.org"/>
				<code value="ng/mL"/>
			</units>
			<min value="2"/><!--   1..1 Minimum value   -->
			<max value="17"/><!--   1..1 Maximum value   -->
			<mean value="4.86"/><!--   1..1 Mean   -->
			<median value="3.95"/><!--   1..1 Median   -->
			<stdDev value="3.60"/><!--   1..1 Standard deviation   -->
			<decile>  <!--   0..* Decile partitions   -->
				<nth value="10"/>
				<value value="2"/>
			</decile>
			<decile>  <!--   0..* Decile partitions   -->
				<nth value="20"/>
				<value value="3"/>
			</decile>
			<decile>  <!--   0..* Decile partitions   -->
				<nth value="30"/>
				<value value="3"/>
			</decile>
			<decile>  <!--   0..* Decile partitions   -->
				<nth value="40"/>
				<value value="3"/>
			</decile>
			<decile>  <!--   0..* Decile partitions   -->
				<nth value="50"/>
				<value value="4"/>
			</decile>
			<decile>  <!--   0..* Decile partitions   -->
				<nth value="60"/>
				<value value="4"/>
			</decile>
			<decile>  <!--   0..* Decile partitions   -->
				<nth value="70"/>
				<value value="4"/>
			</decile>
			<decile>  <!--   0..* Decile partitions   -->
				<nth value="80"/>
				<value value="5.30"/>
			</decile>
			<decile>  <!--   0..* Decile partitions   -->
				<nth value="90"/>
				<value value="9"/>
			</decile>
		</scalarDistribution>
	</lab>
	<lab>
		<code>
			<coding>
				<system value="http://loinc.org"/>
				<code value="736-9"/>
				<display value="Lymphocytes/100 leukocytes in Blood by Automated count"/>
			</coding>
		</code>
		<count value="14"/>
		<frequencyPerYear value="0.0267"/><!--   0..1 Number of this lab per year   -->
		<fractionOfSubjects value="0.0305"/><!--   0..1 Percent of subjects with this lab   -->
		<scalarDistribution>  <!--   0..1 Numeric sample summary   -->
			<units>
				<unit value="%"/>
				<system value="http://unitsofmeasure.org"/>
				<code value="%"/>
			</units>
			<min value="18.40"/><!--   1..1 Minimum value   -->
			<max value="44.30"/><!--   1..1 Maximum value   -->
			<mean value="27.81"/><!--   1..1 Mean   -->
			<median value="25"/><!--   1..1 Median   -->
			<stdDev value="7.00"/><!--   1..1 Standard deviation   -->
			<decile>  <!--   0..* Decile partitions   -->
				<nth value="10"/>
				<value value="18.40"/>
			</decile>
			<decile>  <!--   0..* Decile partitions   -->
				<nth value="20"/>
				<value value="22.80"/>
			</decile>
			<decile>  <!--   0..* Decile partitions   -->
				<nth value="30"/>
				<value value="23.10"/>
			</decile>
			<decile>  <!--   0..* Decile partitions   -->
				<nth value="40"/>
				<value value="24.30"/>
			</decile>
			<decile>  <!--   0..* Decile partitions   -->
				<nth value="50"/>
				<value value="25"/>
			</decile>
			<decile>  <!--   0..* Decile partitions   -->
				<nth value="60"/>
				<value value="27.50"/>
			</decile>
			<decile>  <!--   0..* Decile partitions   -->
				<nth value="70"/>
				<value value="29.10"/>
			</decile>
			<decile>  <!--   0..* Decile partitions   -->
				<nth value="80"/>
				<value value="29.60"/>
			</decile>
			<decile>  <!--   0..* Decile partitions   -->
				<nth value="90"/>
				<value value="38.70"/>
			</decile>
		</scalarDistribution>
	</lab>
</ClinicalProfile>