<?xml version="1.0" encoding="UTF-8"?><ClinicalProfile xmlns="http://hl7.org/fhir">
	<!--   from Resource: id, meta, implicitRules, and language   -->
	<!--   from DomainResource: text, contained, extension, and modifierExtension   -->
	<id value="jhu-eds-profile-11-labs"/>
	<meta>
    <security>
      <system value="http://hl7.org/fhir/v3/ActReason"/>
      <code value="HTEST"/>
      <display value="test health data"/>
    </security>
  </meta>
  <text>
		<status value="generated"/>
		<div xmlns="http://www.w3.org/1999/xhtml">
			<p>Selected laboratory tests for Male,Female, White or Caucasian patients aged 10-19 seen as either outpatients or inpatients at Johns Hopkins Hospital, JHCP, and Bayview between 3/1/2016 and 3/1/2018 having a diagnosis of Ehlers-Danlos syndromes recorded on the problem list or as an encounter diagnosis.
			</p>
		</div>
	</text>
	<identifier>
		<value value="urn:uuid:4534BC53-AF10-EB37-35183437971AF6F5"/>
	</identifier>
	<status value="draft"/><!--   1..1 complete | draft | error   -->
	<population>
		<reference value="Group/eds-population-jhu3"/>
	</population>
	<cohort>
		<reference value="Group/eds-sample-11-cohort-jhu3"/>
	</cohort>
	<date value="2018-09-13T12:17:00Z"/><!--   0..1 When the profile was generated   -->
	<source>
		<value value="http://ictrweb.johnshopkins.edu/ictr/synthetic/includes/clinical_profiles.cfm"/>
	</source>
	<reporter>
		<reference value="Organization/JHM"/>
		<type value="Organization"/>
		<display value="Johns Hopkins School of Medicine"/>
	</reporter>
	<lab>
		<code>
			<coding>
				<system value="http://loinc.org"/>
				<code value="2345-7"/>
				<display value="Glucose [Mass/volume] in Serum or Plasma"/>
			</coding>
		</code>
		<count value="240"/>
		<frequencyPerYear value="0.5042"/><!--   0..1 Number of this lab per year   -->
		<fractionOfSubjects value="0.3782"/><!--   0..1 Percent of subjects with this lab   -->
		<scalarDistribution>  <!--   0..1 Numeric sample summary   -->
			<units>
				<unit value="mg/dL"/>
				<system value="http://unitsofmeasure.org"/>
				<code value="mg/dL"/>
			</units>
			<min value="57"/><!--   1..1 Minimum value   -->
			<max value="240"/><!--   1..1 Maximum value   -->
			<mean value="92.12"/><!--   1..1 Mean   -->
			<median value="89"/><!--   1..1 Median   -->
			<stdDev value="19.51"/><!--   1..1 Standard deviation   -->
			<decile>  <!--   0..* Decile partitions   -->
				<nth value="10"/>
				<value value="74"/>
			</decile>
			<decile>  <!--   0..* Decile partitions   -->
				<nth value="20"/>
				<value value="79"/>
			</decile>
			<decile>  <!--   0..* Decile partitions   -->
				<nth value="30"/>
				<value value="83"/>
			</decile>
			<decile>  <!--   0..* Decile partitions   -->
				<nth value="40"/>
				<value value="86"/>
			</decile>
			<decile>  <!--   0..* Decile partitions   -->
				<nth value="50"/>
				<value value="89"/>
			</decile>
			<decile>  <!--   0..* Decile partitions   -->
				<nth value="60"/>
				<value value="92"/>
			</decile>
			<decile>  <!--   0..* Decile partitions   -->
				<nth value="70"/>
				<value value="95"/>
			</decile>
			<decile>  <!--   0..* Decile partitions   -->
				<nth value="80"/>
				<value value="101"/>
			</decile>
			<decile>  <!--   0..* Decile partitions   -->
				<nth value="90"/>
				<value value="113"/>
			</decile>
			<normalizedHigh value="106"/>
			<normalizedLow value="74"/>
			<fractionAboveNormal value="0.16"/>
			<fractionBelowNormal value="0.09"/>
		</scalarDistribution>
	</lab>
	<lab>
		<code>
			<coding>
				<system value="http://loinc.org"/>
				<code value="39789-3"/>
				<display value="Potassium [Moles/volume] in Venous blood"/>
			</coding>
		</code>
		<count value="198"/>
		<frequencyPerYear value="0.4160"/><!--   0..1 Number of this lab per year   -->
		<fractionOfSubjects value="0.2815"/><!--   0..1 Percent of subjects with this lab   -->
		<scalarDistribution>  <!--   0..1 Numeric sample summary   -->
			<units>
				<unit value="mmol/L"/>
				<system value="http://unitsofmeasure.org"/>
				<code value="mmol/L"/>
			</units>
			<min value="2.90"/><!--   1..1 Minimum value   -->
			<max value="5.70"/><!--   1..1 Maximum value   -->
			<mean value="4.12"/><!--   1..1 Mean   -->
			<median value="4.10"/><!--   1..1 Median   -->
			<stdDev value="0.46"/><!--   1..1 Standard deviation   -->
			<decile>  <!--   0..* Decile partitions   -->
				<nth value="10"/>
				<value value="3.50"/>
			</decile>
			<decile>  <!--   0..* Decile partitions   -->
				<nth value="20"/>
				<value value="3.80"/>
			</decile>
			<decile>  <!--   0..* Decile partitions   -->
				<nth value="30"/>
				<value value="3.90"/>
			</decile>
			<decile>  <!--   0..* Decile partitions   -->
				<nth value="40"/>
				<value value="4"/>
			</decile>
			<decile>  <!--   0..* Decile partitions   -->
				<nth value="50"/>
				<value value="4.10"/>
			</decile>
			<decile>  <!--   0..* Decile partitions   -->
				<nth value="60"/>
				<value value="4.20"/>
			</decile>
			<decile>  <!--   0..* Decile partitions   -->
				<nth value="70"/>
				<value value="4.30"/>
			</decile>
			<decile>  <!--   0..* Decile partitions   -->
				<nth value="80"/>
				<value value="4.40"/>
			</decile>
			<decile>  <!--   0..* Decile partitions   -->
				<nth value="90"/>
				<value value="4.70"/>
			</decile>
		</scalarDistribution>
	</lab>
	<lab>
		<code>
			<coding>
				<system value="http://loinc.org"/>
				<code value="2823-3"/>
				<display value="Potassium [Moles/volume] in Serum or Plasma"/>
			</coding>
		</code>
		<count value="52"/>
		<frequencyPerYear value="0.1092"/><!--   0..1 Number of this lab per year   -->
		<fractionOfSubjects value="0.1639"/><!--   0..1 Percent of subjects with this lab   -->
		<scalarDistribution>  <!--   0..1 Numeric sample summary   -->
			<units>
				<unit value="mmol/L"/>
				<system value="http://unitsofmeasure.org"/>
				<code value="mmol/L"/>
			</units>
			<min value="3.60"/><!--   1..1 Minimum value   -->
			<max value="5.90"/><!--   1..1 Maximum value   -->
			<mean value="4.27"/><!--   1..1 Mean   -->
			<median value="4.30"/><!--   1..1 Median   -->
			<stdDev value="0.35"/><!--   1..1 Standard deviation   -->
			<decile>  <!--   0..* Decile partitions   -->
				<nth value="10"/>
				<value value="3.90"/>
			</decile>
			<decile>  <!--   0..* Decile partitions   -->
				<nth value="20"/>
				<value value="3.90"/>
			</decile>
			<decile>  <!--   0..* Decile partitions   -->
				<nth value="30"/>
				<value value="4"/>
			</decile>
			<decile>  <!--   0..* Decile partitions   -->
				<nth value="40"/>
				<value value="4.20"/>
			</decile>
			<decile>  <!--   0..* Decile partitions   -->
				<nth value="50"/>
				<value value="4.30"/>
			</decile>
			<decile>  <!--   0..* Decile partitions   -->
				<nth value="60"/>
				<value value="4.30"/>
			</decile>
			<decile>  <!--   0..* Decile partitions   -->
				<nth value="70"/>
				<value value="4.40"/>
			</decile>
			<decile>  <!--   0..* Decile partitions   -->
				<nth value="80"/>
				<value value="4.50"/>
			</decile>
			<decile>  <!--   0..* Decile partitions   -->
				<nth value="90"/>
				<value value="4.60"/>
			</decile>
			<normalizedHigh value="5.2"/>
			<normalizedLow value="3.5"/>
			<fractionAboveNormal value="0.02"/>
			<fractionBelowNormal value="0"/>
		</scalarDistribution>
	</lab>
	<lab>
		<code>
			<coding>
				<system value="http://loinc.org"/>
				<code value="17861-6"/>
				<display value="Calcium [Mass/volume] in Serum or Plasma"/>
			</coding>
		</code>
		<count value="249"/>
		<frequencyPerYear value="0.5231"/><!--   0..1 Number of this lab per year   -->
		<fractionOfSubjects value="0.3866"/><!--   0..1 Percent of subjects with this lab   -->
		<scalarDistribution>  <!--   0..1 Numeric sample summary   -->
			<units>
				<unit value="mg/dL"/>
				<system value="http://unitsofmeasure.org"/>
				<code value="mg/dL"/>
			</units>
			<min value="7.20"/><!--   1..1 Minimum value   -->
			<max value="10.70"/><!--   1..1 Maximum value   -->
			<mean value="9.24"/><!--   1..1 Mean   -->
			<median value="9.30"/><!--   1..1 Median   -->
			<stdDev value="0.56"/><!--   1..1 Standard deviation   -->
			<decile>  <!--   0..* Decile partitions   -->
				<nth value="10"/>
				<value value="8.30"/>
			</decile>
			<decile>  <!--   0..* Decile partitions   -->
				<nth value="20"/>
				<value value="8.90"/>
			</decile>
			<decile>  <!--   0..* Decile partitions   -->
				<nth value="30"/>
				<value value="9"/>
			</decile>
			<decile>  <!--   0..* Decile partitions   -->
				<nth value="40"/>
				<value value="9.20"/>
			</decile>
			<decile>  <!--   0..* Decile partitions   -->
				<nth value="50"/>
				<value value="9.30"/>
			</decile>
			<decile>  <!--   0..* Decile partitions   -->
				<nth value="60"/>
				<value value="9.40"/>
			</decile>
			<decile>  <!--   0..* Decile partitions   -->
				<nth value="70"/>
				<value value="9.50"/>
			</decile>
			<decile>  <!--   0..* Decile partitions   -->
				<nth value="80"/>
				<value value="9.70"/>
			</decile>
			<decile>  <!--   0..* Decile partitions   -->
				<nth value="90"/>
				<value value="9.90"/>
			</decile>
			<normalizedHigh value="10.5"/>
			<normalizedLow value="9"/>
			<fractionAboveNormal value="0.00"/>
			<fractionBelowNormal value="0.24"/>
		</scalarDistribution>
	</lab>
	<lab>
		<code>
			<coding>
				<system value="http://loinc.org"/>
				<code value="12962-7"/>
				<display value="Urea nitrogen [Mass/volume] in Venous blood"/>
			</coding>
		</code>
		<count value="202"/>
		<frequencyPerYear value="0.4244"/><!--   0..1 Number of this lab per year   -->
		<fractionOfSubjects value="0.2815"/><!--   0..1 Percent of subjects with this lab   -->
		<scalarDistribution>  <!--   0..1 Numeric sample summary   -->
			<units>
				<unit value="mg/dL"/>
				<system value="http://unitsofmeasure.org"/>
				<code value="mg/dL"/>
			</units>
			<min value="2"/><!--   1..1 Minimum value   -->
			<max value="22"/><!--   1..1 Maximum value   -->
			<mean value="8.62"/><!--   1..1 Mean   -->
			<median value="8"/><!--   1..1 Median   -->
			<stdDev value="4.05"/><!--   1..1 Standard deviation   -->
			<decile>  <!--   0..* Decile partitions   -->
				<nth value="10"/>
				<value value="4"/>
			</decile>
			<decile>  <!--   0..* Decile partitions   -->
				<nth value="20"/>
				<value value="5"/>
			</decile>
			<decile>  <!--   0..* Decile partitions   -->
				<nth value="30"/>
				<value value="6"/>
			</decile>
			<decile>  <!--   0..* Decile partitions   -->
				<nth value="40"/>
				<value value="7"/>
			</decile>
			<decile>  <!--   0..* Decile partitions   -->
				<nth value="50"/>
				<value value="8"/>
			</decile>
			<decile>  <!--   0..* Decile partitions   -->
				<nth value="60"/>
				<value value="9"/>
			</decile>
			<decile>  <!--   0..* Decile partitions   -->
				<nth value="70"/>
				<value value="10"/>
			</decile>
			<decile>  <!--   0..* Decile partitions   -->
				<nth value="80"/>
				<value value="12"/>
			</decile>
			<decile>  <!--   0..* Decile partitions   -->
				<nth value="90"/>
				<value value="14"/>
			</decile>
		</scalarDistribution>
	</lab>
	<lab>
		<code>
			<coding>
				<system value="http://loinc.org"/>
				<code value="3094-0"/>
				<display value="Urea nitrogen [Mass/volume] in Serum or Plasma"/>
			</coding>
		</code>
		<count value="52"/>
		<frequencyPerYear value="0.1092"/><!--   0..1 Number of this lab per year   -->
		<fractionOfSubjects value="0.1639"/><!--   0..1 Percent of subjects with this lab   -->
		<scalarDistribution>  <!--   0..1 Numeric sample summary   -->
			<units>
				<unit value="mg/dL"/>
				<system value="http://unitsofmeasure.org"/>
				<code value="mg/dL"/>
			</units>
			<min value="3"/><!--   1..1 Minimum value   -->
			<max value="19"/><!--   1..1 Maximum value   -->
			<mean value="10.13"/><!--   1..1 Mean   -->
			<median value="10"/><!--   1..1 Median   -->
			<stdDev value="3.24"/><!--   1..1 Standard deviation   -->
			<decile>  <!--   0..* Decile partitions   -->
				<nth value="10"/>
				<value value="6"/>
			</decile>
			<decile>  <!--   0..* Decile partitions   -->
				<nth value="20"/>
				<value value="7"/>
			</decile>
			<decile>  <!--   0..* Decile partitions   -->
				<nth value="30"/>
				<value value="8"/>
			</decile>
			<decile>  <!--   0..* Decile partitions   -->
				<nth value="40"/>
				<value value="9"/>
			</decile>
			<decile>  <!--   0..* Decile partitions   -->
				<nth value="50"/>
				<value value="10"/>
			</decile>
			<decile>  <!--   0..* Decile partitions   -->
				<nth value="60"/>
				<value value="11"/>
			</decile>
			<decile>  <!--   0..* Decile partitions   -->
				<nth value="70"/>
				<value value="11"/>
			</decile>
			<decile>  <!--   0..* Decile partitions   -->
				<nth value="80"/>
				<value value="13"/>
			</decile>
			<decile>  <!--   0..* Decile partitions   -->
				<nth value="90"/>
				<value value="14"/>
			</decile>
			<normalizedHigh value="25"/>
			<normalizedLow value="7"/>
			<fractionAboveNormal value="0"/>
			<fractionBelowNormal value="0.12"/>
		</scalarDistribution>
	</lab>
	<lab>
		<code>
			<coding>
				<system value="http://loinc.org"/>
				<code value="2951-2"/>
				<display value="Sodium [Moles/volume] in Serum or Plasma"/>
			</coding>
		</code>
		<count value="254"/>
		<frequencyPerYear value="0.5336"/><!--   0..1 Number of this lab per year   -->
		<fractionOfSubjects value="0.3992"/><!--   0..1 Percent of subjects with this lab   -->
		<scalarDistribution>  <!--   0..1 Numeric sample summary   -->
			<units>
				<unit value="mmol/L"/>
				<system value="http://unitsofmeasure.org"/>
				<code value="mmol/L"/>
			</units>
			<min value="130"/><!--   1..1 Minimum value   -->
			<max value="148"/><!--   1..1 Maximum value   -->
			<mean value="140.67"/><!--   1..1 Mean   -->
			<median value="141"/><!--   1..1 Median   -->
			<stdDev value="2.24"/><!--   1..1 Standard deviation   -->
			<decile>  <!--   0..* Decile partitions   -->
				<nth value="10"/>
				<value value="138"/>
			</decile>
			<decile>  <!--   0..* Decile partitions   -->
				<nth value="20"/>
				<value value="139"/>
			</decile>
			<decile>  <!--   0..* Decile partitions   -->
				<nth value="30"/>
				<value value="139"/>
			</decile>
			<decile>  <!--   0..* Decile partitions   -->
				<nth value="40"/>
				<value value="140"/>
			</decile>
			<decile>  <!--   0..* Decile partitions   -->
				<nth value="50"/>
				<value value="141"/>
			</decile>
			<decile>  <!--   0..* Decile partitions   -->
				<nth value="60"/>
				<value value="141"/>
			</decile>
			<decile>  <!--   0..* Decile partitions   -->
				<nth value="70"/>
				<value value="142"/>
			</decile>
			<decile>  <!--   0..* Decile partitions   -->
				<nth value="80"/>
				<value value="143"/>
			</decile>
			<decile>  <!--   0..* Decile partitions   -->
				<nth value="90"/>
				<value value="143"/>
			</decile>
			<normalizedHigh value="145"/>
			<normalizedLow value="136"/>
			<fractionAboveNormal value="0.02"/>
			<fractionBelowNormal value="0.01"/>
		</scalarDistribution>
	</lab>
	<lab>
		<code>
			<coding>
				<system value="http://loinc.org"/>
				<code value="4544-3"/>
				<display value="Hematocrit [Volume Fraction] of Blood by Automated count"/>
			</coding>
		</code>
		<count value="226"/>
		<frequencyPerYear value="0.4748"/><!--   0..1 Number of this lab per year   -->
		<fractionOfSubjects value="0.3824"/><!--   0..1 Percent of subjects with this lab   -->
		<scalarDistribution>  <!--   0..1 Numeric sample summary   -->
			<units>
				<unit value="%"/>
				<system value="http://unitsofmeasure.org"/>
				<code value="%"/>
			</units>
			<min value="22.80"/><!--   1..1 Minimum value   -->
			<max value="47.70"/><!--   1..1 Maximum value   -->
			<mean value="37.07"/><!--   1..1 Mean   -->
			<median value="37.50"/><!--   1..1 Median   -->
			<stdDev value="4.78"/><!--   1..1 Standard deviation   -->
			<decile>  <!--   0..* Decile partitions   -->
				<nth value="10"/>
				<value value="30.40"/>
			</decile>
			<decile>  <!--   0..* Decile partitions   -->
				<nth value="20"/>
				<value value="33.30"/>
			</decile>
			<decile>  <!--   0..* Decile partitions   -->
				<nth value="30"/>
				<value value="34.80"/>
			</decile>
			<decile>  <!--   0..* Decile partitions   -->
				<nth value="40"/>
				<value value="36.30"/>
			</decile>
			<decile>  <!--   0..* Decile partitions   -->
				<nth value="50"/>
				<value value="37.50"/>
			</decile>
			<decile>  <!--   0..* Decile partitions   -->
				<nth value="60"/>
				<value value="38.60"/>
			</decile>
			<decile>  <!--   0..* Decile partitions   -->
				<nth value="70"/>
				<value value="39.60"/>
			</decile>
			<decile>  <!--   0..* Decile partitions   -->
				<nth value="80"/>
				<value value="40.70"/>
			</decile>
			<decile>  <!--   0..* Decile partitions   -->
				<nth value="90"/>
				<value value="43.10"/>
			</decile>
			<normalizedHigh value="46.6"/>
			<normalizedLow value="34.0"/>
			<fractionAboveNormal value="0.01"/>
			<fractionBelowNormal value="0.23"/>
		</scalarDistribution>
	</lab>
	<lab>
		<code>
			<coding>
				<system value="http://loinc.org"/>
				<code value="33256-9"/>
				<display value="Leukocytes [#/volume] corrected for nucleated erythrocytes in Blood by Automated count"/>
			</coding>
		</code>
		<count value="180"/>
		<frequencyPerYear value="0.3782"/><!--   0..1 Number of this lab per year   -->
		<fractionOfSubjects value="0.2941"/><!--   0..1 Percent of subjects with this lab   -->
		<scalarDistribution>  <!--   0..1 Numeric sample summary   -->
			<units>
				<unit value="K/cu mm"/>
				<system value="http://unitsofmeasure.org"/>
				<code value="K/cu mm"/>
			</units>
			<min value="2.24"/><!--   1..1 Minimum value   -->
			<max value="25.91"/><!--   1..1 Maximum value   -->
			<mean value="7.88"/><!--   1..1 Mean   -->
			<median value="7.16"/><!--   1..1 Median   -->
			<stdDev value="3.41"/><!--   1..1 Standard deviation   -->
			<decile>  <!--   0..* Decile partitions   -->
				<nth value="10"/>
				<value value="4.42"/>
			</decile>
			<decile>  <!--   0..* Decile partitions   -->
				<nth value="20"/>
				<value value="5.45"/>
			</decile>
			<decile>  <!--   0..* Decile partitions   -->
				<nth value="30"/>
				<value value="6.08"/>
			</decile>
			<decile>  <!--   0..* Decile partitions   -->
				<nth value="40"/>
				<value value="6.70"/>
			</decile>
			<decile>  <!--   0..* Decile partitions   -->
				<nth value="50"/>
				<value value="7.16"/>
			</decile>
			<decile>  <!--   0..* Decile partitions   -->
				<nth value="60"/>
				<value value="7.76"/>
			</decile>
			<decile>  <!--   0..* Decile partitions   -->
				<nth value="70"/>
				<value value="8.84"/>
			</decile>
			<decile>  <!--   0..* Decile partitions   -->
				<nth value="80"/>
				<value value="9.93"/>
			</decile>
			<decile>  <!--   0..* Decile partitions   -->
				<nth value="90"/>
				<value value="11.95"/>
			</decile>
		</scalarDistribution>
	</lab>
	<lab>
		<code>
			<coding>
				<system value="http://loinc.org"/>
				<code value="6690-2"/>
				<display value="Leukocytes [#/volume] in Blood by Automated count"/>
			</coding>
		</code>
		<count value="46"/>
		<frequencyPerYear value="0.0966"/><!--   0..1 Number of this lab per year   -->
		<fractionOfSubjects value="0.1429"/><!--   0..1 Percent of subjects with this lab   -->
		<scalarDistribution>  <!--   0..1 Numeric sample summary   -->
			<units>
				<unit value="x10E3/uL"/>
				<system value="http://unitsofmeasure.org"/>
				<code value="x10E3/uL"/>
			</units>
			<min value="3.30"/><!--   1..1 Minimum value   -->
			<max value="21.07"/><!--   1..1 Maximum value   -->
			<mean value="7.33"/><!--   1..1 Mean   -->
			<median value="6.60"/><!--   1..1 Median   -->
			<stdDev value="3.02"/><!--   1..1 Standard deviation   -->
			<decile>  <!--   0..* Decile partitions   -->
				<nth value="10"/>
				<value value="4.50"/>
			</decile>
			<decile>  <!--   0..* Decile partitions   -->
				<nth value="20"/>
				<value value="5.20"/>
			</decile>
			<decile>  <!--   0..* Decile partitions   -->
				<nth value="30"/>
				<value value="5.70"/>
			</decile>
			<decile>  <!--   0..* Decile partitions   -->
				<nth value="40"/>
				<value value="6.20"/>
			</decile>
			<decile>  <!--   0..* Decile partitions   -->
				<nth value="50"/>
				<value value="6.60"/>
			</decile>
			<decile>  <!--   0..* Decile partitions   -->
				<nth value="60"/>
				<value value="7.20"/>
			</decile>
			<decile>  <!--   0..* Decile partitions   -->
				<nth value="70"/>
				<value value="7.40"/>
			</decile>
			<decile>  <!--   0..* Decile partitions   -->
				<nth value="80"/>
				<value value="9"/>
			</decile>
			<decile>  <!--   0..* Decile partitions   -->
				<nth value="90"/>
				<value value="10.20"/>
			</decile>
			<normalizedHigh value="10.8"/>
			<normalizedLow value="3.4"/>
			<fractionAboveNormal value="0.09"/>
			<fractionBelowNormal value="0.02"/>
		</scalarDistribution>
	</lab>
	<lab>
		<code>
			<coding>
				<system value="http://loinc.org"/>
				<code value="718-7"/>
				<display value="Hemoglobin [Mass/volume] in Blood"/>
			</coding>
		</code>
		<count value="226"/>
		<frequencyPerYear value="0.4748"/><!--   0..1 Number of this lab per year   -->
		<fractionOfSubjects value="0.3824"/><!--   0..1 Percent of subjects with this lab   -->
		<scalarDistribution>  <!--   0..1 Numeric sample summary   -->
			<units>
				<unit value="g/dL"/>
				<system value="http://unitsofmeasure.org"/>
				<code value="g/dL"/>
			</units>
			<min value="7.50"/><!--   1..1 Minimum value   -->
			<max value="16"/><!--   1..1 Maximum value   -->
			<mean value="12.32"/><!--   1..1 Mean   -->
			<median value="12.40"/><!--   1..1 Median   -->
			<stdDev value="1.71"/><!--   1..1 Standard deviation   -->
			<decile>  <!--   0..* Decile partitions   -->
				<nth value="10"/>
				<value value="10"/>
			</decile>
			<decile>  <!--   0..* Decile partitions   -->
				<nth value="20"/>
				<value value="11"/>
			</decile>
			<decile>  <!--   0..* Decile partitions   -->
				<nth value="30"/>
				<value value="11.50"/>
			</decile>
			<decile>  <!--   0..* Decile partitions   -->
				<nth value="40"/>
				<value value="11.90"/>
			</decile>
			<decile>  <!--   0..* Decile partitions   -->
				<nth value="50"/>
				<value value="12.40"/>
			</decile>
			<decile>  <!--   0..* Decile partitions   -->
				<nth value="60"/>
				<value value="12.80"/>
			</decile>
			<decile>  <!--   0..* Decile partitions   -->
				<nth value="70"/>
				<value value="13.20"/>
			</decile>
			<decile>  <!--   0..* Decile partitions   -->
				<nth value="80"/>
				<value value="13.80"/>
			</decile>
			<decile>  <!--   0..* Decile partitions   -->
				<nth value="90"/>
				<value value="14.50"/>
			</decile>
			<normalizedHigh value="16.0"/>
			<normalizedLow value="12.0"/>
			<fractionAboveNormal value="0"/>
			<fractionBelowNormal value="0.40"/>
		</scalarDistribution>
	</lab>
	<lab>
		<code>
			<coding>
				<system value="http://loinc.org"/>
				<code value="789-8"/>
				<display value="Erythrocytes [#/volume] in Blood by Automated count"/>
			</coding>
		</code>
		<count value="226"/>
		<frequencyPerYear value="0.4748"/><!--   0..1 Number of this lab per year   -->
		<fractionOfSubjects value="0.3824"/><!--   0..1 Percent of subjects with this lab   -->
		<scalarDistribution>  <!--   0..1 Numeric sample summary   -->
			<units>
				<unit value="x10E6/uL"/>
				<system value="http://unitsofmeasure.org"/>
				<code value="x10E6/uL"/>
			</units>
			<min value="2.58"/><!--   1..1 Minimum value   -->
			<max value="6.05"/><!--   1..1 Maximum value   -->
			<mean value="4.27"/><!--   1..1 Mean   -->
			<median value="4.34"/><!--   1..1 Median   -->
			<stdDev value="0.60"/><!--   1..1 Standard deviation   -->
			<decile>  <!--   0..* Decile partitions   -->
				<nth value="10"/>
				<value value="3.39"/>
			</decile>
			<decile>  <!--   0..* Decile partitions   -->
				<nth value="20"/>
				<value value="3.72"/>
			</decile>
			<decile>  <!--   0..* Decile partitions   -->
				<nth value="30"/>
				<value value="4"/>
			</decile>
			<decile>  <!--   0..* Decile partitions   -->
				<nth value="40"/>
				<value value="4.18"/>
			</decile>
			<decile>  <!--   0..* Decile partitions   -->
				<nth value="50"/>
				<value value="4.34"/>
			</decile>
			<decile>  <!--   0..* Decile partitions   -->
				<nth value="60"/>
				<value value="4.47"/>
			</decile>
			<decile>  <!--   0..* Decile partitions   -->
				<nth value="70"/>
				<value value="4.61"/>
			</decile>
			<decile>  <!--   0..* Decile partitions   -->
				<nth value="80"/>
				<value value="4.82"/>
			</decile>
			<decile>  <!--   0..* Decile partitions   -->
				<nth value="90"/>
				<value value="4.95"/>
			</decile>
			<normalizedHigh value="5.28"/>
			<normalizedLow value="3.77"/>
			<fractionAboveNormal value="0.02"/>
			<fractionBelowNormal value="0.21"/>
		</scalarDistribution>
	</lab>
	<lab>
		<code>
			<coding>
				<system value="http://loinc.org"/>
				<code value="777-3"/>
				<display value="Platelets [#/volume] in Blood by Automated count"/>
			</coding>
		</code>
		<count value="225"/>
		<frequencyPerYear value="0.4727"/><!--   0..1 Number of this lab per year   -->
		<fractionOfSubjects value="0.3824"/><!--   0..1 Percent of subjects with this lab   -->
		<scalarDistribution>  <!--   0..1 Numeric sample summary   -->
			<units>
				<unit value="x10E3/uL"/>
				<system value="http://unitsofmeasure.org"/>
				<code value="x10E3/uL"/>
			</units>
			<min value="123"/><!--   1..1 Minimum value   -->
			<max value="831"/><!--   1..1 Maximum value   -->
			<mean value="282.12"/><!--   1..1 Mean   -->
			<median value="271.50"/><!--   1..1 Median   -->
			<stdDev value="97.32"/><!--   1..1 Standard deviation   -->
			<decile>  <!--   0..* Decile partitions   -->
				<nth value="10"/>
				<value value="179"/>
			</decile>
			<decile>  <!--   0..* Decile partitions   -->
				<nth value="20"/>
				<value value="212"/>
			</decile>
			<decile>  <!--   0..* Decile partitions   -->
				<nth value="30"/>
				<value value="243"/>
			</decile>
			<decile>  <!--   0..* Decile partitions   -->
				<nth value="40"/>
				<value value="258"/>
			</decile>
			<decile>  <!--   0..* Decile partitions   -->
				<nth value="50"/>
				<value value="272"/>
			</decile>
			<decile>  <!--   0..* Decile partitions   -->
				<nth value="60"/>
				<value value="287"/>
			</decile>
			<decile>  <!--   0..* Decile partitions   -->
				<nth value="70"/>
				<value value="303"/>
			</decile>
			<decile>  <!--   0..* Decile partitions   -->
				<nth value="80"/>
				<value value="327"/>
			</decile>
			<decile>  <!--   0..* Decile partitions   -->
				<nth value="90"/>
				<value value="383"/>
			</decile>
			<normalizedHigh value="396"/>
			<normalizedLow value="140"/>
			<fractionAboveNormal value="0.09"/>
			<fractionBelowNormal value="0.01"/>
		</scalarDistribution>
	</lab>
	<lab>
		<code>
			<coding>
				<system value="http://loinc.org"/>
				<code value="787-2"/>
				<display value="Erythrocyte mean corpuscular volume [Entitic volume] by Automated count"/>
			</coding>
		</code>
		<count value="226"/>
		<frequencyPerYear value="0.4748"/><!--   0..1 Number of this lab per year   -->
		<fractionOfSubjects value="0.3824"/><!--   0..1 Percent of subjects with this lab   -->
		<scalarDistribution>  <!--   0..1 Numeric sample summary   -->
			<units>
				<unit value="fL"/>
				<system value="http://unitsofmeasure.org"/>
				<code value="fL"/>
			</units>
			<min value="67.30"/><!--   1..1 Minimum value   -->
			<max value="96.50"/><!--   1..1 Maximum value   -->
			<mean value="87.10"/><!--   1..1 Mean   -->
			<median value="88"/><!--   1..1 Median   -->
			<stdDev value="4.49"/><!--   1..1 Standard deviation   -->
			<decile>  <!--   0..* Decile partitions   -->
				<nth value="10"/>
				<value value="80.30"/>
			</decile>
			<decile>  <!--   0..* Decile partitions   -->
				<nth value="20"/>
				<value value="84.20"/>
			</decile>
			<decile>  <!--   0..* Decile partitions   -->
				<nth value="30"/>
				<value value="86.20"/>
			</decile>
			<decile>  <!--   0..* Decile partitions   -->
				<nth value="40"/>
				<value value="87"/>
			</decile>
			<decile>  <!--   0..* Decile partitions   -->
				<nth value="50"/>
				<value value="88"/>
			</decile>
			<decile>  <!--   0..* Decile partitions   -->
				<nth value="60"/>
				<value value="88.80"/>
			</decile>
			<decile>  <!--   0..* Decile partitions   -->
				<nth value="70"/>
				<value value="89.30"/>
			</decile>
			<decile>  <!--   0..* Decile partitions   -->
				<nth value="80"/>
				<value value="90.10"/>
			</decile>
			<decile>  <!--   0..* Decile partitions   -->
				<nth value="90"/>
				<value value="91.30"/>
			</decile>
			<normalizedHigh value="97"/>
			<normalizedLow value="79"/>
			<fractionAboveNormal value="0"/>
			<fractionBelowNormal value="0.06"/>
		</scalarDistribution>
	</lab>
	<lab>
		<code>
			<coding>
				<system value="http://loinc.org"/>
				<code value="785-6"/>
				<display value="Erythrocyte mean corpuscular hemoglobin [Entitic mass] by Automated count"/>
			</coding>
		</code>
		<count value="226"/>
		<frequencyPerYear value="0.4748"/><!--   0..1 Number of this lab per year   -->
		<fractionOfSubjects value="0.3824"/><!--   0..1 Percent of subjects with this lab   -->
		<scalarDistribution>  <!--   0..1 Numeric sample summary   -->
			<units>
				<unit value="pg"/>
				<system value="http://unitsofmeasure.org"/>
				<code value="pg"/>
			</units>
			<min value="21.30"/><!--   1..1 Minimum value   -->
			<max value="33.20"/><!--   1..1 Maximum value   -->
			<mean value="28.92"/><!--   1..1 Mean   -->
			<median value="29.10"/><!--   1..1 Median   -->
			<stdDev value="1.94"/><!--   1..1 Standard deviation   -->
			<decile>  <!--   0..* Decile partitions   -->
				<nth value="10"/>
				<value value="26.90"/>
			</decile>
			<decile>  <!--   0..* Decile partitions   -->
				<nth value="20"/>
				<value value="27.80"/>
			</decile>
			<decile>  <!--   0..* Decile partitions   -->
				<nth value="30"/>
				<value value="28.40"/>
			</decile>
			<decile>  <!--   0..* Decile partitions   -->
				<nth value="40"/>
				<value value="28.80"/>
			</decile>
			<decile>  <!--   0..* Decile partitions   -->
				<nth value="50"/>
				<value value="29.10"/>
			</decile>
			<decile>  <!--   0..* Decile partitions   -->
				<nth value="60"/>
				<value value="29.70"/>
			</decile>
			<decile>  <!--   0..* Decile partitions   -->
				<nth value="70"/>
				<value value="29.90"/>
			</decile>
			<decile>  <!--   0..* Decile partitions   -->
				<nth value="80"/>
				<value value="30.30"/>
			</decile>
			<decile>  <!--   0..* Decile partitions   -->
				<nth value="90"/>
				<value value="31.10"/>
			</decile>
			<normalizedHigh value="33.0"/>
			<normalizedLow value="26.6"/>
			<fractionAboveNormal value="0.00"/>
			<fractionBelowNormal value="0.08"/>
		</scalarDistribution>
	</lab>
	<lab>
		<code>
			<coding>
				<system value="http://loinc.org"/>
				<code value="788-0"/>
				<display value="Erythrocyte distribution width [Ratio] by Automated count"/>
			</coding>
		</code>
		<count value="226"/>
		<frequencyPerYear value="0.4748"/><!--   0..1 Number of this lab per year   -->
		<fractionOfSubjects value="0.3824"/><!--   0..1 Percent of subjects with this lab   -->
		<scalarDistribution>  <!--   0..1 Numeric sample summary   -->
			<units>
				<unit value="%"/>
				<system value="http://unitsofmeasure.org"/>
				<code value="%"/>
			</units>
			<min value="11.50"/><!--   1..1 Minimum value   -->
			<max value="22.20"/><!--   1..1 Maximum value   -->
			<mean value="13.15"/><!--   1..1 Mean   -->
			<median value="12.90"/><!--   1..1 Median   -->
			<stdDev value="1.27"/><!--   1..1 Standard deviation   -->
			<decile>  <!--   0..* Decile partitions   -->
				<nth value="10"/>
				<value value="11.90"/>
			</decile>
			<decile>  <!--   0..* Decile partitions   -->
				<nth value="20"/>
				<value value="12.20"/>
			</decile>
			<decile>  <!--   0..* Decile partitions   -->
				<nth value="30"/>
				<value value="12.40"/>
			</decile>
			<decile>  <!--   0..* Decile partitions   -->
				<nth value="40"/>
				<value value="12.60"/>
			</decile>
			<decile>  <!--   0..* Decile partitions   -->
				<nth value="50"/>
				<value value="12.90"/>
			</decile>
			<decile>  <!--   0..* Decile partitions   -->
				<nth value="60"/>
				<value value="13.20"/>
			</decile>
			<decile>  <!--   0..* Decile partitions   -->
				<nth value="70"/>
				<value value="13.40"/>
			</decile>
			<decile>  <!--   0..* Decile partitions   -->
				<nth value="80"/>
				<value value="13.80"/>
			</decile>
			<decile>  <!--   0..* Decile partitions   -->
				<nth value="90"/>
				<value value="14.60"/>
			</decile>
			<normalizedHigh value="15.4"/>
			<normalizedLow value="12.3"/>
			<fractionAboveNormal value="0.06"/>
			<fractionBelowNormal value="0.22"/>
		</scalarDistribution>
	</lab>
	<lab>
		<code>
			<coding>
				<system value="http://loinc.org"/>
				<code value="786-4"/>
				<display value="Erythrocyte mean corpuscular hemoglobin concentration [Mass/volume] by Automated count"/>
			</coding>
		</code>
		<count value="226"/>
		<frequencyPerYear value="0.4748"/><!--   0..1 Number of this lab per year   -->
		<fractionOfSubjects value="0.3824"/><!--   0..1 Percent of subjects with this lab   -->
		<scalarDistribution>  <!--   0..1 Numeric sample summary   -->
			<units>
				<unit value="g/dL"/>
				<system value="http://unitsofmeasure.org"/>
				<code value="g/dL"/>
			</units>
			<min value="29.10"/><!--   1..1 Minimum value   -->
			<max value="36.10"/><!--   1..1 Maximum value   -->
			<mean value="33.21"/><!--   1..1 Mean   -->
			<median value="33.30"/><!--   1..1 Median   -->
			<stdDev value="1.32"/><!--   1..1 Standard deviation   -->
			<decile>  <!--   0..* Decile partitions   -->
				<nth value="10"/>
				<value value="31.50"/>
			</decile>
			<decile>  <!--   0..* Decile partitions   -->
				<nth value="20"/>
				<value value="32.10"/>
			</decile>
			<decile>  <!--   0..* Decile partitions   -->
				<nth value="30"/>
				<value value="32.60"/>
			</decile>
			<decile>  <!--   0..* Decile partitions   -->
				<nth value="40"/>
				<value value="33"/>
			</decile>
			<decile>  <!--   0..* Decile partitions   -->
				<nth value="50"/>
				<value value="33.30"/>
			</decile>
			<decile>  <!--   0..* Decile partitions   -->
				<nth value="60"/>
				<value value="33.60"/>
			</decile>
			<decile>  <!--   0..* Decile partitions   -->
				<nth value="70"/>
				<value value="34"/>
			</decile>
			<decile>  <!--   0..* Decile partitions   -->
				<nth value="80"/>
				<value value="34.40"/>
			</decile>
			<decile>  <!--   0..* Decile partitions   -->
				<nth value="90"/>
				<value value="34.70"/>
			</decile>
			<normalizedHigh value="35.7"/>
			<normalizedLow value="31.5"/>
			<fractionAboveNormal value="0.02"/>
			<fractionBelowNormal value="0.09"/>
		</scalarDistribution>
	</lab>
	<lab>
		<code>
			<coding>
				<system value="http://loinc.org"/>
				<code value="48643-1"/>
				<display value="Glomerular filtration rate/1.73 sq M predicted among blacks [Volume Rate/Area] in Serum or Plasma by Creatinine-based formula (MDRD)"/>
			</coding>
		</code>
		<count value="11"/>
		<frequencyPerYear value="0.0231"/><!--   0..1 Number of this lab per year   -->
		<fractionOfSubjects value="0.0294"/><!--   0..1 Percent of subjects with this lab   -->
		<scalarDistribution>  <!--   0..1 Numeric sample summary   -->
			<units>
				<unit value="mL/min/1.73m2"/>
				<system value="http://unitsofmeasure.org"/>
				<code value="mL/min/1.73m2"/>
			</units>
			<min value="107"/><!--   1..1 Minimum value   -->
			<max value="156"/><!--   1..1 Maximum value   -->
			<mean value="138"/><!--   1..1 Mean   -->
			<median value="139"/><!--   1..1 Median   -->
			<stdDev value="13.37"/><!--   1..1 Standard deviation   -->
			<decile>  <!--   0..* Decile partitions   -->
				<nth value="10"/>
				<value value="107"/>
			</decile>
			<decile>  <!--   0..* Decile partitions   -->
				<nth value="20"/>
				<value value="127"/>
			</decile>
			<decile>  <!--   0..* Decile partitions   -->
				<nth value="30"/>
				<value value="129"/>
			</decile>
			<decile>  <!--   0..* Decile partitions   -->
				<nth value="40"/>
				<value value="137"/>
			</decile>
			<decile>  <!--   0..* Decile partitions   -->
				<nth value="50"/>
				<value value="139"/>
			</decile>
			<decile>  <!--   0..* Decile partitions   -->
				<nth value="60"/>
				<value value="141"/>
			</decile>
			<decile>  <!--   0..* Decile partitions   -->
				<nth value="70"/>
				<value value="146"/>
			</decile>
			<decile>  <!--   0..* Decile partitions   -->
				<nth value="80"/>
				<value value="147"/>
			</decile>
			<decile>  <!--   0..* Decile partitions   -->
				<nth value="90"/>
				<value value="150"/>
			</decile>
		</scalarDistribution>
	</lab>
	<lab>
		<code>
			<coding>
				<system value="http://loinc.org"/>
				<code value="6768-6"/>
				<display value="Alkaline phosphatase [Enzymatic activity/volume] in Serum or Plasma"/>
			</coding>
		</code>
		<count value="207"/>
		<frequencyPerYear value="0.4349"/><!--   0..1 Number of this lab per year   -->
		<fractionOfSubjects value="0.3739"/><!--   0..1 Percent of subjects with this lab   -->
		<scalarDistribution>  <!--   0..1 Numeric sample summary   -->
			<units>
				<unit value="U/L"/>
				<system value="http://unitsofmeasure.org"/>
				<code value="U/L"/>
			</units>
			<min value="39"/><!--   1..1 Minimum value   -->
			<max value="359"/><!--   1..1 Maximum value   -->
			<mean value="98.47"/><!--   1..1 Mean   -->
			<median value="79"/><!--   1..1 Median   -->
			<stdDev value="54.88"/><!--   1..1 Standard deviation   -->
			<decile>  <!--   0..* Decile partitions   -->
				<nth value="10"/>
				<value value="53"/>
			</decile>
			<decile>  <!--   0..* Decile partitions   -->
				<nth value="20"/>
				<value value="61"/>
			</decile>
			<decile>  <!--   0..* Decile partitions   -->
				<nth value="30"/>
				<value value="71"/>
			</decile>
			<decile>  <!--   0..* Decile partitions   -->
				<nth value="40"/>
				<value value="75"/>
			</decile>
			<decile>  <!--   0..* Decile partitions   -->
				<nth value="50"/>
				<value value="79"/>
			</decile>
			<decile>  <!--   0..* Decile partitions   -->
				<nth value="60"/>
				<value value="87"/>
			</decile>
			<decile>  <!--   0..* Decile partitions   -->
				<nth value="70"/>
				<value value="101"/>
			</decile>
			<decile>  <!--   0..* Decile partitions   -->
				<nth value="80"/>
				<value value="119"/>
			</decile>
			<decile>  <!--   0..* Decile partitions   -->
				<nth value="90"/>
				<value value="179"/>
			</decile>
			<normalizedHigh value="120"/>
			<normalizedLow value="30"/>
			<fractionAboveNormal value="0.18"/>
			<fractionBelowNormal value="0"/>
		</scalarDistribution>
	</lab>
	<lab>
		<code>
			<coding>
				<system value="http://loinc.org"/>
				<code value="2885-2"/>
				<display value="Protein [Mass/volume] in Serum or Plasma"/>
			</coding>
		</code>
		<count value="208"/>
		<frequencyPerYear value="0.4370"/><!--   0..1 Number of this lab per year   -->
		<fractionOfSubjects value="0.3739"/><!--   0..1 Percent of subjects with this lab   -->
		<scalarDistribution>  <!--   0..1 Numeric sample summary   -->
			<units>
				<unit value="g/dL"/>
				<system value="http://unitsofmeasure.org"/>
				<code value="g/dL"/>
			</units>
			<min value="4.90"/><!--   1..1 Minimum value   -->
			<max value="8.30"/><!--   1..1 Maximum value   -->
			<mean value="6.86"/><!--   1..1 Mean   -->
			<median value="6.90"/><!--   1..1 Median   -->
			<stdDev value="0.57"/><!--   1..1 Standard deviation   -->
			<decile>  <!--   0..* Decile partitions   -->
				<nth value="10"/>
				<value value="6.10"/>
			</decile>
			<decile>  <!--   0..* Decile partitions   -->
				<nth value="20"/>
				<value value="6.40"/>
			</decile>
			<decile>  <!--   0..* Decile partitions   -->
				<nth value="30"/>
				<value value="6.60"/>
			</decile>
			<decile>  <!--   0..* Decile partitions   -->
				<nth value="40"/>
				<value value="6.80"/>
			</decile>
			<decile>  <!--   0..* Decile partitions   -->
				<nth value="50"/>
				<value value="6.90"/>
			</decile>
			<decile>  <!--   0..* Decile partitions   -->
				<nth value="60"/>
				<value value="7"/>
			</decile>
			<decile>  <!--   0..* Decile partitions   -->
				<nth value="70"/>
				<value value="7.20"/>
			</decile>
			<decile>  <!--   0..* Decile partitions   -->
				<nth value="80"/>
				<value value="7.40"/>
			</decile>
			<decile>  <!--   0..* Decile partitions   -->
				<nth value="90"/>
				<value value="7.60"/>
			</decile>
			<normalizedHigh value="8.5"/>
			<normalizedLow value="6"/>
			<fractionAboveNormal value="0"/>
			<fractionBelowNormal value="0.06"/>
		</scalarDistribution>
	</lab>
	<lab>
		<code>
			<coding>
				<system value="http://loinc.org"/>
				<code value="1975-2"/>
				<display value="Bilirubin.total [Mass/volume] in Serum or Plasma"/>
			</coding>
		</code>
		<count value="180"/>
		<frequencyPerYear value="0.3782"/><!--   0..1 Number of this lab per year   -->
		<fractionOfSubjects value="0.3487"/><!--   0..1 Percent of subjects with this lab   -->
		<scalarDistribution>  <!--   0..1 Numeric sample summary   -->
			<units>
				<unit value="mg/dL"/>
				<system value="http://unitsofmeasure.org"/>
				<code value="mg/dL"/>
			</units>
			<min value="0.20"/><!--   1..1 Minimum value   -->
			<max value="2.30"/><!--   1..1 Maximum value   -->
			<mean value="0.45"/><!--   1..1 Mean   -->
			<median value="0.40"/><!--   1..1 Median   -->
			<stdDev value="0.26"/><!--   1..1 Standard deviation   -->
			<decile>  <!--   0..* Decile partitions   -->
				<nth value="10"/>
				<value value="0.20"/>
			</decile>
			<decile>  <!--   0..* Decile partitions   -->
				<nth value="20"/>
				<value value="0.30"/>
			</decile>
			<decile>  <!--   0..* Decile partitions   -->
				<nth value="30"/>
				<value value="0.30"/>
			</decile>
			<decile>  <!--   0..* Decile partitions   -->
				<nth value="40"/>
				<value value="0.30"/>
			</decile>
			<decile>  <!--   0..* Decile partitions   -->
				<nth value="50"/>
				<value value="0.40"/>
			</decile>
			<decile>  <!--   0..* Decile partitions   -->
				<nth value="60"/>
				<value value="0.40"/>
			</decile>
			<decile>  <!--   0..* Decile partitions   -->
				<nth value="70"/>
				<value value="0.50"/>
			</decile>
			<decile>  <!--   0..* Decile partitions   -->
				<nth value="80"/>
				<value value="0.60"/>
			</decile>
			<decile>  <!--   0..* Decile partitions   -->
				<nth value="90"/>
				<value value="0.80"/>
			</decile>
			<normalizedHigh value="1.2"/>
			<normalizedLow value="0.2"/>
			<fractionAboveNormal value="0.01"/>
			<fractionBelowNormal value="0"/>
		</scalarDistribution>
	</lab>
	<lab>
		<code>
			<coding>
				<system value="http://loinc.org"/>
				<code value="1742-6"/>
				<display value="Alanine aminotransferase [Enzymatic activity/volume] in Serum or Plasma"/>
			</coding>
		</code>
		<count value="206"/>
		<frequencyPerYear value="0.4328"/><!--   0..1 Number of this lab per year   -->
		<fractionOfSubjects value="0.3739"/><!--   0..1 Percent of subjects with this lab   -->
		<scalarDistribution>  <!--   0..1 Numeric sample summary   -->
			<units>
				<unit value="U/L"/>
				<system value="http://unitsofmeasure.org"/>
				<code value="U/L"/>
			</units>
			<min value="6"/><!--   1..1 Minimum value   -->
			<max value="180"/><!--   1..1 Maximum value   -->
			<mean value="21.08"/><!--   1..1 Mean   -->
			<median value="14"/><!--   1..1 Median   -->
			<stdDev value="21.07"/><!--   1..1 Standard deviation   -->
			<decile>  <!--   0..* Decile partitions   -->
				<nth value="10"/>
				<value value="9"/>
			</decile>
			<decile>  <!--   0..* Decile partitions   -->
				<nth value="20"/>
				<value value="11"/>
			</decile>
			<decile>  <!--   0..* Decile partitions   -->
				<nth value="30"/>
				<value value="12"/>
			</decile>
			<decile>  <!--   0..* Decile partitions   -->
				<nth value="40"/>
				<value value="13"/>
			</decile>
			<decile>  <!--   0..* Decile partitions   -->
				<nth value="50"/>
				<value value="14"/>
			</decile>
			<decile>  <!--   0..* Decile partitions   -->
				<nth value="60"/>
				<value value="16"/>
			</decile>
			<decile>  <!--   0..* Decile partitions   -->
				<nth value="70"/>
				<value value="20"/>
			</decile>
			<decile>  <!--   0..* Decile partitions   -->
				<nth value="80"/>
				<value value="26"/>
			</decile>
			<decile>  <!--   0..* Decile partitions   -->
				<nth value="90"/>
				<value value="37"/>
			</decile>
			<normalizedHigh value="25"/>
			<normalizedLow value="0"/>
			<fractionAboveNormal value="0.20"/>
			<fractionBelowNormal value="0"/>
		</scalarDistribution>
	</lab>
	<lab>
		<code>
			<coding>
				<system value="http://loinc.org"/>
				<code value="1920-8"/>
				<display value="Aspartate aminotransferase [Enzymatic activity/volume] in Serum or Plasma"/>
			</coding>
		</code>
		<count value="200"/>
		<frequencyPerYear value="0.4202"/><!--   0..1 Number of this lab per year   -->
		<fractionOfSubjects value="0.3697"/><!--   0..1 Percent of subjects with this lab   -->
		<scalarDistribution>  <!--   0..1 Numeric sample summary   -->
			<units>
				<unit value="IU/L"/>
				<system value="http://unitsofmeasure.org"/>
				<code value="IU/L"/>
			</units>
			<min value="7"/><!--   1..1 Minimum value   -->
			<max value="70"/><!--   1..1 Maximum value   -->
			<mean value="20.11"/><!--   1..1 Mean   -->
			<median value="18"/><!--   1..1 Median   -->
			<stdDev value="8.77"/><!--   1..1 Standard deviation   -->
			<decile>  <!--   0..* Decile partitions   -->
				<nth value="10"/>
				<value value="14"/>
			</decile>
			<decile>  <!--   0..* Decile partitions   -->
				<nth value="20"/>
				<value value="15"/>
			</decile>
			<decile>  <!--   0..* Decile partitions   -->
				<nth value="30"/>
				<value value="16"/>
			</decile>
			<decile>  <!--   0..* Decile partitions   -->
				<nth value="40"/>
				<value value="17"/>
			</decile>
			<decile>  <!--   0..* Decile partitions   -->
				<nth value="50"/>
				<value value="18"/>
			</decile>
			<decile>  <!--   0..* Decile partitions   -->
				<nth value="60"/>
				<value value="20"/>
			</decile>
			<decile>  <!--   0..* Decile partitions   -->
				<nth value="70"/>
				<value value="21"/>
			</decile>
			<decile>  <!--   0..* Decile partitions   -->
				<nth value="80"/>
				<value value="23"/>
			</decile>
			<decile>  <!--   0..* Decile partitions   -->
				<nth value="90"/>
				<value value="26"/>
			</decile>
			<normalizedHigh value="40"/>
			<normalizedLow value="0"/>
			<fractionAboveNormal value="0.03"/>
			<fractionBelowNormal value="0"/>
		</scalarDistribution>
	</lab>
	<lab>
		<code>
			<coding>
				<system value="http://loinc.org"/>
				<code value="713-8"/>
				<display value="Eosinophils/100 leukocytes in Blood by Automated count"/>
			</coding>
		</code>
		<count value="171"/>
		<frequencyPerYear value="0.3592"/><!--   0..1 Number of this lab per year   -->
		<fractionOfSubjects value="0.3193"/><!--   0..1 Percent of subjects with this lab   -->
		<scalarDistribution>  <!--   0..1 Numeric sample summary   -->
			<units>
				<unit value="%"/>
				<system value="http://unitsofmeasure.org"/>
				<code value="%"/>
			</units>
			<min value="0"/><!--   1..1 Minimum value   -->
			<max value="11.60"/><!--   1..1 Maximum value   -->
			<mean value="2.37"/><!--   1..1 Mean   -->
			<median value="1.90"/><!--   1..1 Median   -->
			<stdDev value="2.10"/><!--   1..1 Standard deviation   -->
			<decile>  <!--   0..* Decile partitions   -->
				<nth value="10"/>
				<value value="0.30"/>
			</decile>
			<decile>  <!--   0..* Decile partitions   -->
				<nth value="20"/>
				<value value="0.80"/>
			</decile>
			<decile>  <!--   0..* Decile partitions   -->
				<nth value="30"/>
				<value value="1.10"/>
			</decile>
			<decile>  <!--   0..* Decile partitions   -->
				<nth value="40"/>
				<value value="1.50"/>
			</decile>
			<decile>  <!--   0..* Decile partitions   -->
				<nth value="50"/>
				<value value="1.90"/>
			</decile>
			<decile>  <!--   0..* Decile partitions   -->
				<nth value="60"/>
				<value value="2.10"/>
			</decile>
			<decile>  <!--   0..* Decile partitions   -->
				<nth value="70"/>
				<value value="3"/>
			</decile>
			<decile>  <!--   0..* Decile partitions   -->
				<nth value="80"/>
				<value value="3.60"/>
			</decile>
			<decile>  <!--   0..* Decile partitions   -->
				<nth value="90"/>
				<value value="4.70"/>
			</decile>
			<normalizedHigh value="7"/>
			<normalizedLow value="0"/>
			<fractionAboveNormal value="0.04"/>
			<fractionBelowNormal value="0"/>
		</scalarDistribution>
	</lab>
	<lab>
		<code>
			<coding>
				<system value="http://loinc.org"/>
				<code value="706-2"/>
				<display value="Basophils/100 leukocytes in Blood by Automated count"/>
			</coding>
		</code>
		<count value="146"/>
		<frequencyPerYear value="0.3067"/><!--   0..1 Number of this lab per year   -->
		<fractionOfSubjects value="0.2731"/><!--   0..1 Percent of subjects with this lab   -->
		<scalarDistribution>  <!--   0..1 Numeric sample summary   -->
			<units>
				<unit value="%"/>
				<system value="http://unitsofmeasure.org"/>
				<code value="%"/>
			</units>
			<min value="0"/><!--   1..1 Minimum value   -->
			<max value="1.80"/><!--   1..1 Maximum value   -->
			<mean value="0.50"/><!--   1..1 Mean   -->
			<median value="0.40"/><!--   1..1 Median   -->
			<stdDev value="0.32"/><!--   1..1 Standard deviation   -->
			<decile>  <!--   0..* Decile partitions   -->
				<nth value="10"/>
				<value value="0.20"/>
			</decile>
			<decile>  <!--   0..* Decile partitions   -->
				<nth value="20"/>
				<value value="0.30"/>
			</decile>
			<decile>  <!--   0..* Decile partitions   -->
				<nth value="30"/>
				<value value="0.30"/>
			</decile>
			<decile>  <!--   0..* Decile partitions   -->
				<nth value="40"/>
				<value value="0.40"/>
			</decile>
			<decile>  <!--   0..* Decile partitions   -->
				<nth value="50"/>
				<value value="0.40"/>
			</decile>
			<decile>  <!--   0..* Decile partitions   -->
				<nth value="60"/>
				<value value="0.50"/>
			</decile>
			<decile>  <!--   0..* Decile partitions   -->
				<nth value="70"/>
				<value value="0.60"/>
			</decile>
			<decile>  <!--   0..* Decile partitions   -->
				<nth value="80"/>
				<value value="0.60"/>
			</decile>
			<decile>  <!--   0..* Decile partitions   -->
				<nth value="90"/>
				<value value="1"/>
			</decile>
			<normalizedHigh value="1.0"/>
			<normalizedLow value="0.0"/>
			<fractionAboveNormal value="0.07"/>
			<fractionBelowNormal value="0"/>
		</scalarDistribution>
	</lab>
	<lab>
		<code>
			<coding>
				<system value="http://loinc.org"/>
				<code value="5905-5"/>
				<display value="Monocytes/100 leukocytes in Blood by Automated count"/>
			</coding>
		</code>
		<count value="138"/>
		<frequencyPerYear value="0.2899"/><!--   0..1 Number of this lab per year   -->
		<fractionOfSubjects value="0.2479"/><!--   0..1 Percent of subjects with this lab   -->
		<scalarDistribution>  <!--   0..1 Numeric sample summary   -->
			<units>
				<unit value="%"/>
				<system value="http://unitsofmeasure.org"/>
				<code value="%"/>
			</units>
			<min value="2"/><!--   1..1 Minimum value   -->
			<max value="16.50"/><!--   1..1 Maximum value   -->
			<mean value="7.90"/><!--   1..1 Mean   -->
			<median value="7.60"/><!--   1..1 Median   -->
			<stdDev value="2.47"/><!--   1..1 Standard deviation   -->
			<decile>  <!--   0..* Decile partitions   -->
				<nth value="10"/>
				<value value="4.80"/>
			</decile>
			<decile>  <!--   0..* Decile partitions   -->
				<nth value="20"/>
				<value value="6"/>
			</decile>
			<decile>  <!--   0..* Decile partitions   -->
				<nth value="30"/>
				<value value="6.60"/>
			</decile>
			<decile>  <!--   0..* Decile partitions   -->
				<nth value="40"/>
				<value value="7.20"/>
			</decile>
			<decile>  <!--   0..* Decile partitions   -->
				<nth value="50"/>
				<value value="7.60"/>
			</decile>
			<decile>  <!--   0..* Decile partitions   -->
				<nth value="60"/>
				<value value="8.30"/>
			</decile>
			<decile>  <!--   0..* Decile partitions   -->
				<nth value="70"/>
				<value value="8.90"/>
			</decile>
			<decile>  <!--   0..* Decile partitions   -->
				<nth value="80"/>
				<value value="9.60"/>
			</decile>
			<decile>  <!--   0..* Decile partitions   -->
				<nth value="90"/>
				<value value="11"/>
			</decile>
			<normalizedHigh value="12"/>
			<normalizedLow value="0"/>
			<fractionAboveNormal value="0.07"/>
			<fractionBelowNormal value="0"/>
		</scalarDistribution>
	</lab>
	<lab>
		<code>
			<coding>
				<system value="http://loinc.org"/>
				<code value="2777-1"/>
				<display value="Phosphate [Mass/volume] in Serum or Plasma"/>
			</coding>
		</code>
		<count value="70"/>
		<frequencyPerYear value="0.1471"/><!--   0..1 Number of this lab per year   -->
		<fractionOfSubjects value="0.0756"/><!--   0..1 Percent of subjects with this lab   -->
		<scalarDistribution>  <!--   0..1 Numeric sample summary   -->
			<units>
				<unit value="mg/dL"/>
				<system value="http://unitsofmeasure.org"/>
				<code value="mg/dL"/>
			</units>
			<min value="2.20"/><!--   1..1 Minimum value   -->
			<max value="6.50"/><!--   1..1 Maximum value   -->
			<mean value="3.96"/><!--   1..1 Mean   -->
			<median value="4"/><!--   1..1 Median   -->
			<stdDev value="0.81"/><!--   1..1 Standard deviation   -->
			<decile>  <!--   0..* Decile partitions   -->
				<nth value="10"/>
				<value value="3"/>
			</decile>
			<decile>  <!--   0..* Decile partitions   -->
				<nth value="20"/>
				<value value="3.20"/>
			</decile>
			<decile>  <!--   0..* Decile partitions   -->
				<nth value="30"/>
				<value value="3.50"/>
			</decile>
			<decile>  <!--   0..* Decile partitions   -->
				<nth value="40"/>
				<value value="3.70"/>
			</decile>
			<decile>  <!--   0..* Decile partitions   -->
				<nth value="50"/>
				<value value="4"/>
			</decile>
			<decile>  <!--   0..* Decile partitions   -->
				<nth value="60"/>
				<value value="4.20"/>
			</decile>
			<decile>  <!--   0..* Decile partitions   -->
				<nth value="70"/>
				<value value="4.30"/>
			</decile>
			<decile>  <!--   0..* Decile partitions   -->
				<nth value="80"/>
				<value value="4.50"/>
			</decile>
			<decile>  <!--   0..* Decile partitions   -->
				<nth value="90"/>
				<value value="4.90"/>
			</decile>
			<normalizedHigh value="4.5"/>
			<normalizedLow value="2.5"/>
			<fractionAboveNormal value="0.19"/>
			<fractionBelowNormal value="0.01"/>
		</scalarDistribution>
	</lab>
	<lab>
		<code>
			<coding>
				<system value="http://loinc.org"/>
				<code value="19123-9"/>
				<display value="Magnesium [Mass/volume] in Serum or Plasma"/>
			</coding>
		</code>
		<count value="68"/>
		<frequencyPerYear value="0.1429"/><!--   0..1 Number of this lab per year   -->
		<fractionOfSubjects value="0.0630"/><!--   0..1 Percent of subjects with this lab   -->
		<scalarDistribution>  <!--   0..1 Numeric sample summary   -->
			<units>
				<unit value="mg/dL"/>
				<system value="http://unitsofmeasure.org"/>
				<code value="mg/dL"/>
			</units>
			<min value="1.60"/><!--   1..1 Minimum value   -->
			<max value="2.50"/><!--   1..1 Maximum value   -->
			<mean value="1.99"/><!--   1..1 Mean   -->
			<median value="2"/><!--   1..1 Median   -->
			<stdDev value="0.18"/><!--   1..1 Standard deviation   -->
			<decile>  <!--   0..* Decile partitions   -->
				<nth value="10"/>
				<value value="1.80"/>
			</decile>
			<decile>  <!--   0..* Decile partitions   -->
				<nth value="20"/>
				<value value="1.80"/>
			</decile>
			<decile>  <!--   0..* Decile partitions   -->
				<nth value="30"/>
				<value value="1.90"/>
			</decile>
			<decile>  <!--   0..* Decile partitions   -->
				<nth value="40"/>
				<value value="1.90"/>
			</decile>
			<decile>  <!--   0..* Decile partitions   -->
				<nth value="50"/>
				<value value="2"/>
			</decile>
			<decile>  <!--   0..* Decile partitions   -->
				<nth value="60"/>
				<value value="2"/>
			</decile>
			<decile>  <!--   0..* Decile partitions   -->
				<nth value="70"/>
				<value value="2.10"/>
			</decile>
			<decile>  <!--   0..* Decile partitions   -->
				<nth value="80"/>
				<value value="2.10"/>
			</decile>
			<decile>  <!--   0..* Decile partitions   -->
				<nth value="90"/>
				<value value="2.30"/>
			</decile>
			<normalizedHigh value="2.3"/>
			<normalizedLow value="1.6"/>
			<fractionAboveNormal value="0.03"/>
			<fractionBelowNormal value="0"/>
		</scalarDistribution>
	</lab>
	<lab>
		<code>
			<coding>
				<system value="http://loinc.org"/>
				<code value="2571-8"/>
				<display value="Triglyceride [Mass/volume] in Serum or Plasma"/>
			</coding>
		</code>
		<count value="25"/>
		<frequencyPerYear value="0.0525"/><!--   0..1 Number of this lab per year   -->
		<fractionOfSubjects value="0.0924"/><!--   0..1 Percent of subjects with this lab   -->
		<scalarDistribution>  <!--   0..1 Numeric sample summary   -->
			<units>
				<unit value="mg/dL"/>
				<system value="http://unitsofmeasure.org"/>
				<code value="mg/dL"/>
			</units>
			<min value="57"/><!--   1..1 Minimum value   -->
			<max value="257"/><!--   1..1 Maximum value   -->
			<mean value="115.20"/><!--   1..1 Mean   -->
			<median value="98.50"/><!--   1..1 Median   -->
			<stdDev value="44.16"/><!--   1..1 Standard deviation   -->
			<decile>  <!--   0..* Decile partitions   -->
				<nth value="10"/>
				<value value="66"/>
			</decile>
			<decile>  <!--   0..* Decile partitions   -->
				<nth value="20"/>
				<value value="77"/>
			</decile>
			<decile>  <!--   0..* Decile partitions   -->
				<nth value="30"/>
				<value value="91"/>
			</decile>
			<decile>  <!--   0..* Decile partitions   -->
				<nth value="40"/>
				<value value="92"/>
			</decile>
			<decile>  <!--   0..* Decile partitions   -->
				<nth value="50"/>
				<value value="103"/>
			</decile>
			<decile>  <!--   0..* Decile partitions   -->
				<nth value="60"/>
				<value value="120"/>
			</decile>
			<decile>  <!--   0..* Decile partitions   -->
				<nth value="70"/>
				<value value="140"/>
			</decile>
			<decile>  <!--   0..* Decile partitions   -->
				<nth value="80"/>
				<value value="145"/>
			</decile>
			<decile>  <!--   0..* Decile partitions   -->
				<nth value="90"/>
				<value value="157"/>
			</decile>
			<normalizedHigh value="149"/>
			<normalizedLow value="0"/>
			<fractionAboveNormal value="0.16"/>
			<fractionBelowNormal value="0"/>
		</scalarDistribution>
	</lab>
	<lab>
		<code>
			<coding>
				<system value="http://loinc.org"/>
				<code value="2093-3"/>
				<display value="Cholesterol [Mass/volume] in Serum or Plasma"/>
			</coding>
		</code>
		<count value="25"/>
		<frequencyPerYear value="0.0525"/><!--   0..1 Number of this lab per year   -->
		<fractionOfSubjects value="0.0882"/><!--   0..1 Percent of subjects with this lab   -->
		<scalarDistribution>  <!--   0..1 Numeric sample summary   -->
			<units>
				<unit value="mg/dL"/>
				<system value="http://unitsofmeasure.org"/>
				<code value="mg/dL"/>
			</units>
			<min value="97"/><!--   1..1 Minimum value   -->
			<max value="254"/><!--   1..1 Maximum value   -->
			<mean value="173.80"/><!--   1..1 Mean   -->
			<median value="169"/><!--   1..1 Median   -->
			<stdDev value="34.87"/><!--   1..1 Standard deviation   -->
			<decile>  <!--   0..* Decile partitions   -->
				<nth value="10"/>
				<value value="131"/>
			</decile>
			<decile>  <!--   0..* Decile partitions   -->
				<nth value="20"/>
				<value value="142"/>
			</decile>
			<decile>  <!--   0..* Decile partitions   -->
				<nth value="30"/>
				<value value="161"/>
			</decile>
			<decile>  <!--   0..* Decile partitions   -->
				<nth value="40"/>
				<value value="163"/>
			</decile>
			<decile>  <!--   0..* Decile partitions   -->
				<nth value="50"/>
				<value value="171"/>
			</decile>
			<decile>  <!--   0..* Decile partitions   -->
				<nth value="60"/>
				<value value="174"/>
			</decile>
			<decile>  <!--   0..* Decile partitions   -->
				<nth value="70"/>
				<value value="189"/>
			</decile>
			<decile>  <!--   0..* Decile partitions   -->
				<nth value="80"/>
				<value value="208"/>
			</decile>
			<decile>  <!--   0..* Decile partitions   -->
				<nth value="90"/>
				<value value="221"/>
			</decile>
			<normalizedHigh value="199"/>
			<normalizedLow value="100"/>
			<fractionAboveNormal value="0.24"/>
			<fractionBelowNormal value="0.04"/>
		</scalarDistribution>
	</lab>
	<lab>
		<code>
			<coding>
				<system value="http://loinc.org"/>
				<code value="706-2"/>
				<display value="Basophils/100 leukocytes in Blood by Automated count"/>
			</coding>
		</code>
		<count value="25"/>
		<frequencyPerYear value="0.0525"/><!--   0..1 Number of this lab per year   -->
		<fractionOfSubjects value="0.0756"/><!--   0..1 Percent of subjects with this lab   -->
		<scalarDistribution>  <!--   0..1 Numeric sample summary   -->
			<units>
				<unit value="%"/>
				<system value="http://unitsofmeasure.org"/>
				<code value="%"/>
			</units>
			<min value="0"/><!--   1..1 Minimum value   -->
			<max value="2"/><!--   1..1 Maximum value   -->
			<mean value="0.52"/><!--   1..1 Mean   -->
			<median value="0"/><!--   1..1 Median   -->
			<stdDev value="0.59"/><!--   1..1 Standard deviation   -->
			<decile>  <!--   0..* Decile partitions   -->
				<nth value="10"/>
				<value value="0"/>
			</decile>
			<decile>  <!--   0..* Decile partitions   -->
				<nth value="20"/>
				<value value="0"/>
			</decile>
			<decile>  <!--   0..* Decile partitions   -->
				<nth value="30"/>
				<value value="0"/>
			</decile>
			<decile>  <!--   0..* Decile partitions   -->
				<nth value="40"/>
				<value value="0"/>
			</decile>
			<decile>  <!--   0..* Decile partitions   -->
				<nth value="50"/>
				<value value="0"/>
			</decile>
			<decile>  <!--   0..* Decile partitions   -->
				<nth value="60"/>
				<value value="1"/>
			</decile>
			<decile>  <!--   0..* Decile partitions   -->
				<nth value="70"/>
				<value value="1"/>
			</decile>
			<decile>  <!--   0..* Decile partitions   -->
				<nth value="80"/>
				<value value="1"/>
			</decile>
			<decile>  <!--   0..* Decile partitions   -->
				<nth value="90"/>
				<value value="1"/>
			</decile>
			<normalizedHigh value="1.0"/>
			<normalizedLow value="0.0"/>
			<fractionAboveNormal value="0.04"/>
			<fractionBelowNormal value="0"/>
		</scalarDistribution>
	</lab>
	<lab>
		<code>
			<coding>
				<system value="http://loinc.org"/>
				<code value="2085-9"/>
				<display value="Cholesterol in HDL [Mass/volume] in Serum or Plasma"/>
			</coding>
		</code>
		<count value="22"/>
		<frequencyPerYear value="0.0462"/><!--   0..1 Number of this lab per year   -->
		<fractionOfSubjects value="0.0882"/><!--   0..1 Percent of subjects with this lab   -->
		<scalarDistribution>  <!--   0..1 Numeric sample summary   -->
			<units>
				<unit value="mg/dL"/>
				<system value="http://unitsofmeasure.org"/>
				<code value="mg/dL"/>
			</units>
			<min value="36"/><!--   1..1 Minimum value   -->
			<max value="68"/><!--   1..1 Maximum value   -->
			<mean value="50.23"/><!--   1..1 Mean   -->
			<median value="49"/><!--   1..1 Median   -->
			<stdDev value="8.82"/><!--   1..1 Standard deviation   -->
			<decile>  <!--   0..* Decile partitions   -->
				<nth value="10"/>
				<value value="40"/>
			</decile>
			<decile>  <!--   0..* Decile partitions   -->
				<nth value="20"/>
				<value value="42"/>
			</decile>
			<decile>  <!--   0..* Decile partitions   -->
				<nth value="30"/>
				<value value="45"/>
			</decile>
			<decile>  <!--   0..* Decile partitions   -->
				<nth value="40"/>
				<value value="47"/>
			</decile>
			<decile>  <!--   0..* Decile partitions   -->
				<nth value="50"/>
				<value value="49"/>
			</decile>
			<decile>  <!--   0..* Decile partitions   -->
				<nth value="60"/>
				<value value="50"/>
			</decile>
			<decile>  <!--   0..* Decile partitions   -->
				<nth value="70"/>
				<value value="51"/>
			</decile>
			<decile>  <!--   0..* Decile partitions   -->
				<nth value="80"/>
				<value value="58"/>
			</decile>
			<decile>  <!--   0..* Decile partitions   -->
				<nth value="90"/>
				<value value="63"/>
			</decile>
			<normalizedHigh value="76"/>
			<normalizedLow value="36"/>
			<fractionAboveNormal value="0"/>
			<fractionBelowNormal value="0"/>
		</scalarDistribution>
	</lab>
	<lab>
		<code>
			<coding>
				<system value="http://loinc.org"/>
				<code value="5964-2"/>
				<display value="Prothrombin time (PT) in Blood by Coagulation assay"/>
			</coding>
		</code>
		<count value="16"/>
		<frequencyPerYear value="0.0336"/><!--   0..1 Number of this lab per year   -->
		<fractionOfSubjects value="0.0546"/><!--   0..1 Percent of subjects with this lab   -->
		<scalarDistribution>  <!--   0..1 Numeric sample summary   -->
			<units>
				<unit value="Seconds"/>
				<system value="http://unitsofmeasure.org"/>
				<code value="Seconds"/>
			</units>
			<min value="10"/><!--   1..1 Minimum value   -->
			<max value="13.70"/><!--   1..1 Maximum value   -->
			<mean value="11.05"/><!--   1..1 Mean   -->
			<median value="10.70"/><!--   1..1 Median   -->
			<stdDev value="1.17"/><!--   1..1 Standard deviation   -->
			<decile>  <!--   0..* Decile partitions   -->
				<nth value="10"/>
				<value value="10"/>
			</decile>
			<decile>  <!--   0..* Decile partitions   -->
				<nth value="20"/>
				<value value="10"/>
			</decile>
			<decile>  <!--   0..* Decile partitions   -->
				<nth value="30"/>
				<value value="10.40"/>
			</decile>
			<decile>  <!--   0..* Decile partitions   -->
				<nth value="40"/>
				<value value="10.50"/>
			</decile>
			<decile>  <!--   0..* Decile partitions   -->
				<nth value="50"/>
				<value value="10.70"/>
			</decile>
			<decile>  <!--   0..* Decile partitions   -->
				<nth value="60"/>
				<value value="10.70"/>
			</decile>
			<decile>  <!--   0..* Decile partitions   -->
				<nth value="70"/>
				<value value="10.80"/>
			</decile>
			<decile>  <!--   0..* Decile partitions   -->
				<nth value="80"/>
				<value value="11.40"/>
			</decile>
			<decile>  <!--   0..* Decile partitions   -->
				<nth value="90"/>
				<value value="12.60"/>
			</decile>
		</scalarDistribution>
	</lab>
	<lab>
		<code>
			<coding>
				<system value="http://loinc.org"/>
				<code value="41653-7"/>
				<display value="Glucose [Mass/volume] in Capillary blood by Glucometer"/>
			</coding>
		</code>
		<count value="16"/>
		<frequencyPerYear value="0.0336"/><!--   0..1 Number of this lab per year   -->
		<fractionOfSubjects value="0.0252"/><!--   0..1 Percent of subjects with this lab   -->
		<scalarDistribution>  <!--   0..1 Numeric sample summary   -->
			<units>
				<unit value="mg/dL"/>
				<system value="http://unitsofmeasure.org"/>
				<code value="mg/dL"/>
			</units>
			<min value="78"/><!--   1..1 Minimum value   -->
			<max value="145"/><!--   1..1 Maximum value   -->
			<mean value="104.06"/><!--   1..1 Mean   -->
			<median value="107"/><!--   1..1 Median   -->
			<stdDev value="15.88"/><!--   1..1 Standard deviation   -->
			<decile>  <!--   0..* Decile partitions   -->
				<nth value="10"/>
				<value value="85"/>
			</decile>
			<decile>  <!--   0..* Decile partitions   -->
				<nth value="20"/>
				<value value="87"/>
			</decile>
			<decile>  <!--   0..* Decile partitions   -->
				<nth value="30"/>
				<value value="95"/>
			</decile>
			<decile>  <!--   0..* Decile partitions   -->
				<nth value="40"/>
				<value value="100"/>
			</decile>
			<decile>  <!--   0..* Decile partitions   -->
				<nth value="50"/>
				<value value="107"/>
			</decile>
			<decile>  <!--   0..* Decile partitions   -->
				<nth value="60"/>
				<value value="107"/>
			</decile>
			<decile>  <!--   0..* Decile partitions   -->
				<nth value="70"/>
				<value value="109"/>
			</decile>
			<decile>  <!--   0..* Decile partitions   -->
				<nth value="80"/>
				<value value="113"/>
			</decile>
			<decile>  <!--   0..* Decile partitions   -->
				<nth value="90"/>
				<value value="115"/>
			</decile>
			<normalizedHigh value="106"/>
			<normalizedLow value="74"/>
			<fractionAboveNormal value="0.56"/>
			<fractionBelowNormal value="0"/>
		</scalarDistribution>
	</lab>
	<lab>
		<code>
			<coding>
				<system value="http://loinc.org"/>
				<code value="737-7"/>
				<display value="Lymphocytes/100 leukocytes in Blood by Manual count"/>
			</coding>
		</code>
		<count value="12"/>
		<frequencyPerYear value="0.0252"/><!--   0..1 Number of this lab per year   -->
		<fractionOfSubjects value="0.0252"/><!--   0..1 Percent of subjects with this lab   -->
		<scalarDistribution>  <!--   0..1 Numeric sample summary   -->
			<units>
				<unit value="%"/>
				<system value="http://unitsofmeasure.org"/>
				<code value="%"/>
			</units>
			<min value="11"/><!--   1..1 Minimum value   -->
			<max value="39"/><!--   1..1 Maximum value   -->
			<mean value="22.75"/><!--   1..1 Mean   -->
			<median value="17"/><!--   1..1 Median   -->
			<stdDev value="10.59"/><!--   1..1 Standard deviation   -->
			<decile>  <!--   0..* Decile partitions   -->
				<nth value="10"/>
				<value value="11"/>
			</decile>
			<decile>  <!--   0..* Decile partitions   -->
				<nth value="20"/>
				<value value="12"/>
			</decile>
			<decile>  <!--   0..* Decile partitions   -->
				<nth value="30"/>
				<value value="14"/>
			</decile>
			<decile>  <!--   0..* Decile partitions   -->
				<nth value="40"/>
				<value value="16"/>
			</decile>
			<decile>  <!--   0..* Decile partitions   -->
				<nth value="50"/>
				<value value="17"/>
			</decile>
			<decile>  <!--   0..* Decile partitions   -->
				<nth value="60"/>
				<value value="22"/>
			</decile>
			<decile>  <!--   0..* Decile partitions   -->
				<nth value="70"/>
				<value value="25"/>
			</decile>
			<decile>  <!--   0..* Decile partitions   -->
				<nth value="80"/>
				<value value="36"/>
			</decile>
			<decile>  <!--   0..* Decile partitions   -->
				<nth value="90"/>
				<value value="38"/>
			</decile>
			<normalizedHigh value="44"/>
			<normalizedLow value="24"/>
			<fractionAboveNormal value="0"/>
			<fractionBelowNormal value="0.58"/>
		</scalarDistribution>
	</lab>
	<lab>
		<code>
			<coding>
				<system value="http://loinc.org"/>
				<code value="744-3"/>
				<display value="Monocytes/100 leukocytes in Blood by Manual count"/>
			</coding>
		</code>
		<count value="12"/>
		<frequencyPerYear value="0.0252"/><!--   0..1 Number of this lab per year   -->
		<fractionOfSubjects value="0.0252"/><!--   0..1 Percent of subjects with this lab   -->
		<scalarDistribution>  <!--   0..1 Numeric sample summary   -->
			<units>
				<unit value="%"/>
				<system value="http://unitsofmeasure.org"/>
				<code value="%"/>
			</units>
			<min value="0"/><!--   1..1 Minimum value   -->
			<max value="16"/><!--   1..1 Maximum value   -->
			<mean value="8.58"/><!--   1..1 Mean   -->
			<median value="9"/><!--   1..1 Median   -->
			<stdDev value="4.14"/><!--   1..1 Standard deviation   -->
			<decile>  <!--   0..* Decile partitions   -->
				<nth value="10"/>
				<value value="0"/>
			</decile>
			<decile>  <!--   0..* Decile partitions   -->
				<nth value="20"/>
				<value value="4"/>
			</decile>
			<decile>  <!--   0..* Decile partitions   -->
				<nth value="30"/>
				<value value="7"/>
			</decile>
			<decile>  <!--   0..* Decile partitions   -->
				<nth value="40"/>
				<value value="9"/>
			</decile>
			<decile>  <!--   0..* Decile partitions   -->
				<nth value="50"/>
				<value value="9"/>
			</decile>
			<decile>  <!--   0..* Decile partitions   -->
				<nth value="60"/>
				<value value="10"/>
			</decile>
			<decile>  <!--   0..* Decile partitions   -->
				<nth value="70"/>
				<value value="10"/>
			</decile>
			<decile>  <!--   0..* Decile partitions   -->
				<nth value="80"/>
				<value value="11"/>
			</decile>
			<decile>  <!--   0..* Decile partitions   -->
				<nth value="90"/>
				<value value="12"/>
			</decile>
			<normalizedHigh value="12"/>
			<normalizedLow value="1"/>
			<fractionAboveNormal value="0.08"/>
			<fractionBelowNormal value="0.08"/>
		</scalarDistribution>
	</lab>
	<lab>
		<code>
			<coding>
				<system value="http://loinc.org"/>
				<code value="714-6"/>
				<display value="Eosinophils/100 leukocytes in Blood by Manual count"/>
			</coding>
		</code>
		<count value="11"/>
		<frequencyPerYear value="0.0231"/><!--   0..1 Number of this lab per year   -->
		<fractionOfSubjects value="0.0210"/><!--   0..1 Percent of subjects with this lab   -->
		<scalarDistribution>  <!--   0..1 Numeric sample summary   -->
			<units>
				<unit value="%"/>
				<system value="http://unitsofmeasure.org"/>
				<code value="%"/>
			</units>
			<min value="1"/><!--   1..1 Minimum value   -->
			<max value="10"/><!--   1..1 Maximum value   -->
			<mean value="3.55"/><!--   1..1 Mean   -->
			<median value="3"/><!--   1..1 Median   -->
			<stdDev value="2.62"/><!--   1..1 Standard deviation   -->
			<decile>  <!--   0..* Decile partitions   -->
				<nth value="10"/>
				<value value="1"/>
			</decile>
			<decile>  <!--   0..* Decile partitions   -->
				<nth value="20"/>
				<value value="1"/>
			</decile>
			<decile>  <!--   0..* Decile partitions   -->
				<nth value="30"/>
				<value value="1"/>
			</decile>
			<decile>  <!--   0..* Decile partitions   -->
				<nth value="40"/>
				<value value="3"/>
			</decile>
			<decile>  <!--   0..* Decile partitions   -->
				<nth value="50"/>
				<value value="3"/>
			</decile>
			<decile>  <!--   0..* Decile partitions   -->
				<nth value="60"/>
				<value value="3"/>
			</decile>
			<decile>  <!--   0..* Decile partitions   -->
				<nth value="70"/>
				<value value="4"/>
			</decile>
			<decile>  <!--   0..* Decile partitions   -->
				<nth value="80"/>
				<value value="4"/>
			</decile>
			<decile>  <!--   0..* Decile partitions   -->
				<nth value="90"/>
				<value value="6"/>
			</decile>
			<normalizedHigh value="7"/>
			<normalizedLow value="0"/>
			<fractionAboveNormal value="0.09"/>
			<fractionBelowNormal value="0"/>
		</scalarDistribution>
	</lab>
	<lab>
		<code>
			<coding>
				<system value="http://loinc.org"/>
				<code value="4548-4"/>
				<display value="Hemoglobin A1c/Hemoglobin.total in Blood"/>
			</coding>
		</code>
		<count value="13"/>
		<frequencyPerYear value="0.0273"/><!--   0..1 Number of this lab per year   -->
		<fractionOfSubjects value="0.0378"/><!--   0..1 Percent of subjects with this lab   -->
		<scalarDistribution>  <!--   0..1 Numeric sample summary   -->
			<units>
				<unit value="%"/>
				<system value="http://unitsofmeasure.org"/>
				<code value="%"/>
			</units>
			<min value="4.70"/><!--   1..1 Minimum value   -->
			<max value="5.50"/><!--   1..1 Maximum value   -->
			<mean value="4.98"/><!--   1..1 Mean   -->
			<median value="4.90"/><!--   1..1 Median   -->
			<stdDev value="0.25"/><!--   1..1 Standard deviation   -->
			<decile>  <!--   0..* Decile partitions   -->
				<nth value="10"/>
				<value value="4.70"/>
			</decile>
			<decile>  <!--   0..* Decile partitions   -->
				<nth value="20"/>
				<value value="4.80"/>
			</decile>
			<decile>  <!--   0..* Decile partitions   -->
				<nth value="30"/>
				<value value="4.80"/>
			</decile>
			<decile>  <!--   0..* Decile partitions   -->
				<nth value="40"/>
				<value value="4.80"/>
			</decile>
			<decile>  <!--   0..* Decile partitions   -->
				<nth value="50"/>
				<value value="4.90"/>
			</decile>
			<decile>  <!--   0..* Decile partitions   -->
				<nth value="60"/>
				<value value="5"/>
			</decile>
			<decile>  <!--   0..* Decile partitions   -->
				<nth value="70"/>
				<value value="5"/>
			</decile>
			<decile>  <!--   0..* Decile partitions   -->
				<nth value="80"/>
				<value value="5.10"/>
			</decile>
			<decile>  <!--   0..* Decile partitions   -->
				<nth value="90"/>
				<value value="5.30"/>
			</decile>
			<normalizedHigh value="5.6"/>
			<normalizedLow value="4.8"/>
			<fractionAboveNormal value="0"/>
			<fractionBelowNormal value="0.38"/>
		</scalarDistribution>
	</lab>
	<lab>
		<code>
			<coding>
				<system value="http://loinc.org"/>
				<code value="21582-2"/>
				<display value="Tryptase [Mass/volume] in Serum or Plasma"/>
			</coding>
		</code>
		<count value="12"/>
		<frequencyPerYear value="0.0252"/><!--   0..1 Number of this lab per year   -->
		<fractionOfSubjects value="0.0462"/><!--   0..1 Percent of subjects with this lab   -->
		<scalarDistribution>  <!--   0..1 Numeric sample summary   -->
			<units>
				<unit value="ng/mL"/>
				<system value="http://unitsofmeasure.org"/>
				<code value="ng/mL"/>
			</units>
			<min value="1"/><!--   1..1 Minimum value   -->
			<max value="9"/><!--   1..1 Maximum value   -->
			<mean value="3.78"/><!--   1..1 Mean   -->
			<median value="4"/><!--   1..1 Median   -->
			<stdDev value="2.00"/><!--   1..1 Standard deviation   -->
			<decile>  <!--   0..* Decile partitions   -->
				<nth value="10"/>
				<value value="1"/>
			</decile>
			<decile>  <!--   0..* Decile partitions   -->
				<nth value="20"/>
				<value value="2"/>
			</decile>
			<decile>  <!--   0..* Decile partitions   -->
				<nth value="30"/>
				<value value="3"/>
			</decile>
			<decile>  <!--   0..* Decile partitions   -->
				<nth value="40"/>
				<value value="3.40"/>
			</decile>
			<decile>  <!--   0..* Decile partitions   -->
				<nth value="50"/>
				<value value="4"/>
			</decile>
			<decile>  <!--   0..* Decile partitions   -->
				<nth value="60"/>
				<value value="4"/>
			</decile>
			<decile>  <!--   0..* Decile partitions   -->
				<nth value="70"/>
				<value value="4"/>
			</decile>
			<decile>  <!--   0..* Decile partitions   -->
				<nth value="80"/>
				<value value="4"/>
			</decile>
			<decile>  <!--   0..* Decile partitions   -->
				<nth value="90"/>
				<value value="5"/>
			</decile>
		</scalarDistribution>
	</lab>
</ClinicalProfile>