<?xml version="1.0" encoding="UTF-8"?><Group xmlns="http://hl7.org/fhir">
	<id value="diabetes-sample-40-cohort-jhu2"/>
	<meta>
    <security>
      <system value="http://hl7.org/fhir/v3/ActReason"/>
      <code value="HTEST"/>
      <display value="test health data"/>
    </security>
  </meta>
  <text>        
		<status value="additional"/>
		<div xmlns="http://www.w3.org/1999/xhtml">
			<p>diabetes patients aged 75+, Native Hawaiian or Other Pacific Islander,Asian,Unknown,American Indian or Alaska Native,Other, Male</p>
		</div>
	</text>
	<identifier>
		<system value="http://ncats.org/clinicalprofile/"/>
		<value value="sample-40"/>
	</identifier>
	<type value="person"/>
	<actual value="true"/>
	<name value="diabetes patients aged 75+, Native Hawaiian or Other Pacific Islander,Asian,Unknown,American Indian or Alaska Native,Other, Male"/>
	<quantity value="701"/>
	<characteristic>
		<code>
			<text value="ageGroup"/>
		</code>
		<valueRange>
			<low>
				<value value="75"/>
			</low>
		</valueRange>
		<exclude value="false"/>
	</characteristic>
	<characteristic>
		<code>
			<text value="race"/>
		</code>
		<valueCodeableConcept>
			<coding>
				<system value="urn:oid:2.16.840.1.114222.4.11.836"/>
				<code value="2054-5"/>
				<display value="Native Hawaiian or Other Pacific Islander,Asian,Unknown,American Indian or Alaska Native,Other"/>
			</coding>
		</valueCodeableConcept>
		<exclude value="false"/>
	</characteristic>
	<characteristic>
		<code>
			<text value="gender"/>
		</code>
		<valueCodeableConcept>
			<coding>
				<system value="http://hl7.org/fhir/administrative-gender"/>
				<code value="male"/>
				<display value="Male"/>
			</coding>
		</valueCodeableConcept>
		<exclude value="false"/>
	</characteristic>
</Group>