<?xml version="1.0" encoding="UTF-8"?><ClinicalProfile xmlns="http://hl7.org/fhir">
	<!--   from Resource: id, meta, implicitRules, and language   -->
	<!--   from DomainResource: text, contained, extension, and modifierExtension   -->
	<id value="jhu-asthma-profile-48-diagnoses"/>
	<meta>
    <security>
      <system value="http://terminology.hl7.org/CodeSystem/v3-ActReason"/>
      <code value="HTEST"/>
      <display value="test health data"/>
    </security>
  </meta>
  <text>
		<status value="generated"/>
		<div xmlns="http://www.w3.org/1999/xhtml">
			<p>Selected diagnoses for Male, White or Caucasian patients aged 65-80 seen as either outpatients or inpatients at Johns Hopkins Hospital, JHCP, and Bayview between 3/1/2016 and 3/1/2018 having a diagnosis of asthma recorded on the problem list or as an encounter diagnosis.
			</p>
		</div>
	</text>
	<identifier>
		<value value="urn:uuid:E649FAE1-EA34-E5E6-9E1C648EFF6146F5"/>
	</identifier>
	<status value="draft"/><!--   1..1 complete | draft | error   -->
	<population>
		<reference value="Group/asthma-population-jhu1"/>
	</population>
	<cohort>
		<reference value="Group/asthma-sample-48-cohort-jhu1"/>
		<display value="White or Caucasian Male aged 65-80"/> 
	</cohort>
	<date value="2018-09-11T16:04:00Z"/><!--   0..1 When the profile was generated   -->
	<source>
		<value value="http://ictrweb.johnshopkins.edu/ictr/synthetic/includes/clinical_profiles.cfm"/>
	</source>
	<reporter>
		<reference value="Organization/JHM"/>
		<type value="Organization"/>
		<display value="Johns Hopkins School of Medicine"/>
	</reporter>
	<diagnosis> 
		<code> 
			<coding> 
				<system value="http://hl7.org/fhir/sid/icd-10"/>
				<code value="J45.909"/> 
				<display value="Asthma"/> 
			</coding> 
		</code> 
		<count value="1189"/> 
	</diagnosis>
	<diagnosis> 
		<code> 
			<coding> 
				<system value="http://hl7.org/fhir/sid/icd-10"/>
				<code value="I10"/> 
				<display value="Unspecified essential hypertension"/> 
			</coding> 
		</code> 
		<count value="1107"/> 
	</diagnosis>
	<diagnosis> 
		<code> 
			<coding> 
				<system value="http://hl7.org/fhir/sid/icd-10"/>
				<code value="Z00.00"/> 
				<display value="Routine general medical examination at a health care facility"/> 
			</coding> 
		</code> 
		<count value="636"/> 
	</diagnosis>
	<diagnosis> 
		<code> 
			<coding> 
				<system value="http://hl7.org/fhir/sid/icd-10"/>
				<code value="E78.5"/> 
				<display value="Other and unspecified hyperlipidemia"/> 
			</coding> 
		</code> 
		<count value="589"/> 
	</diagnosis>
	<diagnosis> 
		<code> 
			<coding> 
				<system value="http://hl7.org/fhir/sid/icd-10"/>
				<code value="K21.9"/> 
				<display value="Esophageal reflux"/> 
			</coding> 
		</code> 
		<count value="558"/> 
	</diagnosis>
	<diagnosis> 
		<code> 
			<coding> 
				<system value="http://hl7.org/fhir/sid/icd-10"/>
				<code value="I25.10"/> 
				<display value="CAD (coronary artery disease)"/> 
			</coding> 
		</code> 
		<count value="518"/> 
	</diagnosis>
	<diagnosis> 
		<code> 
			<coding> 
				<system value="http://hl7.org/fhir/sid/icd-10"/>
				<code value="H52.4"/> 
				<display value="Hyperopia of both eyes with astigmatism and presbyopia"/> 
			</coding> 
		</code> 
		<count value="368"/> 
	</diagnosis>
	<diagnosis> 
		<code> 
			<coding> 
				<system value="http://hl7.org/fhir/sid/icd-10"/>
				<code value="E11.9"/> 
				<display value="Diabetes mellitus, type 2"/> 
			</coding> 
		</code> 
		<count value="358"/> 
	</diagnosis>
	<diagnosis> 
		<code> 
			<coding> 
				<system value="http://hl7.org/fhir/sid/icd-10"/>
				<code value="G47.33"/> 
				<display value="OSA on CPAP"/> 
			</coding> 
		</code> 
		<count value="330"/> 
	</diagnosis>
	<diagnosis> 
		<code> 
			<coding> 
				<system value="http://hl7.org/fhir/sid/icd-10"/>
				<code value="J30.9"/> 
				<display value="Allergic rhinitis"/> 
			</coding> 
		</code> 
		<count value="322"/> 
	</diagnosis>
	<diagnosis> 
		<code> 
			<coding> 
				<system value="http://hl7.org/fhir/sid/icd-10"/>
				<code value="E78.00"/> 
				<display value="Pure hypercholesterolemia"/> 
			</coding> 
		</code> 
		<count value="318"/> 
	</diagnosis>
	<diagnosis> 
		<code> 
			<coding> 
				<system value="http://hl7.org/fhir/sid/icd-10"/>
				<code value="N40.0"/> 
				<display value="Hypertrophy of prostate without urinary obstruction and other lower urinary tract symptoms (LUTS)"/> 
			</coding> 
		</code> 
		<count value="291"/> 
	</diagnosis>
	<diagnosis> 
		<code> 
			<coding> 
				<system value="http://hl7.org/fhir/sid/icd-10"/>
				<code value="N40.1"/> 
				<display value="Hypertrophy of prostate with urinary obstruction and other lower urinary tract symptoms (LUTS)"/> 
			</coding> 
		</code> 
		<count value="271"/> 
	</diagnosis>
	<diagnosis> 
		<code> 
			<coding> 
				<system value="http://hl7.org/fhir/sid/icd-10"/>
				<code value="G89.29"/> 
				<display value="Chronic pain of left knee"/> 
			</coding> 
		</code> 
		<count value="258"/> 
	</diagnosis>
	<diagnosis> 
		<code> 
			<coding> 
				<system value="http://hl7.org/fhir/sid/icd-10"/>
				<code value="J44.9"/> 
				<display value="COPD (chronic obstructive pulmonary disease)"/> 
			</coding> 
		</code> 
		<count value="225"/> 
	</diagnosis>
	<diagnosis> 
		<code> 
			<coding> 
				<system value="http://hl7.org/fhir/sid/icd-10"/>
				<code value="E78.2"/> 
				<display value="Mixed hyperlipidemia"/> 
			</coding> 
		</code> 
		<count value="223"/> 
	</diagnosis>
	<diagnosis> 
		<code> 
			<coding> 
				<system value="http://hl7.org/fhir/sid/icd-10"/>
				<code value="M19.90"/> 
				<display value="Arthritis"/> 
			</coding> 
		</code> 
		<count value="220"/> 
	</diagnosis>
	<diagnosis> 
		<code> 
			<coding> 
				<system value="http://hl7.org/fhir/sid/icd-10"/>
				<code value="E55.9"/> 
				<display value="Unspecified vitamin D deficiency"/> 
			</coding> 
		</code> 
		<count value="214"/> 
	</diagnosis>
	<diagnosis> 
		<code> 
			<coding> 
				<system value="http://hl7.org/fhir/sid/icd-10"/>
				<code value="E03.9"/> 
				<display value="Hypothyroidism"/> 
			</coding> 
		</code> 
		<count value="214"/> 
	</diagnosis>
	<diagnosis> 
		<code> 
			<coding> 
				<system value="http://hl7.org/fhir/sid/icd-10"/>
				<code value="H52.209"/> 
				<display value="Hyperopia with astigmatism and presbyopia"/> 
			</coding> 
		</code> 
		<count value="200"/> 
	</diagnosis>
	<diagnosis> 
		<code> 
			<coding> 
				<system value="http://hl7.org/fhir/sid/icd-10"/>
				<code value="E66.9"/> 
				<display value="Non morbid obesity"/> 
			</coding> 
		</code> 
		<count value="198"/> 
	</diagnosis>
	<diagnosis> 
		<code> 
			<coding> 
				<system value="http://hl7.org/fhir/sid/icd-10"/>
				<code value="Z98.890"/> 
				<display value="History of carotid endarterectomy"/> 
			</coding> 
		</code> 
		<count value="196"/> 
	</diagnosis>
	<diagnosis> 
		<code> 
			<coding> 
				<system value="http://hl7.org/fhir/sid/icd-10"/>
				<code value="N52.9"/> 
				<display value="ED (erectile dysfunction)"/> 
			</coding> 
		</code> 
		<count value="194"/> 
	</diagnosis>
	<diagnosis> 
		<code> 
			<coding> 
				<system value="http://hl7.org/fhir/sid/icd-10"/>
				<code value="C61"/> 
				<display value="Prostate cancer"/> 
			</coding> 
		</code> 
		<count value="190"/> 
	</diagnosis>
	<diagnosis> 
		<code> 
			<coding> 
				<system value="http://hl7.org/fhir/sid/icd-10"/>
				<code value="F32.9"/> 
				<display value="Depression"/> 
			</coding> 
		</code> 
		<count value="189"/> 
	</diagnosis>
	<diagnosis> 
		<code> 
			<coding> 
				<system value="http://hl7.org/fhir/sid/icd-10"/>
				<code value="I48.91"/> 
				<display value="New onset a-fib"/> 
			</coding> 
		</code> 
		<count value="187"/> 
	</diagnosis>
	<diagnosis> 
		<code> 
			<coding> 
				<system value="http://hl7.org/fhir/sid/icd-10"/>
				<code value="Z96.1"/> 
				<display value="Pseudophakia of both eyes"/> 
			</coding> 
		</code> 
		<count value="185"/> 
	</diagnosis>
	<diagnosis> 
		<code> 
			<coding> 
				<system value="http://hl7.org/fhir/sid/icd-10"/>
				<code value="J45.20"/> 
				<display value="Mild intermittent asthma without complication"/> 
			</coding> 
		</code> 
		<count value="185"/> 
	</diagnosis>
	<diagnosis> 
		<code> 
			<coding> 
				<system value="http://hl7.org/fhir/sid/icd-10"/>
				<code value="G47.30"/> 
				<display value="Unspecified sleep apnea"/> 
			</coding> 
		</code> 
		<count value="184"/> 
	</diagnosis>
	<diagnosis> 
		<code> 
			<coding> 
				<system value="http://hl7.org/fhir/sid/icd-10"/>
				<code value="D64.9"/> 
				<display value="Anemia"/> 
			</coding> 
		</code> 
		<count value="178"/> 
	</diagnosis>
	<diagnosis> 
		<code> 
			<coding> 
				<system value="http://hl7.org/fhir/sid/icd-10"/>
				<code value="R05"/> 
				<display value="Chronic cough"/> 
			</coding> 
		</code> 
		<count value="168"/> 
	</diagnosis>
	<diagnosis> 
		<code> 
			<coding> 
				<system value="http://hl7.org/fhir/sid/icd-10"/>
				<code value="H26.9"/> 
				<display value="Cataract"/> 
			</coding> 
		</code> 
		<count value="148"/> 
	</diagnosis>
	<diagnosis> 
		<code> 
			<coding> 
				<system value="http://hl7.org/fhir/sid/icd-10"/>
				<code value="M54.5"/> 
				<display value="Lumbago"/> 
			</coding> 
		</code> 
		<count value="147"/> 
	</diagnosis>
	<diagnosis> 
		<code> 
			<coding> 
				<system value="http://hl7.org/fhir/sid/icd-10"/>
				<code value="H91.90"/> 
				<display value="Hearing loss"/> 
			</coding> 
		</code> 
		<count value="136"/> 
	</diagnosis>
	<diagnosis> 
		<code> 
			<coding> 
				<system value="http://hl7.org/fhir/sid/icd-10"/>
				<code value="H25.13"/> 
				<display value="Cataract, nuclear sclerotic senile, bilateral"/> 
			</coding> 
		</code> 
		<count value="132"/> 
	</diagnosis>
	<diagnosis> 
		<code> 
			<coding> 
				<system value="http://hl7.org/fhir/sid/icd-10"/>
				<code value="N13.8"/> 
				<display value="BPH (benign prostatic hypertrophy) with urinary obstruction"/> 
			</coding> 
		</code> 
		<count value="131"/> 
	</diagnosis>
	<diagnosis> 
		<code> 
			<coding> 
				<system value="http://hl7.org/fhir/sid/icd-10"/>
				<code value="M10.9"/> 
				<display value="Gout, unspecified"/> 
			</coding> 
		</code> 
		<count value="127"/> 
	</diagnosis>
	<diagnosis> 
		<code> 
			<coding> 
				<system value="http://hl7.org/fhir/sid/icd-10"/>
				<code value="D12.6"/> 
				<display value="Benign neoplasm of colon"/> 
			</coding> 
		</code> 
		<count value="126"/> 
	</diagnosis>
	<diagnosis> 
		<code> 
			<coding> 
				<system value="http://hl7.org/fhir/sid/icd-10"/>
				<code value="R07.9"/> 
				<display value="Chest pain at rest"/> 
			</coding> 
		</code> 
		<count value="125"/> 
	</diagnosis>
	<diagnosis> 
		<code> 
			<coding> 
				<system value="http://hl7.org/fhir/sid/icd-10"/>
				<code value="R06.09"/> 
				<display value="Other dyspnea and respiratory abnormality"/> 
			</coding> 
		</code> 
		<count value="123"/> 
	</diagnosis>
	<diagnosis> 
		<code> 
			<coding> 
				<system value="http://hl7.org/fhir/sid/icd-10"/>
				<code value="N20.0"/> 
				<display value="Nephrolithiasis"/> 
			</coding> 
		</code> 
		<count value="122"/> 
	</diagnosis>
	<diagnosis> 
		<code> 
			<coding> 
				<system value="http://hl7.org/fhir/sid/icd-10"/>
				<code value="M54.9"/> 
				<display value="Back pain"/> 
			</coding> 
		</code> 
		<count value="118"/> 
	</diagnosis>
	<diagnosis> 
		<code> 
			<coding> 
				<system value="http://hl7.org/fhir/sid/icd-10"/>
				<code value="Z99.89"/> 
				<display value="OSA on CPAP"/> 
			</coding> 
		</code> 
		<count value="117"/> 
	</diagnosis>
	<diagnosis> 
		<code> 
			<coding> 
				<system value="http://hl7.org/fhir/sid/icd-10"/>
				<code value="I48.0"/> 
				<display value="Paroxysmal atrial fibrillation"/> 
			</coding> 
		</code> 
		<count value="114"/> 
	</diagnosis>
	<diagnosis> 
		<code> 
			<coding> 
				<system value="http://hl7.org/fhir/sid/icd-10"/>
				<code value="R42"/> 
				<display value="Dizziness"/> 
			</coding> 
		</code> 
		<count value="112"/> 
	</diagnosis>
	<diagnosis> 
		<code> 
			<coding> 
				<system value="http://hl7.org/fhir/sid/icd-10"/>
				<code value="R53.83"/> 
				<display value="Fatigue"/> 
			</coding> 
		</code> 
		<count value="112"/> 
	</diagnosis>
	<diagnosis> 
		<code> 
			<coding> 
				<system value="http://hl7.org/fhir/sid/icd-10"/>
				<code value="R97.20"/> 
				<display value="Increased prostate specific antigen (PSA) velocity"/> 
			</coding> 
		</code> 
		<count value="111"/> 
	</diagnosis>
	<diagnosis> 
		<code> 
			<coding> 
				<system value="http://hl7.org/fhir/sid/icd-10"/>
				<code value="H52.00"/> 
				<display value="Hyperopia with astigmatism and presbyopia"/> 
			</coding> 
		</code> 
		<count value="109"/> 
	</diagnosis>
	<diagnosis> 
		<code> 
			<coding> 
				<system value="http://hl7.org/fhir/sid/icd-10"/>
				<code value="R06.02"/> 
				<display value="Shortness of breath"/> 
			</coding> 
		</code> 
		<count value="108"/> 
	</diagnosis>
	<diagnosis> 
		<code> 
			<coding> 
				<system value="http://hl7.org/fhir/sid/icd-10"/>
				<code value="H52.203"/> 
				<display value="Myopia with astigmatism, bilateral"/> 
			</coding> 
		</code> 
		<count value="107"/> 
	</diagnosis>
	<diagnosis> 
		<code> 
			<coding> 
				<system value="http://hl7.org/fhir/sid/icd-10"/>
				<code value="R73.01"/> 
				<display value="Impaired fasting glucose"/> 
			</coding> 
		</code> 
		<count value="107"/> 
	</diagnosis>
	<diagnosis> 
		<code> 
			<coding> 
				<system value="http://hl7.org/fhir/sid/icd-10"/>
				<code value="IMO0002"/> 
				<display value="Other tear of cartilage or meniscus of knee, current"/> 
			</coding> 
		</code> 
		<count value="106"/> 
	</diagnosis>
	<diagnosis> 
		<code> 
			<coding> 
				<system value="http://hl7.org/fhir/sid/icd-10"/>
				<code value="J32.9"/> 
				<display value="Chronic sinusitis"/> 
			</coding> 
		</code> 
		<count value="105"/> 
	</diagnosis>
	<diagnosis> 
		<code> 
			<coding> 
				<system value="http://hl7.org/fhir/sid/icd-10"/>
				<code value="L57.0"/> 
				<display value="AK (actinic keratosis)"/> 
			</coding> 
		</code> 
		<count value="104"/> 
	</diagnosis>
	<diagnosis> 
		<code> 
			<coding> 
				<system value="http://hl7.org/fhir/sid/icd-10"/>
				<code value="J18.9"/> 
				<display value="Pneumonia due to infectious organism"/> 
			</coding> 
		</code> 
		<count value="104"/> 
	</diagnosis>
	<diagnosis> 
		<code> 
			<coding> 
				<system value="http://hl7.org/fhir/sid/icd-10"/>
				<code value="Z01.818"/> 
				<display value="Preop examination"/> 
			</coding> 
		</code> 
		<count value="101"/> 
	</diagnosis>
	<diagnosis> 
		<code> 
			<coding> 
				<system value="http://hl7.org/fhir/sid/icd-10"/>
				<code value="G62.9"/> 
				<display value="Peripheral neuropathy"/> 
			</coding> 
		</code> 
		<count value="100"/> 
	</diagnosis>
	<diagnosis> 
		<code> 
			<coding> 
				<system value="http://hl7.org/fhir/sid/icd-10"/>
				<code value="F41.9"/> 
				<display value="Anxiety disorder"/> 
			</coding> 
		</code> 
		<count value="97"/> 
	</diagnosis>
	<diagnosis> 
		<code> 
			<coding> 
				<system value="http://hl7.org/fhir/sid/icd-10"/>
				<code value="N18.3"/> 
				<display value="Stage 3 chronic kidney disease"/> 
			</coding> 
		</code> 
		<count value="96"/> 
	</diagnosis>
	<diagnosis> 
		<code> 
			<coding> 
				<system value="http://hl7.org/fhir/sid/icd-10"/>
				<code value="R60.9"/> 
				<display value="Edema"/> 
			</coding> 
		</code> 
		<count value="94"/> 
	</diagnosis>
	<diagnosis> 
		<code> 
			<coding> 
				<system value="http://hl7.org/fhir/sid/icd-10"/>
				<code value="R55"/> 
				<display value="Syncope"/> 
			</coding> 
		</code> 
		<count value="90"/> 
	</diagnosis>
	<diagnosis> 
		<code> 
			<coding> 
				<system value="http://hl7.org/fhir/sid/icd-10"/>
				<code value="G47.00"/> 
				<display value="Insomnia"/> 
			</coding> 
		</code> 
		<count value="88"/> 
	</diagnosis>
	<diagnosis> 
		<code> 
			<coding> 
				<system value="http://hl7.org/fhir/sid/icd-10"/>
				<code value="Z79.01"/> 
				<display value="Long term current use of anticoagulant therapy"/> 
			</coding> 
		</code> 
		<count value="88"/> 
	</diagnosis>
	<diagnosis> 
		<code> 
			<coding> 
				<system value="http://hl7.org/fhir/sid/icd-10"/>
				<code value="Z79.4"/> 
				<display value="Controlled type 2 diabetes mellitus with complication, with long-term current use of insulin"/> 
			</coding> 
		</code> 
		<count value="87"/> 
	</diagnosis>
	<diagnosis> 
		<code> 
			<coding> 
				<system value="http://hl7.org/fhir/sid/icd-10"/>
				<code value="J31.0"/> 
				<display value="Nonallergic rhinitis"/> 
			</coding> 
		</code> 
		<count value="85"/> 
	</diagnosis>
	<diagnosis> 
		<code> 
			<coding> 
				<system value="http://hl7.org/fhir/sid/icd-10"/>
				<code value="J30.1"/> 
				<display value="Allergic rhinitis due to pollen"/> 
			</coding> 
		</code> 
		<count value="84"/> 
	</diagnosis>
	<diagnosis> 
		<code> 
			<coding> 
				<system value="http://hl7.org/fhir/sid/icd-10"/>
				<code value="R06.00"/> 
				<display value="Dyspnea, unspecified type"/> 
			</coding> 
		</code> 
		<count value="81"/> 
	</diagnosis>
	<diagnosis> 
		<code> 
			<coding> 
				<system value="http://hl7.org/fhir/sid/icd-10"/>
				<code value="Z86.010"/> 
				<display value="History of colonoscopy with polypectomy"/> 
			</coding> 
		</code> 
		<count value="80"/> 
	</diagnosis>
	<diagnosis> 
		<code> 
			<coding> 
				<system value="http://hl7.org/fhir/sid/icd-10"/>
				<code value="Z95.1"/> 
				<display value="S/P CABG (coronary artery bypass graft)"/> 
			</coding> 
		</code> 
		<count value="79"/> 
	</diagnosis>
	<diagnosis> 
		<code> 
			<coding> 
				<system value="http://hl7.org/fhir/sid/icd-10"/>
				<code value="J45.30"/> 
				<display value="Mild persistent asthma without complication"/> 
			</coding> 
		</code> 
		<count value="79"/> 
	</diagnosis>
	<diagnosis> 
		<code> 
			<coding> 
				<system value="http://hl7.org/fhir/sid/icd-10"/>
				<code value="Z87.19"/> 
				<display value="History of left inguinal hernia repair"/> 
			</coding> 
		</code> 
		<count value="77"/> 
	</diagnosis>
	<diagnosis> 
		<code> 
			<coding> 
				<system value="http://hl7.org/fhir/sid/icd-10"/>
				<code value="I50.9"/> 
				<display value="CHF (congestive heart failure)"/> 
			</coding> 
		</code> 
		<count value="74"/> 
	</diagnosis>
	<diagnosis> 
		<code> 
			<coding> 
				<system value="http://hl7.org/fhir/sid/icd-10"/>
				<code value="H52.10"/> 
				<display value="Myopia with astigmatism and presbyopia"/> 
			</coding> 
		</code> 
		<count value="72"/> 
	</diagnosis>
	<diagnosis> 
		<code> 
			<coding> 
				<system value="http://hl7.org/fhir/sid/icd-10"/>
				<code value="N18.9"/> 
				<display value="Acute on chronic renal failure"/> 
			</coding> 
		</code> 
		<count value="72"/> 
	</diagnosis>
	<diagnosis> 
		<code> 
			<coding> 
				<system value="http://hl7.org/fhir/sid/icd-10"/>
				<code value="I35.0"/> 
				<display value="Aortic stenosis"/> 
			</coding> 
		</code> 
		<count value="71"/> 
	</diagnosis>
	<diagnosis> 
		<code> 
			<coding> 
				<system value="http://hl7.org/fhir/sid/icd-10"/>
				<code value="Z79.899"/> 
				<display value="Long-term use of immunosuppressant medication"/> 
			</coding> 
		</code> 
		<count value="71"/> 
	</diagnosis>
	<diagnosis> 
		<code> 
			<coding> 
				<system value="http://hl7.org/fhir/sid/icd-10"/>
				<code value="K63.5"/> 
				<display value="Colon polyps"/> 
			</coding> 
		</code> 
		<count value="70"/> 
	</diagnosis>
	<diagnosis> 
		<code> 
			<coding> 
				<system value="http://hl7.org/fhir/sid/icd-10"/>
				<code value="R53.81"/> 
				<display value="Other malaise and fatigue"/> 
			</coding> 
		</code> 
		<count value="69"/> 
	</diagnosis>
	<diagnosis> 
		<code> 
			<coding> 
				<system value="http://hl7.org/fhir/sid/icd-10"/>
				<code value="H43.813"/> 
				<display value="Vitreous degeneration of both eyes"/> 
			</coding> 
		</code> 
		<count value="69"/> 
	</diagnosis>
	<diagnosis> 
		<code> 
			<coding> 
				<system value="http://hl7.org/fhir/sid/icd-10"/>
				<code value="K40.90"/> 
				<display value="Unilateral inguinal hernia without obstruction or gangrene, recurrence not specified"/> 
			</coding> 
		</code> 
		<count value="68"/> 
	</diagnosis>
	<diagnosis> 
		<code> 
			<coding> 
				<system value="http://hl7.org/fhir/sid/icd-10"/>
				<code value="N17.9"/> 
				<display value="Acute-on-chronic kidney injury"/> 
			</coding> 
		</code> 
		<count value="67"/> 
	</diagnosis>
	<diagnosis> 
		<code> 
			<coding> 
				<system value="http://hl7.org/fhir/sid/icd-10"/>
				<code value="I73.9"/> 
				<display value="Peripheral arterial disease"/> 
			</coding> 
		</code> 
		<count value="65"/> 
	</diagnosis>
	<diagnosis> 
		<code> 
			<coding> 
				<system value="http://hl7.org/fhir/sid/icd-10"/>
				<code value="M54.2"/> 
				<display value="Cervicalgia"/> 
			</coding> 
		</code> 
		<count value="65"/> 
	</diagnosis>
	<diagnosis> 
		<code> 
			<coding> 
				<system value="http://hl7.org/fhir/sid/icd-10"/>
				<code value="R73.03"/> 
				<display value="Prediabetes"/> 
			</coding> 
		</code> 
		<count value="65"/> 
	</diagnosis>
	<diagnosis> 
		<code> 
			<coding> 
				<system value="http://hl7.org/fhir/sid/icd-10"/>
				<code value="H52.13"/> 
				<display value="Myopia with astigmatism, bilateral"/> 
			</coding> 
		</code> 
		<count value="64"/> 
	</diagnosis>
	<diagnosis> 
		<code> 
			<coding> 
				<system value="http://hl7.org/fhir/sid/icd-10"/>
				<code value="K57.30"/> 
				<display value="Diverticulosis of colon (without mention of hemorrhage)"/> 
			</coding> 
		</code> 
		<count value="64"/> 
	</diagnosis>
	<diagnosis> 
		<code> 
			<coding> 
				<system value="http://hl7.org/fhir/sid/icd-10"/>
				<code value="B35.1"/> 
				<display value="Onychomycosis"/> 
			</coding> 
		</code> 
		<count value="64"/> 
	</diagnosis>
	<diagnosis> 
		<code> 
			<coding> 
				<system value="http://hl7.org/fhir/sid/icd-10"/>
				<code value="Z87.891"/> 
				<display value="History of tobacco use"/> 
			</coding> 
		</code> 
		<count value="63"/> 
	</diagnosis>
	<diagnosis> 
		<code> 
			<coding> 
				<system value="http://hl7.org/fhir/sid/icd-10"/>
				<code value="H04.123"/> 
				<display value="Dry eyes, bilateral"/> 
			</coding> 
		</code> 
		<count value="63"/> 
	</diagnosis>
	<diagnosis> 
		<code> 
			<coding> 
				<system value="http://hl7.org/fhir/sid/icd-10"/>
				<code value="H52.03"/> 
				<display value="Hyperopia of both eyes with astigmatism and presbyopia"/> 
			</coding> 
		</code> 
		<count value="63"/> 
	</diagnosis>
	<diagnosis> 
		<code> 
			<coding> 
				<system value="http://hl7.org/fhir/sid/icd-10"/>
				<code value="M25.519"/> 
				<display value="Pain in joint, shoulder region"/> 
			</coding> 
		</code> 
		<count value="62"/> 
	</diagnosis>
	<diagnosis> 
		<code> 
			<coding> 
				<system value="http://hl7.org/fhir/sid/icd-10"/>
				<code value="L98.9"/> 
				<display value="Benign skin lesion"/> 
			</coding> 
		</code> 
		<count value="61"/> 
	</diagnosis>
	<diagnosis> 
		<code> 
			<coding> 
				<system value="http://hl7.org/fhir/sid/icd-10"/>
				<code value="Z23"/> 
				<display value="Need for prophylactic vaccination and inoculation against influenza"/> 
			</coding> 
		</code> 
		<count value="61"/> 
	</diagnosis>
	<diagnosis> 
		<code> 
			<coding> 
				<system value="http://hl7.org/fhir/sid/icd-10"/>
				<code value="J45.40"/> 
				<display value="Moderate persistent asthma"/> 
			</coding> 
		</code> 
		<count value="61"/> 
	</diagnosis>
	<diagnosis> 
		<code> 
			<coding> 
				<system value="http://hl7.org/fhir/sid/icd-10"/>
				<code value="A41.9"/> 
				<display value="Sepsis"/> 
			</coding> 
		</code> 
		<count value="61"/> 
	</diagnosis>
	<diagnosis> 
		<code> 
			<coding> 
				<system value="http://hl7.org/fhir/sid/icd-10"/>
				<code value="E11.42"/> 
				<display value="Diabetes mellitus with diabetic polyneuropathy"/> 
			</coding> 
		</code> 
		<count value="60"/> 
	</diagnosis>
	<diagnosis> 
		<code> 
			<coding> 
				<system value="http://hl7.org/fhir/sid/icd-10"/>
				<code value="M25.511"/> 
				<display value="Chronic right shoulder pain"/> 
			</coding> 
		</code> 
		<count value="60"/> 
	</diagnosis>
	<diagnosis> 
		<code> 
			<coding> 
				<system value="http://hl7.org/fhir/sid/icd-10"/>
				<code value="R09.82"/> 
				<display value="Postnasal drip"/> 
			</coding> 
		</code> 
		<count value="60"/> 
	</diagnosis>
	<diagnosis> 
		<code> 
			<coding> 
				<system value="http://hl7.org/fhir/sid/icd-10"/>
				<code value="R60.0"/> 
				<display value="Edema extremities"/> 
			</coding> 
		</code> 
		<count value="59"/> 
	</diagnosis>
	<diagnosis> 
		<code> 
			<coding> 
				<system value="http://hl7.org/fhir/sid/icd-10"/>
				<code value="N28.9"/> 
				<display value="Renal insufficiency"/> 
			</coding> 
		</code> 
		<count value="58"/> 
	</diagnosis>
	<diagnosis> 
		<code> 
			<coding> 
				<system value="http://hl7.org/fhir/sid/icd-10"/>
				<code value="H40.9"/> 
				<display value="Glaucoma, left eye"/> 
			</coding> 
		</code> 
		<count value="58"/> 
	</diagnosis>
	<diagnosis> 
		<code> 
			<coding> 
				<system value="http://hl7.org/fhir/sid/icd-10"/>
				<code value="R91.8"/> 
				<display value="Lung mass"/> 
			</coding> 
		</code> 
		<count value="58"/> 
	</diagnosis>
	<diagnosis> 
		<code> 
			<coding> 
				<system value="http://hl7.org/fhir/sid/icd-10"/>
				<code value="N39.0"/> 
				<display value="UTI (lower urinary tract infection)"/> 
			</coding> 
		</code> 
		<count value="57"/> 
	</diagnosis>
	<diagnosis> 
		<code> 
			<coding> 
				<system value="http://hl7.org/fhir/sid/icd-10"/>
				<code value="Z86.79"/> 
				<display value="Hx of cardiac murmur"/> 
			</coding> 
		</code> 
		<count value="57"/> 
	</diagnosis>
	<diagnosis> 
		<code> 
			<coding> 
				<system value="http://hl7.org/fhir/sid/icd-10"/>
				<code value="I63.9"/> 
				<display value="Stroke"/> 
			</coding> 
		</code> 
		<count value="57"/> 
	</diagnosis>
	<diagnosis> 
		<code> 
			<coding> 
				<system value="http://hl7.org/fhir/sid/icd-10"/>
				<code value="Z12.5"/> 
				<display value="Screening for prostate cancer"/> 
			</coding> 
		</code> 
		<count value="57"/> 
	</diagnosis>
	<diagnosis> 
		<code> 
			<coding> 
				<system value="http://hl7.org/fhir/sid/icd-10"/>
				<code value="K22.70"/> 
				<display value="Barrett's esophagus"/> 
			</coding> 
		</code> 
		<count value="57"/> 
	</diagnosis>
	<diagnosis> 
		<code> 
			<coding> 
				<system value="http://hl7.org/fhir/sid/icd-10"/>
				<code value="J30.2"/> 
				<display value="Seasonal allergies"/> 
			</coding> 
		</code> 
		<count value="57"/> 
	</diagnosis>
	<diagnosis> 
		<code> 
			<coding> 
				<system value="http://hl7.org/fhir/sid/icd-10"/>
				<code value="K64.9"/> 
				<display value="Hemorrhoids"/> 
			</coding> 
		</code> 
		<count value="56"/> 
	</diagnosis>
	<diagnosis> 
		<code> 
			<coding> 
				<system value="http://hl7.org/fhir/sid/icd-10"/>
				<code value="H25.9"/> 
				<display value="Senile cataract, unspecified"/> 
			</coding> 
		</code> 
		<count value="56"/> 
	</diagnosis>
	<diagnosis> 
		<code> 
			<coding> 
				<system value="http://hl7.org/fhir/sid/icd-10"/>
				<code value="R91.1"/> 
				<display value="Pulmonary nodule"/> 
			</coding> 
		</code> 
		<count value="56"/> 
	</diagnosis>
	<diagnosis> 
		<code> 
			<coding> 
				<system value="http://hl7.org/fhir/sid/icd-10"/>
				<code value="R10.9"/> 
				<display value="Abdominal pain"/> 
			</coding> 
		</code> 
		<count value="55"/> 
	</diagnosis>
	<diagnosis> 
		<code> 
			<coding> 
				<system value="http://hl7.org/fhir/sid/icd-10"/>
				<code value="K44.9"/> 
				<display value="Hiatal hernia"/> 
			</coding> 
		</code> 
		<count value="55"/> 
	</diagnosis>
	<diagnosis> 
		<code> 
			<coding> 
				<system value="http://hl7.org/fhir/sid/icd-10"/>
				<code value="R79.89"/> 
				<display value="Elevated liver function tests"/> 
			</coding> 
		</code> 
		<count value="55"/> 
	</diagnosis>
	<diagnosis> 
		<code> 
			<coding> 
				<system value="http://hl7.org/fhir/sid/icd-10"/>
				<code value="I87.2"/> 
				<display value="Chronic venous insufficiency"/> 
			</coding> 
		</code> 
		<count value="55"/> 
	</diagnosis>
	<diagnosis> 
		<code> 
			<coding> 
				<system value="http://hl7.org/fhir/sid/icd-10"/>
				<code value="R07.89"/> 
				<display value="Atypical chest pain"/> 
			</coding> 
		</code> 
		<count value="54"/> 
	</diagnosis>
	<diagnosis> 
		<code> 
			<coding> 
				<system value="http://hl7.org/fhir/sid/icd-10"/>
				<code value="M79.609"/> 
				<display value="Pain in limb"/> 
			</coding> 
		</code> 
		<count value="54"/> 
	</diagnosis>
	<diagnosis> 
		<code> 
			<coding> 
				<system value="http://hl7.org/fhir/sid/icd-10"/>
				<code value="R09.89"/> 
				<display value="Other dyspnea and respiratory abnormality"/> 
			</coding> 
		</code> 
		<count value="53"/> 
	</diagnosis>
	<diagnosis> 
		<code> 
			<coding> 
				<system value="http://hl7.org/fhir/sid/icd-10"/>
				<code value="M81.0"/> 
				<display value="Osteoporosis"/> 
			</coding> 
		</code> 
		<count value="53"/> 
	</diagnosis>
	<diagnosis> 
		<code> 
			<coding> 
				<system value="http://hl7.org/fhir/sid/icd-10"/>
				<code value="Z85.46"/> 
				<display value="H/O prostate cancer"/> 
			</coding> 
		</code> 
		<count value="53"/> 
	</diagnosis>
	<diagnosis> 
		<code> 
			<coding> 
				<system value="http://hl7.org/fhir/sid/icd-10"/>
				<code value="M25.569"/> 
				<display value="Pain in joint, lower leg"/> 
			</coding> 
		</code> 
		<count value="53"/> 
	</diagnosis>
	<diagnosis> 
		<code> 
			<coding> 
				<system value="http://hl7.org/fhir/sid/icd-10"/>
				<code value="M17.10"/> 
				<display value="Osteoarthrosis, unspecified whether generalized or localized, lower leg"/> 
			</coding> 
		</code> 
		<count value="53"/> 
	</diagnosis>
	<diagnosis> 
		<code> 
			<coding> 
				<system value="http://hl7.org/fhir/sid/icd-10"/>
				<code value="Z12.11"/> 
				<display value="Special screening for malignant neoplasms, colon"/> 
			</coding> 
		</code> 
		<count value="52"/> 
	</diagnosis>
	<diagnosis> 
		<code> 
			<coding> 
				<system value="http://hl7.org/fhir/sid/icd-10"/>
				<code value="Z95.5"/> 
				<display value="History of placement of stent in LAD coronary artery"/> 
			</coding> 
		</code> 
		<count value="52"/> 
	</diagnosis>
	<diagnosis> 
		<code> 
			<coding> 
				<system value="http://hl7.org/fhir/sid/icd-10"/>
				<code value="E53.8"/> 
				<display value="B12 deficiency"/> 
			</coding> 
		</code> 
		<count value="52"/> 
	</diagnosis>
	<diagnosis> 
		<code> 
			<coding> 
				<system value="http://hl7.org/fhir/sid/icd-10"/>
				<code value="M48.061"/> 
				<display value="Lumbar spinal stenosis"/> 
			</coding> 
		</code> 
		<count value="52"/> 
	</diagnosis>
	<diagnosis> 
		<code> 
			<coding> 
				<system value="http://hl7.org/fhir/sid/icd-10"/>
				<code value="R41.3"/> 
				<display value="Memory deficit"/> 
			</coding> 
		</code> 
		<count value="51"/> 
	</diagnosis>
	<diagnosis> 
		<code> 
			<coding> 
				<system value="http://hl7.org/fhir/sid/icd-10"/>
				<code value="I48.92"/> 
				<display value="Atrial flutter, unspecified type"/> 
			</coding> 
		</code> 
		<count value="51"/> 
	</diagnosis>
	<diagnosis> 
		<code> 
			<coding> 
				<system value="http://hl7.org/fhir/sid/icd-10"/>
				<code value="C44.91"/> 
				<display value="Basal cell carcinoma"/> 
			</coding> 
		</code> 
		<count value="50"/> 
	</diagnosis>
	<diagnosis> 
		<code> 
			<coding> 
				<system value="http://hl7.org/fhir/sid/icd-10"/>
				<code value="E87.1"/> 
				<display value="Hyponatremia"/> 
			</coding> 
		</code> 
		<count value="49"/> 
	</diagnosis>
	<diagnosis> 
		<code> 
			<coding> 
				<system value="http://hl7.org/fhir/sid/icd-10"/>
				<code value="F52.8"/> 
				<display value="Psychosexual dysfunction with inhibited sexual excitement"/> 
			</coding> 
		</code> 
		<count value="49"/> 
	</diagnosis>
	<diagnosis> 
		<code> 
			<coding> 
				<system value="http://hl7.org/fhir/sid/icd-10"/>
				<code value="E11.65"/> 
				<display value="Diabetes mellitus with neurological manifestations, uncontrolled"/> 
			</coding> 
		</code> 
		<count value="48"/> 
	</diagnosis>
	<diagnosis> 
		<code> 
			<coding> 
				<system value="http://hl7.org/fhir/sid/icd-10"/>
				<code value="R80.9"/> 
				<display value="Microalbuminuria"/> 
			</coding> 
		</code> 
		<count value="48"/> 
	</diagnosis>
	<diagnosis> 
		<code> 
			<coding> 
				<system value="http://hl7.org/fhir/sid/icd-10"/>
				<code value="E29.1"/> 
				<display value="Hypogonadism male"/> 
			</coding> 
		</code> 
		<count value="48"/> 
	</diagnosis>
	<diagnosis> 
		<code> 
			<coding> 
				<system value="http://hl7.org/fhir/sid/icd-10"/>
				<code value="Z95.0"/> 
				<display value="Status post biventricular pacemaker"/> 
			</coding> 
		</code> 
		<count value="47"/> 
	</diagnosis>
	<diagnosis> 
		<code> 
			<coding> 
				<system value="http://hl7.org/fhir/sid/icd-10"/>
				<code value="K59.00"/> 
				<display value="Constipation"/> 
			</coding> 
		</code> 
		<count value="47"/> 
	</diagnosis>
	<diagnosis> 
		<code> 
			<coding> 
				<system value="http://hl7.org/fhir/sid/icd-10"/>
				<code value="I49.3"/> 
				<display value="PVC's (premature ventricular contractions)"/> 
			</coding> 
		</code> 
		<count value="47"/> 
	</diagnosis>
	<diagnosis> 
		<code> 
			<coding> 
				<system value="http://hl7.org/fhir/sid/icd-10"/>
				<code value="R13.10"/> 
				<display value="Dysphagia, unspecified type"/> 
			</coding> 
		</code> 
		<count value="47"/> 
	</diagnosis>
	<diagnosis> 
		<code> 
			<coding> 
				<system value="http://hl7.org/fhir/sid/icd-10"/>
				<code value="R74.8"/> 
				<display value="Elevated liver enzymes"/> 
			</coding> 
		</code> 
		<count value="47"/> 
	</diagnosis>
	<diagnosis> 
		<code> 
			<coding> 
				<system value="http://hl7.org/fhir/sid/icd-10"/>
				<code value="G25.81"/> 
				<display value="Restless leg syndrome"/> 
			</coding> 
		</code> 
		<count value="46"/> 
	</diagnosis>
	<diagnosis> 
		<code> 
			<coding> 
				<system value="http://hl7.org/fhir/sid/icd-10"/>
				<code value="J45.901"/> 
				<display value="Acute asthma exacerbation"/> 
			</coding> 
		</code> 
		<count value="46"/> 
	</diagnosis>
	<diagnosis> 
		<code> 
			<coding> 
				<system value="http://hl7.org/fhir/sid/icd-10"/>
				<code value="Z85.828"/> 
				<display value="H/O squamous cell carcinoma of skin"/> 
			</coding> 
		</code> 
		<count value="45"/> 
	</diagnosis>
	<diagnosis> 
		<code> 
			<coding> 
				<system value="http://hl7.org/fhir/sid/icd-10"/>
				<code value="R31.9"/> 
				<display value="Hematuria"/> 
			</coding> 
		</code> 
		<count value="45"/> 
	</diagnosis>
	<diagnosis> 
		<code> 
			<coding> 
				<system value="http://hl7.org/fhir/sid/icd-10"/>
				<code value="E66.01"/> 
				<display value="Morbid obesity due to excess calories"/> 
			</coding> 
		</code> 
		<count value="44"/> 
	</diagnosis>
	<diagnosis> 
		<code> 
			<coding> 
				<system value="http://hl7.org/fhir/sid/icd-10"/>
				<code value="J33.9"/> 
				<display value="Nasal polyposis"/> 
			</coding> 
		</code> 
		<count value="43"/> 
	</diagnosis>
	<diagnosis> 
		<code> 
			<coding> 
				<system value="http://hl7.org/fhir/sid/icd-10"/>
				<code value="I71.4"/> 
				<display value="Aneurysm of abdominal vessel"/> 
			</coding> 
		</code> 
		<count value="43"/> 
	</diagnosis>
	<diagnosis> 
		<code> 
			<coding> 
				<system value="http://hl7.org/fhir/sid/icd-10"/>
				<code value="D50.9"/> 
				<display value="Iron deficiency anemia"/> 
			</coding> 
		</code> 
		<count value="43"/> 
	</diagnosis>
	<diagnosis> 
		<code> 
			<coding> 
				<system value="http://hl7.org/fhir/sid/icd-10"/>
				<code value="I45.10"/> 
				<display value="Right bundle branch block"/> 
			</coding> 
		</code> 
		<count value="42"/> 
	</diagnosis>
	<diagnosis> 
		<code> 
			<coding> 
				<system value="http://hl7.org/fhir/sid/icd-10"/>
				<code value="M85.80"/> 
				<display value="Osteopenia"/> 
			</coding> 
		</code> 
		<count value="42"/> 
	</diagnosis>
	<diagnosis> 
		<code> 
			<coding> 
				<system value="http://hl7.org/fhir/sid/icd-10"/>
				<code value="R00.2"/> 
				<display value="Heart palpitations"/> 
			</coding> 
		</code> 
		<count value="41"/> 
	</diagnosis>
	<diagnosis> 
		<code> 
			<coding> 
				<system value="http://hl7.org/fhir/sid/icd-10"/>
				<code value="R73.9"/> 
				<display value="Hyperglycemia"/> 
			</coding> 
		</code> 
		<count value="41"/> 
	</diagnosis>
	<diagnosis> 
		<code> 
			<coding> 
				<system value="http://hl7.org/fhir/sid/icd-10"/>
				<code value="J20.9"/> 
				<display value="Acute bronchitis"/> 
			</coding> 
		</code> 
		<count value="41"/> 
	</diagnosis>
	<diagnosis> 
		<code> 
			<coding> 
				<system value="http://hl7.org/fhir/sid/icd-10"/>
				<code value="G20"/> 
				<display value="Dementia in Parkinson's disease"/> 
			</coding> 
		</code> 
		<count value="40"/> 
	</diagnosis>
	<diagnosis> 
		<code> 
			<coding> 
				<system value="http://hl7.org/fhir/sid/icd-10"/>
				<code value="F02.80"/> 
				<display value="Dementia in Parkinson's disease"/> 
			</coding> 
		</code> 
		<count value="40"/> 
	</diagnosis>
	<diagnosis> 
		<code> 
			<coding> 
				<system value="http://hl7.org/fhir/sid/icd-10"/>
				<code value="R51"/> 
				<display value="Headache(784.0)"/> 
			</coding> 
		</code> 
		<count value="40"/> 
	</diagnosis>
	<diagnosis> 
		<code> 
			<coding> 
				<system value="http://hl7.org/fhir/sid/icd-10"/>
				<code value="K80.20"/> 
				<display value="Gall stones"/> 
			</coding> 
		</code> 
		<count value="40"/> 
	</diagnosis>
	<diagnosis> 
		<code> 
			<coding> 
				<system value="http://hl7.org/fhir/sid/icd-10"/>
				<code value="R63.4"/> 
				<display value="Weight loss, abnormal"/> 
			</coding> 
		</code> 
		<count value="40"/> 
	</diagnosis>
	<diagnosis> 
		<code> 
			<coding> 
				<system value="http://hl7.org/fhir/sid/icd-10"/>
				<code value="E66.3"/> 
				<display value="Overweight"/> 
			</coding> 
		</code> 
		<count value="39"/> 
	</diagnosis>
	<diagnosis> 
		<code> 
			<coding> 
				<system value="http://hl7.org/fhir/sid/icd-10"/>
				<code value="R49.0"/> 
				<display value="Dysphonia"/> 
			</coding> 
		</code> 
		<count value="39"/> 
	</diagnosis>
	<diagnosis> 
		<code> 
			<coding> 
				<system value="http://hl7.org/fhir/sid/icd-10"/>
				<code value="I34.0"/> 
				<display value="Mitral regurgitation"/> 
			</coding> 
		</code> 
		<count value="38"/> 
	</diagnosis>
	<diagnosis> 
		<code> 
			<coding> 
				<system value="http://hl7.org/fhir/sid/icd-10"/>
				<code value="R94.31"/> 
				<display value="Nonspecific abnormal electrocardiogram (ECG) (EKG)"/> 
			</coding> 
		</code> 
		<count value="38"/> 
	</diagnosis>
	<diagnosis> 
		<code> 
			<coding> 
				<system value="http://hl7.org/fhir/sid/icd-10"/>
				<code value="F41.1"/> 
				<display value="Anxiety state"/> 
			</coding> 
		</code> 
		<count value="38"/> 
	</diagnosis>
	<diagnosis> 
		<code> 
			<coding> 
				<system value="http://hl7.org/fhir/sid/icd-10"/>
				<code value="J40"/> 
				<display value="Bronchitis"/> 
			</coding> 
		</code> 
		<count value="38"/> 
	</diagnosis>
	<diagnosis> 
		<code> 
			<coding> 
				<system value="http://hl7.org/fhir/sid/icd-10"/>
				<code value="I48.2"/> 
				<display value="Chronic atrial fibrillation"/> 
			</coding> 
		</code> 
		<count value="38"/> 
	</diagnosis>
	<diagnosis> 
		<code> 
			<coding> 
				<system value="http://hl7.org/fhir/sid/icd-10"/>
				<code value="R35.1"/> 
				<display value="Benign prostatic hyperplasia with nocturia"/> 
			</coding> 
		</code> 
		<count value="38"/> 
	</diagnosis>
	<diagnosis> 
		<code> 
			<coding> 
				<system value="http://hl7.org/fhir/sid/icd-10"/>
				<code value="H04.129"/> 
				<display value="Dry eye"/> 
			</coding> 
		</code> 
		<count value="37"/> 
	</diagnosis>
	<diagnosis> 
		<code> 
			<coding> 
				<system value="http://hl7.org/fhir/sid/icd-10"/>
				<code value="N28.1"/> 
				<display value="Acquired cyst of kidney"/> 
			</coding> 
		</code> 
		<count value="37"/> 
	</diagnosis>
	<diagnosis> 
		<code> 
			<coding> 
				<system value="http://hl7.org/fhir/sid/icd-10"/>
				<code value="D69.6"/> 
				<display value="Thrombocytopenia"/> 
			</coding> 
		</code> 
		<count value="37"/> 
	</diagnosis>
	<diagnosis> 
		<code> 
			<coding> 
				<system value="http://hl7.org/fhir/sid/icd-10"/>
				<code value="M50.30"/> 
				<display value="DDD (degenerative disc disease), cervical"/> 
			</coding> 
		</code> 
		<count value="37"/> 
	</diagnosis>
	<diagnosis> 
		<code> 
			<coding> 
				<system value="http://hl7.org/fhir/sid/icd-10"/>
				<code value="Z90.89"/> 
				<display value="S/P tonsillectomy and adenoidectomy"/> 
			</coding> 
		</code> 
		<count value="36"/> 
	</diagnosis>
	<diagnosis> 
		<code> 
			<coding> 
				<system value="http://hl7.org/fhir/sid/icd-10"/>
				<code value="K57.90"/> 
				<display value="Diverticulosis"/> 
			</coding> 
		</code> 
		<count value="36"/> 
	</diagnosis>
	<diagnosis> 
		<code> 
			<coding> 
				<system value="http://hl7.org/fhir/sid/icd-10"/>
				<code value="G56.00"/> 
				<display value="Carpal tunnel syndrome"/> 
			</coding> 
		</code> 
		<count value="36"/> 
	</diagnosis>
	<diagnosis> 
		<code> 
			<coding> 
				<system value="http://hl7.org/fhir/sid/icd-10"/>
				<code value="I65.29"/> 
				<display value="Carotid artery stenosis"/> 
			</coding> 
		</code> 
		<count value="36"/> 
	</diagnosis>
	<diagnosis> 
		<code> 
			<coding> 
				<system value="http://hl7.org/fhir/sid/icd-10"/>
				<code value="Z82.49"/> 
				<display value="Family history of congestive cardiomyopathy"/> 
			</coding> 
		</code> 
		<count value="36"/> 
	</diagnosis>
	<diagnosis> 
		<code> 
			<coding> 
				<system value="http://hl7.org/fhir/sid/icd-10"/>
				<code value="R00.1"/> 
				<display value="Sinus bradycardia"/> 
			</coding> 
		</code> 
		<count value="36"/> 
	</diagnosis>
	<diagnosis> 
		<code> 
			<coding> 
				<system value="http://hl7.org/fhir/sid/icd-10"/>
				<code value="M25.512"/> 
				<display value="Acute pain of left shoulder"/> 
			</coding> 
		</code> 
		<count value="35"/> 
	</diagnosis>
	<diagnosis> 
		<code> 
			<coding> 
				<system value="http://hl7.org/fhir/sid/icd-10"/>
				<code value="L82.1"/> 
				<display value="Other seborrheic keratosis"/> 
			</coding> 
		</code> 
		<count value="35"/> 
	</diagnosis>
	<diagnosis> 
		<code> 
			<coding> 
				<system value="http://hl7.org/fhir/sid/icd-10"/>
				<code value="I25.84"/> 
				<display value="Coronary artery disease due to calcified coronary lesion"/> 
			</coding> 
		</code> 
		<count value="35"/> 
	</diagnosis>
	<diagnosis> 
		<code> 
			<coding> 
				<system value="http://hl7.org/fhir/sid/icd-10"/>
				<code value="M25.562"/> 
				<display value="Bilateral chronic knee pain"/> 
			</coding> 
		</code> 
		<count value="35"/> 
	</diagnosis>
	<diagnosis> 
		<code> 
			<coding> 
				<system value="http://hl7.org/fhir/sid/icd-10"/>
				<code value="R74.0"/> 
				<display value="Nonspecific elevation of levels of transaminase or lactic acid dehydrogenase (LDH)"/> 
			</coding> 
		</code> 
		<count value="35"/> 
	</diagnosis>
	<diagnosis> 
		<code> 
			<coding> 
				<system value="http://hl7.org/fhir/sid/icd-10"/>
				<code value="M51.37"/> 
				<display value="Degeneration of lumbar or lumbosacral intervertebral disc"/> 
			</coding> 
		</code> 
		<count value="34"/> 
	</diagnosis>
	<diagnosis> 
		<code> 
			<coding> 
				<system value="http://hl7.org/fhir/sid/icd-10"/>
				<code value="Z86.19"/> 
				<display value="History of gonorrhea"/> 
			</coding> 
		</code> 
		<count value="34"/> 
	</diagnosis>
	<diagnosis> 
		<code> 
			<coding> 
				<system value="http://hl7.org/fhir/sid/icd-10"/>
				<code value="R01.1"/> 
				<display value="Murmur"/> 
			</coding> 
		</code> 
		<count value="33"/> 
	</diagnosis>
	<diagnosis> 
		<code> 
			<coding> 
				<system value="http://hl7.org/fhir/sid/icd-10"/>
				<code value="H01.003"/> 
				<display value="Blepharitis of both eyes"/> 
			</coding> 
		</code> 
		<count value="33"/> 
	</diagnosis>
	<diagnosis> 
		<code> 
			<coding> 
				<system value="http://hl7.org/fhir/sid/icd-10"/>
				<code value="M15.9"/> 
				<display value="Generalized osteoarthrosis, unspecified site"/> 
			</coding> 
		</code> 
		<count value="33"/> 
	</diagnosis>
	<diagnosis> 
		<code> 
			<coding> 
				<system value="http://hl7.org/fhir/sid/icd-10"/>
				<code value="G60.9"/> 
				<display value="Unspecified hereditary and idiopathic peripheral neuropathy"/> 
			</coding> 
		</code> 
		<count value="33"/> 
	</diagnosis>
	<diagnosis> 
		<code> 
			<coding> 
				<system value="http://hl7.org/fhir/sid/icd-10"/>
				<code value="I26.99"/> 
				<display value="Pulmonary embolism"/> 
			</coding> 
		</code> 
		<count value="33"/> 
	</diagnosis>
	<diagnosis> 
		<code> 
			<coding> 
				<system value="http://hl7.org/fhir/sid/icd-10"/>
				<code value="B02.9"/> 
				<display value="Herpes zoster"/> 
			</coding> 
		</code> 
		<count value="33"/> 
	</diagnosis>
	<diagnosis> 
		<code> 
			<coding> 
				<system value="http://hl7.org/fhir/sid/icd-10"/>
				<code value="G45.9"/> 
				<display value="Unspecified transient cerebral ischemia"/> 
			</coding> 
		</code> 
		<count value="33"/> 
	</diagnosis>
	<diagnosis> 
		<code> 
			<coding> 
				<system value="http://hl7.org/fhir/sid/icd-10"/>
				<code value="K43.9"/> 
				<display value="Ventral hernia, unspecified, without mention of obstruction or gangrene"/> 
			</coding> 
		</code> 
		<count value="33"/> 
	</diagnosis>
	<diagnosis> 
		<code> 
			<coding> 
				<system value="http://hl7.org/fhir/sid/icd-10"/>
				<code value="H01.006"/> 
				<display value="Blepharitis of both eyes"/> 
			</coding> 
		</code> 
		<count value="33"/> 
	</diagnosis>
	<diagnosis> 
		<code> 
			<coding> 
				<system value="http://hl7.org/fhir/sid/icd-10"/>
				<code value="I82.409"/> 
				<display value="Acute venous embolism and thrombosis of unspecified deep vessels of lower extremity"/> 
			</coding> 
		</code> 
		<count value="32"/> 
	</diagnosis>
	<diagnosis> 
		<code> 
			<coding> 
				<system value="http://hl7.org/fhir/sid/icd-10"/>
				<code value="Z91.89"/> 
				<display value="H/O multiple allergies"/> 
			</coding> 
		</code> 
		<count value="32"/> 
	</diagnosis>
	<diagnosis> 
		<code> 
			<coding> 
				<system value="http://hl7.org/fhir/sid/icd-10"/>
				<code value="I42.9"/> 
				<display value="Cardiomyopathy"/> 
			</coding> 
		</code> 
		<count value="32"/> 
	</diagnosis>
	<diagnosis> 
		<code> 
			<coding> 
				<system value="http://hl7.org/fhir/sid/icd-10"/>
				<code value="G31.84"/> 
				<display value="Mild cognitive impairment"/> 
			</coding> 
		</code> 
		<count value="32"/> 
	</diagnosis>
	<diagnosis> 
		<code> 
			<coding> 
				<system value="http://hl7.org/fhir/sid/icd-10"/>
				<code value="L30.9"/> 
				<display value="Dermatitis"/> 
			</coding> 
		</code> 
		<count value="32"/> 
	</diagnosis>
	<diagnosis> 
		<code> 
			<coding> 
				<system value="http://hl7.org/fhir/sid/icd-10"/>
				<code value="M54.12"/> 
				<display value="Radiculitis of left cervical region"/> 
			</coding> 
		</code> 
		<count value="32"/> 
	</diagnosis>
	<diagnosis> 
		<code> 
			<coding> 
				<system value="http://hl7.org/fhir/sid/icd-10"/>
				<code value="L25.9"/> 
				<display value="Contact dermatitis and eczema"/> 
			</coding> 
		</code> 
		<count value="32"/> 
	</diagnosis>
	<diagnosis> 
		<code> 
			<coding> 
				<system value="http://hl7.org/fhir/sid/icd-10"/>
				<code value="D48.5"/> 
				<display value="Neoplasm of uncertain behavior of skin"/> 
			</coding> 
		</code> 
		<count value="31"/> 
	</diagnosis>
	<diagnosis> 
		<code> 
			<coding> 
				<system value="http://hl7.org/fhir/sid/icd-10"/>
				<code value="M54.16"/> 
				<display value="Lumbar radiculopathy"/> 
			</coding> 
		</code> 
		<count value="31"/> 
	</diagnosis>
	<diagnosis> 
		<code> 
			<coding> 
				<system value="http://hl7.org/fhir/sid/icd-10"/>
				<code value="E11.8"/> 
				<display value="Type 2 diabetes mellitus with complication, without long-term current use of insulin"/> 
			</coding> 
		</code> 
		<count value="31"/> 
	</diagnosis>
	<diagnosis> 
		<code> 
			<coding> 
				<system value="http://hl7.org/fhir/sid/icd-10"/>
				<code value="W19.XXXA"/> 
				<display value="Fall"/> 
			</coding> 
		</code> 
		<count value="31"/> 
	</diagnosis>
	<diagnosis> 
		<code> 
			<coding> 
				<system value="http://hl7.org/fhir/sid/icd-10"/>
				<code value="R25.2"/> 
				<display value="Cramp of limb"/> 
			</coding> 
		</code> 
		<count value="31"/> 
	</diagnosis>
	<diagnosis> 
		<code> 
			<coding> 
				<system value="http://hl7.org/fhir/sid/icd-10"/>
				<code value="Z87.898"/> 
				<display value="History of wheezing"/> 
			</coding> 
		</code> 
		<count value="31"/> 
	</diagnosis>
	<diagnosis> 
		<code> 
			<coding> 
				<system value="http://hl7.org/fhir/sid/icd-10"/>
				<code value="R06.83"/> 
				<display value="Snoring"/> 
			</coding> 
		</code> 
		<count value="31"/> 
	</diagnosis>
	<diagnosis> 
		<code> 
			<coding> 
				<system value="http://hl7.org/fhir/sid/icd-10"/>
				<code value="L71.9"/> 
				<display value="Rosacea"/> 
			</coding> 
		</code> 
		<count value="31"/> 
	</diagnosis>
	<diagnosis> 
		<code> 
			<coding> 
				<system value="http://hl7.org/fhir/sid/icd-10"/>
				<code value="E87.6"/> 
				<display value="Hypopotassemia"/> 
			</coding> 
		</code> 
		<count value="31"/> 
	</diagnosis>
	<diagnosis> 
		<code> 
			<coding> 
				<system value="http://hl7.org/fhir/sid/icd-10"/>
				<code value="N18.4"/> 
				<display value="Chronic kidney disease, stage IV (severe)"/> 
			</coding> 
		</code> 
		<count value="31"/> 
	</diagnosis>
	<diagnosis> 
		<code> 
			<coding> 
				<system value="http://hl7.org/fhir/sid/icd-10"/>
				<code value="Z95.2"/> 
				<display value="History of prosthetic aortic valve"/> 
			</coding> 
		</code> 
		<count value="30"/> 
	</diagnosis>
	<diagnosis> 
		<code> 
			<coding> 
				<system value="http://hl7.org/fhir/sid/icd-10"/>
				<code value="R19.7"/> 
				<display value="Diarrhea"/> 
			</coding> 
		</code> 
		<count value="30"/> 
	</diagnosis>
	<diagnosis> 
		<code> 
			<coding> 
				<system value="http://hl7.org/fhir/sid/icd-10"/>
				<code value="I21.9"/> 
				<display value="Myocardial infarction"/> 
			</coding> 
		</code> 
		<count value="30"/> 
	</diagnosis>
	<diagnosis> 
		<code> 
			<coding> 
				<system value="http://hl7.org/fhir/sid/icd-10"/>
				<code value="J30.89"/> 
				<display value="Seasonal and perennial allergic rhinitis"/> 
			</coding> 
		</code> 
		<count value="30"/> 
	</diagnosis>
	<diagnosis> 
		<code> 
			<coding> 
				<system value="http://hl7.org/fhir/sid/icd-10"/>
				<code value="C67.9"/> 
				<display value="Bladder cancer"/> 
			</coding> 
		</code> 
		<count value="30"/> 
	</diagnosis>
	<diagnosis> 
		<code> 
			<coding> 
				<system value="http://hl7.org/fhir/sid/icd-10"/>
				<code value="E87.5"/> 
				<display value="Hyperkalemia"/> 
			</coding> 
		</code> 
		<count value="30"/> 
	</diagnosis>
	<diagnosis> 
		<code> 
			<coding> 
				<system value="http://hl7.org/fhir/sid/icd-10"/>
				<code value="G43.909"/> 
				<display value="Migraine"/> 
			</coding> 
		</code> 
		<count value="30"/> 
	</diagnosis>
	<diagnosis> 
		<code> 
			<coding> 
				<system value="http://hl7.org/fhir/sid/icd-10"/>
				<code value="D47.2"/> 
				<display value="Neuropathy with IgA monoclonal gammopathy"/> 
			</coding> 
		</code> 
		<count value="30"/> 
	</diagnosis>
	<diagnosis> 
		<code> 
			<coding> 
				<system value="http://hl7.org/fhir/sid/icd-10"/>
				<code value="M72.2"/> 
				<display value="Plantar fasciitis of right foot"/> 
			</coding> 
		</code> 
		<count value="30"/> 
	</diagnosis>
	<diagnosis> 
		<code> 
			<coding> 
				<system value="http://hl7.org/fhir/sid/icd-10"/>
				<code value="Z86.69"/> 
				<display value="History of retinal detachment"/> 
			</coding> 
		</code> 
		<count value="30"/> 
	</diagnosis>
	<diagnosis> 
		<code> 
			<coding> 
				<system value="http://hl7.org/fhir/sid/icd-10"/>
				<code value="H40.1132"/> 
				<display value="Primary open angle glaucoma of both eyes, moderate stage"/> 
			</coding> 
		</code> 
		<count value="30"/> 
	</diagnosis>
	<diagnosis> 
		<code> 
			<coding> 
				<system value="http://hl7.org/fhir/sid/icd-10"/>
				<code value="R21"/> 
				<display value="Skin rash"/> 
			</coding> 
		</code> 
		<count value="30"/> 
	</diagnosis>
	<diagnosis> 
		<code> 
			<coding> 
				<system value="http://hl7.org/fhir/sid/icd-10"/>
				<code value="R33.9"/> 
				<display value="Urinary retention"/> 
			</coding> 
		</code> 
		<count value="29"/> 
	</diagnosis>
	<diagnosis> 
		<code> 
			<coding> 
				<system value="http://hl7.org/fhir/sid/icd-10"/>
				<code value="I50.22"/> 
				<display value="Chronic systolic congestive heart failure"/> 
			</coding> 
		</code> 
		<count value="29"/> 
	</diagnosis>
	<diagnosis> 
		<code> 
			<coding> 
				<system value="http://hl7.org/fhir/sid/icd-10"/>
				<code value="H93.19"/> 
				<display value="Unspecified tinnitus"/> 
			</coding> 
		</code> 
		<count value="29"/> 
	</diagnosis>
	<diagnosis> 
		<code> 
			<coding> 
				<system value="http://hl7.org/fhir/sid/icd-10"/>
				<code value="F17.200"/> 
				<display value="Current smoker"/> 
			</coding> 
		</code> 
		<count value="29"/> 
	</diagnosis>
	<diagnosis> 
		<code> 
			<coding> 
				<system value="http://hl7.org/fhir/sid/icd-10"/>
				<code value="J44.1"/> 
				<display value="COPD exacerbation"/> 
			</coding> 
		</code> 
		<count value="29"/> 
	</diagnosis>
	<diagnosis> 
		<code> 
			<coding> 
				<system value="http://hl7.org/fhir/sid/icd-10"/>
				<code value="Z78.9"/> 
				<display value="Vegetarian diet"/> 
			</coding> 
		</code> 
		<count value="29"/> 
	</diagnosis>
	<diagnosis> 
		<code> 
			<coding> 
				<system value="http://hl7.org/fhir/sid/icd-10"/>
				<code value="Z80.0"/> 
				<display value="Family history of colon cancer"/> 
			</coding> 
		</code> 
		<count value="29"/> 
	</diagnosis>
	<diagnosis> 
		<code> 
			<coding> 
				<system value="http://hl7.org/fhir/sid/icd-10"/>
				<code value="I47.2"/> 
				<display value="Ventricular tachycardia (paroxysmal)"/> 
			</coding> 
		</code> 
		<count value="29"/> 
	</diagnosis>
	<diagnosis> 
		<code> 
			<coding> 
				<system value="http://hl7.org/fhir/sid/icd-10"/>
				<code value="M25.561"/> 
				<display value="Chronic pain of right knee"/> 
			</coding> 
		</code> 
		<count value="29"/> 
	</diagnosis>
	<diagnosis> 
		<code> 
			<coding> 
				<system value="http://hl7.org/fhir/sid/icd-10"/>
				<code value="I49.9"/> 
				<display value="Cardiac dysrhythmia, unspecified"/> 
			</coding> 
		</code> 
		<count value="29"/> 
	</diagnosis>
	<diagnosis> 
		<code> 
			<coding> 
				<system value="http://hl7.org/fhir/sid/icd-10"/>
				<code value="Z01.810"/> 
				<display value="Pre-operative cardiovascular examination"/> 
			</coding> 
		</code> 
		<count value="29"/> 
	</diagnosis>
	<diagnosis> 
		<code> 
			<coding> 
				<system value="http://hl7.org/fhir/sid/icd-10"/>
				<code value="I65.23"/> 
				<display value="Carotid stenosis, bilateral"/> 
			</coding> 
		</code> 
		<count value="29"/> 
	</diagnosis>
	<diagnosis> 
		<code> 
			<coding> 
				<system value="http://hl7.org/fhir/sid/icd-10"/>
				<code value="G25.0"/> 
				<display value="Essential tremor"/> 
			</coding> 
		</code> 
		<count value="28"/> 
	</diagnosis>
	<diagnosis> 
		<code> 
			<coding> 
				<system value="http://hl7.org/fhir/sid/icd-10"/>
				<code value="R20.2"/> 
				<display value="Paresthesias in right hand"/> 
			</coding> 
		</code> 
		<count value="28"/> 
	</diagnosis>
	<diagnosis> 
		<code> 
			<coding> 
				<system value="http://hl7.org/fhir/sid/icd-10"/>
				<code value="H35.30"/> 
				<display value="Macular degeneration"/> 
			</coding> 
		</code> 
		<count value="28"/> 
	</diagnosis>
	<diagnosis> 
		<code> 
			<coding> 
				<system value="http://hl7.org/fhir/sid/icd-10"/>
				<code value="H40.10X0"/> 
				<display value="Open-angle glaucoma"/> 
			</coding> 
		</code> 
		<count value="28"/> 
	</diagnosis>
	<diagnosis> 
		<code> 
			<coding> 
				<system value="http://hl7.org/fhir/sid/icd-10"/>
				<code value="I47.1"/> 
				<display value="AV nodal re-entry tachycardia"/> 
			</coding> 
		</code> 
		<count value="28"/> 
	</diagnosis>
	<diagnosis> 
		<code> 
			<coding> 
				<system value="http://hl7.org/fhir/sid/icd-10"/>
				<code value="E66.09"/> 
				<display value="Obesity due to excess calories without serious comorbidity with body mass index (BMI) greater than 99th percentile for age in pediatric patient"/> 
			</coding> 
		</code> 
		<count value="28"/> 
	</diagnosis>
	<diagnosis> 
		<code> 
			<coding> 
				<system value="http://hl7.org/fhir/sid/icd-10"/>
				<code value="R73.09"/> 
				<display value="Other abnormal glucose"/> 
			</coding> 
		</code> 
		<count value="28"/> 
	</diagnosis>
	<diagnosis> 
		<code> 
			<coding> 
				<system value="http://hl7.org/fhir/sid/icd-10"/>
				<code value="R35.0"/> 
				<display value="Urinary frequency"/> 
			</coding> 
		</code> 
		<count value="27"/> 
	</diagnosis>
	<diagnosis> 
		<code> 
			<coding> 
				<system value="http://hl7.org/fhir/sid/icd-10"/>
				<code value="D72.829"/> 
				<display value="Leukocytosis"/> 
			</coding> 
		</code> 
		<count value="27"/> 
	</diagnosis>
	<diagnosis> 
		<code> 
			<coding> 
				<system value="http://hl7.org/fhir/sid/icd-10"/>
				<code value="J06.9"/> 
				<display value="Acute upper respiratory infections of unspecified site"/> 
			</coding> 
		</code> 
		<count value="27"/> 
	</diagnosis>
	<diagnosis> 
		<code> 
			<coding> 
				<system value="http://hl7.org/fhir/sid/icd-10"/>
				<code value="Z98.61"/> 
				<display value="Postsurgical percutaneous transluminal coronary angioplasty status"/> 
			</coding> 
		</code> 
		<count value="27"/> 
	</diagnosis>
	<diagnosis> 
		<code> 
			<coding> 
				<system value="http://hl7.org/fhir/sid/icd-10"/>
				<code value="R06.2"/> 
				<display value="Wheezing"/> 
			</coding> 
		</code> 
		<count value="27"/> 
	</diagnosis>
	<diagnosis> 
		<code> 
			<coding> 
				<system value="http://hl7.org/fhir/sid/icd-10"/>
				<code value="I95.1"/> 
				<display value="Orthostasis"/> 
			</coding> 
		</code> 
		<count value="27"/> 
	</diagnosis>
	<diagnosis> 
		<code> 
			<coding> 
				<system value="http://hl7.org/fhir/sid/icd-10"/>
				<code value="R09.02"/> 
				<display value="Hypoxia"/> 
			</coding> 
		</code> 
		<count value="27"/> 
	</diagnosis>
	<diagnosis> 
		<code> 
			<coding> 
				<system value="http://hl7.org/fhir/sid/icd-10"/>
				<code value="R50.9"/> 
				<display value="Fever and chills"/> 
			</coding> 
		</code> 
		<count value="27"/> 
	</diagnosis>
	<diagnosis> 
		<code> 
			<coding> 
				<system value="http://hl7.org/fhir/sid/icd-10"/>
				<code value="I49.5"/> 
				<display value="Sinoatrial node dysfunction"/> 
			</coding> 
		</code> 
		<count value="27"/> 
	</diagnosis>
	<diagnosis> 
		<code> 
			<coding> 
				<system value="http://hl7.org/fhir/sid/icd-10"/>
				<code value="K58.9"/> 
				<display value="Irritable bowel syndrome (IBS)"/> 
			</coding> 
		</code> 
		<count value="27"/> 
	</diagnosis>
	<diagnosis> 
		<code> 
			<coding> 
				<system value="http://hl7.org/fhir/sid/icd-10"/>
				<code value="M25.50"/> 
				<display value="Arthralgia"/> 
			</coding> 
		</code> 
		<count value="27"/> 
	</diagnosis>
	<diagnosis> 
		<code> 
			<coding> 
				<system value="http://hl7.org/fhir/sid/icd-10"/>
				<code value="H18.51"/> 
				<display value="Fuchs' corneal dystrophy"/> 
			</coding> 
		</code> 
		<count value="27"/> 
	</diagnosis>
	<diagnosis> 
		<code> 
			<coding> 
				<system value="http://hl7.org/fhir/sid/icd-10"/>
				<code value="IMO0001"/> 
				<display value="Elevated blood pressure"/> 
			</coding> 
		</code> 
		<count value="27"/> 
	</diagnosis>
	<diagnosis> 
		<code> 
			<coding> 
				<system value="http://hl7.org/fhir/sid/icd-10"/>
				<code value="R94.39"/> 
				<display value="Abnormal nuclear stress test"/> 
			</coding> 
		</code> 
		<count value="27"/> 
	</diagnosis>
</ClinicalProfile>