<?xml version="1.0" encoding="UTF-8"?><Group xmlns="http://hl7.org/fhir">
	<id value="diabetes-sample-42-cohort-jhu2"/>
	<meta>
    <security>
      <system value="http://hl7.org/fhir/v3/ActReason"/>
      <code value="HTEST"/>
      <display value="test health data"/>
    </security>
  </meta>
  <text>        
		<status value="additional"/>
		<div xmlns="http://www.w3.org/1999/xhtml">
			<p>diabetes patients aged 18-44, White or Caucasian,Native Hawaiian or Other Pacific Islander,Black or African American,Asian,Unknown,Hispanic,Declined to Answer,American Indian or Alaska Native,Other, Female</p>
		</div>
	</text>
	<identifier>
		<system value="http://ncats.org/clinicalprofile/"/>
		<value value="sample-42"/>
	</identifier>
	<type value="person"/>
	<actual value="true"/>
	<name value="diabetes patients aged 18-44, White or Caucasian,Native Hawaiian or Other Pacific Islander,Black or African American,Asian,Unknown,Hispanic,Declined to Answer,American Indian or Alaska Native,Other, Female"/>
	<quantity value="4544"/>
	<characteristic>
		<code>
			<text value="ageGroup"/>
		</code>
		<valueRange>
			<low>
				<value value="18"/>
			</low>
			<high>
				<value value="44"/>
			</high>
		</valueRange>
		<exclude value="false"/>
	</characteristic>
	<characteristic>
		<code>
			<text value="gender"/>
		</code>
		<valueCodeableConcept>
			<coding>
				<system value="http://hl7.org/fhir/administrative-gender"/>
				<code value="female"/>
				<display value="Female"/>
			</coding>
		</valueCodeableConcept>
		<exclude value="false"/>
	</characteristic>
</Group>