<?xml version="1.0" encoding="UTF-8"?><ClinicalProfile xmlns="http://hl7.org/fhir">
	<!--   from Resource: id, meta, implicitRules, and language   -->
	<!--   from DomainResource: text, contained, extension, and modifierExtension   -->
	<id value="jhu-asthma-profile-44-diagnoses"/>
	<meta>
    <security>
      <system value="http://hl7.org/fhir/v3/ActReason"/>
      <code value="HTEST"/>
      <display value="test health data"/>
    </security>
  </meta>
  <text>
		<status value="generated"/>
		<div xmlns="http://www.w3.org/1999/xhtml">
			<p>Selected diagnoses for Male, White or Caucasian patients aged 15-19 seen as either outpatients or inpatients at Johns Hopkins Hospital, JHCP, and Bayview between 3/1/2016 and 3/1/2018 having a diagnosis of asthma recorded on the problem list or as an encounter diagnosis.
			</p>
		</div>
	</text>
	<identifier>
		<value value="urn:uuid:E5CDF262-CF75-8A6E-95F0FD9C2C6195CF"/>
	</identifier>
	<status value="draft"/><!--   1..1 complete | draft | error   -->
	<population>
		<reference value="Group/asthma-population-jhu1"/>
	</population>
	<cohort>
		<reference value="Group/asthma-sample-44-cohort-jhu1"/>
		<display value="White or Caucasian Male aged 15-19"/> 
	</cohort>
	<date value="2018-09-11T15:50:00Z"/><!--   0..1 When the profile was generated   -->
	<source>
		<value value="http://ictrweb.johnshopkins.edu/ictr/synthetic/includes/clinical_profiles.cfm"/>
	</source>
	<reporter>
		<reference value="Organization/JHM"/>
		<type value="Organization"/>
		<display value="Johns Hopkins School of Medicine"/>
	</reporter>
	<diagnosis> 
		<code> 
			<coding> 
				<system value="http://hl7.org/fhir/sid/icd-10"/>
				<code value="Z00.129"/> 
				<display value="Routine infant or child health check"/> 
			</coding> 
		</code> 
		<count value="346"/> 
	</diagnosis>
	<diagnosis> 
		<code> 
			<coding> 
				<system value="http://hl7.org/fhir/sid/icd-10"/>
				<code value="J45.909"/> 
				<display value="Asthma"/> 
			</coding> 
		</code> 
		<count value="346"/> 
	</diagnosis>
	<diagnosis> 
		<code> 
			<coding> 
				<system value="http://hl7.org/fhir/sid/icd-10"/>
				<code value="J45.20"/> 
				<display value="Mild intermittent asthma without complication"/> 
			</coding> 
		</code> 
		<count value="242"/> 
	</diagnosis>
	<diagnosis> 
		<code> 
			<coding> 
				<system value="http://hl7.org/fhir/sid/icd-10"/>
				<code value="J30.9"/> 
				<display value="Allergic rhinitis"/> 
			</coding> 
		</code> 
		<count value="224"/> 
	</diagnosis>
	<diagnosis> 
		<code> 
			<coding> 
				<system value="http://hl7.org/fhir/sid/icd-10"/>
				<code value="F90.9"/> 
				<display value="ADHD (attention deficit hyperactivity disorder)"/> 
			</coding> 
		</code> 
		<count value="110"/> 
	</diagnosis>
	<diagnosis> 
		<code> 
			<coding> 
				<system value="http://hl7.org/fhir/sid/icd-10"/>
				<code value="J30.1"/> 
				<display value="Allergic rhinitis due to pollen"/> 
			</coding> 
		</code> 
		<count value="84"/> 
	</diagnosis>
	<diagnosis> 
		<code> 
			<coding> 
				<system value="http://hl7.org/fhir/sid/icd-10"/>
				<code value="J45.990"/> 
				<display value="Asthma, exercise induced"/> 
			</coding> 
		</code> 
		<count value="78"/> 
	</diagnosis>
	<diagnosis> 
		<code> 
			<coding> 
				<system value="http://hl7.org/fhir/sid/icd-10"/>
				<code value="Z91.018"/> 
				<display value="Allergy to tree nuts"/> 
			</coding> 
		</code> 
		<count value="76"/> 
	</diagnosis>
	<diagnosis> 
		<code> 
			<coding> 
				<system value="http://hl7.org/fhir/sid/icd-10"/>
				<code value="F41.9"/> 
				<display value="Anxiety disorder"/> 
			</coding> 
		</code> 
		<count value="69"/> 
	</diagnosis>
	<diagnosis> 
		<code> 
			<coding> 
				<system value="http://hl7.org/fhir/sid/icd-10"/>
				<code value="F32.9"/> 
				<display value="Depression"/> 
			</coding> 
		</code> 
		<count value="66"/> 
	</diagnosis>
	<diagnosis> 
		<code> 
			<coding> 
				<system value="http://hl7.org/fhir/sid/icd-10"/>
				<code value="E66.9"/> 
				<display value="Non morbid obesity"/> 
			</coding> 
		</code> 
		<count value="61"/> 
	</diagnosis>
	<diagnosis> 
		<code> 
			<coding> 
				<system value="http://hl7.org/fhir/sid/icd-10"/>
				<code value="J30.2"/> 
				<display value="Seasonal allergies"/> 
			</coding> 
		</code> 
		<count value="57"/> 
	</diagnosis>
	<diagnosis> 
		<code> 
			<coding> 
				<system value="http://hl7.org/fhir/sid/icd-10"/>
				<code value="K21.9"/> 
				<display value="Esophageal reflux"/> 
			</coding> 
		</code> 
		<count value="55"/> 
	</diagnosis>
	<diagnosis> 
		<code> 
			<coding> 
				<system value="http://hl7.org/fhir/sid/icd-10"/>
				<code value="L70.0"/> 
				<display value="Acne vulgaris"/> 
			</coding> 
		</code> 
		<count value="50"/> 
	</diagnosis>
	<diagnosis> 
		<code> 
			<coding> 
				<system value="http://hl7.org/fhir/sid/icd-10"/>
				<code value="F98.8"/> 
				<display value="Attention deficit disorder"/> 
			</coding> 
		</code> 
		<count value="47"/> 
	</diagnosis>
	<diagnosis> 
		<code> 
			<coding> 
				<system value="http://hl7.org/fhir/sid/icd-10"/>
				<code value="G89.29"/> 
				<display value="Chronic pain of left knee"/> 
			</coding> 
		</code> 
		<count value="47"/> 
	</diagnosis>
	<diagnosis> 
		<code> 
			<coding> 
				<system value="http://hl7.org/fhir/sid/icd-10"/>
				<code value="Z00.00"/> 
				<display value="Routine general medical examination at a health care facility"/> 
			</coding> 
		</code> 
		<count value="46"/> 
	</diagnosis>
	<diagnosis> 
		<code> 
			<coding> 
				<system value="http://hl7.org/fhir/sid/icd-10"/>
				<code value="L70.9"/> 
				<display value="Acne"/> 
			</coding> 
		</code> 
		<count value="44"/> 
	</diagnosis>
	<diagnosis> 
		<code> 
			<coding> 
				<system value="http://hl7.org/fhir/sid/icd-10"/>
				<code value="R51"/> 
				<display value="Headache(784.0)"/> 
			</coding> 
		</code> 
		<count value="42"/> 
	</diagnosis>
	<diagnosis> 
		<code> 
			<coding> 
				<system value="http://hl7.org/fhir/sid/icd-10"/>
				<code value="Z68.54"/> 
				<display value="Body mass index, pediatric, greater than or equal to 95th percentile for age"/> 
			</coding> 
		</code> 
		<count value="42"/> 
	</diagnosis>
	<diagnosis> 
		<code> 
			<coding> 
				<system value="http://hl7.org/fhir/sid/icd-10"/>
				<code value="J45.30"/> 
				<display value="Mild persistent asthma without complication"/> 
			</coding> 
		</code> 
		<count value="38"/> 
	</diagnosis>
	<diagnosis> 
		<code> 
			<coding> 
				<system value="http://hl7.org/fhir/sid/icd-10"/>
				<code value="L30.9"/> 
				<display value="Dermatitis"/> 
			</coding> 
		</code> 
		<count value="36"/> 
	</diagnosis>
	<diagnosis> 
		<code> 
			<coding> 
				<system value="http://hl7.org/fhir/sid/icd-10"/>
				<code value="J02.9"/> 
				<display value="Acute pharyngitis"/> 
			</coding> 
		</code> 
		<count value="33"/> 
	</diagnosis>
	<diagnosis> 
		<code> 
			<coding> 
				<system value="http://hl7.org/fhir/sid/icd-10"/>
				<code value="E55.9"/> 
				<display value="Unspecified vitamin D deficiency"/> 
			</coding> 
		</code> 
		<count value="31"/> 
	</diagnosis>
	<diagnosis> 
		<code> 
			<coding> 
				<system value="http://hl7.org/fhir/sid/icd-10"/>
				<code value="Z98.890"/> 
				<display value="History of carotid endarterectomy"/> 
			</coding> 
		</code> 
		<count value="30"/> 
	</diagnosis>
	<diagnosis> 
		<code> 
			<coding> 
				<system value="http://hl7.org/fhir/sid/icd-10"/>
				<code value="L70.8"/> 
				<display value="Other acne"/> 
			</coding> 
		</code> 
		<count value="30"/> 
	</diagnosis>
	<diagnosis> 
		<code> 
			<coding> 
				<system value="http://hl7.org/fhir/sid/icd-10"/>
				<code value="J01.90"/> 
				<display value="Acute sinusitis, unspecified"/> 
			</coding> 
		</code> 
		<count value="30"/> 
	</diagnosis>
	<diagnosis> 
		<code> 
			<coding> 
				<system value="http://hl7.org/fhir/sid/icd-10"/>
				<code value="Z91.09"/> 
				<display value="Environmental allergies"/> 
			</coding> 
		</code> 
		<count value="30"/> 
	</diagnosis>
	<diagnosis> 
		<code> 
			<coding> 
				<system value="http://hl7.org/fhir/sid/icd-10"/>
				<code value="K59.00"/> 
				<display value="Constipation"/> 
			</coding> 
		</code> 
		<count value="29"/> 
	</diagnosis>
	<diagnosis> 
		<code> 
			<coding> 
				<system value="http://hl7.org/fhir/sid/icd-10"/>
				<code value="IMO0002"/> 
				<display value="Other tear of cartilage or meniscus of knee, current"/> 
			</coding> 
		</code> 
		<count value="29"/> 
	</diagnosis>
	<diagnosis> 
		<code> 
			<coding> 
				<system value="http://hl7.org/fhir/sid/icd-10"/>
				<code value="H66.90"/> 
				<display value="RAOM (recurrent acute otitis media)"/> 
			</coding> 
		</code> 
		<count value="29"/> 
	</diagnosis>
	<diagnosis> 
		<code> 
			<coding> 
				<system value="http://hl7.org/fhir/sid/icd-10"/>
				<code value="Z90.89"/> 
				<display value="S/P tonsillectomy and adenoidectomy"/> 
			</coding> 
		</code> 
		<count value="28"/> 
	</diagnosis>
	<diagnosis> 
		<code> 
			<coding> 
				<system value="http://hl7.org/fhir/sid/icd-10"/>
				<code value="R10.9"/> 
				<display value="Abdominal pain"/> 
			</coding> 
		</code> 
		<count value="27"/> 
	</diagnosis>
	<diagnosis> 
		<code> 
			<coding> 
				<system value="http://hl7.org/fhir/sid/icd-10"/>
				<code value="J06.9"/> 
				<display value="Acute upper respiratory infections of unspecified site"/> 
			</coding> 
		</code> 
		<count value="26"/> 
	</diagnosis>
	<diagnosis> 
		<code> 
			<coding> 
				<system value="http://hl7.org/fhir/sid/icd-10"/>
				<code value="L25.9"/> 
				<display value="Contact dermatitis and eczema"/> 
			</coding> 
		</code> 
		<count value="26"/> 
	</diagnosis>
	<diagnosis> 
		<code> 
			<coding> 
				<system value="http://hl7.org/fhir/sid/icd-10"/>
				<code value="F41.1"/> 
				<display value="Anxiety state"/> 
			</coding> 
		</code> 
		<count value="26"/> 
	</diagnosis>
	<diagnosis> 
		<code> 
			<coding> 
				<system value="http://hl7.org/fhir/sid/icd-10"/>
				<code value="G47.33"/> 
				<display value="OSA on CPAP"/> 
			</coding> 
		</code> 
		<count value="25"/> 
	</diagnosis>
	<diagnosis> 
		<code> 
			<coding> 
				<system value="http://hl7.org/fhir/sid/icd-10"/>
				<code value="G43.009"/> 
				<display value="Migraine headache without aura"/> 
			</coding> 
		</code> 
		<count value="25"/> 
	</diagnosis>
	<diagnosis> 
		<code> 
			<coding> 
				<system value="http://hl7.org/fhir/sid/icd-10"/>
				<code value="F84.0"/> 
				<display value="Autism spectrum disorder"/> 
			</coding> 
		</code> 
		<count value="25"/> 
	</diagnosis>
	<diagnosis> 
		<code> 
			<coding> 
				<system value="http://hl7.org/fhir/sid/icd-10"/>
				<code value="J32.9"/> 
				<display value="Chronic sinusitis"/> 
			</coding> 
		</code> 
		<count value="25"/> 
	</diagnosis>
	<diagnosis> 
		<code> 
			<coding> 
				<system value="http://hl7.org/fhir/sid/icd-10"/>
				<code value="S06.0X9A"/> 
				<display value="Concussion"/> 
			</coding> 
		</code> 
		<count value="24"/> 
	</diagnosis>
	<diagnosis> 
		<code> 
			<coding> 
				<system value="http://hl7.org/fhir/sid/icd-10"/>
				<code value="H52.10"/> 
				<display value="Myopia with astigmatism and presbyopia"/> 
			</coding> 
		</code> 
		<count value="24"/> 
	</diagnosis>
	<diagnosis> 
		<code> 
			<coding> 
				<system value="http://hl7.org/fhir/sid/icd-10"/>
				<code value="G43.909"/> 
				<display value="Migraine"/> 
			</coding> 
		</code> 
		<count value="24"/> 
	</diagnosis>
	<diagnosis> 
		<code> 
			<coding> 
				<system value="http://hl7.org/fhir/sid/icd-10"/>
				<code value="H52.13"/> 
				<display value="Myopia with astigmatism, bilateral"/> 
			</coding> 
		</code> 
		<count value="23"/> 
	</diagnosis>
	<diagnosis> 
		<code> 
			<coding> 
				<system value="http://hl7.org/fhir/sid/icd-10"/>
				<code value="J02.0"/> 
				<display value="Streptococcal sore throat"/> 
			</coding> 
		</code> 
		<count value="23"/> 
	</diagnosis>
	<diagnosis> 
		<code> 
			<coding> 
				<system value="http://hl7.org/fhir/sid/icd-10"/>
				<code value="R62.52"/> 
				<display value="Short stature (child)"/> 
			</coding> 
		</code> 
		<count value="22"/> 
	</diagnosis>
	<diagnosis> 
		<code> 
			<coding> 
				<system value="http://hl7.org/fhir/sid/icd-10"/>
				<code value="M41.9"/> 
				<display value="Scoliosis"/> 
			</coding> 
		</code> 
		<count value="22"/> 
	</diagnosis>
	<diagnosis> 
		<code> 
			<coding> 
				<system value="http://hl7.org/fhir/sid/icd-10"/>
				<code value="Z23"/> 
				<display value="Need for prophylactic vaccination and inoculation against influenza"/> 
			</coding> 
		</code> 
		<count value="21"/> 
	</diagnosis>
	<diagnosis> 
		<code> 
			<coding> 
				<system value="http://hl7.org/fhir/sid/icd-10"/>
				<code value="J18.9"/> 
				<display value="Pneumonia due to infectious organism"/> 
			</coding> 
		</code> 
		<count value="20"/> 
	</diagnosis>
	<diagnosis> 
		<code> 
			<coding> 
				<system value="http://hl7.org/fhir/sid/icd-10"/>
				<code value="Z91.010"/> 
				<display value="Peanut allergy"/> 
			</coding> 
		</code> 
		<count value="20"/> 
	</diagnosis>
	<diagnosis> 
		<code> 
			<coding> 
				<system value="http://hl7.org/fhir/sid/icd-10"/>
				<code value="R55"/> 
				<display value="Syncope"/> 
			</coding> 
		</code> 
		<count value="19"/> 
	</diagnosis>
	<diagnosis> 
		<code> 
			<coding> 
				<system value="http://hl7.org/fhir/sid/icd-10"/>
				<code value="F90.2"/> 
				<display value="Attention deficit hyperactivity disorder (ADHD), combined type"/> 
			</coding> 
		</code> 
		<count value="18"/> 
	</diagnosis>
	<diagnosis> 
		<code> 
			<coding> 
				<system value="http://hl7.org/fhir/sid/icd-10"/>
				<code value="B07.9"/> 
				<display value="Verruca vulgaris"/> 
			</coding> 
		</code> 
		<count value="18"/> 
	</diagnosis>
	<diagnosis> 
		<code> 
			<coding> 
				<system value="http://hl7.org/fhir/sid/icd-10"/>
				<code value="Z01.818"/> 
				<display value="Preop examination"/> 
			</coding> 
		</code> 
		<count value="18"/> 
	</diagnosis>
	<diagnosis> 
		<code> 
			<coding> 
				<system value="http://hl7.org/fhir/sid/icd-10"/>
				<code value="J20.9"/> 
				<display value="Acute bronchitis"/> 
			</coding> 
		</code> 
		<count value="18"/> 
	</diagnosis>
	<diagnosis> 
		<code> 
			<coding> 
				<system value="http://hl7.org/fhir/sid/icd-10"/>
				<code value="J15.9"/> 
				<display value="Bacterial pneumonia, unspecified"/> 
			</coding> 
		</code> 
		<count value="18"/> 
	</diagnosis>
	<diagnosis> 
		<code> 
			<coding> 
				<system value="http://hl7.org/fhir/sid/icd-10"/>
				<code value="J45.901"/> 
				<display value="Acute asthma exacerbation"/> 
			</coding> 
		</code> 
		<count value="17"/> 
	</diagnosis>
	<diagnosis> 
		<code> 
			<coding> 
				<system value="http://hl7.org/fhir/sid/icd-10"/>
				<code value="E66.3"/> 
				<display value="Overweight"/> 
			</coding> 
		</code> 
		<count value="17"/> 
	</diagnosis>
	<diagnosis> 
		<code> 
			<coding> 
				<system value="http://hl7.org/fhir/sid/icd-10"/>
				<code value="J45.40"/> 
				<display value="Moderate persistent asthma"/> 
			</coding> 
		</code> 
		<count value="17"/> 
	</diagnosis>
	<diagnosis> 
		<code> 
			<coding> 
				<system value="http://hl7.org/fhir/sid/icd-10"/>
				<code value="M21.40"/> 
				<display value="Flat foot(734)"/> 
			</coding> 
		</code> 
		<count value="17"/> 
	</diagnosis>
	<diagnosis> 
		<code> 
			<coding> 
				<system value="http://hl7.org/fhir/sid/icd-10"/>
				<code value="N39.44"/> 
				<display value="Nocturnal enuresis"/> 
			</coding> 
		</code> 
		<count value="17"/> 
	</diagnosis>
	<diagnosis> 
		<code> 
			<coding> 
				<system value="http://hl7.org/fhir/sid/icd-10"/>
				<code value="L20.9"/> 
				<display value="Atopic dermatitis"/> 
			</coding> 
		</code> 
		<count value="17"/> 
	</diagnosis>
	<diagnosis> 
		<code> 
			<coding> 
				<system value="http://hl7.org/fhir/sid/icd-10"/>
				<code value="H54.7"/> 
				<display value="Vision problem"/> 
			</coding> 
		</code> 
		<count value="17"/> 
	</diagnosis>
	<diagnosis> 
		<code> 
			<coding> 
				<system value="http://hl7.org/fhir/sid/icd-10"/>
				<code value="M25.569"/> 
				<display value="Pain in joint, lower leg"/> 
			</coding> 
		</code> 
		<count value="17"/> 
	</diagnosis>
	<diagnosis> 
		<code> 
			<coding> 
				<system value="http://hl7.org/fhir/sid/icd-10"/>
				<code value="Z97.3"/> 
				<display value="Wears glasses"/> 
			</coding> 
		</code> 
		<count value="16"/> 
	</diagnosis>
	<diagnosis> 
		<code> 
			<coding> 
				<system value="http://hl7.org/fhir/sid/icd-10"/>
				<code value="J30.89"/> 
				<display value="Seasonal and perennial allergic rhinitis"/> 
			</coding> 
		</code> 
		<count value="16"/> 
	</diagnosis>
	<diagnosis> 
		<code> 
			<coding> 
				<system value="http://hl7.org/fhir/sid/icd-10"/>
				<code value="H52.209"/> 
				<display value="Hyperopia with astigmatism and presbyopia"/> 
			</coding> 
		</code> 
		<count value="16"/> 
	</diagnosis>
	<diagnosis> 
		<code> 
			<coding> 
				<system value="http://hl7.org/fhir/sid/icd-10"/>
				<code value="Z55.9"/> 
				<display value="Educational circumstance"/> 
			</coding> 
		</code> 
		<count value="16"/> 
	</diagnosis>
	<diagnosis> 
		<code> 
			<coding> 
				<system value="http://hl7.org/fhir/sid/icd-10"/>
				<code value="H52.6"/> 
				<display value="Unspecified disorder of refraction and accommodation"/> 
			</coding> 
		</code> 
		<count value="16"/> 
	</diagnosis>
	<diagnosis> 
		<code> 
			<coding> 
				<system value="http://hl7.org/fhir/sid/icd-10"/>
				<code value="M41.20"/> 
				<display value="Scoliosis (and kyphoscoliosis), idiopathic"/> 
			</coding> 
		</code> 
		<count value="16"/> 
	</diagnosis>
	<diagnosis> 
		<code> 
			<coding> 
				<system value="http://hl7.org/fhir/sid/icd-10"/>
				<code value="H91.90"/> 
				<display value="Hearing loss"/> 
			</coding> 
		</code> 
		<count value="16"/> 
	</diagnosis>
	<diagnosis> 
		<code> 
			<coding> 
				<system value="http://hl7.org/fhir/sid/icd-10"/>
				<code value="H52.203"/> 
				<display value="Myopia with astigmatism, bilateral"/> 
			</coding> 
		</code> 
		<count value="16"/> 
	</diagnosis>
	<diagnosis> 
		<code> 
			<coding> 
				<system value="http://hl7.org/fhir/sid/icd-10"/>
				<code value="Z68.53"/> 
				<display value="Body mass index, pediatric, 85th percentile to less than 95th percentile for age"/> 
			</coding> 
		</code> 
		<count value="16"/> 
	</diagnosis>
	<diagnosis> 
		<code> 
			<coding> 
				<system value="http://hl7.org/fhir/sid/icd-10"/>
				<code value="N62"/> 
				<display value="Gynecomastia, male"/> 
			</coding> 
		</code> 
		<count value="15"/> 
	</diagnosis>
	<diagnosis> 
		<code> 
			<coding> 
				<system value="http://hl7.org/fhir/sid/icd-10"/>
				<code value="M54.5"/> 
				<display value="Lumbago"/> 
			</coding> 
		</code> 
		<count value="15"/> 
	</diagnosis>
	<diagnosis> 
		<code> 
			<coding> 
				<system value="http://hl7.org/fhir/sid/icd-10"/>
				<code value="R05"/> 
				<display value="Chronic cough"/> 
			</coding> 
		</code> 
		<count value="15"/> 
	</diagnosis>
	<diagnosis> 
		<code> 
			<coding> 
				<system value="http://hl7.org/fhir/sid/icd-10"/>
				<code value="I86.1"/> 
				<display value="Left varicocele"/> 
			</coding> 
		</code> 
		<count value="15"/> 
	</diagnosis>
	<diagnosis> 
		<code> 
			<coding> 
				<system value="http://hl7.org/fhir/sid/icd-10"/>
				<code value="Z91.89"/> 
				<display value="H/O multiple allergies"/> 
			</coding> 
		</code> 
		<count value="15"/> 
	</diagnosis>
	<diagnosis> 
		<code> 
			<coding> 
				<system value="http://hl7.org/fhir/sid/icd-10"/>
				<code value="R00.0"/> 
				<display value="Rapid heart beat"/> 
			</coding> 
		</code> 
		<count value="15"/> 
	</diagnosis>
	<diagnosis> 
		<code> 
			<coding> 
				<system value="http://hl7.org/fhir/sid/icd-10"/>
				<code value="R42"/> 
				<display value="Dizziness"/> 
			</coding> 
		</code> 
		<count value="15"/> 
	</diagnosis>
	<diagnosis> 
		<code> 
			<coding> 
				<system value="http://hl7.org/fhir/sid/icd-10"/>
				<code value="M54.9"/> 
				<display value="Back pain"/> 
			</coding> 
		</code> 
		<count value="14"/> 
	</diagnosis>
	<diagnosis> 
		<code> 
			<coding> 
				<system value="http://hl7.org/fhir/sid/icd-10"/>
				<code value="F39"/> 
				<display value="Unspecified episodic mood disorder"/> 
			</coding> 
		</code> 
		<count value="14"/> 
	</diagnosis>
	<diagnosis> 
		<code> 
			<coding> 
				<system value="http://hl7.org/fhir/sid/icd-10"/>
				<code value="R03.0"/> 
				<display value="Elevated blood pressure reading without diagnosis of hypertension"/> 
			</coding> 
		</code> 
		<count value="14"/> 
	</diagnosis>
	<diagnosis> 
		<code> 
			<coding> 
				<system value="http://hl7.org/fhir/sid/icd-10"/>
				<code value="M79.609"/> 
				<display value="Pain in limb"/> 
			</coding> 
		</code> 
		<count value="14"/> 
	</diagnosis>
	<diagnosis> 
		<code> 
			<coding> 
				<system value="http://hl7.org/fhir/sid/icd-10"/>
				<code value="D23.9"/> 
				<display value="Benign neoplasm of skin, site unspecified"/> 
			</coding> 
		</code> 
		<count value="14"/> 
	</diagnosis>
	<diagnosis> 
		<code> 
			<coding> 
				<system value="http://hl7.org/fhir/sid/icd-10"/>
				<code value="Z82.49"/> 
				<display value="Family history of congestive cardiomyopathy"/> 
			</coding> 
		</code> 
		<count value="13"/> 
	</diagnosis>
	<diagnosis> 
		<code> 
			<coding> 
				<system value="http://hl7.org/fhir/sid/icd-10"/>
				<code value="G43.109"/> 
				<display value="Migraine with aura, without mention of intractable migraine without mention of status migrainosus"/> 
			</coding> 
		</code> 
		<count value="13"/> 
	</diagnosis>
	<diagnosis> 
		<code> 
			<coding> 
				<system value="http://hl7.org/fhir/sid/icd-10"/>
				<code value="F90.0"/> 
				<display value="ADHD, predominantly inattentive type"/> 
			</coding> 
		</code> 
		<count value="13"/> 
	</diagnosis>
	<diagnosis> 
		<code> 
			<coding> 
				<system value="http://hl7.org/fhir/sid/icd-10"/>
				<code value="K02.9"/> 
				<display value="Unspecified dental caries"/> 
			</coding> 
		</code> 
		<count value="13"/> 
	</diagnosis>
	<diagnosis> 
		<code> 
			<coding> 
				<system value="http://hl7.org/fhir/sid/icd-10"/>
				<code value="D22.9"/> 
				<display value="Multiple nevi"/> 
			</coding> 
		</code> 
		<count value="13"/> 
	</diagnosis>
	<diagnosis> 
		<code> 
			<coding> 
				<system value="http://hl7.org/fhir/sid/icd-10"/>
				<code value="H10.45"/> 
				<display value="Other chronic allergic conjunctivitis"/> 
			</coding> 
		</code> 
		<count value="12"/> 
	</diagnosis>
	<diagnosis> 
		<code> 
			<coding> 
				<system value="http://hl7.org/fhir/sid/icd-10"/>
				<code value="A41.9"/> 
				<display value="Sepsis"/> 
			</coding> 
		</code> 
		<count value="12"/> 
	</diagnosis>
	<diagnosis> 
		<code> 
			<coding> 
				<system value="http://hl7.org/fhir/sid/icd-10"/>
				<code value="E66.01"/> 
				<display value="Morbid obesity due to excess calories"/> 
			</coding> 
		</code> 
		<count value="12"/> 
	</diagnosis>
	<diagnosis> 
		<code> 
			<coding> 
				<system value="http://hl7.org/fhir/sid/icd-10"/>
				<code value="G47.9"/> 
				<display value="Sleep disorder"/> 
			</coding> 
		</code> 
		<count value="12"/> 
	</diagnosis>
	<diagnosis> 
		<code> 
			<coding> 
				<system value="http://hl7.org/fhir/sid/icd-10"/>
				<code value="H10.10"/> 
				<display value="Allergic conjunctivitis and rhinitis"/> 
			</coding> 
		</code> 
		<count value="12"/> 
	</diagnosis>
	<diagnosis> 
		<code> 
			<coding> 
				<system value="http://hl7.org/fhir/sid/icd-10"/>
				<code value="E03.9"/> 
				<display value="Hypothyroidism"/> 
			</coding> 
		</code> 
		<count value="12"/> 
	</diagnosis>
	<diagnosis> 
		<code> 
			<coding> 
				<system value="http://hl7.org/fhir/sid/icd-10"/>
				<code value="R04.0"/> 
				<display value="Epistaxis"/> 
			</coding> 
		</code> 
		<count value="12"/> 
	</diagnosis>
	<diagnosis> 
		<code> 
			<coding> 
				<system value="http://hl7.org/fhir/sid/icd-10"/>
				<code value="R50.9"/> 
				<display value="Fever and chills"/> 
			</coding> 
		</code> 
		<count value="12"/> 
	</diagnosis>
</ClinicalProfile>