<?xml version="1.0" encoding="UTF-8"?><ClinicalProfile xmlns="http://hl7.org/fhir">
	<!--   from Resource: id, meta, implicitRules, and language   -->
	<!--   from DomainResource: text, contained, extension, and modifierExtension   -->
	<id value="jhu-asthma-profile-25-diagnoses"/>
	<meta>
    <security>
      <system value="http://terminology.hl7.org/CodeSystem/v3-ActReason"/>
      <code value="HTEST"/>
      <display value="test health data"/>
    </security>
  </meta>
  <text>
		<status value="generated"/>
		<div xmlns="http://www.w3.org/1999/xhtml">
			<p>Selected diagnoses for Male,Female, Native Hawaiian or Other Pacific Islander,Asian,Unknown,American Indian or Alaska Native,Other patients aged 0 - 80+ seen as either outpatients or inpatients at Johns Hopkins Hospital, JHCP, and Bayview between 3/1/2016 and 3/1/2018 having a diagnosis of asthma recorded on the problem list or as an encounter diagnosis.
			</p>
		</div>
	</text>
	<identifier>
		<value value="urn:uuid:E452CFC4-AAAD-5146-750A62081C371993"/>
	</identifier>
	<status value="draft"/><!--   1..1 complete | draft | error   -->
	<population>
		<reference value="Group/asthma-population-jhu1"/>
	</population>
	<cohort>
		<reference value="Group/asthma-sample-25-cohort-jhu1"/>
		<display value="Native Hawaiian or Other Pacific Islander,Asian,Unknown,American Indian or Alaska Native,Other Male,Female aged 0 - 80+"/> 
	</cohort>
	<date value="2018-09-11T15:09:00Z"/><!--   0..1 When the profile was generated   -->
	<source>
		<value value="http://ictrweb.johnshopkins.edu/ictr/synthetic/includes/clinical_profiles.cfm"/>
	</source>
	<reporter>
		<reference value="Organization/JHM"/>
		<type value="Organization"/>
		<display value="Johns Hopkins School of Medicine"/>
	</reporter>
	<diagnosis> 
		<code> 
			<coding> 
				<system value="http://hl7.org/fhir/sid/icd-10"/>
				<code value="J45.909"/> 
				<display value="Asthma"/> 
			</coding> 
		</code> 
		<count value="2920"/> 
	</diagnosis>
	<diagnosis> 
		<code> 
			<coding> 
				<system value="http://hl7.org/fhir/sid/icd-10"/>
				<code value="J45.20"/> 
				<display value="Mild intermittent asthma without complication"/> 
			</coding> 
		</code> 
		<count value="1448"/> 
	</diagnosis>
	<diagnosis> 
		<code> 
			<coding> 
				<system value="http://hl7.org/fhir/sid/icd-10"/>
				<code value="Z00.00"/> 
				<display value="Routine general medical examination at a health care facility"/> 
			</coding> 
		</code> 
		<count value="1311"/> 
	</diagnosis>
	<diagnosis> 
		<code> 
			<coding> 
				<system value="http://hl7.org/fhir/sid/icd-10"/>
				<code value="J30.9"/> 
				<display value="Allergic rhinitis"/> 
			</coding> 
		</code> 
		<count value="1294"/> 
	</diagnosis>
	<diagnosis> 
		<code> 
			<coding> 
				<system value="http://hl7.org/fhir/sid/icd-10"/>
				<code value="I10"/> 
				<display value="Unspecified essential hypertension"/> 
			</coding> 
		</code> 
		<count value="1066"/> 
	</diagnosis>
	<diagnosis> 
		<code> 
			<coding> 
				<system value="http://hl7.org/fhir/sid/icd-10"/>
				<code value="K21.9"/> 
				<display value="Esophageal reflux"/> 
			</coding> 
		</code> 
		<count value="955"/> 
	</diagnosis>
	<diagnosis> 
		<code> 
			<coding> 
				<system value="http://hl7.org/fhir/sid/icd-10"/>
				<code value="Z00.129"/> 
				<display value="Routine infant or child health check"/> 
			</coding> 
		</code> 
		<count value="841"/> 
	</diagnosis>
	<diagnosis> 
		<code> 
			<coding> 
				<system value="http://hl7.org/fhir/sid/icd-10"/>
				<code value="E55.9"/> 
				<display value="Unspecified vitamin D deficiency"/> 
			</coding> 
		</code> 
		<count value="748"/> 
	</diagnosis>
	<diagnosis> 
		<code> 
			<coding> 
				<system value="http://hl7.org/fhir/sid/icd-10"/>
				<code value="G89.29"/> 
				<display value="Chronic pain of left knee"/> 
			</coding> 
		</code> 
		<count value="582"/> 
	</diagnosis>
	<diagnosis> 
		<code> 
			<coding> 
				<system value="http://hl7.org/fhir/sid/icd-10"/>
				<code value="E66.9"/> 
				<display value="Non morbid obesity"/> 
			</coding> 
		</code> 
		<count value="576"/> 
	</diagnosis>
	<diagnosis> 
		<code> 
			<coding> 
				<system value="http://hl7.org/fhir/sid/icd-10"/>
				<code value="L30.9"/> 
				<display value="Dermatitis"/> 
			</coding> 
		</code> 
		<count value="531"/> 
	</diagnosis>
	<diagnosis> 
		<code> 
			<coding> 
				<system value="http://hl7.org/fhir/sid/icd-10"/>
				<code value="F32.9"/> 
				<display value="Depression"/> 
			</coding> 
		</code> 
		<count value="505"/> 
	</diagnosis>
	<diagnosis> 
		<code> 
			<coding> 
				<system value="http://hl7.org/fhir/sid/icd-10"/>
				<code value="E11.9"/> 
				<display value="Diabetes mellitus, type 2"/> 
			</coding> 
		</code> 
		<count value="500"/> 
	</diagnosis>
	<diagnosis> 
		<code> 
			<coding> 
				<system value="http://hl7.org/fhir/sid/icd-10"/>
				<code value="E78.5"/> 
				<display value="Other and unspecified hyperlipidemia"/> 
			</coding> 
		</code> 
		<count value="485"/> 
	</diagnosis>
	<diagnosis> 
		<code> 
			<coding> 
				<system value="http://hl7.org/fhir/sid/icd-10"/>
				<code value="J45.30"/> 
				<display value="Mild persistent asthma without complication"/> 
			</coding> 
		</code> 
		<count value="476"/> 
	</diagnosis>
	<diagnosis> 
		<code> 
			<coding> 
				<system value="http://hl7.org/fhir/sid/icd-10"/>
				<code value="H52.4"/> 
				<display value="Hyperopia of both eyes with astigmatism and presbyopia"/> 
			</coding> 
		</code> 
		<count value="454"/> 
	</diagnosis>
	<diagnosis> 
		<code> 
			<coding> 
				<system value="http://hl7.org/fhir/sid/icd-10"/>
				<code value="J30.2"/> 
				<display value="Seasonal allergies"/> 
			</coding> 
		</code> 
		<count value="400"/> 
	</diagnosis>
	<diagnosis> 
		<code> 
			<coding> 
				<system value="http://hl7.org/fhir/sid/icd-10"/>
				<code value="E03.9"/> 
				<display value="Hypothyroidism"/> 
			</coding> 
		</code> 
		<count value="376"/> 
	</diagnosis>
	<diagnosis> 
		<code> 
			<coding> 
				<system value="http://hl7.org/fhir/sid/icd-10"/>
				<code value="H52.13"/> 
				<display value="Myopia with astigmatism, bilateral"/> 
			</coding> 
		</code> 
		<count value="371"/> 
	</diagnosis>
	<diagnosis> 
		<code> 
			<coding> 
				<system value="http://hl7.org/fhir/sid/icd-10"/>
				<code value="F41.9"/> 
				<display value="Anxiety disorder"/> 
			</coding> 
		</code> 
		<count value="369"/> 
	</diagnosis>
	<diagnosis> 
		<code> 
			<coding> 
				<system value="http://hl7.org/fhir/sid/icd-10"/>
				<code value="G47.33"/> 
				<display value="OSA on CPAP"/> 
			</coding> 
		</code> 
		<count value="365"/> 
	</diagnosis>
	<diagnosis> 
		<code> 
			<coding> 
				<system value="http://hl7.org/fhir/sid/icd-10"/>
				<code value="R05"/> 
				<display value="Chronic cough"/> 
			</coding> 
		</code> 
		<count value="362"/> 
	</diagnosis>
	<diagnosis> 
		<code> 
			<coding> 
				<system value="http://hl7.org/fhir/sid/icd-10"/>
				<code value="E78.00"/> 
				<display value="Pure hypercholesterolemia"/> 
			</coding> 
		</code> 
		<count value="348"/> 
	</diagnosis>
	<diagnosis> 
		<code> 
			<coding> 
				<system value="http://hl7.org/fhir/sid/icd-10"/>
				<code value="J30.1"/> 
				<display value="Allergic rhinitis due to pollen"/> 
			</coding> 
		</code> 
		<count value="347"/> 
	</diagnosis>
	<diagnosis> 
		<code> 
			<coding> 
				<system value="http://hl7.org/fhir/sid/icd-10"/>
				<code value="Z91.018"/> 
				<display value="Allergy to tree nuts"/> 
			</coding> 
		</code> 
		<count value="316"/> 
	</diagnosis>
	<diagnosis> 
		<code> 
			<coding> 
				<system value="http://hl7.org/fhir/sid/icd-10"/>
				<code value="M54.5"/> 
				<display value="Lumbago"/> 
			</coding> 
		</code> 
		<count value="303"/> 
	</diagnosis>
	<diagnosis> 
		<code> 
			<coding> 
				<system value="http://hl7.org/fhir/sid/icd-10"/>
				<code value="H52.209"/> 
				<display value="Hyperopia with astigmatism and presbyopia"/> 
			</coding> 
		</code> 
		<count value="299"/> 
	</diagnosis>
	<diagnosis> 
		<code> 
			<coding> 
				<system value="http://hl7.org/fhir/sid/icd-10"/>
				<code value="D64.9"/> 
				<display value="Anemia"/> 
			</coding> 
		</code> 
		<count value="298"/> 
	</diagnosis>
	<diagnosis> 
		<code> 
			<coding> 
				<system value="http://hl7.org/fhir/sid/icd-10"/>
				<code value="K59.00"/> 
				<display value="Constipation"/> 
			</coding> 
		</code> 
		<count value="291"/> 
	</diagnosis>
	<diagnosis> 
		<code> 
			<coding> 
				<system value="http://hl7.org/fhir/sid/icd-10"/>
				<code value="H52.203"/> 
				<display value="Myopia with astigmatism, bilateral"/> 
			</coding> 
		</code> 
		<count value="285"/> 
	</diagnosis>
	<diagnosis> 
		<code> 
			<coding> 
				<system value="http://hl7.org/fhir/sid/icd-10"/>
				<code value="R10.9"/> 
				<display value="Abdominal pain"/> 
			</coding> 
		</code> 
		<count value="264"/> 
	</diagnosis>
	<diagnosis> 
		<code> 
			<coding> 
				<system value="http://hl7.org/fhir/sid/icd-10"/>
				<code value="H52.10"/> 
				<display value="Myopia with astigmatism and presbyopia"/> 
			</coding> 
		</code> 
		<count value="263"/> 
	</diagnosis>
	<diagnosis> 
		<code> 
			<coding> 
				<system value="http://hl7.org/fhir/sid/icd-10"/>
				<code value="J45.40"/> 
				<display value="Moderate persistent asthma"/> 
			</coding> 
		</code> 
		<count value="254"/> 
	</diagnosis>
	<diagnosis> 
		<code> 
			<coding> 
				<system value="http://hl7.org/fhir/sid/icd-10"/>
				<code value="R51"/> 
				<display value="Headache(784.0)"/> 
			</coding> 
		</code> 
		<count value="249"/> 
	</diagnosis>
	<diagnosis> 
		<code> 
			<coding> 
				<system value="http://hl7.org/fhir/sid/icd-10"/>
				<code value="J45.901"/> 
				<display value="Acute asthma exacerbation"/> 
			</coding> 
		</code> 
		<count value="243"/> 
	</diagnosis>
	<diagnosis> 
		<code> 
			<coding> 
				<system value="http://hl7.org/fhir/sid/icd-10"/>
				<code value="E78.2"/> 
				<display value="Mixed hyperlipidemia"/> 
			</coding> 
		</code> 
		<count value="237"/> 
	</diagnosis>
	<diagnosis> 
		<code> 
			<coding> 
				<system value="http://hl7.org/fhir/sid/icd-10"/>
				<code value="IMO0002"/> 
				<display value="Other tear of cartilage or meniscus of knee, current"/> 
			</coding> 
		</code> 
		<count value="232"/> 
	</diagnosis>
	<diagnosis> 
		<code> 
			<coding> 
				<system value="http://hl7.org/fhir/sid/icd-10"/>
				<code value="M54.9"/> 
				<display value="Back pain"/> 
			</coding> 
		</code> 
		<count value="228"/> 
	</diagnosis>
	<diagnosis> 
		<code> 
			<coding> 
				<system value="http://hl7.org/fhir/sid/icd-10"/>
				<code value="Z98.890"/> 
				<display value="History of carotid endarterectomy"/> 
			</coding> 
		</code> 
		<count value="218"/> 
	</diagnosis>
	<diagnosis> 
		<code> 
			<coding> 
				<system value="http://hl7.org/fhir/sid/icd-10"/>
				<code value="G43.909"/> 
				<display value="Migraine"/> 
			</coding> 
		</code> 
		<count value="196"/> 
	</diagnosis>
	<diagnosis> 
		<code> 
			<coding> 
				<system value="http://hl7.org/fhir/sid/icd-10"/>
				<code value="R07.9"/> 
				<display value="Chest pain at rest"/> 
			</coding> 
		</code> 
		<count value="195"/> 
	</diagnosis>
	<diagnosis> 
		<code> 
			<coding> 
				<system value="http://hl7.org/fhir/sid/icd-10"/>
				<code value="E66.01"/> 
				<display value="Morbid obesity due to excess calories"/> 
			</coding> 
		</code> 
		<count value="193"/> 
	</diagnosis>
	<diagnosis> 
		<code> 
			<coding> 
				<system value="http://hl7.org/fhir/sid/icd-10"/>
				<code value="E66.3"/> 
				<display value="Overweight"/> 
			</coding> 
		</code> 
		<count value="188"/> 
	</diagnosis>
	<diagnosis> 
		<code> 
			<coding> 
				<system value="http://hl7.org/fhir/sid/icd-10"/>
				<code value="J45.990"/> 
				<display value="Asthma, exercise induced"/> 
			</coding> 
		</code> 
		<count value="186"/> 
	</diagnosis>
	<diagnosis> 
		<code> 
			<coding> 
				<system value="http://hl7.org/fhir/sid/icd-10"/>
				<code value="J18.9"/> 
				<display value="Pneumonia due to infectious organism"/> 
			</coding> 
		</code> 
		<count value="185"/> 
	</diagnosis>
	<diagnosis> 
		<code> 
			<coding> 
				<system value="http://hl7.org/fhir/sid/icd-10"/>
				<code value="M54.2"/> 
				<display value="Cervicalgia"/> 
			</coding> 
		</code> 
		<count value="176"/> 
	</diagnosis>
	<diagnosis> 
		<code> 
			<coding> 
				<system value="http://hl7.org/fhir/sid/icd-10"/>
				<code value="I25.10"/> 
				<display value="CAD (coronary artery disease)"/> 
			</coding> 
		</code> 
		<count value="173"/> 
	</diagnosis>
	<diagnosis> 
		<code> 
			<coding> 
				<system value="http://hl7.org/fhir/sid/icd-10"/>
				<code value="R53.83"/> 
				<display value="Fatigue"/> 
			</coding> 
		</code> 
		<count value="170"/> 
	</diagnosis>
	<diagnosis> 
		<code> 
			<coding> 
				<system value="http://hl7.org/fhir/sid/icd-10"/>
				<code value="Z34.90"/> 
				<display value="Pregnancy, obstetrical care"/> 
			</coding> 
		</code> 
		<count value="169"/> 
	</diagnosis>
	<diagnosis> 
		<code> 
			<coding> 
				<system value="http://hl7.org/fhir/sid/icd-10"/>
				<code value="R73.03"/> 
				<display value="Prediabetes"/> 
			</coding> 
		</code> 
		<count value="164"/> 
	</diagnosis>
	<diagnosis> 
		<code> 
			<coding> 
				<system value="http://hl7.org/fhir/sid/icd-10"/>
				<code value="L25.9"/> 
				<display value="Contact dermatitis and eczema"/> 
			</coding> 
		</code> 
		<count value="161"/> 
	</diagnosis>
	<diagnosis> 
		<code> 
			<coding> 
				<system value="http://hl7.org/fhir/sid/icd-10"/>
				<code value="H04.123"/> 
				<display value="Dry eyes, bilateral"/> 
			</coding> 
		</code> 
		<count value="160"/> 
	</diagnosis>
	<diagnosis> 
		<code> 
			<coding> 
				<system value="http://hl7.org/fhir/sid/icd-10"/>
				<code value="J31.0"/> 
				<display value="Nonallergic rhinitis"/> 
			</coding> 
		</code> 
		<count value="158"/> 
	</diagnosis>
	<diagnosis> 
		<code> 
			<coding> 
				<system value="http://hl7.org/fhir/sid/icd-10"/>
				<code value="Z68.54"/> 
				<display value="Body mass index, pediatric, greater than or equal to 95th percentile for age"/> 
			</coding> 
		</code> 
		<count value="158"/> 
	</diagnosis>
	<diagnosis> 
		<code> 
			<coding> 
				<system value="http://hl7.org/fhir/sid/icd-10"/>
				<code value="R06.02"/> 
				<display value="Shortness of breath"/> 
			</coding> 
		</code> 
		<count value="157"/> 
	</diagnosis>
	<diagnosis> 
		<code> 
			<coding> 
				<system value="http://hl7.org/fhir/sid/icd-10"/>
				<code value="Z01.818"/> 
				<display value="Preop examination"/> 
			</coding> 
		</code> 
		<count value="155"/> 
	</diagnosis>
	<diagnosis> 
		<code> 
			<coding> 
				<system value="http://hl7.org/fhir/sid/icd-10"/>
				<code value="R42"/> 
				<display value="Dizziness"/> 
			</coding> 
		</code> 
		<count value="155"/> 
	</diagnosis>
	<diagnosis> 
		<code> 
			<coding> 
				<system value="http://hl7.org/fhir/sid/icd-10"/>
				<code value="L20.9"/> 
				<display value="Atopic dermatitis"/> 
			</coding> 
		</code> 
		<count value="153"/> 
	</diagnosis>
	<diagnosis> 
		<code> 
			<coding> 
				<system value="http://hl7.org/fhir/sid/icd-10"/>
				<code value="G47.30"/> 
				<display value="Unspecified sleep apnea"/> 
			</coding> 
		</code> 
		<count value="153"/> 
	</diagnosis>
	<diagnosis> 
		<code> 
			<coding> 
				<system value="http://hl7.org/fhir/sid/icd-10"/>
				<code value="Z23"/> 
				<display value="Need for prophylactic vaccination and inoculation against influenza"/> 
			</coding> 
		</code> 
		<count value="150"/> 
	</diagnosis>
	<diagnosis> 
		<code> 
			<coding> 
				<system value="http://hl7.org/fhir/sid/icd-10"/>
				<code value="R00.2"/> 
				<display value="Heart palpitations"/> 
			</coding> 
		</code> 
		<count value="148"/> 
	</diagnosis>
	<diagnosis> 
		<code> 
			<coding> 
				<system value="http://hl7.org/fhir/sid/icd-10"/>
				<code value="Z91.09"/> 
				<display value="Environmental allergies"/> 
			</coding> 
		</code> 
		<count value="148"/> 
	</diagnosis>
	<diagnosis> 
		<code> 
			<coding> 
				<system value="http://hl7.org/fhir/sid/icd-10"/>
				<code value="G47.00"/> 
				<display value="Insomnia"/> 
			</coding> 
		</code> 
		<count value="147"/> 
	</diagnosis>
	<diagnosis> 
		<code> 
			<coding> 
				<system value="http://hl7.org/fhir/sid/icd-10"/>
				<code value="J45.21"/> 
				<display value="Mild intermittent asthma with acute exacerbation"/> 
			</coding> 
		</code> 
		<count value="146"/> 
	</diagnosis>
	<diagnosis> 
		<code> 
			<coding> 
				<system value="http://hl7.org/fhir/sid/icd-10"/>
				<code value="F41.1"/> 
				<display value="Anxiety state"/> 
			</coding> 
		</code> 
		<count value="144"/> 
	</diagnosis>
	<diagnosis> 
		<code> 
			<coding> 
				<system value="http://hl7.org/fhir/sid/icd-10"/>
				<code value="J32.9"/> 
				<display value="Chronic sinusitis"/> 
			</coding> 
		</code> 
		<count value="143"/> 
	</diagnosis>
	<diagnosis> 
		<code> 
			<coding> 
				<system value="http://hl7.org/fhir/sid/icd-10"/>
				<code value="N39.0"/> 
				<display value="UTI (lower urinary tract infection)"/> 
			</coding> 
		</code> 
		<count value="139"/> 
	</diagnosis>
	<diagnosis> 
		<code> 
			<coding> 
				<system value="http://hl7.org/fhir/sid/icd-10"/>
				<code value="J06.9"/> 
				<display value="Acute upper respiratory infections of unspecified site"/> 
			</coding> 
		</code> 
		<count value="137"/> 
	</diagnosis>
	<diagnosis> 
		<code> 
			<coding> 
				<system value="http://hl7.org/fhir/sid/icd-10"/>
				<code value="R07.89"/> 
				<display value="Atypical chest pain"/> 
			</coding> 
		</code> 
		<count value="136"/> 
	</diagnosis>
	<diagnosis> 
		<code> 
			<coding> 
				<system value="http://hl7.org/fhir/sid/icd-10"/>
				<code value="J30.89"/> 
				<display value="Seasonal and perennial allergic rhinitis"/> 
			</coding> 
		</code> 
		<count value="136"/> 
	</diagnosis>
	<diagnosis> 
		<code> 
			<coding> 
				<system value="http://hl7.org/fhir/sid/icd-10"/>
				<code value="R06.09"/> 
				<display value="Other dyspnea and respiratory abnormality"/> 
			</coding> 
		</code> 
		<count value="134"/> 
	</diagnosis>
	<diagnosis> 
		<code> 
			<coding> 
				<system value="http://hl7.org/fhir/sid/icd-10"/>
				<code value="Z96.1"/> 
				<display value="Pseudophakia of both eyes"/> 
			</coding> 
		</code> 
		<count value="133"/> 
	</diagnosis>
	<diagnosis> 
		<code> 
			<coding> 
				<system value="http://hl7.org/fhir/sid/icd-10"/>
				<code value="M19.90"/> 
				<display value="Arthritis"/> 
			</coding> 
		</code> 
		<count value="129"/> 
	</diagnosis>
	<diagnosis> 
		<code> 
			<coding> 
				<system value="http://hl7.org/fhir/sid/icd-10"/>
				<code value="D50.9"/> 
				<display value="Iron deficiency anemia"/> 
			</coding> 
		</code> 
		<count value="128"/> 
	</diagnosis>
	<diagnosis> 
		<code> 
			<coding> 
				<system value="http://hl7.org/fhir/sid/icd-10"/>
				<code value="H66.90"/> 
				<display value="RAOM (recurrent acute otitis media)"/> 
			</coding> 
		</code> 
		<count value="124"/> 
	</diagnosis>
	<diagnosis> 
		<code> 
			<coding> 
				<system value="http://hl7.org/fhir/sid/icd-10"/>
				<code value="H52.03"/> 
				<display value="Hyperopia of both eyes with astigmatism and presbyopia"/> 
			</coding> 
		</code> 
		<count value="124"/> 
	</diagnosis>
	<diagnosis> 
		<code> 
			<coding> 
				<system value="http://hl7.org/fhir/sid/icd-10"/>
				<code value="H10.13"/> 
				<display value="Allergic conjunctivitis of both eyes"/> 
			</coding> 
		</code> 
		<count value="123"/> 
	</diagnosis>
	<diagnosis> 
		<code> 
			<coding> 
				<system value="http://hl7.org/fhir/sid/icd-10"/>
				<code value="M25.561"/> 
				<display value="Chronic pain of right knee"/> 
			</coding> 
		</code> 
		<count value="123"/> 
	</diagnosis>
	<diagnosis> 
		<code> 
			<coding> 
				<system value="http://hl7.org/fhir/sid/icd-10"/>
				<code value="F90.9"/> 
				<display value="ADHD (attention deficit hyperactivity disorder)"/> 
			</coding> 
		</code> 
		<count value="122"/> 
	</diagnosis>
	<diagnosis> 
		<code> 
			<coding> 
				<system value="http://hl7.org/fhir/sid/icd-10"/>
				<code value="R06.83"/> 
				<display value="Snoring"/> 
			</coding> 
		</code> 
		<count value="121"/> 
	</diagnosis>
	<diagnosis> 
		<code> 
			<coding> 
				<system value="http://hl7.org/fhir/sid/icd-10"/>
				<code value="Z79.899"/> 
				<display value="Long-term use of immunosuppressant medication"/> 
			</coding> 
		</code> 
		<count value="120"/> 
	</diagnosis>
	<diagnosis> 
		<code> 
			<coding> 
				<system value="http://hl7.org/fhir/sid/icd-10"/>
				<code value="IMO0001"/> 
				<display value="Elevated blood pressure"/> 
			</coding> 
		</code> 
		<count value="119"/> 
	</diagnosis>
	<diagnosis> 
		<code> 
			<coding> 
				<system value="http://hl7.org/fhir/sid/icd-10"/>
				<code value="R73.01"/> 
				<display value="Impaired fasting glucose"/> 
			</coding> 
		</code> 
		<count value="119"/> 
	</diagnosis>
	<diagnosis> 
		<code> 
			<coding> 
				<system value="http://hl7.org/fhir/sid/icd-10"/>
				<code value="R06.2"/> 
				<display value="Wheezing"/> 
			</coding> 
		</code> 
		<count value="116"/> 
	</diagnosis>
	<diagnosis> 
		<code> 
			<coding> 
				<system value="http://hl7.org/fhir/sid/icd-10"/>
				<code value="F17.200"/> 
				<display value="Current smoker"/> 
			</coding> 
		</code> 
		<count value="114"/> 
	</diagnosis>
	<diagnosis> 
		<code> 
			<coding> 
				<system value="http://hl7.org/fhir/sid/icd-10"/>
				<code value="M25.562"/> 
				<display value="Bilateral chronic knee pain"/> 
			</coding> 
		</code> 
		<count value="114"/> 
	</diagnosis>
	<diagnosis> 
		<code> 
			<coding> 
				<system value="http://hl7.org/fhir/sid/icd-10"/>
				<code value="H91.90"/> 
				<display value="Hearing loss"/> 
			</coding> 
		</code> 
		<count value="112"/> 
	</diagnosis>
	<diagnosis> 
		<code> 
			<coding> 
				<system value="http://hl7.org/fhir/sid/icd-10"/>
				<code value="M25.569"/> 
				<display value="Pain in joint, lower leg"/> 
			</coding> 
		</code> 
		<count value="109"/> 
	</diagnosis>
	<diagnosis> 
		<code> 
			<coding> 
				<system value="http://hl7.org/fhir/sid/icd-10"/>
				<code value="Z82.49"/> 
				<display value="Family history of congestive cardiomyopathy"/> 
			</coding> 
		</code> 
		<count value="108"/> 
	</diagnosis>
	<diagnosis> 
		<code> 
			<coding> 
				<system value="http://hl7.org/fhir/sid/icd-10"/>
				<code value="M81.0"/> 
				<display value="Osteoporosis"/> 
			</coding> 
		</code> 
		<count value="108"/> 
	</diagnosis>
	<diagnosis> 
		<code> 
			<coding> 
				<system value="http://hl7.org/fhir/sid/icd-10"/>
				<code value="Z78.9"/> 
				<display value="Vegetarian diet"/> 
			</coding> 
		</code> 
		<count value="107"/> 
	</diagnosis>
	<diagnosis> 
		<code> 
			<coding> 
				<system value="http://hl7.org/fhir/sid/icd-10"/>
				<code value="R01.1"/> 
				<display value="Murmur"/> 
			</coding> 
		</code> 
		<count value="107"/> 
	</diagnosis>
	<diagnosis> 
		<code> 
			<coding> 
				<system value="http://hl7.org/fhir/sid/icd-10"/>
				<code value="R21"/> 
				<display value="Skin rash"/> 
			</coding> 
		</code> 
		<count value="106"/> 
	</diagnosis>
	<diagnosis> 
		<code> 
			<coding> 
				<system value="http://hl7.org/fhir/sid/icd-10"/>
				<code value="P07.30"/> 
				<display value="Prematurity"/> 
			</coding> 
		</code> 
		<count value="105"/> 
	</diagnosis>
	<diagnosis> 
		<code> 
			<coding> 
				<system value="http://hl7.org/fhir/sid/icd-10"/>
				<code value="R03.0"/> 
				<display value="Elevated blood pressure reading without diagnosis of hypertension"/> 
			</coding> 
		</code> 
		<count value="105"/> 
	</diagnosis>
	<diagnosis> 
		<code> 
			<coding> 
				<system value="http://hl7.org/fhir/sid/icd-10"/>
				<code value="M85.80"/> 
				<display value="Osteopenia"/> 
			</coding> 
		</code> 
		<count value="100"/> 
	</diagnosis>
	<diagnosis> 
		<code> 
			<coding> 
				<system value="http://hl7.org/fhir/sid/icd-10"/>
				<code value="M79.609"/> 
				<display value="Pain in limb"/> 
			</coding> 
		</code> 
		<count value="99"/> 
	</diagnosis>
	<diagnosis> 
		<code> 
			<coding> 
				<system value="http://hl7.org/fhir/sid/icd-10"/>
				<code value="R53.81"/> 
				<display value="Other malaise and fatigue"/> 
			</coding> 
		</code> 
		<count value="98"/> 
	</diagnosis>
	<diagnosis> 
		<code> 
			<coding> 
				<system value="http://hl7.org/fhir/sid/icd-10"/>
				<code value="R74.8"/> 
				<display value="Elevated liver enzymes"/> 
			</coding> 
		</code> 
		<count value="98"/> 
	</diagnosis>
	<diagnosis> 
		<code> 
			<coding> 
				<system value="http://hl7.org/fhir/sid/icd-10"/>
				<code value="Z79.4"/> 
				<display value="Controlled type 2 diabetes mellitus with complication, with long-term current use of insulin"/> 
			</coding> 
		</code> 
		<count value="97"/> 
	</diagnosis>
	<diagnosis> 
		<code> 
			<coding> 
				<system value="http://hl7.org/fhir/sid/icd-10"/>
				<code value="H26.9"/> 
				<display value="Cataract"/> 
			</coding> 
		</code> 
		<count value="96"/> 
	</diagnosis>
</ClinicalProfile>