<?xml version="1.0" encoding="UTF-8"?><ClinicalProfile xmlns="http://hl7.org/fhir">
	<!--   from Resource: id, meta, implicitRules, and language   -->
	<!--   from DomainResource: text, contained, extension, and modifierExtension   -->
	<id value="jhu-eds-profile-31-diagnoses"/>
	<meta>
    <security>
      <system value="http://terminology.hl7.org/CodeSystem/v3-ActReason"/>
      <code value="HTEST"/>
      <display value="test health data"/>
    </security>
  </meta>
  <text>
		<status value="generated"/>
		<div xmlns="http://www.w3.org/1999/xhtml">
			<p>Selected diagnoses for Female, White or Caucasian patients aged 50-64 seen as either outpatients or inpatients at Johns Hopkins Hospital, JHCP, and Bayview between 3/1/2016 and 3/1/2018 having a diagnosis of Ehlers-Danlos syndromes recorded on the problem list or as an encounter diagnosis.
			</p>
		</div>
	</text>
	<identifier>
		<value value="urn:uuid:45BCA0A5-EFFB-CCC6-1ED62256DE46B679"/>
	</identifier>
	<status value="draft"/><!--   1..1 complete | draft | error   -->
	<population>
		<reference value="Group/eds-population-jhu3"/>
	</population>
	<cohort>
		<reference value="Group/eds-sample-31-cohort-jhu3"/>
		<display value="White or Caucasian Female aged 50-64"/> 
	</cohort>
	<date value="2018-09-13T12:32:00Z"/><!--   0..1 When the profile was generated   -->
	<source>
		<value value="http://ictrweb.johnshopkins.edu/ictr/synthetic/includes/clinical_profiles.cfm"/>
	</source>
	<reporter>
		<reference value="Organization/JHM"/>
		<type value="Organization"/>
		<display value="Johns Hopkins School of Medicine"/>
	</reporter>
	<diagnosis> 
		<code> 
			<coding> 
				<system value="http://hl7.org/fhir/sid/icd-10"/>
				<code value="Q79.6"/> 
				<display value="Ehlers-Danlos syndrome"/> 
			</coding> 
		</code> 
		<count value="125"/> 
	</diagnosis>
	<diagnosis> 
		<code> 
			<coding> 
				<system value="http://hl7.org/fhir/sid/icd-10"/>
				<code value="E55.9"/> 
				<display value="Vitamin D deficiency"/> 
			</coding> 
		</code> 
		<count value="24"/> 
	</diagnosis>
	<diagnosis> 
		<code> 
			<coding> 
				<system value="http://hl7.org/fhir/sid/icd-10"/>
				<code value="I10"/> 
				<display value="Hypertension"/> 
			</coding> 
		</code> 
		<count value="24"/> 
	</diagnosis>
	<diagnosis> 
		<code> 
			<coding> 
				<system value="http://hl7.org/fhir/sid/icd-10"/>
				<code value="K21.9"/> 
				<display value="GERD (gastroesophageal reflux disease)"/> 
			</coding> 
		</code> 
		<count value="24"/> 
	</diagnosis>
	<diagnosis> 
		<code> 
			<coding> 
				<system value="http://hl7.org/fhir/sid/icd-10"/>
				<code value="Z00.00"/> 
				<display value="Routine general medical examination at a health care facility"/> 
			</coding> 
		</code> 
		<count value="23"/> 
	</diagnosis>
	<diagnosis> 
		<code> 
			<coding> 
				<system value="http://hl7.org/fhir/sid/icd-10"/>
				<code value="IMO0002"/> 
				<display value="Glaucoma suspect with open angle"/> 
			</coding> 
		</code> 
		<count value="22"/> 
	</diagnosis>
	<diagnosis> 
		<code> 
			<coding> 
				<system value="http://hl7.org/fhir/sid/icd-10"/>
				<code value="E03.9"/> 
				<display value="Hypothyroidism"/> 
			</coding> 
		</code> 
		<count value="21"/> 
	</diagnosis>
	<diagnosis> 
		<code> 
			<coding> 
				<system value="http://hl7.org/fhir/sid/icd-10"/>
				<code value="F32.9"/> 
				<display value="Depression"/> 
			</coding> 
		</code> 
		<count value="19"/> 
	</diagnosis>
	<diagnosis> 
		<code> 
			<coding> 
				<system value="http://hl7.org/fhir/sid/icd-10"/>
				<code value="G89.29"/> 
				<display value="Chronic pain"/> 
			</coding> 
		</code> 
		<count value="19"/> 
	</diagnosis>
	<diagnosis> 
		<code> 
			<coding> 
				<system value="http://hl7.org/fhir/sid/icd-10"/>
				<code value="H04.123"/> 
				<display value="Dry eye syndrome, bilateral"/> 
			</coding> 
		</code> 
		<count value="17"/> 
	</diagnosis>
	<diagnosis> 
		<code> 
			<coding> 
				<system value="http://hl7.org/fhir/sid/icd-10"/>
				<code value="E78.00"/> 
				<display value="Hypercholesterolemia"/> 
			</coding> 
		</code> 
		<count value="17"/> 
	</diagnosis>
	<diagnosis> 
		<code> 
			<coding> 
				<system value="http://hl7.org/fhir/sid/icd-10"/>
				<code value="H52.4"/> 
				<display value="Astigmatism with presbyopia"/> 
			</coding> 
		</code> 
		<count value="16"/> 
	</diagnosis>
	<diagnosis> 
		<code> 
			<coding> 
				<system value="http://hl7.org/fhir/sid/icd-10"/>
				<code value="G43.909"/> 
				<display value="Migraine"/> 
			</coding> 
		</code> 
		<count value="15"/> 
	</diagnosis>
	<diagnosis> 
		<code> 
			<coding> 
				<system value="http://hl7.org/fhir/sid/icd-10"/>
				<code value="J45.909"/> 
				<display value="Asthma"/> 
			</coding> 
		</code> 
		<count value="15"/> 
	</diagnosis>
	<diagnosis> 
		<code> 
			<coding> 
				<system value="http://hl7.org/fhir/sid/icd-10"/>
				<code value="M79.7"/> 
				<display value="Fibromyalgia"/> 
			</coding> 
		</code> 
		<count value="14"/> 
	</diagnosis>
	<diagnosis> 
		<code> 
			<coding> 
				<system value="http://hl7.org/fhir/sid/icd-10"/>
				<code value="F41.9"/> 
				<display value="Anxiety"/> 
			</coding> 
		</code> 
		<count value="14"/> 
	</diagnosis>
	<diagnosis> 
		<code> 
			<coding> 
				<system value="http://hl7.org/fhir/sid/icd-10"/>
				<code value="G47.00"/> 
				<display value="Insomnia, unspecified"/> 
			</coding> 
		</code> 
		<count value="14"/> 
	</diagnosis>
	<diagnosis> 
		<code> 
			<coding> 
				<system value="http://hl7.org/fhir/sid/icd-10"/>
				<code value="E78.5"/> 
				<display value="HLD (hyperlipidemia)"/> 
			</coding> 
		</code> 
		<count value="13"/> 
	</diagnosis>
	<diagnosis> 
		<code> 
			<coding> 
				<system value="http://hl7.org/fhir/sid/icd-10"/>
				<code value="M19.90"/> 
				<display value="Arthritis"/> 
			</coding> 
		</code> 
		<count value="13"/> 
	</diagnosis>
	<diagnosis> 
		<code> 
			<coding> 
				<system value="http://hl7.org/fhir/sid/icd-10"/>
				<code value="Z98.890"/> 
				<display value="PONV (postoperative nausea and vomiting)"/> 
			</coding> 
		</code> 
		<count value="13"/> 
	</diagnosis>
	<diagnosis> 
		<code> 
			<coding> 
				<system value="http://hl7.org/fhir/sid/icd-10"/>
				<code value="R51"/> 
				<display value="Pressure in head"/> 
			</coding> 
		</code> 
		<count value="12"/> 
	</diagnosis>
	<diagnosis> 
		<code> 
			<coding> 
				<system value="http://hl7.org/fhir/sid/icd-10"/>
				<code value="M85.80"/> 
				<display value="Osteopenia"/> 
			</coding> 
		</code> 
		<count value="12"/> 
	</diagnosis>
	<diagnosis> 
		<code> 
			<coding> 
				<system value="http://hl7.org/fhir/sid/icd-10"/>
				<code value="M54.2"/> 
				<display value="Neck pain"/> 
			</coding> 
		</code> 
		<count value="12"/> 
	</diagnosis>
	<diagnosis> 
		<code> 
			<coding> 
				<system value="http://hl7.org/fhir/sid/icd-10"/>
				<code value="J30.9"/> 
				<display value="Allergic rhinitis, cause unspecified"/> 
			</coding> 
		</code> 
		<count value="11"/> 
	</diagnosis>
	<diagnosis> 
		<code> 
			<coding> 
				<system value="http://hl7.org/fhir/sid/icd-10"/>
				<code value="H51.11"/> 
				<display value="Convergence insufficiency"/> 
			</coding> 
		</code> 
		<count value="11"/> 
	</diagnosis>
	<diagnosis> 
		<code> 
			<coding> 
				<system value="http://hl7.org/fhir/sid/icd-10"/>
				<code value="I95.1"/> 
				<display value="POTS (postural orthostatic tachycardia syndrome)"/> 
			</coding> 
		</code> 
		<count value="10"/> 
	</diagnosis>
	<diagnosis> 
		<code> 
			<coding> 
				<system value="http://hl7.org/fhir/sid/icd-10"/>
				<code value="M81.0"/> 
				<display value="Osteoporosis"/> 
			</coding> 
		</code> 
		<count value="10"/> 
	</diagnosis>
	<diagnosis> 
		<code> 
			<coding> 
				<system value="http://hl7.org/fhir/sid/icd-10"/>
				<code value="R00.0"/> 
				<display value="POTS (postural orthostatic tachycardia syndrome)"/> 
			</coding> 
		</code> 
		<count value="10"/> 
	</diagnosis>
	<diagnosis> 
		<code> 
			<coding> 
				<system value="http://hl7.org/fhir/sid/icd-10"/>
				<code value="R00.2"/> 
				<display value="Palpitations"/> 
			</coding> 
		</code> 
		<count value="9"/> 
	</diagnosis>
	<diagnosis> 
		<code> 
			<coding> 
				<system value="http://hl7.org/fhir/sid/icd-10"/>
				<code value="M35.00"/> 
				<display value="Sjogren's syndrome"/> 
			</coding> 
		</code> 
		<count value="9"/> 
	</diagnosis>
	<diagnosis> 
		<code> 
			<coding> 
				<system value="http://hl7.org/fhir/sid/icd-10"/>
				<code value="I73.00"/> 
				<display value="Raynaud's disease without gangrene"/> 
			</coding> 
		</code> 
		<count value="9"/> 
	</diagnosis>
	<diagnosis> 
		<code> 
			<coding> 
				<system value="http://hl7.org/fhir/sid/icd-10"/>
				<code value="H52.13"/> 
				<display value="Myopia, bilateral"/> 
			</coding> 
		</code> 
		<count value="9"/> 
	</diagnosis>
	<diagnosis> 
		<code> 
			<coding> 
				<system value="http://hl7.org/fhir/sid/icd-10"/>
				<code value="G54.0"/> 
				<display value="Neurogenic thoracic outlet syndrome"/> 
			</coding> 
		</code> 
		<count value="9"/> 
	</diagnosis>
	<diagnosis> 
		<code> 
			<coding> 
				<system value="http://hl7.org/fhir/sid/icd-10"/>
				<code value="G47.33"/> 
				<display value="Obstructive sleep apnea on CPAP"/> 
			</coding> 
		</code> 
		<count value="8"/> 
	</diagnosis>
	<diagnosis> 
		<code> 
			<coding> 
				<system value="http://hl7.org/fhir/sid/icd-10"/>
				<code value="E04.2"/> 
				<display value="Multiple thyroid nodules"/> 
			</coding> 
		</code> 
		<count value="8"/> 
	</diagnosis>
	<diagnosis> 
		<code> 
			<coding> 
				<system value="http://hl7.org/fhir/sid/icd-10"/>
				<code value="E11.9"/> 
				<display value="Type 2 diabetes mellitus without complication"/> 
			</coding> 
		</code> 
		<count value="8"/> 
	</diagnosis>
	<diagnosis> 
		<code> 
			<coding> 
				<system value="http://hl7.org/fhir/sid/icd-10"/>
				<code value="I47.1"/> 
				<display value="Paroxysmal supraventricular tachycardia"/> 
			</coding> 
		</code> 
		<count value="8"/> 
	</diagnosis>
	<diagnosis> 
		<code> 
			<coding> 
				<system value="http://hl7.org/fhir/sid/icd-10"/>
				<code value="J30.89"/> 
				<display value="Perennial allergic rhinitis"/> 
			</coding> 
		</code> 
		<count value="8"/> 
	</diagnosis>
	<diagnosis> 
		<code> 
			<coding> 
				<system value="http://hl7.org/fhir/sid/icd-10"/>
				<code value="R42"/> 
				<display value="Dizziness"/> 
			</coding> 
		</code> 
		<count value="8"/> 
	</diagnosis>
	<diagnosis> 
		<code> 
			<coding> 
				<system value="http://hl7.org/fhir/sid/icd-10"/>
				<code value="R07.89"/> 
				<display value="Left-sided chest wall pain"/> 
			</coding> 
		</code> 
		<count value="7"/> 
	</diagnosis>
	<diagnosis> 
		<code> 
			<coding> 
				<system value="http://hl7.org/fhir/sid/icd-10"/>
				<code value="R10.9"/> 
				<display value="Abdominal pain, other specified site"/> 
			</coding> 
		</code> 
		<count value="7"/> 
	</diagnosis>
	<diagnosis> 
		<code> 
			<coding> 
				<system value="http://hl7.org/fhir/sid/icd-10"/>
				<code value="Z78.0"/> 
				<display value="Post-menopausal"/> 
			</coding> 
		</code> 
		<count value="7"/> 
	</diagnosis>
	<diagnosis> 
		<code> 
			<coding> 
				<system value="http://hl7.org/fhir/sid/icd-10"/>
				<code value="Z79.899"/> 
				<display value="Long-term use of immunosuppressant medication"/> 
			</coding> 
		</code> 
		<count value="7"/> 
	</diagnosis>
	<diagnosis> 
		<code> 
			<coding> 
				<system value="http://hl7.org/fhir/sid/icd-10"/>
				<code value="J32.9"/> 
				<display value="Sinusitis"/> 
			</coding> 
		</code> 
		<count value="7"/> 
	</diagnosis>
	<diagnosis> 
		<code> 
			<coding> 
				<system value="http://hl7.org/fhir/sid/icd-10"/>
				<code value="K58.9"/> 
				<display value="Irritable bowel syndrome"/> 
			</coding> 
		</code> 
		<count value="7"/> 
	</diagnosis>
	<diagnosis> 
		<code> 
			<coding> 
				<system value="http://hl7.org/fhir/sid/icd-10"/>
				<code value="M41.9"/> 
				<display value="Scoliosis"/> 
			</coding> 
		</code> 
		<count value="7"/> 
	</diagnosis>
	<diagnosis> 
		<code> 
			<coding> 
				<system value="http://hl7.org/fhir/sid/icd-10"/>
				<code value="E65"/> 
				<display value="Localized adiposity of neck"/> 
			</coding> 
		</code> 
		<count value="7"/> 
	</diagnosis>
	<diagnosis> 
		<code> 
			<coding> 
				<system value="http://hl7.org/fhir/sid/icd-10"/>
				<code value="H52.203"/> 
				<display value="Myopia with astigmatism and presbyopia, bilateral"/> 
			</coding> 
		</code> 
		<count value="7"/> 
	</diagnosis>
	<diagnosis> 
		<code> 
			<coding> 
				<system value="http://hl7.org/fhir/sid/icd-10"/>
				<code value="H53.2"/> 
				<display value="Diplopia"/> 
			</coding> 
		</code> 
		<count value="7"/> 
	</diagnosis>
	<diagnosis> 
		<code> 
			<coding> 
				<system value="http://hl7.org/fhir/sid/icd-10"/>
				<code value="H55.89"/> 
				<display value="Deficiencies of smooth pursuit movements"/> 
			</coding> 
		</code> 
		<count value="6"/> 
	</diagnosis>
	<diagnosis> 
		<code> 
			<coding> 
				<system value="http://hl7.org/fhir/sid/icd-10"/>
				<code value="I34.1"/> 
				<display value="Mitral valve prolapse"/> 
			</coding> 
		</code> 
		<count value="6"/> 
	</diagnosis>
	<diagnosis> 
		<code> 
			<coding> 
				<system value="http://hl7.org/fhir/sid/icd-10"/>
				<code value="H52.209"/> 
				<display value="Myopia with astigmatism"/> 
			</coding> 
		</code> 
		<count value="6"/> 
	</diagnosis>
	<diagnosis> 
		<code> 
			<coding> 
				<system value="http://hl7.org/fhir/sid/icd-10"/>
				<code value="H52.10"/> 
				<display value="Myopia with astigmatism"/> 
			</coding> 
		</code> 
		<count value="6"/> 
	</diagnosis>
	<diagnosis> 
		<code> 
			<coding> 
				<system value="http://hl7.org/fhir/sid/icd-10"/>
				<code value="H26.9"/> 
				<display value="Early cataracts, bilateral"/> 
			</coding> 
		</code> 
		<count value="6"/> 
	</diagnosis>
	<diagnosis> 
		<code> 
			<coding> 
				<system value="http://hl7.org/fhir/sid/icd-10"/>
				<code value="G90.9"/> 
				<display value="Autonomic dysfunction"/> 
			</coding> 
		</code> 
		<count value="6"/> 
	</diagnosis>
	<diagnosis> 
		<code> 
			<coding> 
				<system value="http://hl7.org/fhir/sid/icd-10"/>
				<code value="H04.129"/> 
				<display value="Tear film insufficiency"/> 
			</coding> 
		</code> 
		<count value="6"/> 
	</diagnosis>
	<diagnosis> 
		<code> 
			<coding> 
				<system value="http://hl7.org/fhir/sid/icd-10"/>
				<code value="D64.9"/> 
				<display value="Anemia"/> 
			</coding> 
		</code> 
		<count value="6"/> 
	</diagnosis>
	<diagnosis> 
		<code> 
			<coding> 
				<system value="http://hl7.org/fhir/sid/icd-10"/>
				<code value="M54.5"/> 
				<display value="Lumbar back pain"/> 
			</coding> 
		</code> 
		<count value="6"/> 
	</diagnosis>
	<diagnosis> 
		<code> 
			<coding> 
				<system value="http://hl7.org/fhir/sid/icd-10"/>
				<code value="M54.12"/> 
				<display value="Cervical radiculopathy"/> 
			</coding> 
		</code> 
		<count value="6"/> 
	</diagnosis>
	<diagnosis> 
		<code> 
			<coding> 
				<system value="http://hl7.org/fhir/sid/icd-10"/>
				<code value="R07.9"/> 
				<display value="Chest pain"/> 
			</coding> 
		</code> 
		<count value="6"/> 
	</diagnosis>
	<diagnosis> 
		<code> 
			<coding> 
				<system value="http://hl7.org/fhir/sid/icd-10"/>
				<code value="R55"/> 
				<display value="Vasovagal syncope"/> 
			</coding> 
		</code> 
		<count value="6"/> 
	</diagnosis>
	<diagnosis> 
		<code> 
			<coding> 
				<system value="http://hl7.org/fhir/sid/icd-10"/>
				<code value="Z01.818"/> 
				<display value="Preoperative examination, unspecified"/> 
			</coding> 
		</code> 
		<count value="6"/> 
	</diagnosis>
	<diagnosis> 
		<code> 
			<coding> 
				<system value="http://hl7.org/fhir/sid/icd-10"/>
				<code value="R92.8"/> 
				<display value="Abnormal mammogram, unspecified"/> 
			</coding> 
		</code> 
		<count value="5"/> 
	</diagnosis>
	<diagnosis> 
		<code> 
			<coding> 
				<system value="http://hl7.org/fhir/sid/icd-10"/>
				<code value="R06.02"/> 
				<display value="Shortness of breath"/> 
			</coding> 
		</code> 
		<count value="5"/> 
	</diagnosis>
	<diagnosis> 
		<code> 
			<coding> 
				<system value="http://hl7.org/fhir/sid/icd-10"/>
				<code value="N95.1"/> 
				<display value="Symptomatic menopausal or female climacteric states"/> 
			</coding> 
		</code> 
		<count value="5"/> 
	</diagnosis>
	<diagnosis> 
		<code> 
			<coding> 
				<system value="http://hl7.org/fhir/sid/icd-10"/>
				<code value="N95.2"/> 
				<display value="Atrophic vaginitis"/> 
			</coding> 
		</code> 
		<count value="5"/> 
	</diagnosis>
	<diagnosis> 
		<code> 
			<coding> 
				<system value="http://hl7.org/fhir/sid/icd-10"/>
				<code value="R13.10"/> 
				<display value="Difficulty swallowing"/> 
			</coding> 
		</code> 
		<count value="5"/> 
	</diagnosis>
	<diagnosis> 
		<code> 
			<coding> 
				<system value="http://hl7.org/fhir/sid/icd-10"/>
				<code value="R20.0"/> 
				<display value="Numbness and tingling"/> 
			</coding> 
		</code> 
		<count value="5"/> 
	</diagnosis>
	<diagnosis> 
		<code> 
			<coding> 
				<system value="http://hl7.org/fhir/sid/icd-10"/>
				<code value="Z90.710"/> 
				<display value="Acquired absence of both cervix and uterus"/> 
			</coding> 
		</code> 
		<count value="5"/> 
	</diagnosis>
	<diagnosis> 
		<code> 
			<coding> 
				<system value="http://hl7.org/fhir/sid/icd-10"/>
				<code value="M48.00"/> 
				<display value="Spinal stenosis, multilevel"/> 
			</coding> 
		</code> 
		<count value="5"/> 
	</diagnosis>
	<diagnosis> 
		<code> 
			<coding> 
				<system value="http://hl7.org/fhir/sid/icd-10"/>
				<code value="L71.9"/> 
				<display value="Rosacea"/> 
			</coding> 
		</code> 
		<count value="5"/> 
	</diagnosis>
	<diagnosis> 
		<code> 
			<coding> 
				<system value="http://hl7.org/fhir/sid/icd-10"/>
				<code value="E66.9"/> 
				<display value="Obesity"/> 
			</coding> 
		</code> 
		<count value="5"/> 
	</diagnosis>
	<diagnosis> 
		<code> 
			<coding> 
				<system value="http://hl7.org/fhir/sid/icd-10"/>
				<code value="G43.109"/> 
				<display value="Migraine with aura and without status migrainosus, not intractable"/> 
			</coding> 
		</code> 
		<count value="5"/> 
	</diagnosis>
	<diagnosis> 
		<code> 
			<coding> 
				<system value="http://hl7.org/fhir/sid/icd-10"/>
				<code value="H02.89"/> 
				<display value="Meibomian gland dysfunction"/> 
			</coding> 
		</code> 
		<count value="5"/> 
	</diagnosis>
	<diagnosis> 
		<code> 
			<coding> 
				<system value="http://hl7.org/fhir/sid/icd-10"/>
				<code value="H16.223"/> 
				<display value="Keratoconjunctivitis sicca of both eyes not specified as Sjogren's"/> 
			</coding> 
		</code> 
		<count value="5"/> 
	</diagnosis>
	<diagnosis> 
		<code> 
			<coding> 
				<system value="http://hl7.org/fhir/sid/icd-10"/>
				<code value="G47.30"/> 
				<display value="Sleep apnea"/> 
			</coding> 
		</code> 
		<count value="5"/> 
	</diagnosis>
	<diagnosis> 
		<code> 
			<coding> 
				<system value="http://hl7.org/fhir/sid/icd-10"/>
				<code value="G89.4"/> 
				<display value="Chronic pain disorder"/> 
			</coding> 
		</code> 
		<count value="4"/> 
	</diagnosis>
	<diagnosis> 
		<code> 
			<coding> 
				<system value="http://hl7.org/fhir/sid/icd-10"/>
				<code value="G93.2"/> 
				<display value="Pseudotumor cerebri"/> 
			</coding> 
		</code> 
		<count value="4"/> 
	</diagnosis>
	<diagnosis> 
		<code> 
			<coding> 
				<system value="http://hl7.org/fhir/sid/icd-10"/>
				<code value="G96.0"/> 
				<display value="CSF leak"/> 
			</coding> 
		</code> 
		<count value="4"/> 
	</diagnosis>
	<diagnosis> 
		<code> 
			<coding> 
				<system value="http://hl7.org/fhir/sid/icd-10"/>
				<code value="G56.00"/> 
				<display value="Carpal tunnel syndrome"/> 
			</coding> 
		</code> 
		<count value="4"/> 
	</diagnosis>
	<diagnosis> 
		<code> 
			<coding> 
				<system value="http://hl7.org/fhir/sid/icd-10"/>
				<code value="H43.812"/> 
				<display value="Posterior vitreous detachment, left eye"/> 
			</coding> 
		</code> 
		<count value="4"/> 
	</diagnosis>
	<diagnosis> 
		<code> 
			<coding> 
				<system value="http://hl7.org/fhir/sid/icd-10"/>
				<code value="H43.813"/> 
				<display value="Vitreous detachment, bilateral"/> 
			</coding> 
		</code> 
		<count value="4"/> 
	</diagnosis>
	<diagnosis> 
		<code> 
			<coding> 
				<system value="http://hl7.org/fhir/sid/icd-10"/>
				<code value="H40.003"/> 
				<display value="Glaucoma suspect of both eyes"/> 
			</coding> 
		</code> 
		<count value="4"/> 
	</diagnosis>
	<diagnosis> 
		<code> 
			<coding> 
				<system value="http://hl7.org/fhir/sid/icd-10"/>
				<code value="F51.04"/> 
				<display value="Chronic insomnia"/> 
			</coding> 
		</code> 
		<count value="4"/> 
	</diagnosis>
	<diagnosis> 
		<code> 
			<coding> 
				<system value="http://hl7.org/fhir/sid/icd-10"/>
				<code value="E66.3"/> 
				<display value="Overweight"/> 
			</coding> 
		</code> 
		<count value="4"/> 
	</diagnosis>
	<diagnosis> 
		<code> 
			<coding> 
				<system value="http://hl7.org/fhir/sid/icd-10"/>
				<code value="E61.1"/> 
				<display value="Low iron"/> 
			</coding> 
		</code> 
		<count value="4"/> 
	</diagnosis>
	<diagnosis> 
		<code> 
			<coding> 
				<system value="http://hl7.org/fhir/sid/icd-10"/>
				<code value="F07.81"/> 
				<display value="Postconcussion syndrome"/> 
			</coding> 
		</code> 
		<count value="4"/> 
	</diagnosis>
	<diagnosis> 
		<code> 
			<coding> 
				<system value="http://hl7.org/fhir/sid/icd-10"/>
				<code value="D12.6"/> 
				<display value="Benign neoplasm of colon"/> 
			</coding> 
		</code> 
		<count value="4"/> 
	</diagnosis>
	<diagnosis> 
		<code> 
			<coding> 
				<system value="http://hl7.org/fhir/sid/icd-10"/>
				<code value="K59.00"/> 
				<display value="Constipation"/> 
			</coding> 
		</code> 
		<count value="4"/> 
	</diagnosis>
	<diagnosis> 
		<code> 
			<coding> 
				<system value="http://hl7.org/fhir/sid/icd-10"/>
				<code value="L40.9"/> 
				<display value="Psoriasis"/> 
			</coding> 
		</code> 
		<count value="4"/> 
	</diagnosis>
	<diagnosis> 
		<code> 
			<coding> 
				<system value="http://hl7.org/fhir/sid/icd-10"/>
				<code value="J31.0"/> 
				<display value="Rhinitis, chronic"/> 
			</coding> 
		</code> 
		<count value="4"/> 
	</diagnosis>
	<diagnosis> 
		<code> 
			<coding> 
				<system value="http://hl7.org/fhir/sid/icd-10"/>
				<code value="I82.409"/> 
				<display value="Acute DVT (deep venous thrombosis)"/> 
			</coding> 
		</code> 
		<count value="4"/> 
	</diagnosis>
	<diagnosis> 
		<code> 
			<coding> 
				<system value="http://hl7.org/fhir/sid/icd-10"/>
				<code value="M48.02"/> 
				<display value="Cervical spinal stenosis"/> 
			</coding> 
		</code> 
		<count value="4"/> 
	</diagnosis>
	<diagnosis> 
		<code> 
			<coding> 
				<system value="http://hl7.org/fhir/sid/icd-10"/>
				<code value="M48.061"/> 
				<display value="Spinal stenosis, lumbar region, without neurogenic claudication"/> 
			</coding> 
		</code> 
		<count value="4"/> 
	</diagnosis>
	<diagnosis> 
		<code> 
			<coding> 
				<system value="http://hl7.org/fhir/sid/icd-10"/>
				<code value="M54.81"/> 
				<display value="Bilateral occipital neuralgia"/> 
			</coding> 
		</code> 
		<count value="4"/> 
	</diagnosis>
	<diagnosis> 
		<code> 
			<coding> 
				<system value="http://hl7.org/fhir/sid/icd-10"/>
				<code value="M32.9"/> 
				<display value="SLE (systemic lupus erythematosus related syndrome)"/> 
			</coding> 
		</code> 
		<count value="4"/> 
	</diagnosis>
	<diagnosis> 
		<code> 
			<coding> 
				<system value="http://hl7.org/fhir/sid/icd-10"/>
				<code value="M26.609"/> 
				<display value="Temporomandibular dysfunction syndrome"/> 
			</coding> 
		</code> 
		<count value="4"/> 
	</diagnosis>
	<diagnosis> 
		<code> 
			<coding> 
				<system value="http://hl7.org/fhir/sid/icd-10"/>
				<code value="M25.50"/> 
				<display value="Joint pain"/> 
			</coding> 
		</code> 
		<count value="4"/> 
	</diagnosis>
	<diagnosis> 
		<code> 
			<coding> 
				<system value="http://hl7.org/fhir/sid/icd-10"/>
				<code value="M25.511"/> 
				<display value="Chronic right shoulder pain"/> 
			</coding> 
		</code> 
		<count value="4"/> 
	</diagnosis>
	<diagnosis> 
		<code> 
			<coding> 
				<system value="http://hl7.org/fhir/sid/icd-10"/>
				<code value="M25.562"/> 
				<display value="Left knee pain"/> 
			</coding> 
		</code> 
		<count value="4"/> 
	</diagnosis>
	<diagnosis> 
		<code> 
			<coding> 
				<system value="http://hl7.org/fhir/sid/icd-10"/>
				<code value="M79.1"/> 
				<display value="Myalgia"/> 
			</coding> 
		</code> 
		<count value="4"/> 
	</diagnosis>
	<diagnosis> 
		<code> 
			<coding> 
				<system value="http://hl7.org/fhir/sid/icd-10"/>
				<code value="Z98.1"/> 
				<display value="Arthrodesis status"/> 
			</coding> 
		</code> 
		<count value="4"/> 
	</diagnosis>
	<diagnosis> 
		<code> 
			<coding> 
				<system value="http://hl7.org/fhir/sid/icd-10"/>
				<code value="R20.2"/> 
				<display value="Tingling"/> 
			</coding> 
		</code> 
		<count value="4"/> 
	</diagnosis>
	<diagnosis> 
		<code> 
			<coding> 
				<system value="http://hl7.org/fhir/sid/icd-10"/>
				<code value="R91.8"/> 
				<display value="Pulmonary nodules"/> 
			</coding> 
		</code> 
		<count value="4"/> 
	</diagnosis>
	<diagnosis> 
		<code> 
			<coding> 
				<system value="http://hl7.org/fhir/sid/icd-10"/>
				<code value="R53.83"/> 
				<display value="Fatigue"/> 
			</coding> 
		</code> 
		<count value="3"/> 
	</diagnosis>
	<diagnosis> 
		<code> 
			<coding> 
				<system value="http://hl7.org/fhir/sid/icd-10"/>
				<code value="R74.8"/> 
				<display value="Elevated liver enzymes"/> 
			</coding> 
		</code> 
		<count value="3"/> 
	</diagnosis>
	<diagnosis> 
		<code> 
			<coding> 
				<system value="http://hl7.org/fhir/sid/icd-10"/>
				<code value="R80.9"/> 
				<display value="Proteinuria"/> 
			</coding> 
		</code> 
		<count value="3"/> 
	</diagnosis>
	<diagnosis> 
		<code> 
			<coding> 
				<system value="http://hl7.org/fhir/sid/icd-10"/>
				<code value="R60.0"/> 
				<display value="Bilateral edema of lower extremity"/> 
			</coding> 
		</code> 
		<count value="3"/> 
	</diagnosis>
	<diagnosis> 
		<code> 
			<coding> 
				<system value="http://hl7.org/fhir/sid/icd-10"/>
				<code value="R73.03"/> 
				<display value="Prediabetes"/> 
			</coding> 
		</code> 
		<count value="3"/> 
	</diagnosis>
	<diagnosis> 
		<code> 
			<coding> 
				<system value="http://hl7.org/fhir/sid/icd-10"/>
				<code value="Z12.11"/> 
				<display value="Colon cancer screening"/> 
			</coding> 
		</code> 
		<count value="3"/> 
	</diagnosis>
	<diagnosis> 
		<code> 
			<coding> 
				<system value="http://hl7.org/fhir/sid/icd-10"/>
				<code value="R93.8"/> 
				<display value="Abnormal CXR"/> 
			</coding> 
		</code> 
		<count value="3"/> 
	</diagnosis>
	<diagnosis> 
		<code> 
			<coding> 
				<system value="http://hl7.org/fhir/sid/icd-10"/>
				<code value="R25.1"/> 
				<display value="Tremor"/> 
			</coding> 
		</code> 
		<count value="3"/> 
	</diagnosis>
	<diagnosis> 
		<code> 
			<coding> 
				<system value="http://hl7.org/fhir/sid/icd-10"/>
				<code value="R25.2"/> 
				<display value="Cramp of limb"/> 
			</coding> 
		</code> 
		<count value="3"/> 
	</diagnosis>
	<diagnosis> 
		<code> 
			<coding> 
				<system value="http://hl7.org/fhir/sid/icd-10"/>
				<code value="R32"/> 
				<display value="Incontinence"/> 
			</coding> 
		</code> 
		<count value="3"/> 
	</diagnosis>
	<diagnosis> 
		<code> 
			<coding> 
				<system value="http://hl7.org/fhir/sid/icd-10"/>
				<code value="R06.09"/> 
				<display value="Dyspnea on exertion"/> 
			</coding> 
		</code> 
		<count value="3"/> 
	</diagnosis>
	<diagnosis> 
		<code> 
			<coding> 
				<system value="http://hl7.org/fhir/sid/icd-10"/>
				<code value="R06.00"/> 
				<display value="Dyspnea, unspecified type"/> 
			</coding> 
		</code> 
		<count value="3"/> 
	</diagnosis>
	<diagnosis> 
		<code> 
			<coding> 
				<system value="http://hl7.org/fhir/sid/icd-10"/>
				<code value="R10.2"/> 
				<display value="Pelvic pain in female"/> 
			</coding> 
		</code> 
		<count value="3"/> 
	</diagnosis>
	<diagnosis> 
		<code> 
			<coding> 
				<system value="http://hl7.org/fhir/sid/icd-10"/>
				<code value="Z88.9"/> 
				<display value="Drug allergy"/> 
			</coding> 
		</code> 
		<count value="3"/> 
	</diagnosis>
	<diagnosis> 
		<code> 
			<coding> 
				<system value="http://hl7.org/fhir/sid/icd-10"/>
				<code value="Z92.89"/> 
				<display value="History of echocardiogram"/> 
			</coding> 
		</code> 
		<count value="3"/> 
	</diagnosis>
	<diagnosis> 
		<code> 
			<coding> 
				<system value="http://hl7.org/fhir/sid/icd-10"/>
				<code value="Z86.19"/> 
				<display value="H/o Lyme disease"/> 
			</coding> 
		</code> 
		<count value="3"/> 
	</diagnosis>
	<diagnosis> 
		<code> 
			<coding> 
				<system value="http://hl7.org/fhir/sid/icd-10"/>
				<code value="Z80.0"/> 
				<display value="Family history of malignant neoplasm of gastrointestinal tract"/> 
			</coding> 
		</code> 
		<count value="3"/> 
	</diagnosis>
	<diagnosis> 
		<code> 
			<coding> 
				<system value="http://hl7.org/fhir/sid/icd-10"/>
				<code value="Z82.49"/> 
				<display value="FHx: cerebral aneurysm"/> 
			</coding> 
		</code> 
		<count value="3"/> 
	</diagnosis>
	<diagnosis> 
		<code> 
			<coding> 
				<system value="http://hl7.org/fhir/sid/icd-10"/>
				<code value="Z79.01"/> 
				<display value="Long term current use of anticoagulant"/> 
			</coding> 
		</code> 
		<count value="3"/> 
	</diagnosis>
	<diagnosis> 
		<code> 
			<coding> 
				<system value="http://hl7.org/fhir/sid/icd-10"/>
				<code value="N39.0"/> 
				<display value="Recurrent UTI"/> 
			</coding> 
		</code> 
		<count value="3"/> 
	</diagnosis>
	<diagnosis> 
		<code> 
			<coding> 
				<system value="http://hl7.org/fhir/sid/icd-10"/>
				<code value="N18.3"/> 
				<display value="Chronic kidney disease, stage III (moderate)"/> 
			</coding> 
		</code> 
		<count value="3"/> 
	</diagnosis>
	<diagnosis> 
		<code> 
			<coding> 
				<system value="http://hl7.org/fhir/sid/icd-10"/>
				<code value="N39.46"/> 
				<display value="Mixed incontinence"/> 
			</coding> 
		</code> 
		<count value="3"/> 
	</diagnosis>
	<diagnosis> 
		<code> 
			<coding> 
				<system value="http://hl7.org/fhir/sid/icd-10"/>
				<code value="M25.512"/> 
				<display value="Chronic left shoulder pain"/> 
			</coding> 
		</code> 
		<count value="3"/> 
	</diagnosis>
	<diagnosis> 
		<code> 
			<coding> 
				<system value="http://hl7.org/fhir/sid/icd-10"/>
				<code value="M25.561"/> 
				<display value="Knee pain, bilateral"/> 
			</coding> 
		</code> 
		<count value="3"/> 
	</diagnosis>
	<diagnosis> 
		<code> 
			<coding> 
				<system value="http://hl7.org/fhir/sid/icd-10"/>
				<code value="M35.7"/> 
				<display value="Benign joint hypermobility"/> 
			</coding> 
		</code> 
		<count value="3"/> 
	</diagnosis>
	<diagnosis> 
		<code> 
			<coding> 
				<system value="http://hl7.org/fhir/sid/icd-10"/>
				<code value="M54.9"/> 
				<display value="Backache, unspecified"/> 
			</coding> 
		</code> 
		<count value="3"/> 
	</diagnosis>
	<diagnosis> 
		<code> 
			<coding> 
				<system value="http://hl7.org/fhir/sid/icd-10"/>
				<code value="M53.3"/> 
				<display value="Pain of both sacroiliac joints"/> 
			</coding> 
		</code> 
		<count value="3"/> 
	</diagnosis>
	<diagnosis> 
		<code> 
			<coding> 
				<system value="http://hl7.org/fhir/sid/icd-10"/>
				<code value="I95.9"/> 
				<display value="Hypotension"/> 
			</coding> 
		</code> 
		<count value="3"/> 
	</diagnosis>
	<diagnosis> 
		<code> 
			<coding> 
				<system value="http://hl7.org/fhir/sid/icd-10"/>
				<code value="I89.0"/> 
				<display value="Infection associated with lymphedema"/> 
			</coding> 
		</code> 
		<count value="3"/> 
	</diagnosis>
	<diagnosis> 
		<code> 
			<coding> 
				<system value="http://hl7.org/fhir/sid/icd-10"/>
				<code value="I48.0"/> 
				<display value="Paroxysmal atrial fibrillation"/> 
			</coding> 
		</code> 
		<count value="3"/> 
	</diagnosis>
	<diagnosis> 
		<code> 
			<coding> 
				<system value="http://hl7.org/fhir/sid/icd-10"/>
				<code value="I48.91"/> 
				<display value="Atrial fibrillation"/> 
			</coding> 
		</code> 
		<count value="3"/> 
	</diagnosis>
	<diagnosis> 
		<code> 
			<coding> 
				<system value="http://hl7.org/fhir/sid/icd-10"/>
				<code value="I72.3"/> 
				<display value="Iliac artery aneurysm, right"/> 
			</coding> 
		</code> 
		<count value="3"/> 
	</diagnosis>
	<diagnosis> 
		<code> 
			<coding> 
				<system value="http://hl7.org/fhir/sid/icd-10"/>
				<code value="I72.8"/> 
				<display value="Aneurysm of hepatic artery"/> 
			</coding> 
		</code> 
		<count value="3"/> 
	</diagnosis>
	<diagnosis> 
		<code> 
			<coding> 
				<system value="http://hl7.org/fhir/sid/icd-10"/>
				<code value="J30.1"/> 
				<display value="Allergic rhinitis due to pollen"/> 
			</coding> 
		</code> 
		<count value="3"/> 
	</diagnosis>
	<diagnosis> 
		<code> 
			<coding> 
				<system value="http://hl7.org/fhir/sid/icd-10"/>
				<code value="J30.2"/> 
				<display value="Seasonal allergies"/> 
			</coding> 
		</code> 
		<count value="3"/> 
	</diagnosis>
	<diagnosis> 
		<code> 
			<coding> 
				<system value="http://hl7.org/fhir/sid/icd-10"/>
				<code value="J38.3"/> 
				<display value="Paradoxical vocal cord motion"/> 
			</coding> 
		</code> 
		<count value="3"/> 
	</diagnosis>
	<diagnosis> 
		<code> 
			<coding> 
				<system value="http://hl7.org/fhir/sid/icd-10"/>
				<code value="J45.20"/> 
				<display value="Asthma, mild intermittent"/> 
			</coding> 
		</code> 
		<count value="3"/> 
	</diagnosis>
	<diagnosis> 
		<code> 
			<coding> 
				<system value="http://hl7.org/fhir/sid/icd-10"/>
				<code value="K22.2"/> 
				<display value="Schatzki's ring"/> 
			</coding> 
		</code> 
		<count value="3"/> 
	</diagnosis>
	<diagnosis> 
		<code> 
			<coding> 
				<system value="http://hl7.org/fhir/sid/icd-10"/>
				<code value="K22.4"/> 
				<display value="Esophageal spasm"/> 
			</coding> 
		</code> 
		<count value="3"/> 
	</diagnosis>
	<diagnosis> 
		<code> 
			<coding> 
				<system value="http://hl7.org/fhir/sid/icd-10"/>
				<code value="K29.70"/> 
				<display value="Gastritis"/> 
			</coding> 
		</code> 
		<count value="3"/> 
	</diagnosis>
	<diagnosis> 
		<code> 
			<coding> 
				<system value="http://hl7.org/fhir/sid/icd-10"/>
				<code value="K31.84"/> 
				<display value="Gastroparesis"/> 
			</coding> 
		</code> 
		<count value="3"/> 
	</diagnosis>
	<diagnosis> 
		<code> 
			<coding> 
				<system value="http://hl7.org/fhir/sid/icd-10"/>
				<code value="L50.9"/> 
				<display value="Hives"/> 
			</coding> 
		</code> 
		<count value="3"/> 
	</diagnosis>
	<diagnosis> 
		<code> 
			<coding> 
				<system value="http://hl7.org/fhir/sid/icd-10"/>
				<code value="K90.41"/> 
				<display value="Gluten intolerance"/> 
			</coding> 
		</code> 
		<count value="3"/> 
	</diagnosis>
	<diagnosis> 
		<code> 
			<coding> 
				<system value="http://hl7.org/fhir/sid/icd-10"/>
				<code value="K59.02"/> 
				<display value="Constipation by outlet dysfunction"/> 
			</coding> 
		</code> 
		<count value="3"/> 
	</diagnosis>
	<diagnosis> 
		<code> 
			<coding> 
				<system value="http://hl7.org/fhir/sid/icd-10"/>
				<code value="K59.09"/> 
				<display value="Other constipation"/> 
			</coding> 
		</code> 
		<count value="3"/> 
	</diagnosis>
	<diagnosis> 
		<code> 
			<coding> 
				<system value="http://hl7.org/fhir/sid/icd-10"/>
				<code value="K58.0"/> 
				<display value="Irritable bowel syndrome with diarrhea"/> 
			</coding> 
		</code> 
		<count value="3"/> 
	</diagnosis>
	<diagnosis> 
		<code> 
			<coding> 
				<system value="http://hl7.org/fhir/sid/icd-10"/>
				<code value="L74.519"/> 
				<display value="Hyperhidrosis"/> 
			</coding> 
		</code> 
		<count value="3"/> 
	</diagnosis>
	<diagnosis> 
		<code> 
			<coding> 
				<system value="http://hl7.org/fhir/sid/icd-10"/>
				<code value="M15.0"/> 
				<display value="Primary osteoarthritis involving multiple joints"/> 
			</coding> 
		</code> 
		<count value="3"/> 
	</diagnosis>
	<diagnosis> 
		<code> 
			<coding> 
				<system value="http://hl7.org/fhir/sid/icd-10"/>
				<code value="M21.612"/> 
				<display value="Bunion, left foot"/> 
			</coding> 
		</code> 
		<count value="3"/> 
	</diagnosis>
	<diagnosis> 
		<code> 
			<coding> 
				<system value="http://hl7.org/fhir/sid/icd-10"/>
				<code value="M24.9"/> 
				<display value="Hypermobility of joint"/> 
			</coding> 
		</code> 
		<count value="3"/> 
	</diagnosis>
	<diagnosis> 
		<code> 
			<coding> 
				<system value="http://hl7.org/fhir/sid/icd-10"/>
				<code value="C18.9"/> 
				<display value="Colon cancer metastasized to liver"/> 
			</coding> 
		</code> 
		<count value="3"/> 
	</diagnosis>
	<diagnosis> 
		<code> 
			<coding> 
				<system value="http://hl7.org/fhir/sid/icd-10"/>
				<code value="E06.3"/> 
				<display value="Hashimoto's thyroiditis"/> 
			</coding> 
		</code> 
		<count value="3"/> 
	</diagnosis>
	<diagnosis> 
		<code> 
			<coding> 
				<system value="http://hl7.org/fhir/sid/icd-10"/>
				<code value="E83.52"/> 
				<display value="Familial hypocalciuric hypercalcemia"/> 
			</coding> 
		</code> 
		<count value="3"/> 
	</diagnosis>
	<diagnosis> 
		<code> 
			<coding> 
				<system value="http://hl7.org/fhir/sid/icd-10"/>
				<code value="E66.01"/> 
				<display value="Morbid obesity"/> 
			</coding> 
		</code> 
		<count value="3"/> 
	</diagnosis>
	<diagnosis> 
		<code> 
			<coding> 
				<system value="http://hl7.org/fhir/sid/icd-10"/>
				<code value="F17.200"/> 
				<display value="Smoking"/> 
			</coding> 
		</code> 
		<count value="3"/> 
	</diagnosis>
	<diagnosis> 
		<code> 
			<coding> 
				<system value="http://hl7.org/fhir/sid/icd-10"/>
				<code value="F41.8"/> 
				<display value="Depression with anxiety"/> 
			</coding> 
		</code> 
		<count value="3"/> 
	</diagnosis>
	<diagnosis> 
		<code> 
			<coding> 
				<system value="http://hl7.org/fhir/sid/icd-10"/>
				<code value="G35"/> 
				<display value="Multiple sclerosis"/> 
			</coding> 
		</code> 
		<count value="3"/> 
	</diagnosis>
	<diagnosis> 
		<code> 
			<coding> 
				<system value="http://hl7.org/fhir/sid/icd-10"/>
				<code value="G43.009"/> 
				<display value="Migraine without aura"/> 
			</coding> 
		</code> 
		<count value="3"/> 
	</diagnosis>
	<diagnosis> 
		<code> 
			<coding> 
				<system value="http://hl7.org/fhir/sid/icd-10"/>
				<code value="I25.10"/> 
				<display value="Atherosclerosis of native coronary artery of native heart without angina pectoris"/> 
			</coding> 
		</code> 
		<count value="3"/> 
	</diagnosis>
	<diagnosis> 
		<code> 
			<coding> 
				<system value="http://hl7.org/fhir/sid/icd-10"/>
				<code value="I26.99"/> 
				<display value="Pulmonary embolism on right"/> 
			</coding> 
		</code> 
		<count value="3"/> 
	</diagnosis>
	<diagnosis> 
		<code> 
			<coding> 
				<system value="http://hl7.org/fhir/sid/icd-10"/>
				<code value="H53.8"/> 
				<display value="Blurry vision, bilateral"/> 
			</coding> 
		</code> 
		<count value="3"/> 
	</diagnosis>
	<diagnosis> 
		<code> 
			<coding> 
				<system value="http://hl7.org/fhir/sid/icd-10"/>
				<code value="G56.03"/> 
				<display value="Carpal tunnel syndrome on both sides"/> 
			</coding> 
		</code> 
		<count value="3"/> 
	</diagnosis>
	<diagnosis> 
		<code> 
			<coding> 
				<system value="http://hl7.org/fhir/sid/icd-10"/>
				<code value="G56.20"/> 
				<display value="Lesion of ulnar nerve"/> 
			</coding> 
		</code> 
		<count value="3"/> 
	</diagnosis>
	<diagnosis> 
		<code> 
			<coding> 
				<system value="http://hl7.org/fhir/sid/icd-10"/>
				<code value="H25.13"/> 
				<display value="Nuclear sclerosis of both eyes"/> 
			</coding> 
		</code> 
		<count value="3"/> 
	</diagnosis>
	<diagnosis> 
		<code> 
			<coding> 
				<system value="http://hl7.org/fhir/sid/icd-10"/>
				<code value="H25.9"/> 
				<display value="Senile cataracts of both eyes"/> 
			</coding> 
		</code> 
		<count value="3"/> 
	</diagnosis>
	<diagnosis> 
		<code> 
			<coding> 
				<system value="http://hl7.org/fhir/sid/icd-10"/>
				<code value="H01.009"/> 
				<display value="Blepharitis"/> 
			</coding> 
		</code> 
		<count value="3"/> 
	</diagnosis>
</ClinicalProfile>