<?xml version="1.0" encoding="UTF-8"?><ClinicalProfile xmlns="http://hl7.org/fhir">
	<!--   from Resource: id, meta, implicitRules, and language   -->
	<!--   from DomainResource: text, contained, extension, and modifierExtension   -->
	<id value="jhu-asthma-profile-82-diagnoses"/>
	<meta>
    <security>
      <system value="http://terminology.hl7.org/CodeSystem/v3-ActReason"/>
      <code value="HTEST"/>
      <display value="test health data"/>
    </security>
  </meta>
  <text>
		<status value="generated"/>
		<div xmlns="http://www.w3.org/1999/xhtml">
			<p>Selected diagnoses for Female, Black or African American patients aged 0-4 seen as either outpatients or inpatients at Johns Hopkins Hospital, JHCP, and Bayview between 3/1/2016 and 3/1/2018 having a diagnosis of asthma recorded on the problem list or as an encounter diagnosis.
			</p>
		</div>
	</text>
	<identifier>
		<value value="urn:uuid:1896902B-9F0F-9B7F-E1BD224004041988"/>
	</identifier>
	<status value="draft"/><!--   1..1 complete | draft | error   -->
	<population>
		<reference value="Group/asthma-population-jhu1"/>
	</population>
	<cohort>
		<reference value="Group/asthma-sample-82-cohort-jhu1"/>
		<display value="Black or African American Female aged 0-4"/> 
	</cohort>
	<date value="2018-09-12T15:29:00Z"/><!--   0..1 When the profile was generated   -->
	<source>
		<value value="http://ictrweb.johnshopkins.edu/ictr/synthetic/includes/clinical_profiles.cfm"/>
	</source>
	<reporter>
		<reference value="Organization/JHM"/>
		<type value="Organization"/>
		<display value="Johns Hopkins School of Medicine"/>
	</reporter>
	<diagnosis> 
		<code> 
			<coding> 
				<system value="http://hl7.org/fhir/sid/icd-10"/>
				<code value="Z00.129"/> 
				<display value="Routine infant or child health check"/> 
			</coding> 
		</code> 
		<count value="349"/> 
	</diagnosis>
	<diagnosis> 
		<code> 
			<coding> 
				<system value="http://hl7.org/fhir/sid/icd-10"/>
				<code value="J45.20"/> 
				<display value="Mild intermittent asthma without complication"/> 
			</coding> 
		</code> 
		<count value="252"/> 
	</diagnosis>
	<diagnosis> 
		<code> 
			<coding> 
				<system value="http://hl7.org/fhir/sid/icd-10"/>
				<code value="J45.909"/> 
				<display value="Asthma"/> 
			</coding> 
		</code> 
		<count value="200"/> 
	</diagnosis>
	<diagnosis> 
		<code> 
			<coding> 
				<system value="http://hl7.org/fhir/sid/icd-10"/>
				<code value="L30.9"/> 
				<display value="Dermatitis"/> 
			</coding> 
		</code> 
		<count value="167"/> 
	</diagnosis>
	<diagnosis> 
		<code> 
			<coding> 
				<system value="http://hl7.org/fhir/sid/icd-10"/>
				<code value="J45.30"/> 
				<display value="Mild persistent asthma without complication"/> 
			</coding> 
		</code> 
		<count value="138"/> 
	</diagnosis>
	<diagnosis> 
		<code> 
			<coding> 
				<system value="http://hl7.org/fhir/sid/icd-10"/>
				<code value="P07.30"/> 
				<display value="Prematurity"/> 
			</coding> 
		</code> 
		<count value="126"/> 
	</diagnosis>
	<diagnosis> 
		<code> 
			<coding> 
				<system value="http://hl7.org/fhir/sid/icd-10"/>
				<code value="K21.9"/> 
				<display value="Esophageal reflux"/> 
			</coding> 
		</code> 
		<count value="115"/> 
	</diagnosis>
	<diagnosis> 
		<code> 
			<coding> 
				<system value="http://hl7.org/fhir/sid/icd-10"/>
				<code value="J45.901"/> 
				<display value="Acute asthma exacerbation"/> 
			</coding> 
		</code> 
		<count value="82"/> 
	</diagnosis>
	<diagnosis> 
		<code> 
			<coding> 
				<system value="http://hl7.org/fhir/sid/icd-10"/>
				<code value="K42.9"/> 
				<display value="Umbilical hernia"/> 
			</coding> 
		</code> 
		<count value="79"/> 
	</diagnosis>
	<diagnosis> 
		<code> 
			<coding> 
				<system value="http://hl7.org/fhir/sid/icd-10"/>
				<code value="K59.00"/> 
				<display value="Constipation"/> 
			</coding> 
		</code> 
		<count value="73"/> 
	</diagnosis>
	<diagnosis> 
		<code> 
			<coding> 
				<system value="http://hl7.org/fhir/sid/icd-10"/>
				<code value="J30.9"/> 
				<display value="Allergic rhinitis"/> 
			</coding> 
		</code> 
		<count value="72"/> 
	</diagnosis>
	<diagnosis> 
		<code> 
			<coding> 
				<system value="http://hl7.org/fhir/sid/icd-10"/>
				<code value="J21.9"/> 
				<display value="Bronchiolitis"/> 
			</coding> 
		</code> 
		<count value="62"/> 
	</diagnosis>
	<diagnosis> 
		<code> 
			<coding> 
				<system value="http://hl7.org/fhir/sid/icd-10"/>
				<code value="R06.2"/> 
				<display value="Wheezing"/> 
			</coding> 
		</code> 
		<count value="61"/> 
	</diagnosis>
	<diagnosis> 
		<code> 
			<coding> 
				<system value="http://hl7.org/fhir/sid/icd-10"/>
				<code value="J45.40"/> 
				<display value="Moderate persistent asthma"/> 
			</coding> 
		</code> 
		<count value="60"/> 
	</diagnosis>
	<diagnosis> 
		<code> 
			<coding> 
				<system value="http://hl7.org/fhir/sid/icd-10"/>
				<code value="J06.9"/> 
				<display value="Acute upper respiratory infections of unspecified site"/> 
			</coding> 
		</code> 
		<count value="59"/> 
	</diagnosis>
	<diagnosis> 
		<code> 
			<coding> 
				<system value="http://hl7.org/fhir/sid/icd-10"/>
				<code value="R62.50"/> 
				<display value="Development delay"/> 
			</coding> 
		</code> 
		<count value="54"/> 
	</diagnosis>
	<diagnosis> 
		<code> 
			<coding> 
				<system value="http://hl7.org/fhir/sid/icd-10"/>
				<code value="J18.9"/> 
				<display value="Pneumonia due to infectious organism"/> 
			</coding> 
		</code> 
		<count value="53"/> 
	</diagnosis>
	<diagnosis> 
		<code> 
			<coding> 
				<system value="http://hl7.org/fhir/sid/icd-10"/>
				<code value="Z00.110"/> 
				<display value="Well baby, under 8 days old"/> 
			</coding> 
		</code> 
		<count value="52"/> 
	</diagnosis>
	<diagnosis> 
		<code> 
			<coding> 
				<system value="http://hl7.org/fhir/sid/icd-10"/>
				<code value="R62.51"/> 
				<display value="Failure to thrive (0-17)"/> 
			</coding> 
		</code> 
		<count value="52"/> 
	</diagnosis>
	<diagnosis> 
		<code> 
			<coding> 
				<system value="http://hl7.org/fhir/sid/icd-10"/>
				<code value="G47.33"/> 
				<display value="OSA on CPAP"/> 
			</coding> 
		</code> 
		<count value="51"/> 
	</diagnosis>
	<diagnosis> 
		<code> 
			<coding> 
				<system value="http://hl7.org/fhir/sid/icd-10"/>
				<code value="Z91.018"/> 
				<display value="Allergy to tree nuts"/> 
			</coding> 
		</code> 
		<count value="51"/> 
	</diagnosis>
	<diagnosis> 
		<code> 
			<coding> 
				<system value="http://hl7.org/fhir/sid/icd-10"/>
				<code value="R63.3"/> 
				<display value="Feeding problem in child"/> 
			</coding> 
		</code> 
		<count value="50"/> 
	</diagnosis>
	<diagnosis> 
		<code> 
			<coding> 
				<system value="http://hl7.org/fhir/sid/icd-10"/>
				<code value="L22"/> 
				<display value="Candidal diaper rash"/> 
			</coding> 
		</code> 
		<count value="50"/> 
	</diagnosis>
	<diagnosis> 
		<code> 
			<coding> 
				<system value="http://hl7.org/fhir/sid/icd-10"/>
				<code value="L20.9"/> 
				<display value="Atopic dermatitis"/> 
			</coding> 
		</code> 
		<count value="48"/> 
	</diagnosis>
	<diagnosis> 
		<code> 
			<coding> 
				<system value="http://hl7.org/fhir/sid/icd-10"/>
				<code value="Z01.89"/> 
				<display value="Laboratory test"/> 
			</coding> 
		</code> 
		<count value="47"/> 
	</diagnosis>
	<diagnosis> 
		<code> 
			<coding> 
				<system value="http://hl7.org/fhir/sid/icd-10"/>
				<code value="B37.2"/> 
				<display value="Skin candidiasis"/> 
			</coding> 
		</code> 
		<count value="45"/> 
	</diagnosis>
	<diagnosis> 
		<code> 
			<coding> 
				<system value="http://hl7.org/fhir/sid/icd-10"/>
				<code value="H66.90"/> 
				<display value="RAOM (recurrent acute otitis media)"/> 
			</coding> 
		</code> 
		<count value="45"/> 
	</diagnosis>
	<diagnosis> 
		<code> 
			<coding> 
				<system value="http://hl7.org/fhir/sid/icd-10"/>
				<code value="R06.83"/> 
				<display value="Snoring"/> 
			</coding> 
		</code> 
		<count value="42"/> 
	</diagnosis>
	<diagnosis> 
		<code> 
			<coding> 
				<system value="http://hl7.org/fhir/sid/icd-10"/>
				<code value="D64.9"/> 
				<display value="Anemia"/> 
			</coding> 
		</code> 
		<count value="41"/> 
	</diagnosis>
	<diagnosis> 
		<code> 
			<coding> 
				<system value="http://hl7.org/fhir/sid/icd-10"/>
				<code value="IMO0002"/> 
				<display value="Other tear of cartilage or meniscus of knee, current"/> 
			</coding> 
		</code> 
		<count value="41"/> 
	</diagnosis>
	<diagnosis> 
		<code> 
			<coding> 
				<system value="http://hl7.org/fhir/sid/icd-10"/>
				<code value="J21.8"/> 
				<display value="Acute bronchiolitis due to other infectious organisms"/> 
			</coding> 
		</code> 
		<count value="37"/> 
	</diagnosis>
	<diagnosis> 
		<code> 
			<coding> 
				<system value="http://hl7.org/fhir/sid/icd-10"/>
				<code value="R01.1"/> 
				<display value="Murmur"/> 
			</coding> 
		</code> 
		<count value="37"/> 
	</diagnosis>
	<diagnosis> 
		<code> 
			<coding> 
				<system value="http://hl7.org/fhir/sid/icd-10"/>
				<code value="F80.9"/> 
				<display value="Speech delay"/> 
			</coding> 
		</code> 
		<count value="36"/> 
	</diagnosis>
	<diagnosis> 
		<code> 
			<coding> 
				<system value="http://hl7.org/fhir/sid/icd-10"/>
				<code value="J21.0"/> 
				<display value="RSV (acute bronchiolitis due to respiratory syncytial virus)"/> 
			</coding> 
		</code> 
		<count value="36"/> 
	</diagnosis>
	<diagnosis> 
		<code> 
			<coding> 
				<system value="http://hl7.org/fhir/sid/icd-10"/>
				<code value="J45.21"/> 
				<display value="Mild intermittent asthma with acute exacerbation"/> 
			</coding> 
		</code> 
		<count value="34"/> 
	</diagnosis>
	<diagnosis> 
		<code> 
			<coding> 
				<system value="http://hl7.org/fhir/sid/icd-10"/>
				<code value="J30.2"/> 
				<display value="Seasonal allergies"/> 
			</coding> 
		</code> 
		<count value="31"/> 
	</diagnosis>
	<diagnosis> 
		<code> 
			<coding> 
				<system value="http://hl7.org/fhir/sid/icd-10"/>
				<code value="R50.9"/> 
				<display value="Fever and chills"/> 
			</coding> 
		</code> 
		<count value="31"/> 
	</diagnosis>
	<diagnosis> 
		<code> 
			<coding> 
				<system value="http://hl7.org/fhir/sid/icd-10"/>
				<code value="L25.9"/> 
				<display value="Contact dermatitis and eczema"/> 
			</coding> 
		</code> 
		<count value="30"/> 
	</diagnosis>
	<diagnosis> 
		<code> 
			<coding> 
				<system value="http://hl7.org/fhir/sid/icd-10"/>
				<code value="J45.902"/> 
				<display value="Status asthmaticus"/> 
			</coding> 
		</code> 
		<count value="30"/> 
	</diagnosis>
	<diagnosis> 
		<code> 
			<coding> 
				<system value="http://hl7.org/fhir/sid/icd-10"/>
				<code value="R05"/> 
				<display value="Chronic cough"/> 
			</coding> 
		</code> 
		<count value="29"/> 
	</diagnosis>
	<diagnosis> 
		<code> 
			<coding> 
				<system value="http://hl7.org/fhir/sid/icd-10"/>
				<code value="D57.3"/> 
				<display value="Sickle-cell trait"/> 
			</coding> 
		</code> 
		<count value="29"/> 
	</diagnosis>
	<diagnosis> 
		<code> 
			<coding> 
				<system value="http://hl7.org/fhir/sid/icd-10"/>
				<code value="Z00.111"/> 
				<display value="Well baby exam, 8 to 28 days old"/> 
			</coding> 
		</code> 
		<count value="27"/> 
	</diagnosis>
	<diagnosis> 
		<code> 
			<coding> 
				<system value="http://hl7.org/fhir/sid/icd-10"/>
				<code value="Q21.1"/> 
				<display value="Persistent ostium secundum"/> 
			</coding> 
		</code> 
		<count value="27"/> 
	</diagnosis>
	<diagnosis> 
		<code> 
			<coding> 
				<system value="http://hl7.org/fhir/sid/icd-10"/>
				<code value="R46.89"/> 
				<display value="Childhood behavior problems"/> 
			</coding> 
		</code> 
		<count value="26"/> 
	</diagnosis>
	<diagnosis> 
		<code> 
			<coding> 
				<system value="http://hl7.org/fhir/sid/icd-10"/>
				<code value="R09.02"/> 
				<display value="Hypoxia"/> 
			</coding> 
		</code> 
		<count value="25"/> 
	</diagnosis>
	<diagnosis> 
		<code> 
			<coding> 
				<system value="http://hl7.org/fhir/sid/icd-10"/>
				<code value="Z93.1"/> 
				<display value="Feeding by G-tube"/> 
			</coding> 
		</code> 
		<count value="25"/> 
	</diagnosis>
	<diagnosis> 
		<code> 
			<coding> 
				<system value="http://hl7.org/fhir/sid/icd-10"/>
				<code value="J45.31"/> 
				<display value="Mild persistent asthma with acute exacerbation"/> 
			</coding> 
		</code> 
		<count value="24"/> 
	</diagnosis>
	<diagnosis> 
		<code> 
			<coding> 
				<system value="http://hl7.org/fhir/sid/icd-10"/>
				<code value="H10.10"/> 
				<display value="Allergic conjunctivitis and rhinitis"/> 
			</coding> 
		</code> 
		<count value="24"/> 
	</diagnosis>
	<diagnosis> 
		<code> 
			<coding> 
				<system value="http://hl7.org/fhir/sid/icd-10"/>
				<code value="P28.4"/> 
				<display value="Apnea of prematurity"/> 
			</coding> 
		</code> 
		<count value="24"/> 
	</diagnosis>
	<diagnosis> 
		<code> 
			<coding> 
				<system value="http://hl7.org/fhir/sid/icd-10"/>
				<code value="Z09"/> 
				<display value="S/P gastrostomy tube (G tube) placement, follow-up exam"/> 
			</coding> 
		</code> 
		<count value="24"/> 
	</diagnosis>
	<diagnosis> 
		<code> 
			<coding> 
				<system value="http://hl7.org/fhir/sid/icd-10"/>
				<code value="Z68.54"/> 
				<display value="Body mass index, pediatric, greater than or equal to 95th percentile for age"/> 
			</coding> 
		</code> 
		<count value="23"/> 
	</diagnosis>
	<diagnosis> 
		<code> 
			<coding> 
				<system value="http://hl7.org/fhir/sid/icd-10"/>
				<code value="E66.9"/> 
				<display value="Non morbid obesity"/> 
			</coding> 
		</code> 
		<count value="23"/> 
	</diagnosis>
	<diagnosis> 
		<code> 
			<coding> 
				<system value="http://hl7.org/fhir/sid/icd-10"/>
				<code value="J30.1"/> 
				<display value="Allergic rhinitis due to pollen"/> 
			</coding> 
		</code> 
		<count value="23"/> 
	</diagnosis>
	<diagnosis> 
		<code> 
			<coding> 
				<system value="http://hl7.org/fhir/sid/icd-10"/>
				<code value="D50.9"/> 
				<display value="Iron deficiency anemia"/> 
			</coding> 
		</code> 
		<count value="22"/> 
	</diagnosis>
	<diagnosis> 
		<code> 
			<coding> 
				<system value="http://hl7.org/fhir/sid/icd-10"/>
				<code value="P59.9"/> 
				<display value="Hyperbilirubinemia, neonatal"/> 
			</coding> 
		</code> 
		<count value="22"/> 
	</diagnosis>
	<diagnosis> 
		<code> 
			<coding> 
				<system value="http://hl7.org/fhir/sid/icd-10"/>
				<code value="P27.1"/> 
				<display value="BPD (bronchopulmonary dysplasia)"/> 
			</coding> 
		</code> 
		<count value="22"/> 
	</diagnosis>
	<diagnosis> 
		<code> 
			<coding> 
				<system value="http://hl7.org/fhir/sid/icd-10"/>
				<code value="J98.4"/> 
				<display value="Other diseases of lung, not elsewhere classified"/> 
			</coding> 
		</code> 
		<count value="21"/> 
	</diagnosis>
	<diagnosis> 
		<code> 
			<coding> 
				<system value="http://hl7.org/fhir/sid/icd-10"/>
				<code value="F80.1"/> 
				<display value="Language delay"/> 
			</coding> 
		</code> 
		<count value="21"/> 
	</diagnosis>
	<diagnosis> 
		<code> 
			<coding> 
				<system value="http://hl7.org/fhir/sid/icd-10"/>
				<code value="R06.03"/> 
				<display value="Respiratory distress"/> 
			</coding> 
		</code> 
		<count value="21"/> 
	</diagnosis>
	<diagnosis> 
		<code> 
			<coding> 
				<system value="http://hl7.org/fhir/sid/icd-10"/>
				<code value="R56.9"/> 
				<display value="Other convulsions"/> 
			</coding> 
		</code> 
		<count value="20"/> 
	</diagnosis>
	<diagnosis> 
		<code> 
			<coding> 
				<system value="http://hl7.org/fhir/sid/icd-10"/>
				<code value="IMO0001"/> 
				<display value="Elevated blood pressure"/> 
			</coding> 
		</code> 
		<count value="20"/> 
	</diagnosis>
	<diagnosis> 
		<code> 
			<coding> 
				<system value="http://hl7.org/fhir/sid/icd-10"/>
				<code value="Z23"/> 
				<display value="Need for prophylactic vaccination and inoculation against influenza"/> 
			</coding> 
		</code> 
		<count value="20"/> 
	</diagnosis>
	<diagnosis> 
		<code> 
			<coding> 
				<system value="http://hl7.org/fhir/sid/icd-10"/>
				<code value="B97.89"/> 
				<display value="Viral URI with cough"/> 
			</coding> 
		</code> 
		<count value="19"/> 
	</diagnosis>
	<diagnosis> 
		<code> 
			<coding> 
				<system value="http://hl7.org/fhir/sid/icd-10"/>
				<code value="J45.41"/> 
				<display value="Moderate persistent asthma with acute exacerbation"/> 
			</coding> 
		</code> 
		<count value="19"/> 
	</diagnosis>
	<diagnosis> 
		<code> 
			<coding> 
				<system value="http://hl7.org/fhir/sid/icd-10"/>
				<code value="P07.18"/> 
				<display value="Prematurity, birth weight 2,000-2,499 grams, with 32 completed weeks of gestation"/> 
			</coding> 
		</code> 
		<count value="19"/> 
	</diagnosis>
	<diagnosis> 
		<code> 
			<coding> 
				<system value="http://hl7.org/fhir/sid/icd-10"/>
				<code value="H52.03"/> 
				<display value="Hyperopia of both eyes with astigmatism and presbyopia"/> 
			</coding> 
		</code> 
		<count value="19"/> 
	</diagnosis>
	<diagnosis> 
		<code> 
			<coding> 
				<system value="http://hl7.org/fhir/sid/icd-10"/>
				<code value="L21.0"/> 
				<display value="Seborrhea capitis"/> 
			</coding> 
		</code> 
		<count value="19"/> 
	</diagnosis>
	<diagnosis> 
		<code> 
			<coding> 
				<system value="http://hl7.org/fhir/sid/icd-10"/>
				<code value="B37.0"/> 
				<display value="Oral thrush"/> 
			</coding> 
		</code> 
		<count value="18"/> 
	</diagnosis>
	<diagnosis> 
		<code> 
			<coding> 
				<system value="http://hl7.org/fhir/sid/icd-10"/>
				<code value="L21.9"/> 
				<display value="Seborrheic dermatitis"/> 
			</coding> 
		</code> 
		<count value="17"/> 
	</diagnosis>
	<diagnosis> 
		<code> 
			<coding> 
				<system value="http://hl7.org/fhir/sid/icd-10"/>
				<code value="L21.1"/> 
				<display value="Seborrhea of infant"/> 
			</coding> 
		</code> 
		<count value="17"/> 
	</diagnosis>
	<diagnosis> 
		<code> 
			<coding> 
				<system value="http://hl7.org/fhir/sid/icd-10"/>
				<code value="H10.13"/> 
				<display value="Allergic conjunctivitis of both eyes"/> 
			</coding> 
		</code> 
		<count value="17"/> 
	</diagnosis>
	<diagnosis> 
		<code> 
			<coding> 
				<system value="http://hl7.org/fhir/sid/icd-10"/>
				<code value="B35.0"/> 
				<display value="Dermatophytosis of scalp and beard"/> 
			</coding> 
		</code> 
		<count value="17"/> 
	</diagnosis>
	<diagnosis> 
		<code> 
			<coding> 
				<system value="http://hl7.org/fhir/sid/icd-10"/>
				<code value="Z87.898"/> 
				<display value="History of wheezing"/> 
			</coding> 
		</code> 
		<count value="16"/> 
	</diagnosis>
	<diagnosis> 
		<code> 
			<coding> 
				<system value="http://hl7.org/fhir/sid/icd-10"/>
				<code value="Z62.21"/> 
				<display value="Child in foster care"/> 
			</coding> 
		</code> 
		<count value="16"/> 
	</diagnosis>
	<diagnosis> 
		<code> 
			<coding> 
				<system value="http://hl7.org/fhir/sid/icd-10"/>
				<code value="L20.89"/> 
				<display value="Other atopic dermatitis and related conditions"/> 
			</coding> 
		</code> 
		<count value="16"/> 
	</diagnosis>
	<diagnosis> 
		<code> 
			<coding> 
				<system value="http://hl7.org/fhir/sid/icd-10"/>
				<code value="P61.2"/> 
				<display value="Anemia of neonatal prematurity"/> 
			</coding> 
		</code> 
		<count value="15"/> 
	</diagnosis>
	<diagnosis> 
		<code> 
			<coding> 
				<system value="http://hl7.org/fhir/sid/icd-10"/>
				<code value="H66.92"/> 
				<display value="Ear infection, left"/> 
			</coding> 
		</code> 
		<count value="15"/> 
	</diagnosis>
	<diagnosis> 
		<code> 
			<coding> 
				<system value="http://hl7.org/fhir/sid/icd-10"/>
				<code value="Z28.3"/> 
				<display value="Rubella non-immune status, antepartum"/> 
			</coding> 
		</code> 
		<count value="15"/> 
	</diagnosis>
	<diagnosis> 
		<code> 
			<coding> 
				<system value="http://hl7.org/fhir/sid/icd-10"/>
				<code value="E66.3"/> 
				<display value="Overweight"/> 
			</coding> 
		</code> 
		<count value="15"/> 
	</diagnosis>
	<diagnosis> 
		<code> 
			<coding> 
				<system value="http://hl7.org/fhir/sid/icd-10"/>
				<code value="R29.898"/> 
				<display value="Weakness of left upper extremity"/> 
			</coding> 
		</code> 
		<count value="15"/> 
	</diagnosis>
	<diagnosis> 
		<code> 
			<coding> 
				<system value="http://hl7.org/fhir/sid/icd-10"/>
				<code value="H66.91"/> 
				<display value="Right otitis media, unspecified chronicity, unspecified otitis media type"/> 
			</coding> 
		</code> 
		<count value="15"/> 
	</diagnosis>
	<diagnosis> 
		<code> 
			<coding> 
				<system value="http://hl7.org/fhir/sid/icd-10"/>
				<code value="Z38.2"/> 
				<display value="Normal newborn (single liveborn)"/> 
			</coding> 
		</code> 
		<count value="14"/> 
	</diagnosis>
	<diagnosis> 
		<code> 
			<coding> 
				<system value="http://hl7.org/fhir/sid/icd-10"/>
				<code value="P07.03"/> 
				<display value="Preterm infant, 750-999 grams"/> 
			</coding> 
		</code> 
		<count value="14"/> 
	</diagnosis>
	<diagnosis> 
		<code> 
			<coding> 
				<system value="http://hl7.org/fhir/sid/icd-10"/>
				<code value="R63.5"/> 
				<display value="Abnormal weight gain"/> 
			</coding> 
		</code> 
		<count value="14"/> 
	</diagnosis>
	<diagnosis> 
		<code> 
			<coding> 
				<system value="http://hl7.org/fhir/sid/icd-10"/>
				<code value="N39.0"/> 
				<display value="UTI (lower urinary tract infection)"/> 
			</coding> 
		</code> 
		<count value="14"/> 
	</diagnosis>
</ClinicalProfile>