<?xml version="1.0" encoding="UTF-8"?><ClinicalProfile xmlns="http://hl7.org/fhir">
	<!--   from Resource: id, meta, implicitRules, and language   -->
	<!--   from DomainResource: text, contained, extension, and modifierExtension   -->
	<id value="jhu-asthma-profile-92-diagnoses"/>
	<meta>
    <security>
      <system value="http://hl7.org/fhir/v3/ActReason"/>
      <code value="HTEST"/>
      <display value="test health data"/>
    </security>
  </meta>
  <text>
		<status value="generated"/>
		<div xmlns="http://www.w3.org/1999/xhtml">
			<p>Selected diagnoses for Female, Native Hawaiian or Other Pacific Islander,Asian,Unknown,American Indian or Alaska Native,Other patients aged 15-19 seen as either outpatients or inpatients at Johns Hopkins Hospital, JHCP, and Bayview between 3/1/2016 and 3/1/2018 having a diagnosis of asthma recorded on the problem list or as an encounter diagnosis.
			</p>
		</div>
	</text>
	<identifier>
		<value value="urn:uuid:1BB89479-D3AA-4A3E-A18F6939976244EA"/>
	</identifier>
	<status value="draft"/><!--   1..1 complete | draft | error   -->
	<population>
		<reference value="Group/asthma-population-jhu1"/>
	</population>
	<cohort>
		<reference value="Group/asthma-sample-92-cohort-jhu1"/>
		<display value="Native Hawaiian or Other Pacific Islander,Asian,Unknown,American Indian or Alaska Native,Other Female aged 15-19"/> 
	</cohort>
	<date value="2018-09-12T16:57:00Z"/><!--   0..1 When the profile was generated   -->
	<source>
		<value value="http://ictrweb.johnshopkins.edu/ictr/synthetic/includes/clinical_profiles.cfm"/>
	</source>
	<reporter>
		<reference value="Organization/JHM"/>
		<type value="Organization"/>
		<display value="Johns Hopkins School of Medicine"/>
	</reporter>
	<diagnosis> 
		<code> 
			<coding> 
				<system value="http://hl7.org/fhir/sid/icd-10"/>
				<code value="J45.909"/> 
				<display value="Asthma"/> 
			</coding> 
		</code> 
		<count value="99"/> 
	</diagnosis>
	<diagnosis> 
		<code> 
			<coding> 
				<system value="http://hl7.org/fhir/sid/icd-10"/>
				<code value="J30.9"/> 
				<display value="Allergic rhinitis"/> 
			</coding> 
		</code> 
		<count value="49"/> 
	</diagnosis>
	<diagnosis> 
		<code> 
			<coding> 
				<system value="http://hl7.org/fhir/sid/icd-10"/>
				<code value="J45.20"/> 
				<display value="Mild intermittent asthma without complication"/> 
			</coding> 
		</code> 
		<count value="47"/> 
	</diagnosis>
	<diagnosis> 
		<code> 
			<coding> 
				<system value="http://hl7.org/fhir/sid/icd-10"/>
				<code value="Z00.129"/> 
				<display value="Routine infant or child health check"/> 
			</coding> 
		</code> 
		<count value="46"/> 
	</diagnosis>
	<diagnosis> 
		<code> 
			<coding> 
				<system value="http://hl7.org/fhir/sid/icd-10"/>
				<code value="F41.9"/> 
				<display value="Anxiety disorder"/> 
			</coding> 
		</code> 
		<count value="23"/> 
	</diagnosis>
	<diagnosis> 
		<code> 
			<coding> 
				<system value="http://hl7.org/fhir/sid/icd-10"/>
				<code value="R51"/> 
				<display value="Headache(784.0)"/> 
			</coding> 
		</code> 
		<count value="21"/> 
	</diagnosis>
	<diagnosis> 
		<code> 
			<coding> 
				<system value="http://hl7.org/fhir/sid/icd-10"/>
				<code value="F32.9"/> 
				<display value="Depression"/> 
			</coding> 
		</code> 
		<count value="21"/> 
	</diagnosis>
	<diagnosis> 
		<code> 
			<coding> 
				<system value="http://hl7.org/fhir/sid/icd-10"/>
				<code value="H52.13"/> 
				<display value="Myopia with astigmatism, bilateral"/> 
			</coding> 
		</code> 
		<count value="19"/> 
	</diagnosis>
	<diagnosis> 
		<code> 
			<coding> 
				<system value="http://hl7.org/fhir/sid/icd-10"/>
				<code value="L30.9"/> 
				<display value="Dermatitis"/> 
			</coding> 
		</code> 
		<count value="18"/> 
	</diagnosis>
	<diagnosis> 
		<code> 
			<coding> 
				<system value="http://hl7.org/fhir/sid/icd-10"/>
				<code value="Z91.018"/> 
				<display value="Allergy to tree nuts"/> 
			</coding> 
		</code> 
		<count value="17"/> 
	</diagnosis>
	<diagnosis> 
		<code> 
			<coding> 
				<system value="http://hl7.org/fhir/sid/icd-10"/>
				<code value="E55.9"/> 
				<display value="Unspecified vitamin D deficiency"/> 
			</coding> 
		</code> 
		<count value="16"/> 
	</diagnosis>
	<diagnosis> 
		<code> 
			<coding> 
				<system value="http://hl7.org/fhir/sid/icd-10"/>
				<code value="J45.990"/> 
				<display value="Asthma, exercise induced"/> 
			</coding> 
		</code> 
		<count value="15"/> 
	</diagnosis>
	<diagnosis> 
		<code> 
			<coding> 
				<system value="http://hl7.org/fhir/sid/icd-10"/>
				<code value="Z34.90"/> 
				<display value="Pregnancy, obstetrical care"/> 
			</coding> 
		</code> 
		<count value="14"/> 
	</diagnosis>
	<diagnosis> 
		<code> 
			<coding> 
				<system value="http://hl7.org/fhir/sid/icd-10"/>
				<code value="K21.9"/> 
				<display value="Esophageal reflux"/> 
			</coding> 
		</code> 
		<count value="14"/> 
	</diagnosis>
	<diagnosis> 
		<code> 
			<coding> 
				<system value="http://hl7.org/fhir/sid/icd-10"/>
				<code value="H52.10"/> 
				<display value="Myopia with astigmatism and presbyopia"/> 
			</coding> 
		</code> 
		<count value="14"/> 
	</diagnosis>
	<diagnosis> 
		<code> 
			<coding> 
				<system value="http://hl7.org/fhir/sid/icd-10"/>
				<code value="F90.9"/> 
				<display value="ADHD (attention deficit hyperactivity disorder)"/> 
			</coding> 
		</code> 
		<count value="13"/> 
	</diagnosis>
	<diagnosis> 
		<code> 
			<coding> 
				<system value="http://hl7.org/fhir/sid/icd-10"/>
				<code value="L70.9"/> 
				<display value="Acne"/> 
			</coding> 
		</code> 
		<count value="12"/> 
	</diagnosis>
	<diagnosis> 
		<code> 
			<coding> 
				<system value="http://hl7.org/fhir/sid/icd-10"/>
				<code value="J30.2"/> 
				<display value="Seasonal allergies"/> 
			</coding> 
		</code> 
		<count value="11"/> 
	</diagnosis>
	<diagnosis> 
		<code> 
			<coding> 
				<system value="http://hl7.org/fhir/sid/icd-10"/>
				<code value="G89.29"/> 
				<display value="Chronic pain of left knee"/> 
			</coding> 
		</code> 
		<count value="11"/> 
	</diagnosis>
	<diagnosis> 
		<code> 
			<coding> 
				<system value="http://hl7.org/fhir/sid/icd-10"/>
				<code value="H52.209"/> 
				<display value="Hyperopia with astigmatism and presbyopia"/> 
			</coding> 
		</code> 
		<count value="11"/> 
	</diagnosis>
	<diagnosis> 
		<code> 
			<coding> 
				<system value="http://hl7.org/fhir/sid/icd-10"/>
				<code value="Z00.00"/> 
				<display value="Routine general medical examination at a health care facility"/> 
			</coding> 
		</code> 
		<count value="10"/> 
	</diagnosis>
	<diagnosis> 
		<code> 
			<coding> 
				<system value="http://hl7.org/fhir/sid/icd-10"/>
				<code value="F41.1"/> 
				<display value="Anxiety state"/> 
			</coding> 
		</code> 
		<count value="10"/> 
	</diagnosis>
	<diagnosis> 
		<code> 
			<coding> 
				<system value="http://hl7.org/fhir/sid/icd-10"/>
				<code value="L70.8"/> 
				<display value="Other acne"/> 
			</coding> 
		</code> 
		<count value="10"/> 
	</diagnosis>
	<diagnosis> 
		<code> 
			<coding> 
				<system value="http://hl7.org/fhir/sid/icd-10"/>
				<code value="R10.9"/> 
				<display value="Abdominal pain"/> 
			</coding> 
		</code> 
		<count value="10"/> 
	</diagnosis>
	<diagnosis> 
		<code> 
			<coding> 
				<system value="http://hl7.org/fhir/sid/icd-10"/>
				<code value="N94.6"/> 
				<display value="Dysmenorrhea"/> 
			</coding> 
		</code> 
		<count value="9"/> 
	</diagnosis>
	<diagnosis> 
		<code> 
			<coding> 
				<system value="http://hl7.org/fhir/sid/icd-10"/>
				<code value="J45.30"/> 
				<display value="Mild persistent asthma without complication"/> 
			</coding> 
		</code> 
		<count value="9"/> 
	</diagnosis>
	<diagnosis> 
		<code> 
			<coding> 
				<system value="http://hl7.org/fhir/sid/icd-10"/>
				<code value="N92.6"/> 
				<display value="Irregular menstrual cycle"/> 
			</coding> 
		</code> 
		<count value="9"/> 
	</diagnosis>
	<diagnosis> 
		<code> 
			<coding> 
				<system value="http://hl7.org/fhir/sid/icd-10"/>
				<code value="IMO0001"/> 
				<display value="Elevated blood pressure"/> 
			</coding> 
		</code> 
		<count value="8"/> 
	</diagnosis>
	<diagnosis> 
		<code> 
			<coding> 
				<system value="http://hl7.org/fhir/sid/icd-10"/>
				<code value="M41.9"/> 
				<display value="Scoliosis"/> 
			</coding> 
		</code> 
		<count value="8"/> 
	</diagnosis>
	<diagnosis> 
		<code> 
			<coding> 
				<system value="http://hl7.org/fhir/sid/icd-10"/>
				<code value="D64.9"/> 
				<display value="Anemia"/> 
			</coding> 
		</code> 
		<count value="8"/> 
	</diagnosis>
	<diagnosis> 
		<code> 
			<coding> 
				<system value="http://hl7.org/fhir/sid/icd-10"/>
				<code value="M41.20"/> 
				<display value="Scoliosis (and kyphoscoliosis), idiopathic"/> 
			</coding> 
		</code> 
		<count value="8"/> 
	</diagnosis>
	<diagnosis> 
		<code> 
			<coding> 
				<system value="http://hl7.org/fhir/sid/icd-10"/>
				<code value="Z91.09"/> 
				<display value="Environmental allergies"/> 
			</coding> 
		</code> 
		<count value="8"/> 
	</diagnosis>
	<diagnosis> 
		<code> 
			<coding> 
				<system value="http://hl7.org/fhir/sid/icd-10"/>
				<code value="K59.00"/> 
				<display value="Constipation"/> 
			</coding> 
		</code> 
		<count value="8"/> 
	</diagnosis>
	<diagnosis> 
		<code> 
			<coding> 
				<system value="http://hl7.org/fhir/sid/icd-10"/>
				<code value="L70.0"/> 
				<display value="Acne vulgaris"/> 
			</coding> 
		</code> 
		<count value="8"/> 
	</diagnosis>
	<diagnosis> 
		<code> 
			<coding> 
				<system value="http://hl7.org/fhir/sid/icd-10"/>
				<code value="I95.1"/> 
				<display value="Orthostasis"/> 
			</coding> 
		</code> 
		<count value="8"/> 
	</diagnosis>
	<diagnosis> 
		<code> 
			<coding> 
				<system value="http://hl7.org/fhir/sid/icd-10"/>
				<code value="IMO0002"/> 
				<display value="Other tear of cartilage or meniscus of knee, current"/> 
			</coding> 
		</code> 
		<count value="8"/> 
	</diagnosis>
	<diagnosis> 
		<code> 
			<coding> 
				<system value="http://hl7.org/fhir/sid/icd-10"/>
				<code value="N92.0"/> 
				<display value="Menorrhagia"/> 
			</coding> 
		</code> 
		<count value="7"/> 
	</diagnosis>
	<diagnosis> 
		<code> 
			<coding> 
				<system value="http://hl7.org/fhir/sid/icd-10"/>
				<code value="H52.203"/> 
				<display value="Myopia with astigmatism, bilateral"/> 
			</coding> 
		</code> 
		<count value="7"/> 
	</diagnosis>
	<diagnosis> 
		<code> 
			<coding> 
				<system value="http://hl7.org/fhir/sid/icd-10"/>
				<code value="Z59.8"/> 
				<display value="Does not have health insurance"/> 
			</coding> 
		</code> 
		<count value="7"/> 
	</diagnosis>
	<diagnosis> 
		<code> 
			<coding> 
				<system value="http://hl7.org/fhir/sid/icd-10"/>
				<code value="R42"/> 
				<display value="Dizziness"/> 
			</coding> 
		</code> 
		<count value="7"/> 
	</diagnosis>
	<diagnosis> 
		<code> 
			<coding> 
				<system value="http://hl7.org/fhir/sid/icd-10"/>
				<code value="E66.9"/> 
				<display value="Non morbid obesity"/> 
			</coding> 
		</code> 
		<count value="7"/> 
	</diagnosis>
	<diagnosis> 
		<code> 
			<coding> 
				<system value="http://hl7.org/fhir/sid/icd-10"/>
				<code value="G43.009"/> 
				<display value="Migraine headache without aura"/> 
			</coding> 
		</code> 
		<count value="7"/> 
	</diagnosis>
	<diagnosis> 
		<code> 
			<coding> 
				<system value="http://hl7.org/fhir/sid/icd-10"/>
				<code value="R00.0"/> 
				<display value="Rapid heart beat"/> 
			</coding> 
		</code> 
		<count value="6"/> 
	</diagnosis>
	<diagnosis> 
		<code> 
			<coding> 
				<system value="http://hl7.org/fhir/sid/icd-10"/>
				<code value="L20.9"/> 
				<display value="Atopic dermatitis"/> 
			</coding> 
		</code> 
		<count value="6"/> 
	</diagnosis>
	<diagnosis> 
		<code> 
			<coding> 
				<system value="http://hl7.org/fhir/sid/icd-10"/>
				<code value="Z98.1"/> 
				<display value="S/P cervical spinal fusion"/> 
			</coding> 
		</code> 
		<count value="6"/> 
	</diagnosis>
	<diagnosis> 
		<code> 
			<coding> 
				<system value="http://hl7.org/fhir/sid/icd-10"/>
				<code value="Z23"/> 
				<display value="Need for prophylactic vaccination and inoculation against influenza"/> 
			</coding> 
		</code> 
		<count value="6"/> 
	</diagnosis>
	<diagnosis> 
		<code> 
			<coding> 
				<system value="http://hl7.org/fhir/sid/icd-10"/>
				<code value="R20.2"/> 
				<display value="Paresthesias in right hand"/> 
			</coding> 
		</code> 
		<count value="6"/> 
	</diagnosis>
	<diagnosis> 
		<code> 
			<coding> 
				<system value="http://hl7.org/fhir/sid/icd-10"/>
				<code value="E66.3"/> 
				<display value="Overweight"/> 
			</coding> 
		</code> 
		<count value="6"/> 
	</diagnosis>
	<diagnosis> 
		<code> 
			<coding> 
				<system value="http://hl7.org/fhir/sid/icd-10"/>
				<code value="M79.609"/> 
				<display value="Pain in limb"/> 
			</coding> 
		</code> 
		<count value="6"/> 
	</diagnosis>
	<diagnosis> 
		<code> 
			<coding> 
				<system value="http://hl7.org/fhir/sid/icd-10"/>
				<code value="R07.9"/> 
				<display value="Chest pain at rest"/> 
			</coding> 
		</code> 
		<count value="6"/> 
	</diagnosis>
	<diagnosis> 
		<code> 
			<coding> 
				<system value="http://hl7.org/fhir/sid/icd-10"/>
				<code value="O99.019"/> 
				<display value="Anemia affecting pregnancy"/> 
			</coding> 
		</code> 
		<count value="6"/> 
	</diagnosis>
	<diagnosis> 
		<code> 
			<coding> 
				<system value="http://hl7.org/fhir/sid/icd-10"/>
				<code value="E78.00"/> 
				<display value="Pure hypercholesterolemia"/> 
			</coding> 
		</code> 
		<count value="6"/> 
	</diagnosis>
	<diagnosis> 
		<code> 
			<coding> 
				<system value="http://hl7.org/fhir/sid/icd-10"/>
				<code value="J30.1"/> 
				<display value="Allergic rhinitis due to pollen"/> 
			</coding> 
		</code> 
		<count value="6"/> 
	</diagnosis>
	<diagnosis> 
		<code> 
			<coding> 
				<system value="http://hl7.org/fhir/sid/icd-10"/>
				<code value="D57.00"/> 
				<display value="Sickle cell pain crisis"/> 
			</coding> 
		</code> 
		<count value="5"/> 
	</diagnosis>
	<diagnosis> 
		<code> 
			<coding> 
				<system value="http://hl7.org/fhir/sid/icd-10"/>
				<code value="E66.09"/> 
				<display value="Obesity due to excess calories without serious comorbidity with body mass index (BMI) greater than 99th percentile for age in pediatric patient"/> 
			</coding> 
		</code> 
		<count value="5"/> 
	</diagnosis>
	<diagnosis> 
		<code> 
			<coding> 
				<system value="http://hl7.org/fhir/sid/icd-10"/>
				<code value="L25.9"/> 
				<display value="Contact dermatitis and eczema"/> 
			</coding> 
		</code> 
		<count value="5"/> 
	</diagnosis>
	<diagnosis> 
		<code> 
			<coding> 
				<system value="http://hl7.org/fhir/sid/icd-10"/>
				<code value="Z28.3"/> 
				<display value="Rubella non-immune status, antepartum"/> 
			</coding> 
		</code> 
		<count value="5"/> 
	</diagnosis>
	<diagnosis> 
		<code> 
			<coding> 
				<system value="http://hl7.org/fhir/sid/icd-10"/>
				<code value="G43.909"/> 
				<display value="Migraine"/> 
			</coding> 
		</code> 
		<count value="5"/> 
	</diagnosis>
	<diagnosis> 
		<code> 
			<coding> 
				<system value="http://hl7.org/fhir/sid/icd-10"/>
				<code value="B07.9"/> 
				<display value="Verruca vulgaris"/> 
			</coding> 
		</code> 
		<count value="5"/> 
	</diagnosis>
	<diagnosis> 
		<code> 
			<coding> 
				<system value="http://hl7.org/fhir/sid/icd-10"/>
				<code value="F90.2"/> 
				<display value="Attention deficit hyperactivity disorder (ADHD), combined type"/> 
			</coding> 
		</code> 
		<count value="4"/> 
	</diagnosis>
	<diagnosis> 
		<code> 
			<coding> 
				<system value="http://hl7.org/fhir/sid/icd-10"/>
				<code value="R55"/> 
				<display value="Syncope"/> 
			</coding> 
		</code> 
		<count value="4"/> 
	</diagnosis>
	<diagnosis> 
		<code> 
			<coding> 
				<system value="http://hl7.org/fhir/sid/icd-10"/>
				<code value="F98.8"/> 
				<display value="Attention deficit disorder"/> 
			</coding> 
		</code> 
		<count value="4"/> 
	</diagnosis>
	<diagnosis> 
		<code> 
			<coding> 
				<system value="http://hl7.org/fhir/sid/icd-10"/>
				<code value="O99.012"/> 
				<display value="Anemia affecting pregnancy in second trimester"/> 
			</coding> 
		</code> 
		<count value="4"/> 
	</diagnosis>
	<diagnosis> 
		<code> 
			<coding> 
				<system value="http://hl7.org/fhir/sid/icd-10"/>
				<code value="L21.9"/> 
				<display value="Seborrheic dermatitis"/> 
			</coding> 
		</code> 
		<count value="4"/> 
	</diagnosis>
	<diagnosis> 
		<code> 
			<coding> 
				<system value="http://hl7.org/fhir/sid/icd-10"/>
				<code value="R10.13"/> 
				<display value="Abdominal pain, epigastric"/> 
			</coding> 
		</code> 
		<count value="4"/> 
	</diagnosis>
	<diagnosis> 
		<code> 
			<coding> 
				<system value="http://hl7.org/fhir/sid/icd-10"/>
				<code value="J35.1"/> 
				<display value="Tonsillar hypertrophy"/> 
			</coding> 
		</code> 
		<count value="4"/> 
	</diagnosis>
	<diagnosis> 
		<code> 
			<coding> 
				<system value="http://hl7.org/fhir/sid/icd-10"/>
				<code value="M54.9"/> 
				<display value="Back pain"/> 
			</coding> 
		</code> 
		<count value="4"/> 
	</diagnosis>
	<diagnosis> 
		<code> 
			<coding> 
				<system value="http://hl7.org/fhir/sid/icd-10"/>
				<code value="Z68.54"/> 
				<display value="Body mass index, pediatric, greater than or equal to 95th percentile for age"/> 
			</coding> 
		</code> 
		<count value="4"/> 
	</diagnosis>
	<diagnosis> 
		<code> 
			<coding> 
				<system value="http://hl7.org/fhir/sid/icd-10"/>
				<code value="M25.562"/> 
				<display value="Bilateral chronic knee pain"/> 
			</coding> 
		</code> 
		<count value="4"/> 
	</diagnosis>
	<diagnosis> 
		<code> 
			<coding> 
				<system value="http://hl7.org/fhir/sid/icd-10"/>
				<code value="R74.8"/> 
				<display value="Elevated liver enzymes"/> 
			</coding> 
		</code> 
		<count value="4"/> 
	</diagnosis>
	<diagnosis> 
		<code> 
			<coding> 
				<system value="http://hl7.org/fhir/sid/icd-10"/>
				<code value="L83"/> 
				<display value="Acquired acanthosis nigricans"/> 
			</coding> 
		</code> 
		<count value="4"/> 
	</diagnosis>
	<diagnosis> 
		<code> 
			<coding> 
				<system value="http://hl7.org/fhir/sid/icd-10"/>
				<code value="G47.33"/> 
				<display value="OSA on CPAP"/> 
			</coding> 
		</code> 
		<count value="4"/> 
	</diagnosis>
	<diagnosis> 
		<code> 
			<coding> 
				<system value="http://hl7.org/fhir/sid/icd-10"/>
				<code value="K80.20"/> 
				<display value="Gall stones"/> 
			</coding> 
		</code> 
		<count value="4"/> 
	</diagnosis>
	<diagnosis> 
		<code> 
			<coding> 
				<system value="http://hl7.org/fhir/sid/icd-10"/>
				<code value="R06.83"/> 
				<display value="Snoring"/> 
			</coding> 
		</code> 
		<count value="4"/> 
	</diagnosis>
	<diagnosis> 
		<code> 
			<coding> 
				<system value="http://hl7.org/fhir/sid/icd-10"/>
				<code value="J98.4"/> 
				<display value="Other diseases of lung, not elsewhere classified"/> 
			</coding> 
		</code> 
		<count value="4"/> 
	</diagnosis>
	<diagnosis> 
		<code> 
			<coding> 
				<system value="http://hl7.org/fhir/sid/icd-10"/>
				<code value="M25.569"/> 
				<display value="Pain in joint, lower leg"/> 
			</coding> 
		</code> 
		<count value="4"/> 
	</diagnosis>
	<diagnosis> 
		<code> 
			<coding> 
				<system value="http://hl7.org/fhir/sid/icd-10"/>
				<code value="H52.03"/> 
				<display value="Hyperopia of both eyes with astigmatism and presbyopia"/> 
			</coding> 
		</code> 
		<count value="4"/> 
	</diagnosis>
	<diagnosis> 
		<code> 
			<coding> 
				<system value="http://hl7.org/fhir/sid/icd-10"/>
				<code value="L20.89"/> 
				<display value="Other atopic dermatitis and related conditions"/> 
			</coding> 
		</code> 
		<count value="4"/> 
	</diagnosis>
	<diagnosis> 
		<code> 
			<coding> 
				<system value="http://hl7.org/fhir/sid/icd-10"/>
				<code value="F50.9"/> 
				<display value="Eating disorder, unspecified"/> 
			</coding> 
		</code> 
		<count value="4"/> 
	</diagnosis>
	<diagnosis> 
		<code> 
			<coding> 
				<system value="http://hl7.org/fhir/sid/icd-10"/>
				<code value="R80.9"/> 
				<display value="Microalbuminuria"/> 
			</coding> 
		</code> 
		<count value="4"/> 
	</diagnosis>
	<diagnosis> 
		<code> 
			<coding> 
				<system value="http://hl7.org/fhir/sid/icd-10"/>
				<code value="E03.9"/> 
				<display value="Hypothyroidism"/> 
			</coding> 
		</code> 
		<count value="4"/> 
	</diagnosis>
	<diagnosis> 
		<code> 
			<coding> 
				<system value="http://hl7.org/fhir/sid/icd-10"/>
				<code value="Z83.3"/> 
				<display value="Family history of diabetes mellitus type II"/> 
			</coding> 
		</code> 
		<count value="4"/> 
	</diagnosis>
	<diagnosis> 
		<code> 
			<coding> 
				<system value="http://hl7.org/fhir/sid/icd-10"/>
				<code value="J45.901"/> 
				<display value="Acute asthma exacerbation"/> 
			</coding> 
		</code> 
		<count value="4"/> 
	</diagnosis>
	<diagnosis> 
		<code> 
			<coding> 
				<system value="http://hl7.org/fhir/sid/icd-10"/>
				<code value="H04.123"/> 
				<display value="Dry eyes, bilateral"/> 
			</coding> 
		</code> 
		<count value="4"/> 
	</diagnosis>
	<diagnosis> 
		<code> 
			<coding> 
				<system value="http://hl7.org/fhir/sid/icd-10"/>
				<code value="R50.9"/> 
				<display value="Fever and chills"/> 
			</coding> 
		</code> 
		<count value="4"/> 
	</diagnosis>
	<diagnosis> 
		<code> 
			<coding> 
				<system value="http://hl7.org/fhir/sid/icd-10"/>
				<code value="Z91.89"/> 
				<display value="H/O multiple allergies"/> 
			</coding> 
		</code> 
		<count value="4"/> 
	</diagnosis>
</ClinicalProfile>