<?xml version="1.0" encoding="UTF-8"?><MeasureReport xmlns="http://hl7.org/fhir">
  <id value="hiv-indicators"/>
  <meta>
    <security>
      <system value="http://terminology.hl7.org/CodeSystem/v3-ActReason"/>
      <code value="HTEST"/>
      <display value="test health data"/>
    </security>
  </meta>
  <text><status value="generated"/><div xmlns="http://www.w3.org/1999/xhtml"><p><b>Generated Narrative with Details</b></p><p><b>id</b>: hiv-indicators</p><p><b>status</b>: complete</p><p><b>type</b>: summary</p><p><b>measure</b>: <a>http://ohie.org/Measure/hiv-indicators</a></p><p><b>reporter</b>: <a>Organization/ZW01</a></p><p><b>period</b>: Jan 1, 2018 --&gt; Jan 31, 2018</p><blockquote><p><b>group</b></p><p><b>code</b>: QRPH_ADX_ART1_N <span>(Details : {[not stated] code 'QRPH_ADX_ART1_N' = 'QRPH_ADX_ART1_N)</span></p><p><b>measureScore</b>: 0</p><blockquote><p><b>stratifier</b></p><p><b>code</b>: AGE_GROUP:SEX <span>(Details : {[not stated] code 'AGE_GROUP:SEX' = 'AGE_GROUP:SEX)</span></p><blockquote><p><b>stratum</b></p><p><b>value</b>: P0Y--P1Y:F <span>(Details : {[not stated] code 'P0Y--P1Y:F' = 'P0Y--P1Y:F)</span></p><p><b>measureScore</b>: 0</p></blockquote><blockquote><p><b>stratum</b></p><p><b>value</b>: P0Y--P1Y:M <span>(Details : {[not stated] code 'P0Y--P1Y:M' = 'P0Y--P1Y:M)</span></p><p><b>measureScore</b>: 0</p></blockquote><blockquote><p><b>stratum</b></p><p><b>value</b>: P1Y--P5Y:F <span>(Details : {[not stated] code 'P1Y--P5Y:F' = 'P1Y--P5Y:F)</span></p><p><b>measureScore</b>: 0</p></blockquote><blockquote><p><b>stratum</b></p><p><b>value</b>: P1Y--P5Y:M <span>(Details : {[not stated] code 'P1Y--P5Y:M' = 'P1Y--P5Y:M)</span></p><p><b>measureScore</b>: 0</p></blockquote><blockquote><p><b>stratum</b></p><p><b>value</b>: P10Y--P15Y:F <span>(Details : {[not stated] code 'P10Y--P15Y:F' = 'P10Y--P15Y:F)</span></p><p><b>measureScore</b>: 0</p></blockquote><blockquote><p><b>stratum</b></p><p><b>value</b>: P10Y--P15Y:M <span>(Details : {[not stated] code 'P10Y--P15Y:M' = 'P10Y--P15Y:M)</span></p><p><b>measureScore</b>: 0</p></blockquote></blockquote></blockquote><blockquote><p><b>group</b></p><p><b>code</b>: QRPH_ADX_ART1_N <span>(Details : {[not stated] code 'QRPH_ADX_ART1_N' = 'QRPH_ADX_ART1_N)</span></p><p><b>measureScore</b>: 0</p><blockquote><p><b>stratifier</b></p><p><b>code</b>: AGE_GROUP:SEX <span>(Details : {[not stated] code 'AGE_GROUP:SEX' = 'AGE_GROUP:SEX)</span></p><blockquote><p><b>stratum</b></p><p><b>value</b>: P0Y--P1Y:F <span>(Details : {[not stated] code 'P0Y--P1Y:F' = 'P0Y--P1Y:F)</span></p><p><b>measureScore</b>: 0</p></blockquote><blockquote><p><b>stratum</b></p><p><b>value</b>: P0Y--P1Y:M <span>(Details : {[not stated] code 'P0Y--P1Y:M' = 'P0Y--P1Y:M)</span></p><p><b>measureScore</b>: 0</p></blockquote><blockquote><p><b>stratum</b></p><p><b>value</b>: P1Y--P5Y:F <span>(Details : {[not stated] code 'P1Y--P5Y:F' = 'P1Y--P5Y:F)</span></p><p><b>measureScore</b>: 0</p></blockquote><blockquote><p><b>stratum</b></p><p><b>value</b>: P1Y--P5Y:M <span>(Details : {[not stated] code 'P1Y--P5Y:M' = 'P1Y--P5Y:M)</span></p><p><b>measureScore</b>: 0</p></blockquote><blockquote><p><b>stratum</b></p><p><b>value</b>: P10Y--P15Y:F <span>(Details : {[not stated] code 'P10Y--P15Y:F' = 'P10Y--P15Y:F)</span></p><p><b>measureScore</b>: 0</p></blockquote><blockquote><p><b>stratum</b></p><p><b>value</b>: P10Y--P15Y:M <span>(Details : {[not stated] code 'P10Y--P15Y:M' = 'P10Y--P15Y:M)</span></p><p><b>measureScore</b>: 0</p></blockquote></blockquote></blockquote><blockquote><p><b>group</b></p><p><b>code</b>: QRPH_ADX_ART1_N <span>(Details : {[not stated] code 'QRPH_ADX_ART1_N' = 'QRPH_ADX_ART1_N)</span></p><p><b>measureScore</b>: 0</p><blockquote><p><b>stratifier</b></p><p><b>code</b>: AGE_GROUP <span>(Details : {[not stated] code 'AGE_GROUP' = 'AGE_GROUP)</span>, SEX <span>(Details : {[not stated] code 'SEX' = 'SEX)</span></p><blockquote><p><b>stratum</b></p><blockquote><p><b>component</b></p><p><b>code</b>: AGE_GROUP <span>(Details : {[not stated] code 'AGE_GROUP' = 'AGE_GROUP)</span></p><p><b>value</b>: P0Y--P1Y <span>(Details : {[not stated] code 'P0Y--P1Y' = 'P0Y--P1Y)</span></p></blockquote><blockquote><p><b>component</b></p><p><b>code</b>: SEX <span>(Details : {[not stated] code 'SEX' = 'SEX)</span></p><p><b>value</b>: F <span>(Details : {[not stated] code 'F' = 'F)</span></p></blockquote><p><b>measureScore</b>: 0</p></blockquote><blockquote><p><b>stratum</b></p><blockquote><p><b>component</b></p><p><b>code</b>: AGE_GROUP <span>(Details : {[not stated] code 'AGE_GROUP' = 'AGE_GROUP)</span></p><p><b>value</b>: P0Y--P1Y <span>(Details : {[not stated] code 'P0Y--P1Y' = 'P0Y--P1Y)</span></p></blockquote><blockquote><p><b>component</b></p><p><b>code</b>: SEX <span>(Details : {[not stated] code 'SEX' = 'SEX)</span></p><p><b>value</b>: M <span>(Details : {[not stated] code 'M' = 'M)</span></p></blockquote><p><b>measureScore</b>: 0</p></blockquote><blockquote><p><b>stratum</b></p><blockquote><p><b>component</b></p><p><b>code</b>: AGE_GROUP <span>(Details : {[not stated] code 'AGE_GROUP' = 'AGE_GROUP)</span></p><p><b>value</b>: P1Y--P5Y <span>(Details : {[not stated] code 'P1Y--P5Y' = 'P1Y--P5Y)</span></p></blockquote><blockquote><p><b>component</b></p><p><b>code</b>: SEX <span>(Details : {[not stated] code 'SEX' = 'SEX)</span></p><p><b>value</b>: F <span>(Details : {[not stated] code 'F' = 'F)</span></p></blockquote><p><b>measureScore</b>: 0</p></blockquote><blockquote><p><b>stratum</b></p><blockquote><p><b>component</b></p><p><b>code</b>: AGE_GROUP <span>(Details : {[not stated] code 'AGE_GROUP' = 'AGE_GROUP)</span></p><p><b>value</b>: P1Y--P5Y <span>(Details : {[not stated] code 'P1Y--P5Y' = 'P1Y--P5Y)</span></p></blockquote><blockquote><p><b>component</b></p><p><b>code</b>: SEX <span>(Details : {[not stated] code 'SEX' = 'SEX)</span></p><p><b>value</b>: F <span>(Details : {[not stated] code 'F' = 'F)</span></p></blockquote><p><b>measureScore</b>: 0</p></blockquote></blockquote></blockquote></div></text><status value="complete"/>
  <type value="summary"/>
  <measure value="http://ohie.org/Measure/hiv-indicators"/>
  <reporter>
    <reference value="Organization/ZW01"/>
  </reporter>
  <period>
    <start value="2018-01-01"/>
    <end value="2018-01-31"/>
  </period>
  <!--  Option 1: Mashup   -->
  <group>
    <code><coding><code value="QRPH_ADX_ART1_N"/></coding></code>
    <measureScore><value value="0"/></measureScore>
    <stratifier>
      <code><coding><code value="AGE_GROUP:SEX"/></coding></code>
      <stratum>
        <value><coding><code value="P0Y--P1Y:F"/></coding></value>
        <measureScore><value value="0"/></measureScore>
      </stratum>
      <stratum>
        <value><coding><code value="P0Y--P1Y:M"/></coding></value>
        <measureScore><value value="0"/></measureScore>
      </stratum>
      <stratum>
        <value><coding><code value="P1Y--P5Y:F"/></coding></value>
        <measureScore><value value="0"/></measureScore>
      </stratum>
      <stratum>
        <value><coding><code value="P1Y--P5Y:M"/></coding></value>
        <measureScore><value value="0"/></measureScore>
      </stratum>
      <stratum>
        <value><coding><code value="P10Y--P15Y:F"/></coding></value>
        <measureScore><value value="0"/></measureScore>
      </stratum>
      <stratum>
        <value><coding><code value="P10Y--P15Y:M"/></coding></value>
        <measureScore><value value="0"/></measureScore>
      </stratum>
      <!--  ...  -->
    </stratifier>
  </group>
  <!--  Option 2: Extensions   -->
  <group>
    <code><coding><code value="QRPH_ADX_ART1_N"/></coding></code>
    <measureScore><value value="0"/></measureScore>
    <stratifier>
      <code><coding><code value="AGE_GROUP:SEX"/></coding></code>
      <stratum>
        <value><coding><code value="P0Y--P1Y:F"/></coding></value>
        <measureScore><value value="0"/></measureScore>
      </stratum>
      <stratum>
        <value><coding><code value="P0Y--P1Y:M"/></coding></value>
        <measureScore><value value="0"/></measureScore>
      </stratum>
      <stratum>
        <value><coding><code value="P1Y--P5Y:F"/></coding></value>
        <measureScore><value value="0"/></measureScore>
      </stratum>
      <stratum>
        <value><coding><code value="P1Y--P5Y:M"/></coding></value>
        <measureScore><value value="0"/></measureScore>
      </stratum>
      <stratum>
        <value><coding><code value="P10Y--P15Y:F"/></coding></value>
        <measureScore><value value="0"/></measureScore>
      </stratum>
      <stratum>
        <value><coding><code value="P10Y--P15Y:M"/></coding></value>
        <measureScore><value value="0"/></measureScore>
      </stratum>
      <!--  ...  -->
    </stratifier>
  </group>
  <!--  Option 3: Component Structures   -->
  <group>
    <code><coding><code value="QRPH_ADX_ART1_N"/></coding></code>
    <measureScore><value value="0"/></measureScore>
    <stratifier>
      <code><coding><code value="AGE_GROUP"/></coding></code>
      <code><coding><code value="SEX"/></coding></code>
      <stratum>
        <component>
          <code><coding><code value="AGE_GROUP"/></coding></code>
          <value><coding><code value="P0Y--P1Y"/></coding></value>
        </component>
        <component>
          <code><coding><code value="SEX"/></coding></code>
          <value><coding><code value="F"/></coding></value>
        </component>
        <measureScore><value value="0"/></measureScore>
      </stratum>
      <stratum>
        <component>
          <code><coding><code value="AGE_GROUP"/></coding></code>
          <value><coding><code value="P0Y--P1Y"/></coding></value>
        </component>
        <component>
          <code><coding><code value="SEX"/></coding></code>
          <value><coding><code value="M"/></coding></value>
        </component>
        <measureScore><value value="0"/></measureScore>
      </stratum>
      <stratum>
        <component>
          <code><coding><code value="AGE_GROUP"/></coding></code>
          <value><coding><code value="P1Y--P5Y"/></coding></value>
        </component>
        <component>
          <code><coding><code value="SEX"/></coding></code>
          <value><coding><code value="F"/></coding></value>
        </component>
        <measureScore><value value="0"/></measureScore>
      </stratum>
      <stratum>
        <component>
          <code><coding><code value="AGE_GROUP"/></coding></code>
          <value><coding><code value="P1Y--P5Y"/></coding></value>
        </component>
        <component>
          <code><coding><code value="SEX"/></coding></code>
          <value><coding><code value="F"/></coding></value>
        </component>
        <measureScore><value value="0"/></measureScore>
      </stratum>
      <!--  ...  -->
    </stratifier>
  </group>
</MeasureReport>