<?xml version="1.0" encoding="UTF-8"?><MedicationRequest xmlns="http://hl7.org/fhir">
    <id value="medrx0334"/>
    <meta>
    <security>
      <system value="http://terminology.hl7.org/CodeSystem/v3-ActReason"/>
      <code value="HTEST"/>
      <display value="test health data"/>
    </security>
  </meta>
  <text><status value="generated"/><div xmlns="http://www.w3.org/1999/xhtml"><p><b>Generated Narrative with Details</b></p><p><b>id</b>: medrx0334</p><p><b>identifier</b>: 12345689 (OFFICIAL)</p><p><b>status</b>: on-hold</p><p><b>intent</b>: order</p><p><b>medication</b>: Nystatin 100UNT/MG Topical Ointment <span>(Details : {RxNorm code '884308' = 'nystatin 100,000 UNT/GM Topical Ointment', given as 'Nystatin 100UNT/MG Topical Ointment'})</span></p><p><b>subject</b>: <a>Donald Duck</a></p><p><b>authoredOn</b>: Jan 15, 2015</p><p><b>requester</b>: <a>Patrick Pump</a></p><p><b>dosageInstruction</b>: </p><h3>DispenseRequests</h3><table><tr><td>-</td><td><b>ValidityPeriod</b></td><td><b>NumberOfRepeatsAllowed</b></td><td><b>Quantity</b></td><td><b>ExpectedSupplyDuration</b></td></tr><tr><td>*</td><td>Jan 15, 2015 --&gt; Jan 15, 2016</td><td>3</td><td>30 g<span> (Details: UCUM code g = 'g')</span></td><td>10 days<span> (Details: UCUM code d = 'd')</span></td></tr></table><h3>Substitutions</h3><table><tr><td>-</td><td><b>Allowed[x]</b></td><td><b>Reason</b></td></tr><tr><td>*</td><td>true</td><td>formulary policy <span>(Details : {http://terminology.hl7.org/CodeSystem/v3-ActReason code 'FP' = 'formulary policy', given as 'formulary policy'})</span></td></tr></table></div></text><identifier>
        <use value="official"/>
        <system value="http://www.bmc.nl/portal/prescriptions"/>
        <value value="12345689"/>
    </identifier>
    <status value="on-hold"/>
    <intent value="order"/>
    <medicationCodeableConcept>
        <coding>
            <system value="http://www.nlm.nih.gov/research/umls/rxnorm"/>
        <code value="884308"/>
        <display value="Nystatin 100UNT/MG Topical Ointment"/>
        </coding>
    </medicationCodeableConcept>
    <subject>
        <!--   Linked to the resource patient who needs the medication   -->
        <reference value="Patient/pat1"/>
        <display value="Donald Duck"/>   
    </subject>
    <authoredOn value="2015-01-15"/>
    <requester>
        <reference value="Practitioner/f007"/>
        <display value="Patrick Pump"/>
    </requester>
    <dosageInstruction>
        <sequence value="1"/>
        <text value="Apply to affected areas four times daily on Monday of each week"/>
        <timing>
            <repeat>
                <frequency value="4"/>
                <period value="1"/>
                <periodUnit value="d"/>
                <dayOfWeek value="mon"/>
            </repeat>
        </timing>
        <doseAndRate>
            <type>
                <coding>
                    <system value="http://terminology.hl7.org/CodeSystem/dose-rate-type"/>
                    <code value="ordered"/>
                    <display value="Ordered"/>
                </coding>
            </type>
            <doseQuantity>
                <value value="1"/>
                <unit value="ea"/>
                <system value="http://unitsofmeasure.org"/>
                <code value="ea"/>
            </doseQuantity>
        </doseAndRate>
        
    </dosageInstruction>
    <dispenseRequest>
        <validityPeriod>
            <start value="2015-01-15"/>
            <end value="2016-01-15"/>
        </validityPeriod>
        <numberOfRepeatsAllowed value="3"/>
        <quantity>
            <value value="30"/>
            <unit value="g"/>
            <system value="http://unitsofmeasure.org"/>
            <code value="g"/> 
        </quantity>
        <expectedSupplyDuration>
            <value value="10"/>
            <unit value="days"/>
            <system value="http://unitsofmeasure.org"/>
            <code value="d"/> 
        </expectedSupplyDuration>
    </dispenseRequest>   
    <substitution>
        <allowedBoolean value="true"/>
        <reason>
            <coding>
                <system value="http://terminology.hl7.org/CodeSystem/v3-ActReason"/>
                <code value="FP"/>
                <display value="formulary policy"/>             
            </coding>
        </reason>
    </substitution>
</MedicationRequest>