<?xml version="1.0" encoding="UTF-8"?><MedicationDispense xmlns="http://hl7.org/fhir">
    <id value="meddisp0322"/>
    <meta>
    <security>
      <system value="http://terminology.hl7.org/CodeSystem/v3-ActReason"/>
      <code value="HTEST"/>
      <display value="test health data"/>
    </security>
  </meta>
  <text><status value="generated"/><div xmlns="http://www.w3.org/1999/xhtml"><p><b>Generated Narrative with Details</b></p><p><b>id</b>: meddisp0322</p><p><b>status</b>: completed</p><p><b>medication</b>: Dilantin 125mg/5ml Oral Suspension <span>(Details : {http://hl7.org/fhir/sid/ndc code '0071-2214-20' = '0071-2214-20', given as 'Dilantin 125mg/5ml Oral Suspension'})</span></p><p><b>subject</b>: <a>Donald Duck</a></p><h3>Performers</h3><table><tr><td>-</td><td><b>Actor</b></td></tr><tr><td>*</td><td><a>Practitioner/f006</a></td></tr></table><p><b>authorizingPrescription</b>: <a>MedicationRequest/medrx0312</a></p><p><b>type</b>: Refill - Part Fill <span>(Details : {http://terminology.hl7.org/CodeSystem/v3-ActCode code 'RFP' = 'Refill - Part Fill', given as 'Refill - Part Fill'})</span></p><p><b>quantity</b>: 360 ml<span> (Details: UCUM code ml = 'ml')</span></p><p><b>daysSupply</b>: 30 Day<span> (Details: UCUM code d = 'd')</span></p><p><b>whenPrepared</b>: Jan 16, 2015, 7:13:00 AM</p><p><b>whenHandedOver</b>: Jan 18, 2015, 7:13:00 AM</p><p><b>dosageInstruction</b>: </p></div></text><status value="completed"/>
   <medicationCodeableConcept>
       <coding>
           <system value="http://hl7.org/fhir/sid/ndc"/>
           <code value="0071-2214-20"/>
           <display value="Dilantin 125mg/5ml Oral Suspension"/>
       </coding>
   </medicationCodeableConcept>
    <subject>
        <reference value="Patient/pat1"/>
        <display value="Donald Duck"/>
    </subject>
    <performer>
        <actor>
            <reference value="Practitioner/f006"/>
        </actor>
    </performer>
    <authorizingPrescription>
        <reference value="MedicationRequest/medrx0312"/>
    </authorizingPrescription>
    <type>
        <coding>
            <system value="http://terminology.hl7.org/CodeSystem/v3-ActCode"/>
            <code value="RFP"/>
            <display value="Refill - Part Fill"/>
        </coding>
    </type>
    <quantity>
        <value value="360"/>
        <system value="http://unitsofmeasure.org"/>
        <code value="ml"/>
    </quantity>
    <daysSupply>
        <value value="30"/>
        <unit value="Day"/>
        <system value="http://unitsofmeasure.org"/>
        <code value="d"/>
    </daysSupply>
    <whenPrepared value="2015-01-16T07:13:00+05:00"/>
    <whenHandedOver value="2015-01-18T07:13:00+05:00"/>
    <dosageInstruction>
        <sequence value="1"/>
        <text value="100mg (4ml) three times daily"/>
        <timing>
            <repeat>
                <frequency value="3"/>
                <period value="1"/>
                <periodUnit value="d"/>
            </repeat>
        </timing>
        <route>
            <coding>
                <system value="http://snomed.info/sct"/>
                <code value="26643006"/>
                <display value="Oral Route (qualifier value)"/>
            </coding>
        </route>
        <doseAndRate>
            <type>
                <coding>
                    <system value="http://terminology.hl7.org/CodeSystem/dose-rate-type"/>
                    <code value="ordered"/>
                    <display value="Ordered"/>
                </coding>
            </type>
            <doseQuantity>
                <value value="4"/>
                <unit value="ml"/>
                <system value="http://unitsofmeasure.org"/>
                <code value="ml"/>
            </doseQuantity>
        </doseAndRate>

    </dosageInstruction> 
</MedicationDispense>