<?xml version="1.0" encoding="UTF-8"?><MedicationDispense xmlns="http://hl7.org/fhir">
    <id value="meddisp0309"/>
    <meta>
    <security>
      <system value="http://hl7.org/fhir/v3/ActReason"/>
      <code value="HTEST"/>
      <display value="test health data"/>
    </security>
  </meta>
  <text><status value="generated"/><div xmlns="http://www.w3.org/1999/xhtml"><p><b>Generated Narrative with Details</b></p><p><b>id</b>: meddisp0309</p><p><b>contained</b>: </p><p><b>status</b>: entered-in-error</p><p><b>medication</b>: Nystatin 100,000 units/ml oral suspension (product). Generated Summary: id: med0312; Nystatin 100,000 units/ml oral suspension (product) <span>(Details : {SNOMED CT code '324689003' = 'Nystatin 100,000units/mL oral suspension', given as 'Nystatin 100,000 units/ml oral suspension (product)'})</span></p><p><b>subject</b>: <a>Donald Duck </a></p><h3>Performers</h3><table><tr><td>-</td><td><b>Actor</b></td></tr><tr><td>*</td><td><a>Practitioner/f006</a></td></tr></table><p><b>authorizingPrescription</b>: <a>MedicationRequest/medrx0319</a></p><p><b>type</b>: First Fill <span>(Details : {http://terminology.hl7.org/CodeSystem/v3-ActCode code 'FF' = 'First Fill', given as 'First Fill'})</span></p><p><b>quantity</b>: 10 ml<span> (Details: UCUM code ml = 'ml')</span></p><p><b>daysSupply</b>: 10 Day<span> (Details: UCUM code d = 'd')</span></p><p><b>whenPrepared</b>: Jan 15, 2015</p><p><b>whenHandedOver</b>: Jan 15, 2016</p><p><b>dosageInstruction</b>: </p></div></text><contained>
        <Medication>
            <id value="med0312"/>
            <code>
                <coding>
                    <system value="http://snomed.info/sct"/>
                    <code value="324689003"/>
                    <display value="Nystatin 100,000 units/ml oral suspension (product)"/>
                </coding>
            </code>
        </Medication>
    </contained>
    <status value="entered-in-error"/>
    <medicationReference>
        <!--   Linked to a RESOURCE Medication   -->
        <reference value="#med0312"/>
        <display value="Nystatin 100,000 units/ml oral suspension (product)"/>
    </medicationReference>
    <subject>
        <reference value="Patient/pat1"/>
        <display value="Donald Duck "/> 
    </subject>
    <performer>
        <actor>
            <reference value="Practitioner/f006"/>
        </actor>
    </performer>
    <authorizingPrescription>
        <reference value="MedicationRequest/medrx0319"/>
    </authorizingPrescription>
    <type>
        <coding>
            <system value="http://terminology.hl7.org/CodeSystem/v3-ActCode"/>
            <code value="FF"/>
            <display value="First Fill"/>
        </coding>
    </type>
    <quantity>
        <value value="10"/>
        <unit value="ml"/>
        <system value="http://unitsofmeasure.org"/>
        <code value="ml"/> 
    </quantity>
    <daysSupply>
        <value value="10"/>
        <unit value="Day"/>
        <system value="http://unitsofmeasure.org"/>
        <code value="d"/>
    </daysSupply>
    <whenPrepared value="2015-01-15"/>
    <whenHandedOver value="2016-01-15"/>
    <dosageInstruction>
        <sequence value="1"/>
        <text value="10 drops four times daily - apply in mouth using cotton swab or finger"/>
        <timing>
            <repeat>
                <frequency value="4"/>
                <period value="1"/>
                <periodUnit value="d"/>
            </repeat>
        </timing>
        <doseAndRate>
            <type>
                <coding>
                    <system value="http://terminology.hl7.org/CodeSystem/dose-rate-type"/>
                    <code value="ordered"/>
                    <display value="Ordered"/>
                </coding>
            </type>
            <doseQuantity>
                <value value="10"/>
                <unit value="drop"/>
                <system value="http://unitsofmeasure.org"/>
                <code value="drop"/>
            </doseQuantity>
        </doseAndRate>

    </dosageInstruction>
</MedicationDispense>