<?xml version="1.0" encoding="UTF-8"?><MedicationRequest xmlns="http://hl7.org/fhir">
  <id value="medrx0338"/>
    <meta>
    <security>
      <system value="http://terminology.hl7.org/CodeSystem/v3-ActReason"/>
      <code value="HTEST"/>
      <display value="test health data"/>
    </security>
  </meta>
  <text><status value="generated"/><div xmlns="http://www.w3.org/1999/xhtml"><p><b>Generated Narrative with Details</b></p><p><b>id</b>: medrx0338</p><p><b>contained</b>: </p><p><b>identifier</b>: 12345689 (OFFICIAL)</p><p><b>status</b>: completed</p><p><b>intent</b>: order</p><p><b>medication</b>: Dopamine 400mg in 500mL D5W. Generated Summary: id: med0338; Injection Solution (qualifier value) <span>(Details : {SNOMED CT code '385219001' = 'Injection solution', given as 'Injection Solution (qualifier value)'})</span></p><p><b>subject</b>: <a>Donald Duck</a></p><p><b>supportingInformation</b>: <a>Observation/example</a></p><p><b>authoredOn</b>: Jan 15, 2015</p><p><b>requester</b>: <a>Patrick Pump</a></p><p><b>dosageInstruction</b>: </p></div></text><contained>
        <Medication>
            <id value="med0338"/>
                <form>
                    <coding>
                        <system value="http://snomed.info/sct"/>
                        <code value="385219001"/>
                        <display value="Injection Solution (qualifier value)"/>
                    </coding>
                    <text value="Injection Solution (qualifier value)"/>
                </form>
                <ingredient>
                    <itemCodeableConcept>
                        <coding>
                            <system value="http://www.nlm.nih.gov/research/umls/rxnorm"/>
                            <code value="1114879"/>
                            <display value="Dopamine"/>
                        </coding>
                    </itemCodeableConcept>
                    <strength>
                        <numerator>
                            <value value="400"/>
                            <system value="http://unitsofmeasure.org"/>
                            <code value="mg"/>
                        </numerator>
                        <denominator>
                            <value value="500"/>
                            <system value="http://unitsofmeasure.org"/>
                            <code value="mL"/>
                        </denominator>
                    </strength>
                </ingredient>
                <ingredient>
                    <itemCodeableConcept>
                        <coding>
                            <system value="http://hl7.org/fhir/sid/ndc"/>
                            <code value="0264751010"/>
                            <display value="Dextrose 5% injection USP"/>
                        </coding>
                    </itemCodeableConcept>
                    <strength>
                        <numerator>
                            <value value="5"/>
                            <system value="http://unitsofmeasure.org"/>
                            <code value="g"/>
                        </numerator>
                        <denominator>
                            <value value="100"/>
                            <system value="http://unitsofmeasure.org"/>
                            <code value="mL"/>
                        </denominator>
                    </strength>
                </ingredient>
            
        </Medication>
    </contained>
    <identifier>
        <use value="official"/>
        <system value="http://www.bmc.nl/portal/prescriptions"/>
        <value value="12345689"/>
    </identifier>
    <status value="completed"/>
    <intent value="order"/>
    <medicationReference> <!--   Linked to a RESOURCE Medication   -->
        <reference value="#med0338"/>
        <display value="Dopamine 400mg in 500mL D5W"/>
    </medicationReference> 
    <subject> <!--   Linked to the resource patient who needs the medication   -->
        <reference value="Patient/pat1"/>
        <display value="Donald Duck"/>       
    </subject>
    <supportingInformation>
        <reference value="Observation/example"/>
    </supportingInformation>
    <authoredOn value="2015-01-15"/>
    <requester>
        <reference value="Practitioner/f007"/>
        <display value="Patrick Pump"/>
    </requester>
    <dosageInstruction>
        <sequence value="1"/>
        <text value="Dopamine 4mcg/kg/min"/>
        <timing>
            <repeat>
                <duration value="33.33"/>
                <durationUnit value="h"/>

            </repeat>
        </timing>
        <route>
            <coding>
                <system value="http://snomed.info/sct"/>
                <code value="47625008"/>
                <display value="Intravenous route (qualifier value)"/>
            </coding>
        </route>
        <doseAndRate>
            <type>
                <coding>
                    <system value="http://terminology.hl7.org/CodeSystem/dose-rate-type"/>
                    <code value="ordered"/>
                    <display value="Ordered"/>
                </coding>
            </type>
            <doseQuantity>
                <value value="400"/>
                <unit value="mg"/>
                <system value="http://unitsofmeasure.org"/>
                <code value="mg"/>
            </doseQuantity>
            <rateQuantity>
                <value value="7.5"/>
                <unit value="ml/h"/>
                <system value="http://unitsofmeasure.org"/>
            </rateQuantity>
        </doseAndRate>
        
        
    </dosageInstruction> 
</MedicationRequest>