<?xml version="1.0" encoding="UTF-8"?><Medication xmlns="http://hl7.org/fhir">
   <id value="med0319"/>
   
      <meta>
    <security>
      <system value="http://hl7.org/fhir/v3/ActReason"/>
      <code value="HTEST"/>
      <display value="test health data"/>
    </security>
  </meta>
  <text><status value="generated"/><div xmlns="http://www.w3.org/1999/xhtml"><p><b>Generated Narrative with Details</b></p><p><b>id</b>: med0319</p><p><b>form</b>: Ointment <span>(Details : {SNOMED CT code '385101003' = 'Ointment', given as 'Ointment'})</span></p><blockquote><p><b>ingredient</b></p><p><b>item</b>: Salicyclic Acid (substance) <span>(Details : {SNOMED CT code '387253001' = 'Salicylic acid', given as 'Salicyclic Acid (substance)'})</span></p><p><b>strength</b>: 5 g<span> (Details: UCUM code g = 'g')</span>/100 g<span> (Details: UCUM code g = 'g')</span></p></blockquote><blockquote><p><b>ingredient</b></p><p><b>item</b>: Hydrocortisone (substance) <span>(Details : {SNOMED CT code '396458002' = 'Hydrocortisone', given as 'Hydrocortisone (substance)'})</span></p><p><b>strength</b>: 1 g<span> (Details: UCUM code g = 'g')</span>/100 g<span> (Details: UCUM code g = 'g')</span></p></blockquote><blockquote><p><b>ingredient</b></p><p><b>item</b>: White Petrolatum (substance) <span>(Details : {SNOMED CT code '126066007' = 'White petroleum', given as 'White Petrolatum (substance)'})</span></p><p><b>strength</b>: 94 g<span> (Details: UCUM code g = 'g')</span>/100 g<span> (Details: UCUM code g = 'g')</span></p></blockquote></div></text><form>
         <coding>
            <system value="http://snomed.info/sct"/>
            <code value="385101003"/>
            <display value="Ointment"/>
         </coding>
         <text value="Ointment"/>
      </form>
      <ingredient>
         <itemCodeableConcept>
            <coding>
               <system value="http://snomed.info/sct"/>
               <code value="387253001"/>
               <display value="Salicyclic Acid (substance)"/>
            </coding>
         </itemCodeableConcept>
         <strength>
            <numerator>
               <value value="5"/>
               <system value="http://unitsofmeasure.org"/>
               <code value="g"/>
            </numerator>
            <denominator>
               <value value="100"/>
               <system value="http://unitsofmeasure.org"/>
               <code value="g"/>
            </denominator>
         </strength>
      </ingredient>
      <ingredient>
         <itemCodeableConcept>
            <coding>
               <system value="http://snomed.info/sct"/>
               <code value="396458002"/>
               <display value="Hydrocortisone (substance)"/>
            </coding>
         </itemCodeableConcept>
         <strength>
            <numerator>
               <value value="1"/>
               <system value="http://unitsofmeasure.org"/>
               <code value="g"/>
            </numerator>
            <denominator>
               <value value="100"/>
               <system value="http://unitsofmeasure.org"/>
               <code value="g"/>
            </denominator>
         </strength>
      </ingredient>
      <ingredient>
         <itemCodeableConcept>
            <coding>
               <system value="http://snomed.info/sct"/>
               <code value="126066007"/>
               <display value="White Petrolatum (substance)"/>
            </coding>
         </itemCodeableConcept>
         <strength>
            <numerator>
               <value value="94"/>
               <system value="http://unitsofmeasure.org"/>
               <code value="g"/>
            </numerator>
            <denominator>
               <value value="100"/>
               <system value="http://unitsofmeasure.org"/>
               <code value="g"/>
            </denominator>
         </strength>
      </ingredient>
   
</Medication>