<?xml version="1.0" encoding="UTF-8"?><MedicationAdministration xmlns="http://hl7.org/fhir"> 
  <id value="medadmin0311"/>
  <meta>
    <security>
      <system value="http://hl7.org/fhir/v3/ActReason"/>
      <code value="HTEST"/>
      <display value="test health data"/>
    </security>
  </meta>
  <text><status value="generated"/><div xmlns="http://www.w3.org/1999/xhtml"><p><b>Generated Narrative with Details</b></p><p><b>id</b>: medadmin0311</p><p><b>contained</b>: </p><p><b>status</b>: completed</p><p><b>medication</b>: id: med0304; Alprazolam 0.25mg Oral Tablet <span>(Details : {RxNorm code '308047' = 'ALPRAZolam 0.25 MG Oral Tablet', given as 'Alprazolam 0.25mg Oral Tablet'})</span></p><p><b>subject</b>: <a>Donald Duck</a></p><p><b>effective</b>: Jan 15, 2015, 10:03:00 PM --&gt; Jan 16, 2015, 2:03:00 AM</p><h3>Performers</h3><table><tr><td>-</td><td><b>Actor</b></td></tr><tr><td>*</td><td><a>Patrick Pump</a></td></tr></table><p><b>reasonCode</b>: Dysmenorrhea <span>(Details : {SNOMED CT code '266599000' = 'Period pain', given as 'Dysmenorrhea'})</span></p><p><b>request</b>: <a>MedicationRequest/medrx0305</a></p><h3>Dosages</h3><table><tr><td>-</td><td><b>Text</b></td><td><b>Route</b></td><td><b>Dose</b></td></tr><tr><td>*</td><td>0.25mg PO every 6-12 hours as needed for menses from Jan 15-20, 2015.  Do not exceed more than 4mg per day</td><td>Oral Route <span>(Details : {SNOMED CT code '26643006' = 'Oral route', given as 'Oral Route'})</span></td><td>1 TAB<span> (Details: http://terminology.hl7.org/CodeSystem/v3-orderableDrugForm code TAB = 'Tablet')</span></td></tr></table></div></text><contained>
    <Medication>
      <id value="med0304"/>
      <code>
        <coding>
          <system value="http://www.nlm.nih.gov/research/umls/rxnorm"/>
          <code value="308047"/>
          <display value="Alprazolam 0.25mg Oral Tablet"/>
        </coding>
      </code>
    </Medication>
  </contained>
  <status value="completed"/>
  <medicationReference>
    <reference value="#med0304"/>
  </medicationReference>
 <subject>
   <reference value="Patient/pat1"/>
   <display value="Donald Duck"/> 
  </subject>
 <effectivePeriod>
  <start value="2015-01-15T22:03:00+01:00"/>
   <end value="2015-01-16T02:03:00+01:00"/>
</effectivePeriod>
 <performer>
    <actor>
      <reference value="Practitioner/f007"/>
      <display value="Patrick Pump"/>
    </actor>
 </performer>
  <reasonCode>
    <coding>
      <system value="http://snomed.info/sct"/>
      <code value="266599000"/>
      <display value="Dysmenorrhea"/>
    </coding>
  </reasonCode>
  <request>
    <reference value="MedicationRequest/medrx0305"/>
  </request>
  <dosage>
    <text value="0.25mg PO every 6-12 hours as needed for menses from Jan 15-20, 2015.  Do not exceed more than 4mg per day"/>
    <route>
      <coding>
        <system value="http://snomed.info/sct"/>
        <code value="26643006"/>
        <display value="Oral Route"/>
      </coding>
    </route>
    <dose>
      <value value="1"/>
      <unit value="TAB"/>
      <system value="http://terminology.hl7.org/CodeSystem/v3-orderableDrugForm"/>
      <code value="TAB"/> 
    </dose>
  </dosage>
</MedicationAdministration>