<?xml version="1.0" encoding="UTF-8"?><Medication xmlns="http://hl7.org/fhir">
  <id value="med0312"/>
  <meta>
    <security>
      <system value="http://hl7.org/fhir/v3/ActReason"/>
      <code value="HTEST"/>
      <display value="test health data"/>
    </security>
  </meta>
  <text><status value="generated"/><div xmlns="http://www.w3.org/1999/xhtml"><p><b>Generated Narrative with Details</b></p><p><b>id</b>: med0312</p><p><b>contained</b>: </p><p><b>code</b>: Nystatin 100,000 units/ml oral suspension (product) <span>(Details : {SNOMED CT code '324689003' = 'Nystatin 100,000units/mL oral suspension', given as 'Nystatin 100,000 units/ml oral suspension (product)'})</span></p><p><b>form</b>: Oral suspension (qualifier value) <span>(Details : {SNOMED CT code '387048002' = 'Nystatin', given as 'Oral suspension (qualifier value)'})</span></p><h3>Ingredients</h3><table><tr><td>-</td><td><b>Item[x]</b></td><td><b>Strength</b></td></tr><tr><td>*</td><td>id: sub02; Nystatin (substance) <span>(Details : {SNOMED CT code '387048002' = 'Nystatin', given as 'Nystatin (substance)'})</span></td><td>100000 [IU]<span> (Details: UCUM code [IU] = 'IU')</span>/1 mL<span> (Details: UCUM code mL = 'mL')</span></td></tr></table></div></text><contained>
    <Substance>
      <id value="sub02"/>
      <code>
        <coding>
          <system value="http://snomed.info/sct"/>
          <code value="387048002"/>
          <display value="Nystatin (substance)"/>
        </coding>
      </code>
    </Substance>
  </contained>
  <code>
    <coding>
      <system value="http://snomed.info/sct"/>
      <code value="324689003"/>
      <display value="Nystatin 100,000 units/ml oral suspension (product)"/>
    </coding>
  </code>
  
    <form>
      <coding>
        <system value="http://snomed.info/sct"/>
        <code value="387048002"/>
        <display value="Oral suspension (qualifier value)"/>
      </coding>
    </form>
    <ingredient>
      <itemReference>
        <reference value="#sub02"/>
      </itemReference>
      <strength>
        <numerator>
          <value value="100000"/>
          <system value="http://unitsofmeasure.org"/>
          <code value="[IU]"/>
        </numerator>
        <denominator>
          <value value="1"/>
          <system value="http://unitsofmeasure.org"/>
          <code value="mL"/>
        </denominator>
      </strength>
    </ingredient>
  
</Medication>