<?xml version="1.0" encoding="UTF-8"?><MedicationDispense xmlns="http://hl7.org/fhir">
    <id value="meddisp0321"/>
    <meta>
    <security>
      <system value="http://terminology.hl7.org/CodeSystem/v3-ActReason"/>
      <code value="HTEST"/>
      <display value="test health data"/>
    </security>
  </meta>
  <text><status value="generated"/><div xmlns="http://www.w3.org/1999/xhtml"><p><b>Generated Narrative with Details</b></p><p><b>id</b>: meddisp0321</p><p><b>status</b>: in-progress</p><p><b>medication</b>: Vicodin 5mg Hydrocodone, 500mg Acetaminophen tablet  <span>(Details : {http://hl7.org/fhir/sid/ndc code '49999-051-30' = '49999-051-30', given as 'Vicodin 5mg Hydrocodone, 500mg Acetaminophen tablet '})</span></p><p><b>subject</b>: <a>Donald Duck</a></p><h3>Performers</h3><table><tr><td>-</td><td><b>Actor</b></td></tr><tr><td>*</td><td><a>Practitioner/f006</a></td></tr></table><p><b>authorizingPrescription</b>: <a>MedicationRequest/medrx0321</a></p><p><b>type</b>: Refill - Part Fill <span>(Details : {http://terminology.hl7.org/CodeSystem/v3-ActCode code 'RFP' = 'Refill - Part Fill', given as 'Refill - Part Fill'})</span></p><p><b>quantity</b>: 30 TAB<span> (Details: http://terminology.hl7.org/CodeSystem/v3-orderableDrugForm code TAB = 'Tablet')</span></p><p><b>daysSupply</b>: 10 Day<span> (Details: UCUM code d = 'd')</span></p><p><b>whenPrepared</b>: Jan 15, 2015, 10:20:00 AM</p><p><b>dosageInstruction</b>: </p></div></text><status value="in-progress"/>
    <medicationCodeableConcept>
        <coding>
            <system value="http://hl7.org/fhir/sid/ndc"/>
            <code value="49999-051-30"/>
            <display value="Vicodin 5mg Hydrocodone, 500mg Acetaminophen tablet "/>
        </coding>
    </medicationCodeableConcept>
    <subject>       
        <reference value="Patient/pat1"/>
        <display value="Donald Duck"/>
    </subject>
    <performer>
        <actor>
            <reference value="Practitioner/f006"/>
        </actor>
    </performer>
    <authorizingPrescription>
        <reference value="MedicationRequest/medrx0321"/>
    </authorizingPrescription>
    <type>
        <coding>
            <system value="http://terminology.hl7.org/CodeSystem/v3-ActCode"/>
            <code value="RFP"/>
            <display value="Refill - Part Fill"/>
        </coding>
    </type>
    <quantity>
        <value value="30"/>
        <system value="http://terminology.hl7.org/CodeSystem/v3-orderableDrugForm"/>
        <code value="TAB"/>
    </quantity>
    <daysSupply>
        <value value="10"/>
        <unit value="Day"/>
        <system value="http://unitsofmeasure.org"/>
        <code value="d"/>
    </daysSupply>
    <whenPrepared value="2015-01-15T10:20:00Z"/>  
    <dosageInstruction>
        <sequence value="1"/>
        <text value="1 tablet every four hours as needed for pain"/>
        <additionalInstruction>
            <coding>
                <system value="http://snomed.info/sct"/>
                <code value="418914006"/>
                <display value="Warning. May cause drowsiness. If affected do not drive or operate machinery. Avoid alcoholic drink (qualifier value)"/>
            </coding>
        </additionalInstruction>
        <timing>
            <repeat>
                <frequency value="1"/>
                <period value="4"/>
                <periodUnit value="h"/>
            </repeat>
        </timing>
        <asNeededCodeableConcept>
            <coding>
                <system value="http://snomed.info/sct"/>
                <code value="203082005"/>
                <display value="Fibromyalgia (disorder)"/>
            </coding>
        </asNeededCodeableConcept>
        <route>
            <coding>
                <system value="http://snomed.info/sct"/>
                <code value="26643006"/>
                <display value="Oral Route"/>
            </coding>
        </route>
        <doseAndRate>
            <type>
                <coding>
                    <system value="http://terminology.hl7.org/CodeSystem/dose-rate-type"/>
                    <code value="ordered"/>
                    <display value="Ordered"/>
                </coding>
            </type>
            <doseQuantity>
                <value value="1"/>
                <unit value="TAB"/>
                <system value="http://terminology.hl7.org/CodeSystem/v3-orderableDrugForm"/>
                <code value="TAB"/> 
            </doseQuantity>
        </doseAndRate>

    </dosageInstruction>
</MedicationDispense>