<?xml version="1.0" encoding="UTF-8"?><MedicationDispense xmlns="http://hl7.org/fhir">
    <id value="meddisp0328"/>
    <meta>
    <security>
      <system value="http://terminology.hl7.org/CodeSystem/v3-ActReason"/>
      <code value="HTEST"/>
      <display value="test health data"/>
    </security>
  </meta>
  <text><status value="generated"/><div xmlns="http://www.w3.org/1999/xhtml"><p><b>Generated Narrative with Details</b></p><p><b>id</b>: meddisp0328</p><p><b>status</b>: in-progress</p><p><b>medication</b>: Nasonex 0.05mg/ACTUAT Nasal Inhaler <span>(Details : {RxNorm code '1797870' = 'NASONEX 50 MCG/ACTUAT Metered Dose Nasal Spray', given as 'Nasonex 0.05mg/ACTUAT Nasal Inhaler'})</span></p><p><b>subject</b>: <a>Donald Duck</a></p><h3>Performers</h3><table><tr><td>-</td><td><b>Actor</b></td></tr><tr><td>*</td><td><a>Practitioner/f006</a></td></tr></table><p><b>authorizingPrescription</b>: <a>MedicationRequest/medrx0321</a></p><p><b>type</b>: Emergency Supply <span>(Details : {http://terminology.hl7.org/CodeSystem/v3-ActCode code 'EM' = 'Emergency Supply', given as 'Emergency Supply'})</span></p><p><b>quantity</b>: 30 ml<span> (Details: UCUM code ml = 'ml')</span></p><p><b>daysSupply</b>: 30 Day<span> (Details: UCUM code d = 'd')</span></p><p><b>whenPrepared</b>: Jan 15, 2015, 10:20:00 AM</p><p><b>dosageInstruction</b>: </p></div></text><status value="in-progress"/>
    <medicationCodeableConcept>
        <coding>
            <system value="http://www.nlm.nih.gov/research/umls/rxnorm"/>
            <code value="1797870"/>
            <display value="Nasonex 0.05mg/ACTUAT Nasal Inhaler"/>
        </coding>
    </medicationCodeableConcept>
    <subject>
        <reference value="Patient/pat1"/>
        <display value="Donald Duck"/>
    </subject>
    <performer>
        <actor>
            <reference value="Practitioner/f006"/>
        </actor>
    </performer>
    <authorizingPrescription>
        <reference value="MedicationRequest/medrx0321"/>
    </authorizingPrescription>
    <type>
        <coding>
            <system value="http://terminology.hl7.org/CodeSystem/v3-ActCode"/>
            <code value="EM"/>
            <display value="Emergency Supply"/>
        </coding>
    </type>
    <quantity>
        <value value="30"/>
        <system value="http://unitsofmeasure.org"/>
        <code value="ml"/>
    </quantity>
    <daysSupply>
        <value value="30"/>
        <unit value="Day"/>
        <system value="http://unitsofmeasure.org"/>
        <code value="d"/>
    </daysSupply>
    <whenPrepared value="2015-01-15T10:20:00Z"/>
    <dosageInstruction>
        <sequence value="1"/>
        <text value="Use two sprays twice daily"/>
        <additionalInstruction>
            <text value="Shake Well"/>
        </additionalInstruction>
        <timing>
            <repeat>
                <frequency value="2"/>
                <period value="1"/>
                <periodUnit value="d"/>
            </repeat>
        </timing>
        <doseAndRate>
            <type>
                <coding>
                    <system value="http://terminology.hl7.org/CodeSystem/dose-rate-type"/>
                    <code value="ordered"/>
                    <display value="Ordered"/>
                </coding>
            </type>
            <doseQuantity>
                <value value="1"/>
                <unit value="ea"/>
                <system value="http://unitsofmeasure.org"/>
                <code value="ea"/>
            </doseQuantity>
        </doseAndRate>

    </dosageInstruction>
</MedicationDispense>