<?xml version="1.0" encoding="UTF-8"?><Medication xmlns="http://hl7.org/fhir">
   <id value="med0317"/>
   
      <meta>
    <security>
      <system value="http://terminology.hl7.org/CodeSystem/v3-ActReason"/>
      <code value="HTEST"/>
      <display value="test health data"/>
    </security>
  </meta>
  <text><status value="generated"/><div xmlns="http://www.w3.org/1999/xhtml"><p><b>Generated Narrative with Details</b></p><p><b>id</b>: med0317</p><p><b>form</b>: Injection Solution (qualifier value) <span>(Details : {SNOMED CT code '385219001' = 'Injection solution', given as 'Injection Solution (qualifier value)'})</span></p><blockquote><p><b>ingredient</b></p><p><b>item</b>: Potassium Chloride <span>(Details : {RxNorm code '204520' = 'Potassium Chloride 2 MEQ/ML Injectable Solution', given as 'Potassium Chloride'})</span></p><p><b>strength</b>: 2 meq<span> (Details: UCUM code meq = 'meq')</span>/1 mL<span> (Details: UCUM code mL = 'mL')</span></p></blockquote><blockquote><p><b>ingredient</b></p><p><b>item</b>: Sodium Chloride 0.9% injectable solution <span>(Details : {RxNorm code '313002' = 'Sodium Chloride 0.154 MEQ/ML Injectable Solution', given as 'Sodium Chloride 0.9% injectable solution'})</span></p><p><b>strength</b>: 0.9 g<span> (Details: UCUM code g = 'g')</span>/100 mL<span> (Details: UCUM code mL = 'mL')</span></p></blockquote></div></text><form>
         <coding>
            <system value="http://snomed.info/sct"/>
            <code value="385219001"/>
            <display value="Injection Solution (qualifier value)"/>
         </coding>
         <text value="Injection Solution (qualifier value)"/>
      </form>
      <ingredient>
         <itemCodeableConcept>
            <coding>
               <system value="http://www.nlm.nih.gov/research/umls/rxnorm"/>
               <code value="204520"/>
               <display value="Potassium Chloride"/>
            </coding>
         </itemCodeableConcept>
         <strength>
            <numerator>
               <value value="2"/>
               <system value="http://unitsofmeasure.org"/>
               <code value="meq"/>
            </numerator>
            <denominator>
               <value value="1"/>
               <system value="http://unitsofmeasure.org"/>
               <code value="mL"/>
            </denominator>
         </strength>
      </ingredient>
      <ingredient>
         <itemCodeableConcept>
            <coding>
               <system value="http://www.nlm.nih.gov/research/umls/rxnorm"/>
               <code value="313002"/>
               <display value="Sodium Chloride 0.9% injectable solution"/>
            </coding>
         </itemCodeableConcept>
         <strength>
            <numerator>
               <value value="0.9"/>
               <system value="http://unitsofmeasure.org"/>
               <code value="g"/>
            </numerator>
            <denominator>
               <value value="100"/>
               <system value="http://unitsofmeasure.org"/>
               <code value="mL"/>
            </denominator>
         </strength>
      </ingredient>
   
</Medication>