<?xml version="1.0" encoding="UTF-8"?><MessageDefinition xmlns="http://hl7.org/fhir">
  <id value="patient-link-notification"/>
  <meta>
    <security>
      <system value="http://terminology.hl7.org/CodeSystem/v3-ActReason"/>
      <code value="HTEST"/>
      <display value="test health data"/>
    </security>
  </meta>
  <text>
    <status value="generated"/>
    <div xmlns="http://www.w3.org/1999/xhtml">Link Patients Notification</div>
  </text>
  <url value="http://hl7.org/fhir/MessageDefinition/patient-link-notification"/>
  <identifier>
    <system value="urn:ietf:rfc:3986"/>
    <value value="urn:oid:1.3.6.1.4.1.21367.2005.3.7.9878"/>
  </identifier>
  <version value="1"/>
  <name value="PATIENT-LINK-NOTIFICATION"/>
  <title value="Link Patients Notification"/>
  <status value="draft"/>
  <experimental value="true"/>
  <date value="2017-02-03"/>
  <publisher value="Health Level Seven, Int'l"/>
  <contact>
    <telecom>
      <system value="url"/>
      <value value="http://hl7.org"/>
    </telecom>
  </contact>
  <description value="Notification of two patient records that represent the same individual that require an established linkage."/>
  <useContext>
    <code>
      <system value="http://terminology.hl7.org/CodeSystem/usage-context-type"/>
      <code value="focus"/>
    </code>
    <valueCodeableConcept>
      <coding>
        <system value="http://terminology.hl7.org/CodeSystem/variant-state"/>
        <code value="positive"/>
      </coding>
    </valueCodeableConcept>
  </useContext>
  <jurisdiction>
    <coding>
      <system value="urn:iso:std:iso:3166"/>
      <code value="US"/>
      <display value="United States of America (the)"/>
    </coding>
  </jurisdiction>
  <purpose value="Notifies recipient systems that two patients have been 'linked' - meaning they represent the same individual"/>
  <copyright value="� HL7.org 2011+"/>
  <base value="MessageDefinition/example"/>
  <eventCoding>
    <system value="http://example.org/fhir/message-events"/>
    <code value="admin-notify"/>
  </eventCoding>
  <category value="notification"/>
  <focus>
    <code value="Patient"/>
    <profile value="StructureDefinition/example"/>
    <min value="2"/>
    <max value="2"/>
  </focus>

  <allowedResponse>
    <message value="MessageDefinition/patient-link-response"/>
    <situation value="Optional response message that may provide additional information"/>
  </allowedResponse>
</MessageDefinition>