<?xml version="1.0" encoding="UTF-8"?><NutritionOrder xmlns="http://hl7.org/fhir"><!--   EH: use oral Diet element   --><id value="texturemodified"/>
	<meta>
    <security>
      <system value="http://hl7.org/fhir/v3/ActReason"/>
      <code value="HTEST"/>
      <display value="test health data"/>
    </security>
  </meta>
  <text><status value="generated"/><div xmlns="http://www.w3.org/1999/xhtml"><p><b>Generated Narrative with Details</b></p><p><b>id</b>: texturemodified</p><p><b>identifier</b>: 123</p><p><b>status</b>: active</p><p><b>intent</b>: order</p><p><b>patient</b>: <a>Peter Chalmers</a></p><p><b>dateTime</b>: Sep 17, 2014</p><p><b>orderer</b>: <a>Dr Adam Careful</a></p><blockquote><p><b>oralDiet</b></p><p><b>type</b>: Texture modified diet <span>(Details : {SNOMED CT code '435801000124108' = 'Texture modified diet (regime/therapy)', given as 'Texture modified diet'}; {http://goodhealthhospital.org/diet-type-codes code '1010' = '1010', given as 'Texture modified diet'})</span></p><p><b>schedule</b>: Starting Feb 10, 2015, Do 3 per 1 days</p><h3>Textures</h3><table><tr><td>-</td><td><b>Modifier</b></td><td><b>FoodType</b></td></tr><tr><td>*</td><td>Regular, Chopped Meat <span>(Details : {SNOMED CT code '228049004' = 'Chopped food', given as 'Chopped food'})</span></td><td>Regular, Chopped Meat <span>(Details : {SNOMED CT code '28647000' = 'Meat', given as 'Meat'})</span></td></tr></table></blockquote></div></text><identifier>
		<system value="http://goodhealthhospital.org/nutrition-requests"/>
		<value value="123"/>
	</identifier>
	<status value="active"/><intent value="order"/>
	<patient>
		<reference value="Patient/example"/>
		<display value="Peter Chalmers"/>
	</patient>
	<dateTime value="2014-09-17"/>
	<orderer>
		<reference value="Practitioner/example"/>
		<display value="Dr Adam Careful"/>
	</orderer>
	<oralDiet>
		<!--   EH:  list type of diet showing standard code and local codes   -->
		<type>
			<coding>
				<system value="http://snomed.info/sct"/>
				<code value="435801000124108"/>
				<display value="Texture modified diet"/>
			</coding>
			<coding>
				<system value="http://goodhealthhospital.org/diet-type-codes"/>
				<code value="1010"/>
				<display value="Texture modified diet"/>
			</coding>
			<text value="Texture modified diet"/>
		</type>
		<!--   EH example of three times a day starting on 2/10   -->
		<schedule>
			<repeat>
				<boundsPeriod>
					<start value="2015-02-10"/>
				</boundsPeriod>
				<frequency value="3"/>
				<period value="1"/>
				<periodUnit value="d"/>
			</repeat>
		</schedule>
		<texture>
			<modifier>
				<coding>
					<system value="http://snomed.info/sct"/>
					<code value="228049004"/>
					<display value="Chopped food"/>
				</coding>
				<text value="Regular, Chopped Meat"/>
			</modifier>
			<foodType>
				<coding>
					<system value="http://snomed.info/sct"/>
					<code value="28647000"/>
					<display value="Meat"/>
				</coding>
				<text value="Regular, Chopped Meat"/>
			</foodType>
		</texture>
	</oralDiet>
</NutritionOrder>