<?xml version="1.0" encoding="UTF-8"?><Observation xmlns="http://hl7.org/fhir">
	<id value="date-lastmp"/>
	<meta>
    <security>
      <system value="http://hl7.org/fhir/v3/ActReason"/>
      <code value="HTEST"/>
      <display value="test health data"/>
    </security>
  </meta>
  <text><status value="generated"/><div xmlns="http://www.w3.org/1999/xhtml"><p><b>Generated Narrative with Details</b></p><p><b>id</b>: date-lastmp</p><p><b>status</b>: final</p><p><b>category</b>: AOE <span>(Details : {http://terminology.hl7.org/CodeSystem/observation-category code 'survey' = 'Survey', given as 'Survey'})</span></p><p><b>code</b>: Date last menstrual period <span>(Details : {LOINC code '8665-2' = 'Last menstrual period start date', given as 'Date last menstrual period'})</span></p><p><b>subject</b>: <a>Patient/pat2</a></p><p><b>effective</b>: Jan 24, 2016</p><p><b>value</b>: Dec 30, 2016</p></div></text><status value="final"/>
	<category>
		<coding>
			<system value="http://terminology.hl7.org/CodeSystem/observation-category"/>
			<code value="survey"/>
			<display value="Survey"/>
		</coding>
		<text value="AOE"/>
	</category>
	<code>
		<coding>
			<system value="http://loinc.org"/>
			<code value="8665-2"/>
			<display value="Date last menstrual period"/>
		</coding>
		<text value="Date last menstrual period"/>
	</code>
	<subject>
		<reference value="Patient/pat2"/>
	</subject>
	<effectiveDateTime value="2016-01-24"/>
	<valueDateTime value="2016-12-30"/>
</Observation>