<?xml version="1.0" encoding="UTF-8"?><Procedure xmlns="http://hl7.org/fhir">
  <id value="colonoscopy"/>
  <meta>
    <security>
      <system value="http://hl7.org/fhir/v3/ActReason"/>
      <code value="HTEST"/>
      <display value="test health data"/>
    </security>
  </meta>
  <text>
    <status value="generated"/>
    <div xmlns="http://www.w3.org/1999/xhtml">Colonoscopy with complication</div>
  </text>
  <identifier>
       <value value="12345"/>
  </identifier>
  <status value="completed"/>
  <code>
    <coding>
      <system value="http://snomed.info/sct"/>
      <code value="73761001"/>
      <display value="Colonoscopy (procedure)"/>
    </coding>
    <text value="Colonoscopy"/>
  </code>
  <subject>
    <reference value="Patient/example"/>
  </subject>
  <performer>
	<actor>
		<reference value="Practitioner/example"/>
		<display value="Dr Adam Careful"/>
	</actor>
  </performer>
  <location>
    <reference value="Location/1"/>
	<display value="Burgers University Medical Center, South Wing, second floor"/>
  </location>
  
  <complicationDetail>
		<display value="Perforated intestine condition"/>
  </complicationDetail>
  <usedReference>
		<display value="Colonoscope device"/>
  </usedReference>
</Procedure>