<?xml version="1.0" encoding="UTF-8"?>

<ConceptMap xmlns="http://hl7.org/fhir">
  <id value="sc-event-status"/>
  <text>
    <status value="generated"/>
    <div xmlns="http://www.w3.org/1999/xhtml">
      <h2>EventStatusCanonicalMap (http://hl7.org/fhir/ConceptMap/sc-event-status)</h2>
      <p>Mapping from 
        <a href="valueset-event-status.html">http://hl7.org/fhir/ValueSet/event-status</a> to 
        <a href="valueset-resource-status.html">http://hl7.org/fhir/ValueSet/resource-status</a>
      </p>
      <p>DRAFT. Published on Sep 14, 2018, 7:16:19 AM by HL7 (FHIR Project) (
        <a href="http://hl7.org/fhir">http://hl7.org/fhir</a>, 
        <a href="mailto:fhir@lists.hl7.org">fhir@lists.hl7.org</a>). 
      </p>
      <div>
        <p>Canonical Mapping for &quot;Codes identifying the lifecycle stage of a event.&quot;</p>

      </div>
      <br/>
      <table class="grid">
        <tr>
          <td>
            <b>Source Code</b>
          </td>
          <td>
            <b>Equivalence</b>
          </td>
          <td>
            <b>Destination Code</b>
          </td>
        </tr>
        <tr>
          <td>entered-in-error</td>
          <td>equivalent</td>
          <td>error</td>
        </tr>
        <tr>
          <td>proposed</td>
          <td>equivalent</td>
          <td>proposed</td>
        </tr>
        <tr>
          <td>draft</td>
          <td>equivalent</td>
          <td>draft</td>
        </tr>
        <tr>
          <td>rejected</td>
          <td>equivalent</td>
          <td>declined</td>
        </tr>
        <tr>
          <td>active</td>
          <td>equivalent</td>
          <td>active</td>
        </tr>
        <tr>
          <td>inactive</td>
          <td>equivalent</td>
          <td>inactive</td>
        </tr>
      </table>
    </div>
  </text>
  <url value="http://hl7.org/fhir/ConceptMap/sc-event-status"/>
  <version value="3.5.0"/>
  <name value="EventStatusCanonicalMap"/>
  <title value="Canonical Mapping for &quot;EventStatus&quot;"/>
  <status value="draft"/>
  <date value="2018-09-14T07:16:19-05:00"/>
  <publisher value="HL7 (FHIR Project)"/>
  <contact>
    <telecom>
      <system value="url"/>
      <value value="http://hl7.org/fhir"/>
    </telecom>
    <telecom>
      <system value="email"/>
      <value value="fhir@lists.hl7.org"/>
    </telecom>
  </contact>
  <description value="Canonical Mapping for &quot;Codes identifying the lifecycle stage of a event.&quot;"/>
  <sourceCanonical value="http://hl7.org/fhir/ValueSet/event-status"/>
  <targetCanonical value="http://hl7.org/fhir/ValueSet/resource-status"/>
  <group>
    <source value="http://hl7.org/fhir/event-status"/>
    <target value="http://hl7.org/fhir/resource-status"/>
    <element>
      <code value="entered-in-error"/>
      <target>
        <code value="error"/>
        <equivalence value="equivalent"/>
      </target>
    </element>
    <element>
      <code value="proposed"/>
      <target>
        <code value="proposed"/>
        <equivalence value="equivalent"/>
      </target>
    </element>
    <element>
      <code value="draft"/>
      <target>
        <code value="draft"/>
        <equivalence value="equivalent"/>
      </target>
    </element>
    <element>
      <code value="rejected"/>
      <target>
        <code value="declined"/>
        <equivalence value="equivalent"/>
      </target>
    </element>
    <element>
      <code value="active"/>
      <target>
        <code value="active"/>
        <equivalence value="equivalent"/>
      </target>
    </element>
    <element>
      <code value="inactive"/>
      <target>
        <code value="inactive"/>
        <equivalence value="equivalent"/>
      </target>
    </element>
  </group>
</ConceptMap>