<?xml version="1.0" encoding="UTF-8"?>

<ConceptMap xmlns="http://hl7.org/fhir">
  <id value="sc-verificationresult-status"/>
  <text>
    <status value="generated"/>
    <div xmlns="http://www.w3.org/1999/xhtml">
      <h2>statusCanonicalMap (http://hl7.org/fhir/ConceptMap/sc-verificationresult-status)</h2>
      <p>Mapping from 
        <a href="valueset-verificationresult-status.html">http://hl7.org/fhir/ValueSet/verificationresult-status</a> to 
        <a href="valueset-resource-status.html">http://hl7.org/fhir/ValueSet/resource-status</a>
      </p>
      <p>DRAFT. Published on Jun 5, 2018, 9:06:02 AM by HL7 (FHIR Project) (
        <a href="http://hl7.org/fhir">http://hl7.org/fhir</a>, 
        <a href="mailto:fhir@lists.hl7.org">fhir@lists.hl7.org</a>). 
      </p>
      <div>
        <p>Canonical Mapping for &quot;The validation status of the target&quot;</p>

      </div>
      <br/>
      <table class="grid">
        <tr>
          <td>
            <b>Source Code</b>
          </td>
          <td>
            <b>Equivalence</b>
          </td>
          <td>
            <b>Destination Code</b>
          </td>
        </tr>
        <tr>
          <td>attested</td>
          <td>equivalent</td>
          <td>draft</td>
        </tr>
        <tr>
          <td>validated</td>
          <td>equivalent</td>
          <td>accepted</td>
        </tr>
        <tr>
          <td>in-process</td>
          <td>equivalent</td>
          <td>active</td>
        </tr>
        <tr>
          <td>val-fail, reval-fail</td>
          <td>equivalent</td>
          <td>failed</td>
        </tr>
        <tr>
          <td>req-revalid (Requires revalidation)</td>
          <td>equivalent</td>
          <td>replaced</td>
        </tr>
      </table>
    </div>
  </text>
  <url value="http://hl7.org/fhir/ConceptMap/sc-verificationresult-status"/>
  <version value="4.0.0"/>
  <name value="statusCanonicalMap"/>
  <title value="Canonical Mapping for &quot;Status&quot;"/>
  <status value="draft"/>
  <date value="2018-06-05T09:06:02-05:00"/>
  <publisher value="HL7 (FHIR Project)"/>
  <contact>
    <telecom>
      <system value="url"/>
      <value value="http://hl7.org/fhir"/>
    </telecom>
    <telecom>
      <system value="email"/>
      <value value="fhir@lists.hl7.org"/>
    </telecom>
  </contact>
  <description value="Canonical Mapping for &quot;The validation status of the target&quot;"/>
  <sourceCanonical value="http://hl7.org/fhir/ValueSet/verificationresult-status"/>
  <targetCanonical value="http://hl7.org/fhir/ValueSet/resource-status"/>
  <group>
    <source value="http://hl7.org/fhir/CodeSystem/status"/>
    <target value="http://hl7.org/fhir/resource-status"/>
    <element>
      <code value="attested"/>
      <target>
        <code value="draft"/>
        <equivalence value="equivalent"/>
      </target>
    </element>
    <element>
      <code value="validated"/>
      <target>
        <code value="accepted"/>
        <equivalence value="equivalent"/>
      </target>
    </element>
    <element>
      <code value="in-process"/>
      <target>
        <code value="active"/>
        <equivalence value="equivalent"/>
      </target>
    </element>
    <element>
      <code value="val-fail, reval-fail"/>
      <target>
        <code value="failed"/>
        <equivalence value="equivalent"/>
      </target>
    </element>
    <element>
      <code value="req-revalid"/>
      <target>
        <code value="replaced"/>
        <equivalence value="equivalent"/>
      </target>
    </element>
  </group>
</ConceptMap>