<?xml version="1.0" encoding="UTF-8"?>

<ConceptMap xmlns="http://hl7.org/fhir">
  <id value="sc-participationstatus"/>
  <text>
    <status value="generated"/>
    <div xmlns="http://www.w3.org/1999/xhtml">
      <h2>ParticipationStatusCanonicalMap (http://hl7.org/fhir/ConceptMap/sc-participationstatus)</h2>
      <p>Mapping from 
        <a href="valueset-participationstatus.html">http://hl7.org/fhir/ValueSet/participationstatus</a> to 
        <a href="valueset-resource-status.html">http://hl7.org/fhir/ValueSet/resource-status</a>
      </p>
      <p>DRAFT. Published on Feb 14, 2019, 5:58:29 PM by HL7 (FHIR Project) (
        <a href="http://hl7.org/fhir">http://hl7.org/fhir</a>, 
        <a href="mailto:fhir@lists.hl7.org">fhir@lists.hl7.org</a>). 
      </p>
      <div>
        <p>Canonical Mapping for &quot;The Participation status of an appointment.&quot;</p>

      </div>
      <br/>
      <table class="grid">
        <tr>
          <td>
            <b>Source Code</b>
          </td>
          <td>
            <b>Equivalence</b>
          </td>
          <td>
            <b>Destination Code</b>
          </td>
        </tr>
        <tr>
          <td>entered-in-error</td>
          <td>equivalent</td>
          <td>error</td>
        </tr>
        <tr>
          <td>tentative</td>
          <td>equivalent</td>
          <td>draft</td>
        </tr>
        <tr>
          <td>declined</td>
          <td>equivalent</td>
          <td>declined</td>
        </tr>
        <tr>
          <td>accepted</td>
          <td>equivalent</td>
          <td>accepted</td>
        </tr>
        <tr>
          <td>needs-action</td>
          <td>equivalent</td>
          <td>failed</td>
        </tr>
      </table>
    </div>
  </text>
  <url value="http://hl7.org/fhir/ConceptMap/sc-participationstatus"/>
  <version value="4.0.0"/>
  <name value="ParticipationStatusCanonicalMap"/>
  <title value="Canonical Mapping for &quot;ParticipationStatus&quot;"/>
  <status value="draft"/>
  <date value="2019-02-14T17:58:29-06:00"/>
  <publisher value="HL7 (FHIR Project)"/>
  <contact>
    <telecom>
      <system value="url"/>
      <value value="http://hl7.org/fhir"/>
    </telecom>
    <telecom>
      <system value="email"/>
      <value value="fhir@lists.hl7.org"/>
    </telecom>
  </contact>
  <description value="Canonical Mapping for &quot;The Participation status of an appointment.&quot;"/>
  <sourceCanonical value="http://hl7.org/fhir/ValueSet/participationstatus"/>
  <targetCanonical value="http://hl7.org/fhir/ValueSet/resource-status"/>
  <group>
    <source value="http://hl7.org/fhir/participationstatus"/>
    <target value="http://hl7.org/fhir/resource-status"/>
    <element>
      <code value="entered-in-error"/>
      <target>
        <code value="error"/>
        <equivalence value="equivalent"/>
      </target>
    </element>
    <element>
      <code value="tentative"/>
      <target>
        <code value="draft"/>
        <equivalence value="equivalent"/>
      </target>
    </element>
    <element>
      <code value="declined"/>
      <target>
        <code value="declined"/>
        <equivalence value="equivalent"/>
      </target>
    </element>
    <element>
      <code value="accepted"/>
      <target>
        <code value="accepted"/>
        <equivalence value="equivalent"/>
      </target>
    </element>
    <element>
      <code value="needs-action"/>
      <target>
        <code value="failed"/>
        <equivalence value="equivalent"/>
      </target>
    </element>
  </group>
</ConceptMap>