<?xml version="1.0" encoding="UTF-8"?>

<ConceptMap xmlns="http://hl7.org/fhir">
  <id value="sc-imagingstudy-status"/>
  <text>
    <status value="generated"/>
    <div xmlns="http://www.w3.org/1999/xhtml">
      <h2>ImagingStudyStatusCanonicalMap (http://hl7.org/fhir/ConceptMap/sc-imagingstudy-status)</h2>
      <p>Mapping from 
        <a href="valueset-imagingstudy-status.html">http://hl7.org/fhir/ValueSet/imagingstudy-status</a> to 
        <a href="valueset-resource-status.html">http://hl7.org/fhir/ValueSet/resource-status</a>
      </p>
      <p>DRAFT. Published on Dec 13, 2018, 2:23:07 PM by HL7 (FHIR Project) (
        <a href="http://hl7.org/fhir">http://hl7.org/fhir</a>, 
        <a href="mailto:fhir@lists.hl7.org">fhir@lists.hl7.org</a>). 
      </p>
      <div>
        <p>Canonical Mapping for &quot;The status of the ImagingStudy.&quot;</p>

      </div>
      <br/>
      <table class="grid">
        <tr>
          <td>
            <b>Source Code</b>
          </td>
          <td>
            <b>Equivalence</b>
          </td>
          <td>
            <b>Destination Code</b>
          </td>
        </tr>
        <tr>
          <td>entered-in-error</td>
          <td>equivalent</td>
          <td>error</td>
        </tr>
        <tr>
          <td>registered</td>
          <td>equivalent</td>
          <td>received</td>
        </tr>
        <tr>
          <td>available</td>
          <td>equivalent</td>
          <td>active</td>
        </tr>
        <tr>
          <td>cancelled</td>
          <td>equivalent</td>
          <td>abandoned</td>
        </tr>
        <tr>
          <td>unknown</td>
          <td>equivalent</td>
          <td>unknown</td>
        </tr>
      </table>
    </div>
  </text>
  <url value="http://hl7.org/fhir/ConceptMap/sc-imagingstudy-status"/>
  <version value="3.6.0"/>
  <name value="ImagingStudyStatusCanonicalMap"/>
  <title value="Canonical Mapping for &quot;ImagingStudyStatus&quot;"/>
  <status value="draft"/>
  <date value="2018-12-13T14:23:07-06:00"/>
  <publisher value="HL7 (FHIR Project)"/>
  <contact>
    <telecom>
      <system value="url"/>
      <value value="http://hl7.org/fhir"/>
    </telecom>
    <telecom>
      <system value="email"/>
      <value value="fhir@lists.hl7.org"/>
    </telecom>
  </contact>
  <description value="Canonical Mapping for &quot;The status of the ImagingStudy.&quot;"/>
  <sourceCanonical value="http://hl7.org/fhir/ValueSet/imagingstudy-status"/>
  <targetCanonical value="http://hl7.org/fhir/ValueSet/resource-status"/>
  <group>
    <source value="http://hl7.org/fhir/imagingstudy-status"/>
    <target value="http://hl7.org/fhir/resource-status"/>
    <element>
      <code value="entered-in-error"/>
      <target>
        <code value="error"/>
        <equivalence value="equivalent"/>
      </target>
    </element>
    <element>
      <code value="registered"/>
      <target>
        <code value="received"/>
        <equivalence value="equivalent"/>
      </target>
    </element>
    <element>
      <code value="available"/>
      <target>
        <code value="active"/>
        <equivalence value="equivalent"/>
      </target>
    </element>
    <element>
      <code value="cancelled"/>
      <target>
        <code value="abandoned"/>
        <equivalence value="equivalent"/>
      </target>
    </element>
    <element>
      <code value="unknown"/>
      <target>
        <code value="unknown"/>
        <equivalence value="equivalent"/>
      </target>
    </element>
  </group>
</ConceptMap>