<?xml version="1.0" encoding="UTF-8"?>

<ConceptMap xmlns="http://hl7.org/fhir">
  <id value="sc-encounter-status"/>
  <text>
    <status value="generated"/>
    <div xmlns="http://www.w3.org/1999/xhtml">
      <h2>EncounterStatusCanonicalMap (http://hl7.org/fhir/ConceptMap/sc-encounter-status)</h2>
      <p>Mapping from 
        <a href="valueset-encounter-status.html">http://hl7.org/fhir/ValueSet/encounter-status</a> to 
        <a href="valueset-resource-status.html">http://hl7.org/fhir/ValueSet/resource-status</a>
      </p>
      <p>DRAFT. Published on Feb 14, 2019, 5:58:29 PM by HL7 (FHIR Project) (
        <a href="http://hl7.org/fhir">http://hl7.org/fhir</a>, 
        <a href="mailto:fhir@lists.hl7.org">fhir@lists.hl7.org</a>). 
      </p>
      <div>
        <p>Canonical Mapping for &quot;Current state of the encounter.&quot;</p>

      </div>
      <br/>
      <table class="grid">
        <tr>
          <td>
            <b>Source Code</b>
          </td>
          <td>
            <b>Equivalence</b>
          </td>
          <td>
            <b>Destination Code</b>
          </td>
        </tr>
        <tr>
          <td>entered-in-error</td>
          <td>equivalent</td>
          <td>error</td>
        </tr>
        <tr>
          <td>planned</td>
          <td>equivalent</td>
          <td>planned</td>
        </tr>
        <tr>
          <td>triaged</td>
          <td>equivalent</td>
          <td>accepted</td>
        </tr>
        <tr>
          <td>arrived</td>
          <td>equivalent</td>
          <td>arrived</td>
        </tr>
        <tr>
          <td>in-progress</td>
          <td>equivalent</td>
          <td>active</td>
        </tr>
        <tr>
          <td>onleave</td>
          <td>equivalent</td>
          <td>suspended</td>
        </tr>
        <tr>
          <td>finished</td>
          <td>equivalent</td>
          <td>complete</td>
        </tr>
        <tr>
          <td>cancelled</td>
          <td>equivalent</td>
          <td>abandoned</td>
        </tr>
        <tr>
          <td>unknown</td>
          <td>equivalent</td>
          <td>unknown</td>
        </tr>
      </table>
    </div>
  </text>
  <url value="http://hl7.org/fhir/ConceptMap/sc-encounter-status"/>
  <version value="4.0.0"/>
  <name value="EncounterStatusCanonicalMap"/>
  <title value="Canonical Mapping for &quot;EncounterStatus&quot;"/>
  <status value="draft"/>
  <date value="2019-02-14T17:58:29-06:00"/>
  <publisher value="HL7 (FHIR Project)"/>
  <contact>
    <telecom>
      <system value="url"/>
      <value value="http://hl7.org/fhir"/>
    </telecom>
    <telecom>
      <system value="email"/>
      <value value="fhir@lists.hl7.org"/>
    </telecom>
  </contact>
  <description value="Canonical Mapping for &quot;Current state of the encounter.&quot;"/>
  <sourceCanonical value="http://hl7.org/fhir/ValueSet/encounter-status"/>
  <targetCanonical value="http://hl7.org/fhir/ValueSet/resource-status"/>
  <group>
    <source value="http://hl7.org/fhir/encounter-status"/>
    <target value="http://hl7.org/fhir/resource-status"/>
    <element>
      <code value="entered-in-error"/>
      <target>
        <code value="error"/>
        <equivalence value="equivalent"/>
      </target>
    </element>
    <element>
      <code value="planned"/>
      <target>
        <code value="planned"/>
        <equivalence value="equivalent"/>
      </target>
    </element>
    <element>
      <code value="triaged"/>
      <target>
        <code value="accepted"/>
        <equivalence value="equivalent"/>
      </target>
    </element>
    <element>
      <code value="arrived"/>
      <target>
        <code value="arrived"/>
        <equivalence value="equivalent"/>
      </target>
    </element>
    <element>
      <code value="in-progress"/>
      <target>
        <code value="active"/>
        <equivalence value="equivalent"/>
      </target>
    </element>
    <element>
      <code value="onleave"/>
      <target>
        <code value="suspended"/>
        <equivalence value="equivalent"/>
      </target>
    </element>
    <element>
      <code value="finished"/>
      <target>
        <code value="complete"/>
        <equivalence value="equivalent"/>
      </target>
    </element>
    <element>
      <code value="cancelled"/>
      <target>
        <code value="abandoned"/>
        <equivalence value="equivalent"/>
      </target>
    </element>
    <element>
      <code value="unknown"/>
      <target>
        <code value="unknown"/>
        <equivalence value="equivalent"/>
      </target>
    </element>
  </group>
</ConceptMap>