<?xml version="1.0" encoding="UTF-8"?>

<ConceptMap xmlns="http://hl7.org/fhir">
  <id value="sc-clinical-profile-status"/>
  <text>
    <status value="generated"/>
    <div xmlns="http://www.w3.org/1999/xhtml">
      <h2>ClinicalProfileStatusCanonicalMap (http://hl7.org/fhir/ConceptMap/sc-clinical-profile-status)</h2>
      <p>Mapping from 
        <a href="valueset-clinical-profile-status.html">http://hl7.org/fhir/ValueSet/clinical-profile-status</a> to 
        <a href="valueset-resource-status.html">http://hl7.org/fhir/ValueSet/resource-status</a>
      </p>
      <p>DRAFT. Published on Feb 14, 2019, 8:51:23 AM by HL7 (FHIR Project) (
        <a href="http://hl7.org/fhir">http://hl7.org/fhir</a>, 
        <a href="mailto:fhir@lists.hl7.org">fhir@lists.hl7.org</a>). 
      </p>
      <div>
        <p>Canonical Mapping for &quot;The status of the clinical profile.&quot;</p>

      </div>
      <br/>
      <table class="grid">
        <tr>
          <td>
            <b>Source Code</b>
          </td>
          <td>
            <b>Equivalence</b>
          </td>
          <td>
            <b>Destination Code</b>
          </td>
        </tr>
        <tr>
          <td>error</td>
          <td>equivalent</td>
          <td>error</td>
        </tr>
        <tr>
          <td>draft</td>
          <td>equivalent</td>
          <td>draft</td>
        </tr>
        <tr>
          <td>draft</td>
          <td>equivalent</td>
          <td>active</td>
        </tr>
        <tr>
          <td>complete</td>
          <td>equivalent</td>
          <td>complete</td>
        </tr>
      </table>
    </div>
  </text>
  <url value="http://hl7.org/fhir/ConceptMap/sc-clinical-profile-status"/>
  <version value="4.0.0"/>
  <name value="ClinicalProfileStatusCanonicalMap"/>
  <title value="Canonical Mapping for &quot;ClinicalProfileStatus&quot;"/>
  <status value="draft"/>
  <date value="2019-02-14T08:51:23-06:00"/>
  <publisher value="HL7 (FHIR Project)"/>
  <contact>
    <telecom>
      <system value="url"/>
      <value value="http://hl7.org/fhir"/>
    </telecom>
    <telecom>
      <system value="email"/>
      <value value="fhir@lists.hl7.org"/>
    </telecom>
  </contact>
  <description value="Canonical Mapping for &quot;The status of the clinical profile.&quot;"/>
  <sourceCanonical value="http://hl7.org/fhir/ValueSet/clinical-profile-status"/>
  <targetCanonical value="http://hl7.org/fhir/ValueSet/resource-status"/>
  <group>
    <source value="http://hl7.org/fhir/clinical-profile-status"/>
    <target value="http://hl7.org/fhir/resource-status"/>
    <element>
      <code value="error"/>
      <target>
        <code value="error"/>
        <equivalence value="equivalent"/>
      </target>
    </element>
    <element>
      <code value="draft"/>
      <target>
        <code value="draft"/>
        <equivalence value="equivalent"/>
      </target>
    </element>
    <element>
      <code value="draft"/>
      <target>
        <code value="active"/>
        <equivalence value="equivalent"/>
      </target>
    </element>
    <element>
      <code value="complete"/>
      <target>
        <code value="complete"/>
        <equivalence value="equivalent"/>
      </target>
    </element>
  </group>
</ConceptMap>