<?xml version="1.0" encoding="UTF-8"?>

<ConceptMap xmlns="http://hl7.org/fhir">
  <id value="sc-medicationdispense-status"/>
  <text>
    <status value="generated"/>
    <div xmlns="http://www.w3.org/1999/xhtml">
      <h2>MedicationDispense Status CodesCanonicalMap (http://hl7.org/fhir/ConceptMap/sc-medicationdispense-status)</h2>
      <p>Mapping from 
        <a href="valueset-medicationdispense-status.html">http://hl7.org/fhir/ValueSet/medicationdispense-status</a> to 
        <a href="valueset-resource-status.html">http://hl7.org/fhir/ValueSet/resource-status</a>
      </p>
      <p>DRAFT. Published on Feb 14, 2019, 8:51:23 AM by FHIR Project team (
        <a href="http://hl7.org/fhir">http://hl7.org/fhir</a>). 
      </p>
      <div>
        <p>Canonical Mapping for &quot;MedicationDispense Status Codes&quot;</p>

      </div>
      <br/>
      <table class="grid">
        <tr>
          <td>
            <b>Source Code</b>
          </td>
          <td>
            <b>Equivalence</b>
          </td>
          <td>
            <b>Destination Code</b>
          </td>
        </tr>
        <tr>
          <td>entered-in-error</td>
          <td>equivalent</td>
          <td>error</td>
        </tr>
        <tr>
          <td>preparation</td>
          <td>equivalent</td>
          <td>planned</td>
        </tr>
        <tr>
          <td>in-progress</td>
          <td>equivalent</td>
          <td>active</td>
        </tr>
        <tr>
          <td>on-hold</td>
          <td>equivalent</td>
          <td>suspended</td>
        </tr>
        <tr>
          <td>stopped</td>
          <td>equivalent</td>
          <td>failed</td>
        </tr>
        <tr>
          <td>completed</td>
          <td>equivalent</td>
          <td>complete</td>
        </tr>
        <tr>
          <td>unknown</td>
          <td>equivalent</td>
          <td>unknown</td>
        </tr>
        <tr>
          <td>cancelled</td>
          <td>equivalent</td>
          <td>not-done</td>
        </tr>
      </table>
    </div>
  </text>
  <url value="http://hl7.org/fhir/ConceptMap/sc-medicationdispense-status"/>
  <version value="4.0.0"/>
  <name value="MedicationDispense Status CodesCanonicalMap"/>
  <title value="Canonical Mapping for &quot;Medication dispense  status  codes&quot;"/>
  <status value="draft"/>
  <date value="2019-02-14T08:51:23-06:00"/>
  <publisher value="FHIR Project team"/>
  <contact>
    <telecom>
      <system value="url"/>
      <value value="http://hl7.org/fhir"/>
    </telecom>
  </contact>
  <description value="Canonical Mapping for &quot;MedicationDispense Status Codes&quot;"/>
  <sourceCanonical value="http://hl7.org/fhir/ValueSet/medicationdispense-status"/>
  <targetCanonical value="http://hl7.org/fhir/ValueSet/resource-status"/>
  <group>
    <source value="http://terminology.hl7.org/CodeSystem/medicationdispense-status"/>
    <target value="http://hl7.org/fhir/resource-status"/>
    <element>
      <code value="entered-in-error"/>
      <target>
        <code value="error"/>
        <equivalence value="equivalent"/>
      </target>
    </element>
    <element>
      <code value="preparation"/>
      <target>
        <code value="planned"/>
        <equivalence value="equivalent"/>
      </target>
    </element>
    <element>
      <code value="in-progress"/>
      <target>
        <code value="active"/>
        <equivalence value="equivalent"/>
      </target>
    </element>
    <element>
      <code value="on-hold"/>
      <target>
        <code value="suspended"/>
        <equivalence value="equivalent"/>
      </target>
    </element>
    <element>
      <code value="stopped"/>
      <target>
        <code value="failed"/>
        <equivalence value="equivalent"/>
      </target>
    </element>
    <element>
      <code value="completed"/>
      <target>
        <code value="complete"/>
        <equivalence value="equivalent"/>
      </target>
    </element>
    <element>
      <code value="unknown"/>
      <target>
        <code value="unknown"/>
        <equivalence value="equivalent"/>
      </target>
    </element>
    <element>
      <code value="cancelled"/>
      <target>
        <code value="not-done"/>
        <equivalence value="equivalent"/>
      </target>
    </element>
  </group>
</ConceptMap>