<?xml version="1.0" encoding="UTF-8"?>

<ConceptMap xmlns="http://hl7.org/fhir">
  <id value="sc-slotstatus"/>
  <text>
    <status value="generated"/>
    <div xmlns="http://www.w3.org/1999/xhtml">
      <h2>SlotStatusCanonicalMap (http://hl7.org/fhir/ConceptMap/sc-slotstatus)</h2>
      <p>Mapping from 
        <a href="valueset-slotstatus.html">http://hl7.org/fhir/ValueSet/slotstatus</a> to 
        <a href="valueset-resource-status.html">http://hl7.org/fhir/ValueSet/resource-status</a>
      </p>
      <p>DRAFT. Published on Feb 14, 2019, 5:58:29 PM by HL7 (FHIR Project) (
        <a href="http://hl7.org/fhir">http://hl7.org/fhir</a>, 
        <a href="mailto:fhir@lists.hl7.org">fhir@lists.hl7.org</a>). 
      </p>
      <div>
        <p>Canonical Mapping for &quot;The free/busy status of the slot.&quot;</p>

      </div>
      <br/>
      <table class="grid">
        <tr>
          <td>
            <b>Source Code</b>
          </td>
          <td>
            <b>Equivalence</b>
          </td>
          <td>
            <b>Destination Code</b>
          </td>
        </tr>
        <tr>
          <td>entered-in-error</td>
          <td>equivalent</td>
          <td>error</td>
        </tr>
        <tr>
          <td>busy</td>
          <td>equivalent</td>
          <td>accepted</td>
        </tr>
        <tr>
          <td>busy-tentative (Busy (Tentative))</td>
          <td>equivalent</td>
          <td>unconfirmed</td>
        </tr>
        <tr>
          <td>busy-unavailable (Busy (Unavailable))</td>
          <td>equivalent</td>
          <td>busy-unavailable</td>
        </tr>
        <tr>
          <td>free</td>
          <td>equivalent</td>
          <td>free</td>
        </tr>
      </table>
    </div>
  </text>
  <url value="http://hl7.org/fhir/ConceptMap/sc-slotstatus"/>
  <version value="4.0.0"/>
  <name value="SlotStatusCanonicalMap"/>
  <title value="Canonical Mapping for &quot;SlotStatus&quot;"/>
  <status value="draft"/>
  <date value="2019-02-14T17:58:29-06:00"/>
  <publisher value="HL7 (FHIR Project)"/>
  <contact>
    <telecom>
      <system value="url"/>
      <value value="http://hl7.org/fhir"/>
    </telecom>
    <telecom>
      <system value="email"/>
      <value value="fhir@lists.hl7.org"/>
    </telecom>
  </contact>
  <description value="Canonical Mapping for &quot;The free/busy status of the slot.&quot;"/>
  <sourceCanonical value="http://hl7.org/fhir/ValueSet/slotstatus"/>
  <targetCanonical value="http://hl7.org/fhir/ValueSet/resource-status"/>
  <group>
    <source value="http://hl7.org/fhir/slotstatus"/>
    <target value="http://hl7.org/fhir/resource-status"/>
    <element>
      <code value="entered-in-error"/>
      <target>
        <code value="error"/>
        <equivalence value="equivalent"/>
      </target>
    </element>
    <element>
      <code value="busy"/>
      <target>
        <code value="accepted"/>
        <equivalence value="equivalent"/>
      </target>
    </element>
    <element>
      <code value="busy-tentative"/>
      <target>
        <code value="unconfirmed"/>
        <equivalence value="equivalent"/>
      </target>
    </element>
    <element>
      <code value="busy-unavailable"/>
      <target>
        <code value="busy-unavailable"/>
        <equivalence value="equivalent"/>
      </target>
    </element>
    <element>
      <code value="free"/>
      <target>
        <code value="free"/>
        <equivalence value="equivalent"/>
      </target>
    </element>
  </group>
</ConceptMap>