<?xml version="1.0" encoding="UTF-8"?>

<ConceptMap xmlns="http://hl7.org/fhir">
  <id value="sc-task-status"/>
  <text>
    <status value="generated"/>
    <div xmlns="http://www.w3.org/1999/xhtml">
      <h2>TaskStatusCanonicalMap (http://hl7.org/fhir/ConceptMap/sc-task-status)</h2>
      <p>Mapping from 
        <a href="valueset-task-status.html">http://hl7.org/fhir/ValueSet/task-status</a> to 
        <a href="valueset-resource-status.html">http://hl7.org/fhir/ValueSet/resource-status</a>
      </p>
      <p>DRAFT. Published on Sep 14, 2018, 7:16:19 AM by HL7 (FHIR Project) (
        <a href="http://hl7.org/fhir">http://hl7.org/fhir</a>, 
        <a href="mailto:fhir@lists.hl7.org">fhir@lists.hl7.org</a>). 
      </p>
      <div>
        <p>Canonical Mapping for &quot;The current status of the task.&quot;</p>

      </div>
      <br/>
      <table class="grid">
        <tr>
          <td>
            <b>Source Code</b>
          </td>
          <td>
            <b>Equivalence</b>
          </td>
          <td>
            <b>Destination Code</b>
          </td>
        </tr>
        <tr>
          <td>entered-in-error</td>
          <td>equivalent</td>
          <td>error</td>
        </tr>
        <tr>
          <td>draft</td>
          <td>equivalent</td>
          <td>draft</td>
        </tr>
        <tr>
          <td>requested</td>
          <td>equivalent</td>
          <td>requested</td>
        </tr>
        <tr>
          <td>received</td>
          <td>equivalent</td>
          <td>received</td>
        </tr>
        <tr>
          <td>rejected</td>
          <td>equivalent</td>
          <td>declined</td>
        </tr>
        <tr>
          <td>accepted</td>
          <td>equivalent</td>
          <td>accepted</td>
        </tr>
        <tr>
          <td>in-progress</td>
          <td>equivalent</td>
          <td>active</td>
        </tr>
        <tr>
          <td>on-hold</td>
          <td>equivalent</td>
          <td>suspended</td>
        </tr>
        <tr>
          <td>failed</td>
          <td>equivalent</td>
          <td>failed</td>
        </tr>
        <tr>
          <td>completed</td>
          <td>equivalent</td>
          <td>complete</td>
        </tr>
        <tr>
          <td>cancelled</td>
          <td>equivalent</td>
          <td>abandoned</td>
        </tr>
        <tr>
          <td>ready</td>
          <td>equivalent</td>
          <td>on-target</td>
        </tr>
      </table>
    </div>
  </text>
  <url value="http://hl7.org/fhir/ConceptMap/sc-task-status"/>
  <version value="3.5.0"/>
  <name value="TaskStatusCanonicalMap"/>
  <title value="Canonical Mapping for &quot;TaskStatus&quot;"/>
  <status value="draft"/>
  <date value="2018-09-14T07:16:19-05:00"/>
  <publisher value="HL7 (FHIR Project)"/>
  <contact>
    <telecom>
      <system value="url"/>
      <value value="http://hl7.org/fhir"/>
    </telecom>
    <telecom>
      <system value="email"/>
      <value value="fhir@lists.hl7.org"/>
    </telecom>
  </contact>
  <description value="Canonical Mapping for &quot;The current status of the task.&quot;"/>
  <sourceCanonical value="http://hl7.org/fhir/ValueSet/task-status"/>
  <targetCanonical value="http://hl7.org/fhir/ValueSet/resource-status"/>
  <group>
    <source value="http://hl7.org/fhir/task-status"/>
    <target value="http://hl7.org/fhir/resource-status"/>
    <element>
      <code value="entered-in-error"/>
      <target>
        <code value="error"/>
        <equivalence value="equivalent"/>
      </target>
    </element>
    <element>
      <code value="draft"/>
      <target>
        <code value="draft"/>
        <equivalence value="equivalent"/>
      </target>
    </element>
    <element>
      <code value="requested"/>
      <target>
        <code value="requested"/>
        <equivalence value="equivalent"/>
      </target>
    </element>
    <element>
      <code value="received"/>
      <target>
        <code value="received"/>
        <equivalence value="equivalent"/>
      </target>
    </element>
    <element>
      <code value="rejected"/>
      <target>
        <code value="declined"/>
        <equivalence value="equivalent"/>
      </target>
    </element>
    <element>
      <code value="accepted"/>
      <target>
        <code value="accepted"/>
        <equivalence value="equivalent"/>
      </target>
    </element>
    <element>
      <code value="in-progress"/>
      <target>
        <code value="active"/>
        <equivalence value="equivalent"/>
      </target>
    </element>
    <element>
      <code value="on-hold"/>
      <target>
        <code value="suspended"/>
        <equivalence value="equivalent"/>
      </target>
    </element>
    <element>
      <code value="failed"/>
      <target>
        <code value="failed"/>
        <equivalence value="equivalent"/>
      </target>
    </element>
    <element>
      <code value="completed"/>
      <target>
        <code value="complete"/>
        <equivalence value="equivalent"/>
      </target>
    </element>
    <element>
      <code value="cancelled"/>
      <target>
        <code value="abandoned"/>
        <equivalence value="equivalent"/>
      </target>
    </element>
    <element>
      <code value="ready"/>
      <target>
        <code value="on-target"/>
        <equivalence value="equivalent"/>
      </target>
    </element>
  </group>
</ConceptMap>