<?xml version="1.0" encoding="UTF-8"?>

<ConceptMap xmlns="http://hl7.org/fhir">
  <id value="sc-fm-status"/>
  <text>
    <status value="generated"/>
    <div xmlns="http://www.w3.org/1999/xhtml">
      <h2>FinancialResourceStatusCodesCanonicalMap (http://hl7.org/fhir/ConceptMap/sc-fm-status)</h2>
      <p>Mapping from 
        <a href="valueset-fm-status.html">http://hl7.org/fhir/ValueSet/fm-status</a> to 
        <a href="valueset-resource-status.html">http://hl7.org/fhir/ValueSet/resource-status</a>
      </p>
      <p>DRAFT. Published on Jan 15, 2019, 9:07:06 AM by Financial Management (
        <a href="http://hl7.org/fhir">http://hl7.org/fhir</a>). 
      </p>
      <div>
        <p>Canonical Mapping for &quot;This value set includes Status codes.&quot;</p>

      </div>
      <br/>
      <table class="grid">
        <tr>
          <td>
            <b>Source Code</b>
          </td>
          <td>
            <b>Equivalence</b>
          </td>
          <td>
            <b>Destination Code</b>
          </td>
        </tr>
        <tr>
          <td>entered-in-error</td>
          <td>equivalent</td>
          <td>error</td>
        </tr>
        <tr>
          <td>draft</td>
          <td>equivalent</td>
          <td>draft</td>
        </tr>
        <tr>
          <td>active</td>
          <td>equivalent</td>
          <td>active</td>
        </tr>
        <tr>
          <td>cancelled</td>
          <td>equivalent</td>
          <td>abandoned</td>
        </tr>
      </table>
    </div>
  </text>
  <url value="http://hl7.org/fhir/ConceptMap/sc-fm-status"/>
  <version value="4.0.0"/>
  <name value="FinancialResourceStatusCodesCanonicalMap"/>
  <title value="Canonical Mapping for &quot;Financial Resource Status Codes&quot;"/>
  <status value="draft"/>
  <date value="2019-01-15T09:07:06-06:00"/>
  <publisher value="Financial Management"/>
  <contact>
    <telecom>
      <system value="url"/>
      <value value="http://hl7.org/fhir"/>
    </telecom>
  </contact>
  <description value="Canonical Mapping for &quot;This value set includes Status codes.&quot;"/>
  <sourceCanonical value="http://hl7.org/fhir/ValueSet/fm-status"/>
  <targetCanonical value="http://hl7.org/fhir/ValueSet/resource-status"/>
  <group>
    <source value="http://hl7.org/fhir/fm-status"/>
    <target value="http://hl7.org/fhir/resource-status"/>
    <element>
      <code value="entered-in-error"/>
      <target>
        <code value="error"/>
        <equivalence value="equivalent"/>
      </target>
    </element>
    <element>
      <code value="draft"/>
      <target>
        <code value="draft"/>
        <equivalence value="equivalent"/>
      </target>
    </element>
    <element>
      <code value="active"/>
      <target>
        <code value="active"/>
        <equivalence value="equivalent"/>
      </target>
    </element>
    <element>
      <code value="cancelled"/>
      <target>
        <code value="abandoned"/>
        <equivalence value="equivalent"/>
      </target>
    </element>
  </group>
</ConceptMap>