<?xml version="1.0" encoding="UTF-8"?><SearchParameter xmlns="http://hl7.org/fhir">
  <id value="example-extension"/>
  <meta>
    <security>
      <system value="http://hl7.org/fhir/v3/ActReason"/>
      <code value="HTEST"/>
      <display value="test health data"/>
    </security>
  </meta>
  <text><status value="generated"/><div xmlns="http://www.w3.org/1999/xhtml"><p><b>Generated Narrative with Details</b></p><p><b>id</b>: example-extension</p><p><b>url</b>: <b>http://hl7.org/fhir/SearchParameter/example-extension</b></p><p><b>name</b>: Example Search Parameter on an extension</p><p><b>status</b>: draft</p><p><b>experimental</b>: true</p><p><b>publisher</b>: Health Level Seven International (FHIR Infrastructure)</p><p><b>contact</b>: </p><p><b>description</b>: Search by url for a participation agreement, which is stored in a DocumentReference</p><p><b>code</b>: part-agree</p><p><b>base</b>: Patient</p><p><b>type</b>: reference</p><p><b>expression</b>: DocumentReference.extension('http://example.org/fhir/StructureDefinition/participation-agreement')</p><p><b>xpath</b>: f:DocumentReference/f:extension[@url='http://example.org/fhir/StructureDefinition/participation-agreement']</p><p><b>xpathUsage</b>: normal</p><p><b>target</b>: DocumentReference</p></div></text><url value="http://hl7.org/fhir/SearchParameter/example-extension"/>
  <name value="Example Search Parameter on an extension"/>
  <status value="draft"/>
  <experimental value="true"/>
  <publisher value="Health Level Seven International (FHIR Infrastructure)"/>
  <contact>
    <telecom>
      <system value="url"/>
      <value value="http://hl7.org/fhir"/>
    </telecom>
  </contact>
  <description value="Search by url for a participation agreement, which is stored in a DocumentReference"/>
  <code value="part-agree"/>
  <base value="Patient"/>
  <type value="reference"/>
  <expression value="DocumentReference.extension('http://example.org/fhir/StructureDefinition/participation-agreement')"/>
  <xpath value="f:DocumentReference/f:extension[@url='http://example.org/fhir/StructureDefinition/participation-agreement']"/>
  <xpathUsage value="normal"/>
  <target value="DocumentReference"/>
</SearchParameter>