<?xml version="1.0" encoding="UTF-8"?><Substance xmlns="http://hl7.org/fhir">
	<id value="f203"/>
	<meta>
    <security>
      <system value="http://terminology.hl7.org/CodeSystem/v3-ActReason"/>
      <code value="HTEST"/>
      <display value="test health data"/>
    </security>
  </meta>
  <text><status value="generated"/><div xmlns="http://www.w3.org/1999/xhtml"><p><b>Generated Narrative with Details</b></p><p><b>id</b>: f203</p><p><b>identifier</b>: 1234</p><p><b>category</b>: Chemical <span>(Details : {http://terminology.hl7.org/CodeSystem/substance-category code 'chemical' = 'Chemical', given as 'Chemical'})</span></p><p><b>code</b>: Potassium <span>(Details : {SNOMED CT code '88480006' = 'Potassium', given as 'Potassium'})</span></p></div></text><identifier>
		<system value="http://acme.org/identifiers/substances"/>
		<value value="1234"/>
	</identifier>
	<category><coding>
			<system value="http://terminology.hl7.org/CodeSystem/substance-category"/>
			<code value="chemical"/>
			<display value="Chemical"/>
		</coding></category>
	<code>
		<coding>
			<system value="http://snomed.info/sct"/>
			<code value="88480006"/>
			<display value="Potassium"/>
		</coding>
	</code>
</Substance>