<?xml version="1.0" encoding="UTF-8"?><Task xmlns="http://hl7.org/fhir">
	<!--  This example show an updated status and output - a generated task to collect a specimen
example1 action lipid panel -in progress =>. example2 specimen collection subtask -accepted => example4  specimen collection subtask - completed  with output Specimen=>example 5 action lipid panel -in progress specimen collected with output Specimen => example 6 action lipid panel - completed with output Specimen and DiagnosticReport   -->
	<id value="example4"/>
	<meta>
    <security>
      <system value="http://hl7.org/fhir/v3/ActReason"/>
      <code value="HTEST"/>
      <display value="test health data"/>
    </security>
  </meta>
  <text><status value="generated"/><div xmlns="http://www.w3.org/1999/xhtml"><p><b>Generated Narrative with Details</b></p><p><b>id</b>: example4</p><p><b>identifier</b>: 20170201-002 (OFFICIAL)</p><p><b>groupIdentifier</b>: G20170201-001 (OFFICIAL)</p><p><b>partOf</b>: <a>Lipid Panel</a></p><p><b>status</b>: completed</p><p><b>intent</b>: filler-order</p><p><b>priority</b>: routine</p><p><b>code</b>: Specimen Collection <span>(Details )</span></p><p><b>focus</b>: BloodDraw ServiceRequest</p><p><b>for</b>: <a>Peter James Chalmers</a></p><p><b>encounter</b>: <a>Example In-Patient Encounter</a></p><p><b>executionPeriod</b>: Oct 31, 2016, 8:45:05 AM --&gt; Oct 31, 2016, 2:45:05 PM</p><p><b>authoredOn</b>: Oct 31, 2016, 8:45:05 AM</p><p><b>lastModified</b>: Oct 31, 2016, 9:45:05 AM</p><p><b>requester</b>: <a>Clinical Laboratory @ Acme Hospital</a></p><p><b>performerType</b>: Performer <span>(Details : {http://terminology.hl7.org/CodeSystem/task-performer-type code 'performer' = 'Performer', given as 'Performer'})</span></p><p><b>owner</b>: <a>Luigi Maas</a></p><h3>Restrictions</h3><table><tr><td>-</td><td><b>Repetitions</b></td><td><b>Period</b></td></tr><tr><td>*</td><td>1</td><td>?? --&gt; Nov 1, 2016, 9:45:05 AM</td></tr></table><h3>Outputs</h3><table><tr><td>-</td><td><b>Type</b></td><td><b>Value[x]</b></td></tr><tr><td>*</td><td>collected specimen <span>(Details )</span></td><td><a>Specimen/101</a></td></tr></table></div></text><identifier>
		<use value="official"/>
		<system value="http:/goodhealth.org/identifiers"/>
		<value value="20170201-002"/>
	</identifier>
	<groupIdentifier>
		<use value="official"/>
		<system value="http:/goodhealth.org/accession/identifiers"/>
		<value value="G20170201-001"/>
	</groupIdentifier>
	<!--  	This Task is a child task of the submitted lipid panel requet
  -->
	<partOf>
		<reference value="Task/example1"/>
		<display value="Lipid Panel"/>
	</partOf>
	<status value="completed"/>
	<!--  fictive business status populated for this example  -->
	<intent value="filler-order"/>
	<priority value="routine"/>
	<!--  fictive code and description elements populated for this example   -->
	<code>
		<text value="Specimen Collection"/>
	</code>
	<!--  	Filler generated order using a fictive  servicerequest to complete the loop  -->
	<focus>
		<display value="BloodDraw ServiceRequest"/>
	</focus>
	<!--  	who the task is for
  -->
	<for>
		<reference value="Patient/example"/>
		<display value="Peter James Chalmers"/>
	</for>
	<encounter>
		<reference value="Encounter/example"/>
		<display value="Example In-Patient Encounter"/>
	</encounter>
	<!--  	Lots of dates   -->
	<executionPeriod>
		<start value="2016-10-31T08:45:05+10:00"/>
		<end value="2016-10-31T14:45:05+10:00"/>
	</executionPeriod>
	<authoredOn value="2016-10-31T08:45:05+10:00"/>
	<lastModified value="2016-10-31T09:45:05+10:00"/>
	<!--  requester is filler  -->
	<requester>
			<reference value="Organization/1832473e-2fe0-452d-abe9-3cdb9879522f"/>
			<display value="Clinical Laboratory @ Acme Hospital"/>
	</requester>
	<performerType>
		<coding>
			<system value="http://terminology.hl7.org/CodeSystem/task-performer-type"/>
			<code value="performer"/>
			<display value="Performer"/>
		</coding>
		<text value="Performer"/>
	</performerType>
	<!--  assume at draw station  -->
	<owner>
		<reference value="Practitioner/f202"/>
		<display value="Luigi Maas"/>
	</owner>
	<restriction>
		<repetitions value="1"/>
		<period>
			<end value="2016-11-01T09:45:05+10:00"/>
		</period>
	</restriction>
	<!--  The expected output of this task is a Specimen and will generated once the task is completed   -->
	<output>
		<type>
			<text value="collected specimen"/>
		</type>
		<valueReference>
			<reference value="Specimen/101"/>
		</valueReference>
	</output>
</Task>