{
  "resourceType": "AllergyIntolerance",
  "id": "nkla",
  "text": {
    "status": "generated",
    "div": "\u003cdiv xmlns\u003d\"http://www.w3.org/1999/xhtml\"\u003e\n      \u003cp\u003eNo Known Latex Allergy\u003c/p\u003e\n      \u003cp\u003erecordedDate:2015-08-06\u003c/p\u003e\n    \u003c/div\u003e"
  },
  "clinicalStatus": {
    "coding": [
      {
        "system": "http://terminology.hl7.org/CodeSystem/allergyintolerance-clinical",
        "code": "active",
        "display": "Active"
      }
    ]
  },
  "verificationStatus": {
    "coding": [
      {
        "system": "http://terminology.hl7.org/CodeSystem/allergyintolerance-verification",
        "code": "confirmed",
        "display": "Confirmed"
      }
    ]
  },
  "code": {
    "coding": [
      {
        "system": "http://snomed.info/sct",
        "code": "716184000",
        "display": "No Known Latex Allergy (situation)"
      }
    ],
    "text": "No Known Latex Allergy"
  },
  "patient": {
    "reference": "Patient/example"
  },
  "recordedDate": "2015-08-06T15:37:31-06:00",
  "recorder": {
    "reference": "Practitioner/example"
  },
  "meta": {
    "tag": [
      {
        "system": "http://hl7.org/fhir/v3/ActReason",
        "code": "HTEST",
        "display": "test health data"
      }
    ]
  }
}