{
  "resourceType": "CodeSystem",
  "id": "special-values",
  "meta": {
    "lastUpdated": "2019-01-08T15:26:24.615-06:00"
  },
  "text": {
    "status": "extensions",
    "div": "\u003cdiv xmlns\u003d\"http://www.w3.org/1999/xhtml\"\u003e\u003ch2\u003eSpecialValues\u003c/h2\u003e\u003cdiv\u003e\u003cp\u003eA set of generally useful codes defined so they can be included in value sets.\u003c/p\u003e\n\u003c/div\u003e\u003cp\u003eThis code system http://terminology.hl7.org/CodeSystem/special-values defines the following codes:\u003c/p\u003e\u003ctable class\u003d\"codes\"\u003e\u003ctr\u003e\u003ctd style\u003d\"white-space:nowrap\"\u003e\u003cb\u003eCode\u003c/b\u003e\u003c/td\u003e\u003ctd\u003e\u003cb\u003eDisplay\u003c/b\u003e\u003c/td\u003e\u003ctd\u003e\u003cb\u003eDefinition\u003c/b\u003e\u003c/td\u003e\u003ctd\u003e\u003cb\u003eComments\u003c/b\u003e\u003c/td\u003e\u003c/tr\u003e\u003ctr\u003e\u003ctd style\u003d\"white-space:nowrap\"\u003etrue\u003ca name\u003d\"special-values-true\"\u003e \u003c/a\u003e\u003c/td\u003e\u003ctd\u003etrue\u003c/td\u003e\u003ctd\u003eBoolean true.\u003c/td\u003e\u003ctd/\u003e\u003c/tr\u003e\u003ctr\u003e\u003ctd style\u003d\"white-space:nowrap\"\u003efalse\u003ca name\u003d\"special-values-false\"\u003e \u003c/a\u003e\u003c/td\u003e\u003ctd\u003efalse\u003c/td\u003e\u003ctd\u003eBoolean false.\u003c/td\u003e\u003ctd/\u003e\u003c/tr\u003e\u003ctr\u003e\u003ctd style\u003d\"white-space:nowrap\"\u003etrace\u003ca name\u003d\"special-values-trace\"\u003e \u003c/a\u003e\u003c/td\u003e\u003ctd\u003eTrace Amount Detected\u003c/td\u003e\u003ctd\u003eThe content is greater than zero, but too small to be quantified.\u003c/td\u003e\u003ctd/\u003e\u003c/tr\u003e\u003ctr\u003e\u003ctd style\u003d\"white-space:nowrap\"\u003esufficient\u003ca name\u003d\"special-values-sufficient\"\u003e \u003c/a\u003e\u003c/td\u003e\u003ctd\u003eSufficient Quantity\u003c/td\u003e\u003ctd\u003eThe specific quantity is not known, but is known to be non-zero and is not specified because it makes up the bulk of the material.\u003c/td\u003e\u003ctd\u003eused in formulations (e.g. \u0027Add 10mg of ingredient X, 50mg of ingredient Y, and sufficient quantity of water to 100mL.\u0027 This code would be used to express the quantity of water. )\u003c/td\u003e\u003c/tr\u003e\u003ctr\u003e\u003ctd style\u003d\"white-space:nowrap\"\u003ewithdrawn\u003ca name\u003d\"special-values-withdrawn\"\u003e \u003c/a\u003e\u003c/td\u003e\u003ctd\u003eValue Withdrawn\u003c/td\u003e\u003ctd\u003eThe value is no longer available.\u003c/td\u003e\u003ctd/\u003e\u003c/tr\u003e\u003ctr\u003e\u003ctd style\u003d\"white-space:nowrap\"\u003enil-known\u003ca name\u003d\"special-values-nil-known\"\u003e \u003c/a\u003e\u003c/td\u003e\u003ctd\u003eNil Known\u003c/td\u003e\u003ctd\u003eThe are no known applicable values in this context.\u003c/td\u003e\u003ctd\u003eThe existence of this subject to review\u003c/td\u003e\u003c/tr\u003e\u003c/table\u003e\u003c/div\u003e"
  },
  "extension": [
    {
      "url": "http://hl7.org/fhir/StructureDefinition/structuredefinition-wg",
      "valueCode": "fhir"
    }
  ],
  "url": "http://terminology.hl7.org/CodeSystem/special-values",
  "identifier": [
    {
      "system": "urn:ietf:rfc:3986",
      "value": "urn:oid:2.16.840.1.113883.4.642.1.1049"
    }
  ],
  "version": "4.0.0",
  "name": "SpecialValues",
  "title": "SpecialValues",
  "status": "draft",
  "experimental": false,
  "date": "2019-01-08T15:26:24-06:00",
  "description": "A set of generally useful codes defined so they can be included in value sets.",
  "caseSensitive": true,
  "valueSet": "http://hl7.org/fhir/ValueSet/special-values",
  "content": "complete",
  "concept": [
    {
      "code": "true",
      "display": "true",
      "definition": "Boolean true."
    },
    {
      "code": "false",
      "display": "false",
      "definition": "Boolean false."
    },
    {
      "code": "trace",
      "display": "Trace Amount Detected",
      "definition": "The content is greater than zero, but too small to be quantified."
    },
    {
      "extension": [
        {
          "url": "http://hl7.org/fhir/StructureDefinition/codesystem-concept-comments",
          "valueString": "used in formulations (e.g. \u0027Add 10mg of ingredient X, 50mg of ingredient Y, and sufficient quantity of water to 100mL.\u0027 This code would be used to express the quantity of water. )"
        }
      ],
      "code": "sufficient",
      "display": "Sufficient Quantity",
      "definition": "The specific quantity is not known, but is known to be non-zero and is not specified because it makes up the bulk of the material."
    },
    {
      "code": "withdrawn",
      "display": "Value Withdrawn",
      "definition": "The value is no longer available."
    },
    {
      "extension": [
        {
          "url": "http://hl7.org/fhir/StructureDefinition/codesystem-concept-comments",
          "valueString": "The existence of this subject to review"
        }
      ],
      "code": "nil-known",
      "display": "Nil Known",
      "definition": "The are no known applicable values in this context."
    }
  ]
}