{
  "resourceType": "CodeSystem",
  "id": "contact-point-system",
  "meta": {
    "lastUpdated": "2019-01-08T15:26:24.615-06:00"
  },
  "text": {
    "status": "generated",
    "div": "\u003cdiv xmlns\u003d\"http://www.w3.org/1999/xhtml\"\u003e\u003ch2\u003eContactPointSystem\u003c/h2\u003e\u003cdiv\u003e\u003cp\u003eTelecommunications form for contact point.\u003c/p\u003e\n\u003c/div\u003e\u003cp\u003eThis code system http://hl7.org/fhir/contact-point-system defines the following codes:\u003c/p\u003e\u003ctable class\u003d\"codes\"\u003e\u003ctr\u003e\u003ctd style\u003d\"white-space:nowrap\"\u003e\u003cb\u003eCode\u003c/b\u003e\u003c/td\u003e\u003ctd\u003e\u003cb\u003eDisplay\u003c/b\u003e\u003c/td\u003e\u003ctd\u003e\u003cb\u003eDefinition\u003c/b\u003e\u003c/td\u003e\u003c/tr\u003e\u003ctr\u003e\u003ctd style\u003d\"white-space:nowrap\"\u003ephone\u003ca name\u003d\"contact-point-system-phone\"\u003e \u003c/a\u003e\u003c/td\u003e\u003ctd\u003ePhone\u003c/td\u003e\u003ctd\u003eThe value is a telephone number used for voice calls. Use of full international numbers starting with + is recommended to enable automatic dialing support but not required.\u003c/td\u003e\u003c/tr\u003e\u003ctr\u003e\u003ctd style\u003d\"white-space:nowrap\"\u003efax\u003ca name\u003d\"contact-point-system-fax\"\u003e \u003c/a\u003e\u003c/td\u003e\u003ctd\u003eFax\u003c/td\u003e\u003ctd\u003eThe value is a fax machine. Use of full international numbers starting with + is recommended to enable automatic dialing support but not required.\u003c/td\u003e\u003c/tr\u003e\u003ctr\u003e\u003ctd style\u003d\"white-space:nowrap\"\u003eemail\u003ca name\u003d\"contact-point-system-email\"\u003e \u003c/a\u003e\u003c/td\u003e\u003ctd\u003eEmail\u003c/td\u003e\u003ctd\u003eThe value is an email address.\u003c/td\u003e\u003c/tr\u003e\u003ctr\u003e\u003ctd style\u003d\"white-space:nowrap\"\u003epager\u003ca name\u003d\"contact-point-system-pager\"\u003e \u003c/a\u003e\u003c/td\u003e\u003ctd\u003ePager\u003c/td\u003e\u003ctd\u003eThe value is a pager number. These may be local pager numbers that are only usable on a particular pager system.\u003c/td\u003e\u003c/tr\u003e\u003ctr\u003e\u003ctd style\u003d\"white-space:nowrap\"\u003eurl\u003ca name\u003d\"contact-point-system-url\"\u003e \u003c/a\u003e\u003c/td\u003e\u003ctd\u003eURL\u003c/td\u003e\u003ctd\u003eA contact that is not a phone, fax, pager or email address and is expressed as a URL.  This is intended for various institutional or personal contacts including web sites, blogs, Skype, Twitter, Facebook, etc. Do not use for email addresses.\u003c/td\u003e\u003c/tr\u003e\u003ctr\u003e\u003ctd style\u003d\"white-space:nowrap\"\u003esms\u003ca name\u003d\"contact-point-system-sms\"\u003e \u003c/a\u003e\u003c/td\u003e\u003ctd\u003eSMS\u003c/td\u003e\u003ctd\u003eA contact that can be used for sending an sms message (e.g. mobile phones, some landlines).\u003c/td\u003e\u003c/tr\u003e\u003ctr\u003e\u003ctd style\u003d\"white-space:nowrap\"\u003eother\u003ca name\u003d\"contact-point-system-other\"\u003e \u003c/a\u003e\u003c/td\u003e\u003ctd\u003eOther\u003c/td\u003e\u003ctd\u003eA contact that is not a phone, fax, page or email address and is not expressible as a URL.  E.g. Internal mail address.  This SHOULD NOT be used for contacts that are expressible as a URL (e.g. Skype, Twitter, Facebook, etc.)  Extensions may be used to distinguish \u0026quot;other\u0026quot; contact types.\u003c/td\u003e\u003c/tr\u003e\u003c/table\u003e\u003c/div\u003e"
  },
  "extension": [
    {
      "url": "http://hl7.org/fhir/StructureDefinition/structuredefinition-wg",
      "valueCode": "fhir"
    },
    {
      "url": "http://hl7.org/fhir/StructureDefinition/structuredefinition-standards-status",
      "valueCode": "normative"
    },
    {
      "url": "http://hl7.org/fhir/StructureDefinition/structuredefinition-normative-version",
      "valueCode": "4.0.0"
    },
    {
      "url": "http://hl7.org/fhir/StructureDefinition/structuredefinition-fmm",
      "valueInteger": 5
    }
  ],
  "url": "http://hl7.org/fhir/contact-point-system",
  "identifier": [
    {
      "system": "urn:ietf:rfc:3986",
      "value": "urn:oid:2.16.840.1.113883.4.642.1.72"
    }
  ],
  "version": "4.0.0",
  "name": "ContactPointSystem",
  "title": "ContactPointSystem",
  "status": "active",
  "experimental": false,
  "date": "2019-01-08T15:26:24-06:00",
  "publisher": "HL7 (FHIR Project)",
  "contact": [
    {
      "telecom": [
        {
          "system": "url",
          "value": "http://hl7.org/fhir"
        },
        {
          "system": "email",
          "value": "fhir@lists.hl7.org"
        }
      ]
    }
  ],
  "description": "Telecommunications form for contact point.",
  "caseSensitive": true,
  "valueSet": "http://hl7.org/fhir/ValueSet/contact-point-system",
  "content": "complete",
  "concept": [
    {
      "code": "phone",
      "display": "Phone",
      "definition": "The value is a telephone number used for voice calls. Use of full international numbers starting with + is recommended to enable automatic dialing support but not required."
    },
    {
      "code": "fax",
      "display": "Fax",
      "definition": "The value is a fax machine. Use of full international numbers starting with + is recommended to enable automatic dialing support but not required."
    },
    {
      "code": "email",
      "display": "Email",
      "definition": "The value is an email address."
    },
    {
      "code": "pager",
      "display": "Pager",
      "definition": "The value is a pager number. These may be local pager numbers that are only usable on a particular pager system."
    },
    {
      "code": "url",
      "display": "URL",
      "definition": "A contact that is not a phone, fax, pager or email address and is expressed as a URL.  This is intended for various institutional or personal contacts including web sites, blogs, Skype, Twitter, Facebook, etc. Do not use for email addresses."
    },
    {
      "code": "sms",
      "display": "SMS",
      "definition": "A contact that can be used for sending an sms message (e.g. mobile phones, some landlines)."
    },
    {
      "code": "other",
      "display": "Other",
      "definition": "A contact that is not a phone, fax, page or email address and is not expressible as a URL.  E.g. Internal mail address.  This SHOULD NOT be used for contacts that are expressible as a URL (e.g. Skype, Twitter, Facebook, etc.)  Extensions may be used to distinguish \"other\" contact types."
    }
  ]
}