{
  "resourceType": "CodeSystem",
  "id": "location-mode",
  "meta": {
    "lastUpdated": "2019-02-14T17:58:29.045-06:00"
  },
  "text": {
    "status": "generated",
    "div": "\u003cdiv xmlns\u003d\"http://www.w3.org/1999/xhtml\"\u003e\u003ch2\u003eLocationMode\u003c/h2\u003e\u003cdiv\u003e\u003cp\u003eIndicates whether a resource instance represents a specific location or a class of locations.\u003c/p\u003e\n\u003c/div\u003e\u003cp\u003eThis code system http://hl7.org/fhir/location-mode defines the following codes:\u003c/p\u003e\u003ctable class\u003d\"codes\"\u003e\u003ctr\u003e\u003ctd style\u003d\"white-space:nowrap\"\u003e\u003cb\u003eCode\u003c/b\u003e\u003c/td\u003e\u003ctd\u003e\u003cb\u003eDisplay\u003c/b\u003e\u003c/td\u003e\u003ctd\u003e\u003cb\u003eDefinition\u003c/b\u003e\u003c/td\u003e\u003c/tr\u003e\u003ctr\u003e\u003ctd style\u003d\"white-space:nowrap\"\u003einstance\u003ca name\u003d\"location-mode-instance\"\u003e \u003c/a\u003e\u003c/td\u003e\u003ctd\u003eInstance\u003c/td\u003e\u003ctd\u003eThe Location resource represents a specific instance of a location (e.g. Operating Theatre 1A).\u003c/td\u003e\u003c/tr\u003e\u003ctr\u003e\u003ctd style\u003d\"white-space:nowrap\"\u003ekind\u003ca name\u003d\"location-mode-kind\"\u003e \u003c/a\u003e\u003c/td\u003e\u003ctd\u003eKind\u003c/td\u003e\u003ctd\u003eThe Location represents a class of locations (e.g. Any Operating Theatre) although this class of locations could be constrained within a specific boundary (such as organization, or parent location, address etc.).\u003c/td\u003e\u003c/tr\u003e\u003c/table\u003e\u003c/div\u003e"
  },
  "extension": [
    {
      "url": "http://hl7.org/fhir/StructureDefinition/structuredefinition-wg",
      "valueCode": "pa"
    },
    {
      "url": "http://hl7.org/fhir/StructureDefinition/structuredefinition-standards-status",
      "valueCode": "trial-use"
    },
    {
      "url": "http://hl7.org/fhir/StructureDefinition/structuredefinition-fmm",
      "valueInteger": 3
    }
  ],
  "url": "http://hl7.org/fhir/location-mode",
  "identifier": [
    {
      "system": "urn:ietf:rfc:3986",
      "value": "urn:oid:2.16.840.1.113883.4.642.1.331"
    }
  ],
  "version": "4.0.0",
  "name": "LocationMode",
  "title": "LocationMode",
  "status": "draft",
  "experimental": false,
  "date": "2019-02-14T17:58:29-06:00",
  "publisher": "HL7 (FHIR Project)",
  "contact": [
    {
      "telecom": [
        {
          "system": "url",
          "value": "http://hl7.org/fhir"
        },
        {
          "system": "email",
          "value": "fhir@lists.hl7.org"
        }
      ]
    }
  ],
  "description": "Indicates whether a resource instance represents a specific location or a class of locations.",
  "caseSensitive": true,
  "valueSet": "http://hl7.org/fhir/ValueSet/location-mode",
  "content": "complete",
  "concept": [
    {
      "code": "instance",
      "display": "Instance",
      "definition": "The Location resource represents a specific instance of a location (e.g. Operating Theatre 1A)."
    },
    {
      "code": "kind",
      "display": "Kind",
      "definition": "The Location represents a class of locations (e.g. Any Operating Theatre) although this class of locations could be constrained within a specific boundary (such as organization, or parent location, address etc.)."
    }
  ]
}