{
  "resourceType": "CodeSystem",
  "id": "reaction-event-certainty",
  "meta": {
    "lastUpdated": "2019-01-08T15:26:24.615-06:00"
  },
  "text": {
    "status": "generated",
    "div": "\u003cdiv xmlns\u003d\"http://www.w3.org/1999/xhtml\"\u003e\u003ch2\u003eAllergyIntoleranceCertainty\u003c/h2\u003e\u003cdiv\u003e\u003cp\u003eStatement about the degree of clinical certainty that a specific substance was the cause of the manifestation in a reaction event.\u003c/p\u003e\n\u003c/div\u003e\u003cp\u003eThis code system http://terminology.hl7.org/CodeSystem/reaction-event-certainty defines the following codes:\u003c/p\u003e\u003ctable class\u003d\"codes\"\u003e\u003ctr\u003e\u003ctd style\u003d\"white-space:nowrap\"\u003e\u003cb\u003eCode\u003c/b\u003e\u003c/td\u003e\u003ctd\u003e\u003cb\u003eDisplay\u003c/b\u003e\u003c/td\u003e\u003ctd\u003e\u003cb\u003eDefinition\u003c/b\u003e\u003c/td\u003e\u003c/tr\u003e\u003ctr\u003e\u003ctd style\u003d\"white-space:nowrap\"\u003eunlikely\u003ca name\u003d\"reaction-event-certainty-unlikely\"\u003e \u003c/a\u003e\u003c/td\u003e\u003ctd\u003eUnlikely\u003c/td\u003e\u003ctd\u003eThere is a low level of clinical certainty that the reaction was caused by the identified substance.\u003c/td\u003e\u003c/tr\u003e\u003ctr\u003e\u003ctd style\u003d\"white-space:nowrap\"\u003elikely\u003ca name\u003d\"reaction-event-certainty-likely\"\u003e \u003c/a\u003e\u003c/td\u003e\u003ctd\u003eLikely\u003c/td\u003e\u003ctd\u003eThere is a high level of clinical certainty that the reaction was caused by the identified substance.\u003c/td\u003e\u003c/tr\u003e\u003ctr\u003e\u003ctd style\u003d\"white-space:nowrap\"\u003econfirmed\u003ca name\u003d\"reaction-event-certainty-confirmed\"\u003e \u003c/a\u003e\u003c/td\u003e\u003ctd\u003eConfirmed\u003c/td\u003e\u003ctd\u003eThere is a very high level of clinical certainty that the reaction was due to the identified substance, which may include clinical evidence by testing or rechallenge.\u003c/td\u003e\u003c/tr\u003e\u003ctr\u003e\u003ctd style\u003d\"white-space:nowrap\"\u003eunknown\u003ca name\u003d\"reaction-event-certainty-unknown\"\u003e \u003c/a\u003e\u003c/td\u003e\u003ctd\u003eUnknown\u003c/td\u003e\u003ctd\u003eThe clinical certainty that the reaction was caused by the identified substance is unknown.  It is an explicit assertion that certainty is not known.\u003c/td\u003e\u003c/tr\u003e\u003c/table\u003e\u003c/div\u003e"
  },
  "url": "http://terminology.hl7.org/CodeSystem/reaction-event-certainty",
  "identifier": [
    {
      "system": "urn:ietf:rfc:3986",
      "value": "urn:oid:2.16.840.1.113883.4.642.1.1276"
    }
  ],
  "version": "4.0.0",
  "name": "AllergyIntoleranceCertainty",
  "title": "AllergyIntoleranceCertainty",
  "status": "draft",
  "experimental": false,
  "date": "2019-01-08T15:26:24-06:00",
  "publisher": "HL7 (FHIR Project)",
  "contact": [
    {
      "telecom": [
        {
          "system": "url",
          "value": "http://hl7.org/fhir"
        },
        {
          "system": "email",
          "value": "fhir@lists.hl7.org"
        }
      ]
    }
  ],
  "description": "Statement about the degree of clinical certainty that a specific substance was the cause of the manifestation in a reaction event.",
  "caseSensitive": true,
  "valueSet": "http://hl7.org/fhir/ValueSet/reaction-event-certainty",
  "content": "complete",
  "concept": [
    {
      "code": "unlikely",
      "display": "Unlikely",
      "definition": "There is a low level of clinical certainty that the reaction was caused by the identified substance."
    },
    {
      "code": "likely",
      "display": "Likely",
      "definition": "There is a high level of clinical certainty that the reaction was caused by the identified substance."
    },
    {
      "code": "confirmed",
      "display": "Confirmed",
      "definition": "There is a very high level of clinical certainty that the reaction was due to the identified substance, which may include clinical evidence by testing or rechallenge."
    },
    {
      "code": "unknown",
      "display": "Unknown",
      "definition": "The clinical certainty that the reaction was caused by the identified substance is unknown.  It is an explicit assertion that certainty is not known."
    }
  ]
}