{
  "resourceType": "CodeSystem",
  "id": "provider-qualification",
  "meta": {
    "lastUpdated": "2019-02-14T08:51:23.263-06:00",
    "profile": [
      "http://hl7.org/fhir/StructureDefinition/shareablecodesystem"
    ]
  },
  "text": {
    "status": "generated",
    "div": "\u003cdiv xmlns\u003d\"http://www.w3.org/1999/xhtml\"\u003e\u003ch2\u003eExample Provider Qualification Codes\u003c/h2\u003e\u003cdiv\u003e\u003cp\u003eThis value set includes sample Provider Qualification codes.\u003c/p\u003e\n\u003c/div\u003e\u003cp\u003e\u003cb\u003eCopyright Statement:\u003c/b\u003e This is an example set.\u003c/p\u003e\u003cp\u003eThis code system http://terminology.hl7.org/CodeSystem/ex-providerqualification defines the following codes:\u003c/p\u003e\u003ctable class\u003d\"codes\"\u003e\u003ctr\u003e\u003ctd style\u003d\"white-space:nowrap\"\u003e\u003cb\u003eCode\u003c/b\u003e\u003c/td\u003e\u003ctd\u003e\u003cb\u003eDisplay\u003c/b\u003e\u003c/td\u003e\u003ctd\u003e\u003cb\u003eDefinition\u003c/b\u003e\u003c/td\u003e\u003c/tr\u003e\u003ctr\u003e\u003ctd style\u003d\"white-space:nowrap\"\u003e311405\u003ca name\u003d\"provider-qualification-311405\"\u003e \u003c/a\u003e\u003c/td\u003e\u003ctd\u003eDentist\u003c/td\u003e\u003ctd\u003eDentist General Practitioner (DDS, DDM).\u003c/td\u003e\u003c/tr\u003e\u003ctr\u003e\u003ctd style\u003d\"white-space:nowrap\"\u003e604215\u003ca name\u003d\"provider-qualification-604215\"\u003e \u003c/a\u003e\u003c/td\u003e\u003ctd\u003eOphthalmologist\u003c/td\u003e\u003ctd\u003eOphthalmologist.\u003c/td\u003e\u003c/tr\u003e\u003ctr\u003e\u003ctd style\u003d\"white-space:nowrap\"\u003e604210\u003ca name\u003d\"provider-qualification-604210\"\u003e \u003c/a\u003e\u003c/td\u003e\u003ctd\u003eOptometrist\u003c/td\u003e\u003ctd\u003eOptometrist.\u003c/td\u003e\u003c/tr\u003e\u003c/table\u003e\u003c/div\u003e"
  },
  "extension": [
    {
      "url": "http://hl7.org/fhir/StructureDefinition/structuredefinition-wg",
      "valueCode": "fm"
    },
    {
      "url": "http://hl7.org/fhir/StructureDefinition/structuredefinition-standards-status",
      "valueCode": "draft"
    },
    {
      "url": "http://hl7.org/fhir/StructureDefinition/structuredefinition-fmm",
      "valueInteger": 1
    }
  ],
  "url": "http://terminology.hl7.org/CodeSystem/ex-providerqualification",
  "identifier": [
    {
      "system": "urn:ietf:rfc:3986",
      "value": "urn:oid:2.16.840.1.113883.4.642.1.1160"
    }
  ],
  "version": "4.0.0",
  "name": "ExampleProviderQualificationCodes",
  "title": "Example Provider Qualification Codes",
  "status": "draft",
  "experimental": false,
  "publisher": "Financial Management",
  "contact": [
    {
      "telecom": [
        {
          "system": "url",
          "value": "http://hl7.org/fhir"
        }
      ]
    }
  ],
  "description": "This value set includes sample Provider Qualification codes.",
  "copyright": "This is an example set.",
  "caseSensitive": true,
  "valueSet": "http://hl7.org/fhir/ValueSet/provider-qualification",
  "content": "complete",
  "concept": [
    {
      "code": "311405",
      "display": "Dentist",
      "definition": "Dentist General Practitioner (DDS, DDM)."
    },
    {
      "code": "604215",
      "display": "Ophthalmologist",
      "definition": "Ophthalmologist."
    },
    {
      "code": "604210",
      "display": "Optometrist",
      "definition": "Optometrist."
    }
  ]
}