{
  "resourceType": "CodeSystem",
  "id": "claim-subtype",
  "meta": {
    "lastUpdated": "2018-12-13T14:23:07.677-06:00",
    "profile": [
      "http://hl7.org/fhir/StructureDefinition/shareablecodesystem"
    ]
  },
  "text": {
    "status": "generated",
    "div": "\u003cdiv xmlns\u003d\"http://www.w3.org/1999/xhtml\"\u003e\u003ch2\u003eExample Claim SubType Codes\u003c/h2\u003e\u003cdiv\u003e\u003cp\u003eThis value set includes sample Claim SubType codes which are used to distinguish the claim types for example within type institutional there may be subtypes for emergency services, bed stay and transportation.\u003c/p\u003e\n\u003c/div\u003e\u003cp\u003e\u003cb\u003eCopyright Statement:\u003c/b\u003e This is an example set.\u003c/p\u003e\u003cp\u003eThis code system http://terminology.hl7.org/CodeSystem/ex-claimsubtype defines the following codes:\u003c/p\u003e\u003ctable class\u003d\"codes\"\u003e\u003ctr\u003e\u003ctd style\u003d\"white-space:nowrap\"\u003e\u003cb\u003eCode\u003c/b\u003e\u003c/td\u003e\u003ctd\u003e\u003cb\u003eDisplay\u003c/b\u003e\u003c/td\u003e\u003ctd\u003e\u003cb\u003eDefinition\u003c/b\u003e\u003c/td\u003e\u003c/tr\u003e\u003ctr\u003e\u003ctd style\u003d\"white-space:nowrap\"\u003eortho\u003ca name\u003d\"claim-subtype-ortho\"\u003e \u003c/a\u003e\u003c/td\u003e\u003ctd\u003eOrthodontic Claim\u003c/td\u003e\u003ctd\u003eA claim for Orthodontic Services.\u003c/td\u003e\u003c/tr\u003e\u003ctr\u003e\u003ctd style\u003d\"white-space:nowrap\"\u003eemergency\u003ca name\u003d\"claim-subtype-emergency\"\u003e \u003c/a\u003e\u003c/td\u003e\u003ctd\u003eEmergency Claim\u003c/td\u003e\u003ctd\u003eA claim for emergency services.\u003c/td\u003e\u003c/tr\u003e\u003c/table\u003e\u003c/div\u003e"
  },
  "extension": [
    {
      "url": "http://hl7.org/fhir/StructureDefinition/structuredefinition-wg",
      "valueCode": "fm"
    },
    {
      "url": "http://hl7.org/fhir/StructureDefinition/structuredefinition-standards-status",
      "valueCode": "draft"
    },
    {
      "url": "http://hl7.org/fhir/StructureDefinition/structuredefinition-fmm",
      "valueInteger": 1
    }
  ],
  "url": "http://terminology.hl7.org/CodeSystem/ex-claimsubtype",
  "identifier": [
    {
      "system": "urn:ietf:rfc:3986",
      "value": "urn:oid:2.16.840.1.113883.4.642.1.1158"
    }
  ],
  "version": "3.6.0",
  "name": "ExampleClaimSubTypeCodes",
  "title": "Example Claim SubType Codes",
  "status": "draft",
  "experimental": true,
  "publisher": "Financial Management",
  "contact": [
    {
      "telecom": [
        {
          "system": "url",
          "value": "http://hl7.org/fhir"
        }
      ]
    }
  ],
  "description": "This value set includes sample Claim SubType codes which are used to distinguish the claim types for example within type institutional there may be subtypes for emergency services, bed stay and transportation.",
  "copyright": "This is an example set.",
  "caseSensitive": true,
  "valueSet": "http://hl7.org/fhir/ValueSet/claim-subtype",
  "content": "complete",
  "concept": [
    {
      "code": "ortho",
      "display": "Orthodontic Claim",
      "definition": "A claim for Orthodontic Services."
    },
    {
      "code": "emergency",
      "display": "Emergency Claim",
      "definition": "A claim for emergency services."
    }
  ]
}