{
  "resourceType": "Goal",
  "id": "stop-smoking",
  "text": {
    "status": "additional",
    "div": "\u003cdiv xmlns\u003d\"http://www.w3.org/1999/xhtml\"\u003e\n\t\t\t\u003cp\u003e A simple care goal for a patient to stop smoking.\u003c/p\u003e\n\t\t\u003c/div\u003e"
  },
  "identifier": [
    {
      "value": "123"
    }
  ],
  "status": "achieved",
  "description": {
    "text": "Stop smoking"
  },
  "subject": {
    "reference": "Patient/example",
    "display": "Peter James Chalmers"
  },
  "startDate": "2015-04-05",
  "outcomeCode": [
    {
      "coding": [
        {
          "system": "http://snomed.info/sct",
          "code": "8517006",
          "display": "Ex-smoker (finding)"
        }
      ],
      "text": "Former smoker"
    }
  ],
  "meta": {
    "tag": [
      {
        "system": "http://hl7.org/fhir/v3/ActReason",
        "code": "HTEST",
        "display": "test health data"
      }
    ]
  }
}