{
  "resourceType": "ClinicalProfile",
  "id": "jhu-asthma-profile-45-diagnoses",
  "text": {
    "status": "generated",
    "div": "\u003cdiv xmlns\u003d\"http://www.w3.org/1999/xhtml\"\u003e\n\t\t\t\u003cp\u003eSelected diagnoses for Male, White or Caucasian patients aged 20-24 seen as either outpatients or inpatients at Johns Hopkins Hospital, JHCP, and Bayview between 3/1/2016 and 3/1/2018 having a diagnosis of asthma recorded on the problem list or as an encounter diagnosis.\n\t\t\t\u003c/p\u003e\n\t\t\u003c/div\u003e"
  },
  "identifier": [
    {
      "value": "urn:uuid:E5DF4844-9EB4-BC30-097DAF312BB5FEEF"
    }
  ],
  "status": "draft",
  "population": {
    "reference": "Group/asthma-population-jhu1"
  },
  "cohort": {
    "reference": "Group/asthma-sample-45-cohort-jhu1",
    "display": "White or Caucasian Male aged 20-24"
  },
  "date": "2018-09-11T15:52:00Z",
  "source": [
    {
      "value": "http://ictrweb.johnshopkins.edu/ictr/synthetic/includes/clinical_profiles.cfm"
    }
  ],
  "reporter": {
    "reference": "Organization/JHM",
    "type": "Organization",
    "display": "Johns Hopkins School of Medicine"
  },
  "diagnosis": [
    {
      "code": [
        {
          "coding": [
            {
              "system": "http://hl7.org/fhir/sid/icd-10",
              "code": "J45.909",
              "display": "Asthma"
            }
          ]
        }
      ],
      "count": 272
    },
    {
      "code": [
        {
          "coding": [
            {
              "system": "http://hl7.org/fhir/sid/icd-10",
              "code": "Z00.00",
              "display": "Routine general medical examination at a health care facility"
            }
          ]
        }
      ],
      "count": 155
    },
    {
      "code": [
        {
          "coding": [
            {
              "system": "http://hl7.org/fhir/sid/icd-10",
              "code": "J30.9",
              "display": "Allergic rhinitis"
            }
          ]
        }
      ],
      "count": 137
    },
    {
      "code": [
        {
          "coding": [
            {
              "system": "http://hl7.org/fhir/sid/icd-10",
              "code": "J45.20",
              "display": "Mild intermittent asthma without complication"
            }
          ]
        }
      ],
      "count": 122
    },
    {
      "code": [
        {
          "coding": [
            {
              "system": "http://hl7.org/fhir/sid/icd-10",
              "code": "Z00.129",
              "display": "Routine infant or child health check"
            }
          ]
        }
      ],
      "count": 78
    },
    {
      "code": [
        {
          "coding": [
            {
              "system": "http://hl7.org/fhir/sid/icd-10",
              "code": "F32.9",
              "display": "Depression"
            }
          ]
        }
      ],
      "count": 68
    },
    {
      "code": [
        {
          "coding": [
            {
              "system": "http://hl7.org/fhir/sid/icd-10",
              "code": "F41.9",
              "display": "Anxiety disorder"
            }
          ]
        }
      ],
      "count": 61
    },
    {
      "code": [
        {
          "coding": [
            {
              "system": "http://hl7.org/fhir/sid/icd-10",
              "code": "J45.990",
              "display": "Asthma, exercise induced"
            }
          ]
        }
      ],
      "count": 50
    },
    {
      "code": [
        {
          "coding": [
            {
              "system": "http://hl7.org/fhir/sid/icd-10",
              "code": "F90.9",
              "display": "ADHD (attention deficit hyperactivity disorder)"
            }
          ]
        }
      ],
      "count": 48
    },
    {
      "code": [
        {
          "coding": [
            {
              "system": "http://hl7.org/fhir/sid/icd-10",
              "code": "K21.9",
              "display": "Esophageal reflux"
            }
          ]
        }
      ],
      "count": 43
    },
    {
      "code": [
        {
          "coding": [
            {
              "system": "http://hl7.org/fhir/sid/icd-10",
              "code": "G89.29",
              "display": "Chronic pain of left knee"
            }
          ]
        }
      ],
      "count": 43
    },
    {
      "code": [
        {
          "coding": [
            {
              "system": "http://hl7.org/fhir/sid/icd-10",
              "code": "F98.8",
              "display": "Attention deficit disorder"
            }
          ]
        }
      ],
      "count": 38
    },
    {
      "code": [
        {
          "coding": [
            {
              "system": "http://hl7.org/fhir/sid/icd-10",
              "code": "J30.1",
              "display": "Allergic rhinitis due to pollen"
            }
          ]
        }
      ],
      "count": 36
    },
    {
      "code": [
        {
          "coding": [
            {
              "system": "http://hl7.org/fhir/sid/icd-10",
              "code": "E55.9",
              "display": "Unspecified vitamin D deficiency"
            }
          ]
        }
      ],
      "count": 35
    },
    {
      "code": [
        {
          "coding": [
            {
              "system": "http://hl7.org/fhir/sid/icd-10",
              "code": "E66.9",
              "display": "Non morbid obesity"
            }
          ]
        }
      ],
      "count": 34
    },
    {
      "code": [
        {
          "coding": [
            {
              "system": "http://hl7.org/fhir/sid/icd-10",
              "code": "I10",
              "display": "Unspecified essential hypertension"
            }
          ]
        }
      ],
      "count": 28
    },
    {
      "code": [
        {
          "coding": [
            {
              "system": "http://hl7.org/fhir/sid/icd-10",
              "code": "L30.9",
              "display": "Dermatitis"
            }
          ]
        }
      ],
      "count": 27
    },
    {
      "code": [
        {
          "coding": [
            {
              "system": "http://hl7.org/fhir/sid/icd-10",
              "code": "H52.13",
              "display": "Myopia with astigmatism, bilateral"
            }
          ]
        }
      ],
      "count": 27
    },
    {
      "code": [
        {
          "coding": [
            {
              "system": "http://hl7.org/fhir/sid/icd-10",
              "code": "J30.2",
              "display": "Seasonal allergies"
            }
          ]
        }
      ],
      "count": 26
    },
    {
      "code": [
        {
          "coding": [
            {
              "system": "http://hl7.org/fhir/sid/icd-10",
              "code": "L70.8",
              "display": "Other acne"
            }
          ]
        }
      ],
      "count": 26
    },
    {
      "code": [
        {
          "coding": [
            {
              "system": "http://hl7.org/fhir/sid/icd-10",
              "code": "F41.1",
              "display": "Anxiety state"
            }
          ]
        }
      ],
      "count": 23
    },
    {
      "code": [
        {
          "coding": [
            {
              "system": "http://hl7.org/fhir/sid/icd-10",
              "code": "M54.5",
              "display": "Lumbago"
            }
          ]
        }
      ],
      "count": 23
    },
    {
      "code": [
        {
          "coding": [
            {
              "system": "http://hl7.org/fhir/sid/icd-10",
              "code": "L70.9",
              "display": "Acne"
            }
          ]
        }
      ],
      "count": 22
    },
    {
      "code": [
        {
          "coding": [
            {
              "system": "http://hl7.org/fhir/sid/icd-10",
              "code": "H52.10",
              "display": "Myopia with astigmatism and presbyopia"
            }
          ]
        }
      ],
      "count": 21
    },
    {
      "code": [
        {
          "coding": [
            {
              "system": "http://hl7.org/fhir/sid/icd-10",
              "code": "Z91.09",
              "display": "Environmental allergies"
            }
          ]
        }
      ],
      "count": 20
    },
    {
      "code": [
        {
          "coding": [
            {
              "system": "http://hl7.org/fhir/sid/icd-10",
              "code": "IMO0002",
              "display": "Other tear of cartilage or meniscus of knee, current"
            }
          ]
        }
      ],
      "count": 19
    },
    {
      "code": [
        {
          "coding": [
            {
              "system": "http://hl7.org/fhir/sid/icd-10",
              "code": "J32.9",
              "display": "Chronic sinusitis"
            }
          ]
        }
      ],
      "count": 19
    },
    {
      "code": [
        {
          "coding": [
            {
              "system": "http://hl7.org/fhir/sid/icd-10",
              "code": "H52.209",
              "display": "Hyperopia with astigmatism and presbyopia"
            }
          ]
        }
      ],
      "count": 18
    },
    {
      "code": [
        {
          "coding": [
            {
              "system": "http://hl7.org/fhir/sid/icd-10",
              "code": "Z91.018",
              "display": "Allergy to tree nuts"
            }
          ]
        }
      ],
      "count": 18
    },
    {
      "code": [
        {
          "coding": [
            {
              "system": "http://hl7.org/fhir/sid/icd-10",
              "code": "Z72.0",
              "display": "Tobacco use"
            }
          ]
        }
      ],
      "count": 18
    },
    {
      "code": [
        {
          "coding": [
            {
              "system": "http://hl7.org/fhir/sid/icd-10",
              "code": "M54.9",
              "display": "Back pain"
            }
          ]
        }
      ],
      "count": 16
    },
    {
      "code": [
        {
          "coding": [
            {
              "system": "http://hl7.org/fhir/sid/icd-10",
              "code": "Z98.890",
              "display": "History of carotid endarterectomy"
            }
          ]
        }
      ],
      "count": 16
    },
    {
      "code": [
        {
          "coding": [
            {
              "system": "http://hl7.org/fhir/sid/icd-10",
              "code": "E66.01",
              "display": "Morbid obesity due to excess calories"
            }
          ]
        }
      ],
      "count": 16
    },
    {
      "code": [
        {
          "coding": [
            {
              "system": "http://hl7.org/fhir/sid/icd-10",
              "code": "J45.30",
              "display": "Mild persistent asthma without complication"
            }
          ]
        }
      ],
      "count": 15
    },
    {
      "code": [
        {
          "coding": [
            {
              "system": "http://hl7.org/fhir/sid/icd-10",
              "code": "J01.90",
              "display": "Acute sinusitis, unspecified"
            }
          ]
        }
      ],
      "count": 15
    },
    {
      "code": [
        {
          "coding": [
            {
              "system": "http://hl7.org/fhir/sid/icd-10",
              "code": "G43.909",
              "display": "Migraine"
            }
          ]
        }
      ],
      "count": 15
    },
    {
      "code": [
        {
          "coding": [
            {
              "system": "http://hl7.org/fhir/sid/icd-10",
              "code": "R03.0",
              "display": "Elevated blood pressure reading without diagnosis of hypertension"
            }
          ]
        }
      ],
      "count": 15
    },
    {
      "code": [
        {
          "coding": [
            {
              "system": "http://hl7.org/fhir/sid/icd-10",
              "code": "R51",
              "display": "Headache(784.0)"
            }
          ]
        }
      ],
      "count": 14
    },
    {
      "code": [
        {
          "coding": [
            {
              "system": "http://hl7.org/fhir/sid/icd-10",
              "code": "Z86.19",
              "display": "History of gonorrhea"
            }
          ]
        }
      ],
      "count": 14
    },
    {
      "code": [
        {
          "coding": [
            {
              "system": "http://hl7.org/fhir/sid/icd-10",
              "code": "Z91.89",
              "display": "H/O multiple allergies"
            }
          ]
        }
      ],
      "count": 14
    },
    {
      "code": [
        {
          "coding": [
            {
              "system": "http://hl7.org/fhir/sid/icd-10",
              "code": "L70.0",
              "display": "Acne vulgaris"
            }
          ]
        }
      ],
      "count": 14
    },
    {
      "code": [
        {
          "coding": [
            {
              "system": "http://hl7.org/fhir/sid/icd-10",
              "code": "F17.200",
              "display": "Current smoker"
            }
          ]
        }
      ],
      "count": 13
    },
    {
      "code": [
        {
          "coding": [
            {
              "system": "http://hl7.org/fhir/sid/icd-10",
              "code": "J18.9",
              "display": "Pneumonia due to infectious organism"
            }
          ]
        }
      ],
      "count": 13
    },
    {
      "code": [
        {
          "coding": [
            {
              "system": "http://hl7.org/fhir/sid/icd-10",
              "code": "F19.10",
              "display": "Polysubstance abuse"
            }
          ]
        }
      ],
      "count": 13
    },
    {
      "code": [
        {
          "coding": [
            {
              "system": "http://hl7.org/fhir/sid/icd-10",
              "code": "F31.9",
              "display": "Bipolar disorder"
            }
          ]
        }
      ],
      "count": 13
    },
    {
      "code": [
        {
          "coding": [
            {
              "system": "http://hl7.org/fhir/sid/icd-10",
              "code": "J30.89",
              "display": "Seasonal and perennial allergic rhinitis"
            }
          ]
        }
      ],
      "count": 12
    },
    {
      "code": [
        {
          "coding": [
            {
              "system": "http://hl7.org/fhir/sid/icd-10",
              "code": "E66.3",
              "display": "Overweight"
            }
          ]
        }
      ],
      "count": 12
    },
    {
      "code": [
        {
          "coding": [
            {
              "system": "http://hl7.org/fhir/sid/icd-10",
              "code": "F41.8",
              "display": "Depression with anxiety"
            }
          ]
        }
      ],
      "count": 12
    },
    {
      "code": [
        {
          "coding": [
            {
              "system": "http://hl7.org/fhir/sid/icd-10",
              "code": "R63.4",
              "display": "Weight loss, abnormal"
            }
          ]
        }
      ],
      "count": 12
    },
    {
      "code": [
        {
          "coding": [
            {
              "system": "http://hl7.org/fhir/sid/icd-10",
              "code": "G47.33",
              "display": "OSA on CPAP"
            }
          ]
        }
      ],
      "count": 12
    },
    {
      "code": [
        {
          "coding": [
            {
              "system": "http://hl7.org/fhir/sid/icd-10",
              "code": "Z90.89",
              "display": "S/P tonsillectomy and adenoidectomy"
            }
          ]
        }
      ],
      "count": 12
    },
    {
      "code": [
        {
          "coding": [
            {
              "system": "http://hl7.org/fhir/sid/icd-10",
              "code": "Z23",
              "display": "Need for prophylactic vaccination and inoculation against influenza"
            }
          ]
        }
      ],
      "count": 12
    },
    {
      "code": [
        {
          "coding": [
            {
              "system": "http://hl7.org/fhir/sid/icd-10",
              "code": "G47.00",
              "display": "Insomnia"
            }
          ]
        }
      ],
      "count": 12
    },
    {
      "code": [
        {
          "coding": [
            {
              "system": "http://hl7.org/fhir/sid/icd-10",
              "code": "I95.1",
              "display": "Orthostasis"
            }
          ]
        }
      ],
      "count": 11
    },
    {
      "code": [
        {
          "coding": [
            {
              "system": "http://hl7.org/fhir/sid/icd-10",
              "code": "E78.5",
              "display": "Other and unspecified hyperlipidemia"
            }
          ]
        }
      ],
      "count": 11
    },
    {
      "code": [
        {
          "coding": [
            {
              "system": "http://hl7.org/fhir/sid/icd-10",
              "code": "R05",
              "display": "Chronic cough"
            }
          ]
        }
      ],
      "count": 11
    },
    {
      "code": [
        {
          "coding": [
            {
              "system": "http://hl7.org/fhir/sid/icd-10",
              "code": "E03.9",
              "display": "Hypothyroidism"
            }
          ]
        }
      ],
      "count": 11
    },
    {
      "code": [
        {
          "coding": [
            {
              "system": "http://hl7.org/fhir/sid/icd-10",
              "code": "H52.203",
              "display": "Myopia with astigmatism, bilateral"
            }
          ]
        }
      ],
      "count": 11
    },
    {
      "code": [
        {
          "coding": [
            {
              "system": "http://hl7.org/fhir/sid/icd-10",
              "code": "J45.40",
              "display": "Moderate persistent asthma"
            }
          ]
        }
      ],
      "count": 11
    },
    {
      "code": [
        {
          "coding": [
            {
              "system": "http://hl7.org/fhir/sid/icd-10",
              "code": "R07.89",
              "display": "Atypical chest pain"
            }
          ]
        }
      ],
      "count": 11
    },
    {
      "code": [
        {
          "coding": [
            {
              "system": "http://hl7.org/fhir/sid/icd-10",
              "code": "Z79.899",
              "display": "Long-term use of immunosuppressant medication"
            }
          ]
        }
      ],
      "count": 10
    },
    {
      "code": [
        {
          "coding": [
            {
              "system": "http://hl7.org/fhir/sid/icd-10",
              "code": "R00.0",
              "display": "Rapid heart beat"
            }
          ]
        }
      ],
      "count": 10
    },
    {
      "code": [
        {
          "coding": [
            {
              "system": "http://hl7.org/fhir/sid/icd-10",
              "code": "J30.81",
              "display": "Allergic rhinitis due to animal (cat) (dog) hair and dander"
            }
          ]
        }
      ],
      "count": 10
    },
    {
      "code": [
        {
          "coding": [
            {
              "system": "http://hl7.org/fhir/sid/icd-10",
              "code": "J31.0",
              "display": "Nonallergic rhinitis"
            }
          ]
        }
      ],
      "count": 10
    },
    {
      "code": [
        {
          "coding": [
            {
              "system": "http://hl7.org/fhir/sid/icd-10",
              "code": "R76.8",
              "display": "Positive ANA (antinuclear antibody)"
            }
          ]
        }
      ],
      "count": 10
    },
    {
      "code": [
        {
          "coding": [
            {
              "system": "http://hl7.org/fhir/sid/icd-10",
              "code": "G47.9",
              "display": "Sleep disorder"
            }
          ]
        }
      ],
      "count": 10
    },
    {
      "code": [
        {
          "coding": [
            {
              "system": "http://hl7.org/fhir/sid/icd-10",
              "code": "J02.9",
              "display": "Acute pharyngitis"
            }
          ]
        }
      ],
      "count": 10
    },
    {
      "code": [
        {
          "coding": [
            {
              "system": "http://hl7.org/fhir/sid/icd-10",
              "code": "R00.2",
              "display": "Heart palpitations"
            }
          ]
        }
      ],
      "count": 10
    },
    {
      "code": [
        {
          "coding": [
            {
              "system": "http://hl7.org/fhir/sid/icd-10",
              "code": "R10.9",
              "display": "Abdominal pain"
            }
          ]
        }
      ],
      "count": 10
    },
    {
      "code": [
        {
          "coding": [
            {
              "system": "http://hl7.org/fhir/sid/icd-10",
              "code": "M25.511",
              "display": "Chronic right shoulder pain"
            }
          ]
        }
      ],
      "count": 9
    },
    {
      "code": [
        {
          "coding": [
            {
              "system": "http://hl7.org/fhir/sid/icd-10",
              "code": "R53.83",
              "display": "Fatigue"
            }
          ]
        }
      ],
      "count": 9
    },
    {
      "code": [
        {
          "coding": [
            {
              "system": "http://hl7.org/fhir/sid/icd-10",
              "code": "R07.9",
              "display": "Chest pain at rest"
            }
          ]
        }
      ],
      "count": 9
    },
    {
      "code": [
        {
          "coding": [
            {
              "system": "http://hl7.org/fhir/sid/icd-10",
              "code": "L25.9",
              "display": "Contact dermatitis and eczema"
            }
          ]
        }
      ],
      "count": 9
    },
    {
      "code": [
        {
          "coding": [
            {
              "system": "http://hl7.org/fhir/sid/icd-10",
              "code": "R21",
              "display": "Skin rash"
            }
          ]
        }
      ],
      "count": 9
    },
    {
      "code": [
        {
          "coding": [
            {
              "system": "http://hl7.org/fhir/sid/icd-10",
              "code": "F39",
              "display": "Unspecified episodic mood disorder"
            }
          ]
        }
      ],
      "count": 9
    },
    {
      "code": [
        {
          "coding": [
            {
              "system": "http://hl7.org/fhir/sid/icd-10",
              "code": "B07.9",
              "display": "Verruca vulgaris"
            }
          ]
        }
      ],
      "count": 9
    },
    {
      "code": [
        {
          "coding": [
            {
              "system": "http://hl7.org/fhir/sid/icd-10",
              "code": "E78.2",
              "display": "Mixed hyperlipidemia"
            }
          ]
        }
      ],
      "count": 9
    },
    {
      "code": [
        {
          "coding": [
            {
              "system": "http://hl7.org/fhir/sid/icd-10",
              "code": "G43.009",
              "display": "Migraine headache without aura"
            }
          ]
        }
      ],
      "count": 9
    },
    {
      "code": [
        {
          "coding": [
            {
              "system": "http://hl7.org/fhir/sid/icd-10",
              "code": "Z91.010",
              "display": "Peanut allergy"
            }
          ]
        }
      ],
      "count": 9
    }
  ],
  "meta": {
    "tag": [
      {
        "system": "http://terminology.hl7.org/CodeSystem/v3-ActReason",
        "code": "HTEST",
        "display": "test health data"
      }
    ]
  }
}