{
  "resourceType": "ClinicalProfile",
  "id": "jhu-asthma-profile-69-diagnoses",
  "text": {
    "status": "generated",
    "div": "\u003cdiv xmlns\u003d\"http://www.w3.org/1999/xhtml\"\u003e\n\t\t\t\u003cp\u003eSelected diagnoses for Female, White or Caucasian,Native Hawaiian or Other Pacific Islander,Black or African American,Asian,Unknown,Hispanic,Declined to Answer,American Indian or Alaska Native,Other patients aged 20-24 seen as either outpatients or inpatients at Johns Hopkins Hospital, JHCP, and Bayview between 3/1/2016 and 3/1/2018 having a diagnosis of asthma recorded on the problem list or as an encounter diagnosis.\n\t\t\t\u003c/p\u003e\n\t\t\u003c/div\u003e"
  },
  "identifier": [
    {
      "value": "urn:uuid:EA922C8A-C93F-9174-5B4DF713C06DF7D2"
    }
  ],
  "status": "draft",
  "population": {
    "reference": "Group/asthma-population-jhu1"
  },
  "cohort": {
    "reference": "Group/asthma-sample-69-cohort-jhu1",
    "display": "White or Caucasian,Native Hawaiian or Other Pacific Islander,Black or African American,Asian,Unknown,Hispanic,Declined to Answer,American Indian or Alaska Native,Other Female aged 20-24"
  },
  "date": "2018-09-11T18:03:00Z",
  "source": [
    {
      "value": "http://ictrweb.johnshopkins.edu/ictr/synthetic/includes/clinical_profiles.cfm"
    }
  ],
  "reporter": {
    "reference": "Organization/JHM",
    "type": "Organization",
    "display": "Johns Hopkins School of Medicine"
  },
  "diagnosis": [
    {
      "code": [
        {
          "coding": [
            {
              "system": "http://hl7.org/fhir/sid/icd-10",
              "code": "J45.909",
              "display": "Asthma"
            }
          ]
        }
      ],
      "count": 1414
    },
    {
      "code": [
        {
          "coding": [
            {
              "system": "http://hl7.org/fhir/sid/icd-10",
              "code": "Z00.00",
              "display": "Routine general medical examination at a health care facility"
            }
          ]
        }
      ],
      "count": 775
    },
    {
      "code": [
        {
          "coding": [
            {
              "system": "http://hl7.org/fhir/sid/icd-10",
              "code": "J30.9",
              "display": "Allergic rhinitis"
            }
          ]
        }
      ],
      "count": 652
    },
    {
      "code": [
        {
          "coding": [
            {
              "system": "http://hl7.org/fhir/sid/icd-10",
              "code": "J45.20",
              "display": "Mild intermittent asthma without complication"
            }
          ]
        }
      ],
      "count": 546
    },
    {
      "code": [
        {
          "coding": [
            {
              "system": "http://hl7.org/fhir/sid/icd-10",
              "code": "F32.9",
              "display": "Depression"
            }
          ]
        }
      ],
      "count": 423
    },
    {
      "code": [
        {
          "coding": [
            {
              "system": "http://hl7.org/fhir/sid/icd-10",
              "code": "Z00.129",
              "display": "Routine infant or child health check"
            }
          ]
        }
      ],
      "count": 386
    },
    {
      "code": [
        {
          "coding": [
            {
              "system": "http://hl7.org/fhir/sid/icd-10",
              "code": "Z34.90",
              "display": "Pregnancy, obstetrical care"
            }
          ]
        }
      ],
      "count": 382
    },
    {
      "code": [
        {
          "coding": [
            {
              "system": "http://hl7.org/fhir/sid/icd-10",
              "code": "F41.9",
              "display": "Anxiety disorder"
            }
          ]
        }
      ],
      "count": 349
    },
    {
      "code": [
        {
          "coding": [
            {
              "system": "http://hl7.org/fhir/sid/icd-10",
              "code": "E66.9",
              "display": "Non morbid obesity"
            }
          ]
        }
      ],
      "count": 337
    },
    {
      "code": [
        {
          "coding": [
            {
              "system": "http://hl7.org/fhir/sid/icd-10",
              "code": "Z30.09",
              "display": "Family planning"
            }
          ]
        }
      ],
      "count": 267
    },
    {
      "code": [
        {
          "coding": [
            {
              "system": "http://hl7.org/fhir/sid/icd-10",
              "code": "K21.9",
              "display": "Esophageal reflux"
            }
          ]
        }
      ],
      "count": 222
    },
    {
      "code": [
        {
          "coding": [
            {
              "system": "http://hl7.org/fhir/sid/icd-10",
              "code": "E55.9",
              "display": "Unspecified vitamin D deficiency"
            }
          ]
        }
      ],
      "count": 203
    },
    {
      "code": [
        {
          "coding": [
            {
              "system": "http://hl7.org/fhir/sid/icd-10",
              "code": "G89.29",
              "display": "Chronic pain of left knee"
            }
          ]
        }
      ],
      "count": 198
    },
    {
      "code": [
        {
          "coding": [
            {
              "system": "http://hl7.org/fhir/sid/icd-10",
              "code": "R51",
              "display": "Headache(784.0)"
            }
          ]
        }
      ],
      "count": 187
    },
    {
      "code": [
        {
          "coding": [
            {
              "system": "http://hl7.org/fhir/sid/icd-10",
              "code": "N39.0",
              "display": "UTI (lower urinary tract infection)"
            }
          ]
        }
      ],
      "count": 180
    },
    {
      "code": [
        {
          "coding": [
            {
              "system": "http://hl7.org/fhir/sid/icd-10",
              "code": "N76.0",
              "display": "Vaginitis"
            }
          ]
        }
      ],
      "count": 179
    },
    {
      "code": [
        {
          "coding": [
            {
              "system": "http://hl7.org/fhir/sid/icd-10",
              "code": "R10.9",
              "display": "Abdominal pain"
            }
          ]
        }
      ],
      "count": 179
    },
    {
      "code": [
        {
          "coding": [
            {
              "system": "http://hl7.org/fhir/sid/icd-10",
              "code": "D64.9",
              "display": "Anemia"
            }
          ]
        }
      ],
      "count": 174
    },
    {
      "code": [
        {
          "coding": [
            {
              "system": "http://hl7.org/fhir/sid/icd-10",
              "code": "J45.990",
              "display": "Asthma, exercise induced"
            }
          ]
        }
      ],
      "count": 173
    },
    {
      "code": [
        {
          "coding": [
            {
              "system": "http://hl7.org/fhir/sid/icd-10",
              "code": "E66.01",
              "display": "Morbid obesity due to excess calories"
            }
          ]
        }
      ],
      "count": 173
    },
    {
      "code": [
        {
          "coding": [
            {
              "system": "http://hl7.org/fhir/sid/icd-10",
              "code": "IMO0002",
              "display": "Other tear of cartilage or meniscus of knee, current"
            }
          ]
        }
      ],
      "count": 172
    },
    {
      "code": [
        {
          "coding": [
            {
              "system": "http://hl7.org/fhir/sid/icd-10",
              "code": "N94.6",
              "display": "Dysmenorrhea"
            }
          ]
        }
      ],
      "count": 165
    },
    {
      "code": [
        {
          "coding": [
            {
              "system": "http://hl7.org/fhir/sid/icd-10",
              "code": "L70.8",
              "display": "Other acne"
            }
          ]
        }
      ],
      "count": 163
    },
    {
      "code": [
        {
          "coding": [
            {
              "system": "http://hl7.org/fhir/sid/icd-10",
              "code": "G43.909",
              "display": "Migraine"
            }
          ]
        }
      ],
      "count": 161
    },
    {
      "code": [
        {
          "coding": [
            {
              "system": "http://hl7.org/fhir/sid/icd-10",
              "code": "J30.2",
              "display": "Seasonal allergies"
            }
          ]
        }
      ],
      "count": 156
    },
    {
      "code": [
        {
          "coding": [
            {
              "system": "http://hl7.org/fhir/sid/icd-10",
              "code": "L30.9",
              "display": "Dermatitis"
            }
          ]
        }
      ],
      "count": 149
    },
    {
      "code": [
        {
          "coding": [
            {
              "system": "http://hl7.org/fhir/sid/icd-10",
              "code": "J30.1",
              "display": "Allergic rhinitis due to pollen"
            }
          ]
        }
      ],
      "count": 138
    },
    {
      "code": [
        {
          "coding": [
            {
              "system": "http://hl7.org/fhir/sid/icd-10",
              "code": "M54.9",
              "display": "Back pain"
            }
          ]
        }
      ],
      "count": 138
    },
    {
      "code": [
        {
          "coding": [
            {
              "system": "http://hl7.org/fhir/sid/icd-10",
              "code": "Z30.9",
              "display": "Contraception management"
            }
          ]
        }
      ],
      "count": 122
    },
    {
      "code": [
        {
          "coding": [
            {
              "system": "http://hl7.org/fhir/sid/icd-10",
              "code": "N92.6",
              "display": "Irregular menstrual cycle"
            }
          ]
        }
      ],
      "count": 117
    },
    {
      "code": [
        {
          "coding": [
            {
              "system": "http://hl7.org/fhir/sid/icd-10",
              "code": "F90.9",
              "display": "ADHD (attention deficit hyperactivity disorder)"
            }
          ]
        }
      ],
      "count": 117
    },
    {
      "code": [
        {
          "coding": [
            {
              "system": "http://hl7.org/fhir/sid/icd-10",
              "code": "L70.9",
              "display": "Acne"
            }
          ]
        }
      ],
      "count": 107
    },
    {
      "code": [
        {
          "coding": [
            {
              "system": "http://hl7.org/fhir/sid/icd-10",
              "code": "J45.30",
              "display": "Mild persistent asthma without complication"
            }
          ]
        }
      ],
      "count": 106
    },
    {
      "code": [
        {
          "coding": [
            {
              "system": "http://hl7.org/fhir/sid/icd-10",
              "code": "A74.9",
              "display": "Chlamydia infection"
            }
          ]
        }
      ],
      "count": 106
    },
    {
      "code": [
        {
          "coding": [
            {
              "system": "http://hl7.org/fhir/sid/icd-10",
              "code": "M54.5",
              "display": "Lumbago"
            }
          ]
        }
      ],
      "count": 105
    },
    {
      "code": [
        {
          "coding": [
            {
              "system": "http://hl7.org/fhir/sid/icd-10",
              "code": "K59.00",
              "display": "Constipation"
            }
          ]
        }
      ],
      "count": 100
    },
    {
      "code": [
        {
          "coding": [
            {
              "system": "http://hl7.org/fhir/sid/icd-10",
              "code": "B96.89",
              "display": "Bacterial vaginosis"
            }
          ]
        }
      ],
      "count": 96
    },
    {
      "code": [
        {
          "coding": [
            {
              "system": "http://hl7.org/fhir/sid/icd-10",
              "code": "Z34.80",
              "display": "Term pregnancy"
            }
          ]
        }
      ],
      "count": 96
    },
    {
      "code": [
        {
          "coding": [
            {
              "system": "http://hl7.org/fhir/sid/icd-10",
              "code": "F98.8",
              "display": "Attention deficit disorder"
            }
          ]
        }
      ],
      "count": 92
    },
    {
      "code": [
        {
          "coding": [
            {
              "system": "http://hl7.org/fhir/sid/icd-10",
              "code": "Z11.3",
              "display": "Screening examination for venereal disease"
            }
          ]
        }
      ],
      "count": 89
    },
    {
      "code": [
        {
          "coding": [
            {
              "system": "http://hl7.org/fhir/sid/icd-10",
              "code": "E28.2",
              "display": "Polycystic ovaries"
            }
          ]
        }
      ],
      "count": 87
    },
    {
      "code": [
        {
          "coding": [
            {
              "system": "http://hl7.org/fhir/sid/icd-10",
              "code": "Z28.3",
              "display": "Rubella non-immune status, antepartum"
            }
          ]
        }
      ],
      "count": 86
    },
    {
      "code": [
        {
          "coding": [
            {
              "system": "http://hl7.org/fhir/sid/icd-10",
              "code": "D50.9",
              "display": "Iron deficiency anemia"
            }
          ]
        }
      ],
      "count": 86
    },
    {
      "code": [
        {
          "coding": [
            {
              "system": "http://hl7.org/fhir/sid/icd-10",
              "code": "N92.0",
              "display": "Menorrhagia"
            }
          ]
        }
      ],
      "count": 84
    },
    {
      "code": [
        {
          "coding": [
            {
              "system": "http://hl7.org/fhir/sid/icd-10",
              "code": "B95.1",
              "display": "Group B streptococcal infection during pregnancy"
            }
          ]
        }
      ],
      "count": 83
    },
    {
      "code": [
        {
          "coding": [
            {
              "system": "http://hl7.org/fhir/sid/icd-10",
              "code": "N91.2",
              "display": "Absence of menstruation"
            }
          ]
        }
      ],
      "count": 83
    },
    {
      "code": [
        {
          "coding": [
            {
              "system": "http://hl7.org/fhir/sid/icd-10",
              "code": "O99.89",
              "display": "Bacteriuria during pregnancy in first trimester"
            }
          ]
        }
      ],
      "count": 83
    },
    {
      "code": [
        {
          "coding": [
            {
              "system": "http://hl7.org/fhir/sid/icd-10",
              "code": "F41.1",
              "display": "Anxiety state"
            }
          ]
        }
      ],
      "count": 83
    },
    {
      "code": [
        {
          "coding": [
            {
              "system": "http://hl7.org/fhir/sid/icd-10",
              "code": "I10",
              "display": "Unspecified essential hypertension"
            }
          ]
        }
      ],
      "count": 81
    },
    {
      "code": [
        {
          "coding": [
            {
              "system": "http://hl7.org/fhir/sid/icd-10",
              "code": "F31.9",
              "display": "Bipolar disorder"
            }
          ]
        }
      ],
      "count": 80
    },
    {
      "code": [
        {
          "coding": [
            {
              "system": "http://hl7.org/fhir/sid/icd-10",
              "code": "Z01.419",
              "display": "Routine gynecological examination"
            }
          ]
        }
      ],
      "count": 79
    },
    {
      "code": [
        {
          "coding": [
            {
              "system": "http://hl7.org/fhir/sid/icd-10",
              "code": "L25.9",
              "display": "Contact dermatitis and eczema"
            }
          ]
        }
      ],
      "count": 78
    },
    {
      "code": [
        {
          "coding": [
            {
              "system": "http://hl7.org/fhir/sid/icd-10",
              "code": "H52.13",
              "display": "Myopia with astigmatism, bilateral"
            }
          ]
        }
      ],
      "count": 78
    },
    {
      "code": [
        {
          "coding": [
            {
              "system": "http://hl7.org/fhir/sid/icd-10",
              "code": "L20.89",
              "display": "Other atopic dermatitis and related conditions"
            }
          ]
        }
      ],
      "count": 75
    },
    {
      "code": [
        {
          "coding": [
            {
              "system": "http://hl7.org/fhir/sid/icd-10",
              "code": "O99.019",
              "display": "Anemia affecting pregnancy"
            }
          ]
        }
      ],
      "count": 75
    },
    {
      "code": [
        {
          "coding": [
            {
              "system": "http://hl7.org/fhir/sid/icd-10",
              "code": "Z72.0",
              "display": "Tobacco use"
            }
          ]
        }
      ],
      "count": 73
    },
    {
      "code": [
        {
          "coding": [
            {
              "system": "http://hl7.org/fhir/sid/icd-10",
              "code": "F17.200",
              "display": "Current smoker"
            }
          ]
        }
      ],
      "count": 72
    },
    {
      "code": [
        {
          "coding": [
            {
              "system": "http://hl7.org/fhir/sid/icd-10",
              "code": "Z86.59",
              "display": "History of depression"
            }
          ]
        }
      ],
      "count": 70
    },
    {
      "code": [
        {
          "coding": [
            {
              "system": "http://hl7.org/fhir/sid/icd-10",
              "code": "R00.0",
              "display": "Rapid heart beat"
            }
          ]
        }
      ],
      "count": 69
    },
    {
      "code": [
        {
          "coding": [
            {
              "system": "http://hl7.org/fhir/sid/icd-10",
              "code": "H52.10",
              "display": "Myopia with astigmatism and presbyopia"
            }
          ]
        }
      ],
      "count": 69
    },
    {
      "code": [
        {
          "coding": [
            {
              "system": "http://hl7.org/fhir/sid/icd-10",
              "code": "O80",
              "display": "Normal labor and delivery"
            }
          ]
        }
      ],
      "count": 68
    },
    {
      "code": [
        {
          "coding": [
            {
              "system": "http://hl7.org/fhir/sid/icd-10",
              "code": "J02.9",
              "display": "Acute pharyngitis"
            }
          ]
        }
      ],
      "count": 68
    },
    {
      "code": [
        {
          "coding": [
            {
              "system": "http://hl7.org/fhir/sid/icd-10",
              "code": "O09.899",
              "display": "High risk pregnancy with low PAPPA"
            }
          ]
        }
      ],
      "count": 67
    },
    {
      "code": [
        {
          "coding": [
            {
              "system": "http://hl7.org/fhir/sid/icd-10",
              "code": "R53.83",
              "display": "Fatigue"
            }
          ]
        }
      ],
      "count": 66
    },
    {
      "code": [
        {
          "coding": [
            {
              "system": "http://hl7.org/fhir/sid/icd-10",
              "code": "B00.9",
              "display": "Herpes simplex without mention of complication"
            }
          ]
        }
      ],
      "count": 66
    },
    {
      "code": [
        {
          "coding": [
            {
              "system": "http://hl7.org/fhir/sid/icd-10",
              "code": "E03.9",
              "display": "Hypothyroidism"
            }
          ]
        }
      ],
      "count": 66
    },
    {
      "code": [
        {
          "coding": [
            {
              "system": "http://hl7.org/fhir/sid/icd-10",
              "code": "R55",
              "display": "Syncope"
            }
          ]
        }
      ],
      "count": 66
    },
    {
      "code": [
        {
          "coding": [
            {
              "system": "http://hl7.org/fhir/sid/icd-10",
              "code": "O99.519",
              "display": "Asthma affecting pregnancy, antepartum"
            }
          ]
        }
      ],
      "count": 66
    },
    {
      "code": [
        {
          "coding": [
            {
              "system": "http://hl7.org/fhir/sid/icd-10",
              "code": "Z23",
              "display": "Need for prophylactic vaccination and inoculation against influenza"
            }
          ]
        }
      ],
      "count": 65
    },
    {
      "code": [
        {
          "coding": [
            {
              "system": "http://hl7.org/fhir/sid/icd-10",
              "code": "Z86.19",
              "display": "History of gonorrhea"
            }
          ]
        }
      ],
      "count": 64
    },
    {
      "code": [
        {
          "coding": [
            {
              "system": "http://hl7.org/fhir/sid/icd-10",
              "code": "E66.3",
              "display": "Overweight"
            }
          ]
        }
      ],
      "count": 60
    },
    {
      "code": [
        {
          "coding": [
            {
              "system": "http://hl7.org/fhir/sid/icd-10",
              "code": "R42",
              "display": "Dizziness"
            }
          ]
        }
      ],
      "count": 59
    },
    {
      "code": [
        {
          "coding": [
            {
              "system": "http://hl7.org/fhir/sid/icd-10",
              "code": "Z98.890",
              "display": "History of carotid endarterectomy"
            }
          ]
        }
      ],
      "count": 57
    },
    {
      "code": [
        {
          "coding": [
            {
              "system": "http://hl7.org/fhir/sid/icd-10",
              "code": "Z97.5",
              "display": "Presence of subcutaneous contraceptive implant"
            }
          ]
        }
      ],
      "count": 57
    },
    {
      "code": [
        {
          "coding": [
            {
              "system": "http://hl7.org/fhir/sid/icd-10",
              "code": "F12.10",
              "display": "Cannabis abuse"
            }
          ]
        }
      ],
      "count": 57
    },
    {
      "code": [
        {
          "coding": [
            {
              "system": "http://hl7.org/fhir/sid/icd-10",
              "code": "Z98.891",
              "display": "History of cesarean section"
            }
          ]
        }
      ],
      "count": 55
    },
    {
      "code": [
        {
          "coding": [
            {
              "system": "http://hl7.org/fhir/sid/icd-10",
              "code": "J45.40",
              "display": "Moderate persistent asthma"
            }
          ]
        }
      ],
      "count": 55
    },
    {
      "code": [
        {
          "coding": [
            {
              "system": "http://hl7.org/fhir/sid/icd-10",
              "code": "Z91.018",
              "display": "Allergy to tree nuts"
            }
          ]
        }
      ],
      "count": 54
    },
    {
      "code": [
        {
          "coding": [
            {
              "system": "http://hl7.org/fhir/sid/icd-10",
              "code": "Z87.59",
              "display": "History of postpartum depression"
            }
          ]
        }
      ],
      "count": 53
    },
    {
      "code": [
        {
          "coding": [
            {
              "system": "http://hl7.org/fhir/sid/icd-10",
              "code": "R07.9",
              "display": "Chest pain at rest"
            }
          ]
        }
      ],
      "count": 53
    },
    {
      "code": [
        {
          "coding": [
            {
              "system": "http://hl7.org/fhir/sid/icd-10",
              "code": "R87.610",
              "display": "Atypical squamous cells of undetermined significance on cytologic smear of cervix (ASC-US)"
            }
          ]
        }
      ],
      "count": 52
    },
    {
      "code": [
        {
          "coding": [
            {
              "system": "http://hl7.org/fhir/sid/icd-10",
              "code": "G43.009",
              "display": "Migraine headache without aura"
            }
          ]
        }
      ],
      "count": 52
    },
    {
      "code": [
        {
          "coding": [
            {
              "system": "http://hl7.org/fhir/sid/icd-10",
              "code": "M25.561",
              "display": "Chronic pain of right knee"
            }
          ]
        }
      ],
      "count": 52
    },
    {
      "code": [
        {
          "coding": [
            {
              "system": "http://hl7.org/fhir/sid/icd-10",
              "code": "M25.569",
              "display": "Pain in joint, lower leg"
            }
          ]
        }
      ],
      "count": 52
    },
    {
      "code": [
        {
          "coding": [
            {
              "system": "http://hl7.org/fhir/sid/icd-10",
              "code": "R00.2",
              "display": "Heart palpitations"
            }
          ]
        }
      ],
      "count": 51
    },
    {
      "code": [
        {
          "coding": [
            {
              "system": "http://hl7.org/fhir/sid/icd-10",
              "code": "J45.901",
              "display": "Acute asthma exacerbation"
            }
          ]
        }
      ],
      "count": 51
    },
    {
      "code": [
        {
          "coding": [
            {
              "system": "http://hl7.org/fhir/sid/icd-10",
              "code": "H10.10",
              "display": "Allergic conjunctivitis and rhinitis"
            }
          ]
        }
      ],
      "count": 51
    },
    {
      "code": [
        {
          "coding": [
            {
              "system": "http://hl7.org/fhir/sid/icd-10",
              "code": "M41.20",
              "display": "Scoliosis (and kyphoscoliosis), idiopathic"
            }
          ]
        }
      ],
      "count": 50
    },
    {
      "code": [
        {
          "coding": [
            {
              "system": "http://hl7.org/fhir/sid/icd-10",
              "code": "J32.9",
              "display": "Chronic sinusitis"
            }
          ]
        }
      ],
      "count": 50
    },
    {
      "code": [
        {
          "coding": [
            {
              "system": "http://hl7.org/fhir/sid/icd-10",
              "code": "G43.109",
              "display": "Migraine with aura, without mention of intractable migraine without mention of status migrainosus"
            }
          ]
        }
      ],
      "count": 50
    },
    {
      "code": [
        {
          "coding": [
            {
              "system": "http://hl7.org/fhir/sid/icd-10",
              "code": "H52.209",
              "display": "Hyperopia with astigmatism and presbyopia"
            }
          ]
        }
      ],
      "count": 50
    },
    {
      "code": [
        {
          "coding": [
            {
              "system": "http://hl7.org/fhir/sid/icd-10",
              "code": "Z79.899",
              "display": "Long-term use of immunosuppressant medication"
            }
          ]
        }
      ],
      "count": 50
    },
    {
      "code": [
        {
          "coding": [
            {
              "system": "http://hl7.org/fhir/sid/icd-10",
              "code": "H54.7",
              "display": "Vision problem"
            }
          ]
        }
      ],
      "count": 49
    },
    {
      "code": [
        {
          "coding": [
            {
              "system": "http://hl7.org/fhir/sid/icd-10",
              "code": "J01.90",
              "display": "Acute sinusitis, unspecified"
            }
          ]
        }
      ],
      "count": 49
    },
    {
      "code": [
        {
          "coding": [
            {
              "system": "http://hl7.org/fhir/sid/icd-10",
              "code": "Z91.09",
              "display": "Environmental allergies"
            }
          ]
        }
      ],
      "count": 49
    },
    {
      "code": [
        {
          "coding": [
            {
              "system": "http://hl7.org/fhir/sid/icd-10",
              "code": "O09.90",
              "display": "High-risk pregnancy"
            }
          ]
        }
      ],
      "count": 49
    },
    {
      "code": [
        {
          "coding": [
            {
              "system": "http://hl7.org/fhir/sid/icd-10",
              "code": "J06.9",
              "display": "Acute upper respiratory infections of unspecified site"
            }
          ]
        }
      ],
      "count": 47
    },
    {
      "code": [
        {
          "coding": [
            {
              "system": "http://hl7.org/fhir/sid/icd-10",
              "code": "O99.013",
              "display": "Anemia affecting pregnancy in third trimester"
            }
          ]
        }
      ],
      "count": 47
    },
    {
      "code": [
        {
          "coding": [
            {
              "system": "http://hl7.org/fhir/sid/icd-10",
              "code": "Z32.01",
              "display": "Pregnancy examination or test, positive result"
            }
          ]
        }
      ],
      "count": 47
    },
    {
      "code": [
        {
          "coding": [
            {
              "system": "http://hl7.org/fhir/sid/icd-10",
              "code": "M41.9",
              "display": "Scoliosis"
            }
          ]
        }
      ],
      "count": 46
    },
    {
      "code": [
        {
          "coding": [
            {
              "system": "http://hl7.org/fhir/sid/icd-10",
              "code": "D57.00",
              "display": "Sickle cell pain crisis"
            }
          ]
        }
      ],
      "count": 46
    },
    {
      "code": [
        {
          "coding": [
            {
              "system": "http://hl7.org/fhir/sid/icd-10",
              "code": "O98.819",
              "display": "Chlamydia infection affecting pregnancy"
            }
          ]
        }
      ],
      "count": 46
    },
    {
      "code": [
        {
          "coding": [
            {
              "system": "http://hl7.org/fhir/sid/icd-10",
              "code": "L70.0",
              "display": "Acne vulgaris"
            }
          ]
        }
      ],
      "count": 45
    },
    {
      "code": [
        {
          "coding": [
            {
              "system": "http://hl7.org/fhir/sid/icd-10",
              "code": "O23.40",
              "display": "UTI in pregnancy"
            }
          ]
        }
      ],
      "count": 45
    },
    {
      "code": [
        {
          "coding": [
            {
              "system": "http://hl7.org/fhir/sid/icd-10",
              "code": "E78.00",
              "display": "Pure hypercholesterolemia"
            }
          ]
        }
      ],
      "count": 45
    },
    {
      "code": [
        {
          "coding": [
            {
              "system": "http://hl7.org/fhir/sid/icd-10",
              "code": "B37.3",
              "display": "Vaginal candidiasis"
            }
          ]
        }
      ],
      "count": 45
    },
    {
      "code": [
        {
          "coding": [
            {
              "system": "http://hl7.org/fhir/sid/icd-10",
              "code": "O99.210",
              "display": "Obesity affecting pregnancy, antepartum, unspecified trimester"
            }
          ]
        }
      ],
      "count": 44
    },
    {
      "code": [
        {
          "coding": [
            {
              "system": "http://hl7.org/fhir/sid/icd-10",
              "code": "G47.00",
              "display": "Insomnia"
            }
          ]
        }
      ],
      "count": 44
    },
    {
      "code": [
        {
          "coding": [
            {
              "system": "http://hl7.org/fhir/sid/icd-10",
              "code": "R05",
              "display": "Chronic cough"
            }
          ]
        }
      ],
      "count": 43
    },
    {
      "code": [
        {
          "coding": [
            {
              "system": "http://hl7.org/fhir/sid/icd-10",
              "code": "R21",
              "display": "Skin rash"
            }
          ]
        }
      ],
      "count": 43
    },
    {
      "code": [
        {
          "coding": [
            {
              "system": "http://hl7.org/fhir/sid/icd-10",
              "code": "Z68.54",
              "display": "Body mass index, pediatric, greater than or equal to 95th percentile for age"
            }
          ]
        }
      ],
      "count": 43
    },
    {
      "code": [
        {
          "coding": [
            {
              "system": "http://hl7.org/fhir/sid/icd-10",
              "code": "A60.00",
              "display": "Genital herpes, unspecified"
            }
          ]
        }
      ],
      "count": 43
    },
    {
      "code": [
        {
          "coding": [
            {
              "system": "http://hl7.org/fhir/sid/icd-10",
              "code": "J30.89",
              "display": "Seasonal and perennial allergic rhinitis"
            }
          ]
        }
      ],
      "count": 42
    },
    {
      "code": [
        {
          "coding": [
            {
              "system": "http://hl7.org/fhir/sid/icd-10",
              "code": "O99.820",
              "display": "Group B streptococcal carriage complicating pregnancy"
            }
          ]
        }
      ],
      "count": 42
    },
    {
      "code": [
        {
          "coding": [
            {
              "system": "http://hl7.org/fhir/sid/icd-10",
              "code": "E11.9",
              "display": "Diabetes mellitus, type 2"
            }
          ]
        }
      ],
      "count": 42
    },
    {
      "code": [
        {
          "coding": [
            {
              "system": "http://hl7.org/fhir/sid/icd-10",
              "code": "F12.90",
              "display": "Marijuana use"
            }
          ]
        }
      ],
      "count": 42
    },
    {
      "code": [
        {
          "coding": [
            {
              "system": "http://hl7.org/fhir/sid/icd-10",
              "code": "R03.0",
              "display": "Elevated blood pressure reading without diagnosis of hypertension"
            }
          ]
        }
      ],
      "count": 41
    },
    {
      "code": [
        {
          "coding": [
            {
              "system": "http://hl7.org/fhir/sid/icd-10",
              "code": "J18.9",
              "display": "Pneumonia due to infectious organism"
            }
          ]
        }
      ],
      "count": 41
    },
    {
      "code": [
        {
          "coding": [
            {
              "system": "http://hl7.org/fhir/sid/icd-10",
              "code": "F39",
              "display": "Unspecified episodic mood disorder"
            }
          ]
        }
      ],
      "count": 41
    },
    {
      "code": [
        {
          "coding": [
            {
              "system": "http://hl7.org/fhir/sid/icd-10",
              "code": "Z68.41",
              "display": "Morbid obesity with BMI of 40.0-44.9, adult"
            }
          ]
        }
      ],
      "count": 40
    },
    {
      "code": [
        {
          "coding": [
            {
              "system": "http://hl7.org/fhir/sid/icd-10",
              "code": "I95.1",
              "display": "Orthostasis"
            }
          ]
        }
      ],
      "count": 40
    },
    {
      "code": [
        {
          "coding": [
            {
              "system": "http://hl7.org/fhir/sid/icd-10",
              "code": "Z33.1",
              "display": "Pregnant state, incidental"
            }
          ]
        }
      ],
      "count": 39
    },
    {
      "code": [
        {
          "coding": [
            {
              "system": "http://hl7.org/fhir/sid/icd-10",
              "code": "Z01.818",
              "display": "Preop examination"
            }
          ]
        }
      ],
      "count": 39
    },
    {
      "code": [
        {
          "coding": [
            {
              "system": "http://hl7.org/fhir/sid/icd-10",
              "code": "N83.209",
              "display": "Other and unspecified ovarian cyst"
            }
          ]
        }
      ],
      "count": 39
    },
    {
      "code": [
        {
          "coding": [
            {
              "system": "http://hl7.org/fhir/sid/icd-10",
              "code": "R07.89",
              "display": "Atypical chest pain"
            }
          ]
        }
      ],
      "count": 38
    },
    {
      "code": [
        {
          "coding": [
            {
              "system": "http://hl7.org/fhir/sid/icd-10",
              "code": "M25.562",
              "display": "Bilateral chronic knee pain"
            }
          ]
        }
      ],
      "count": 37
    },
    {
      "code": [
        {
          "coding": [
            {
              "system": "http://hl7.org/fhir/sid/icd-10",
              "code": "G47.33",
              "display": "OSA on CPAP"
            }
          ]
        }
      ],
      "count": 37
    },
    {
      "code": [
        {
          "coding": [
            {
              "system": "http://hl7.org/fhir/sid/icd-10",
              "code": "R30.0",
              "display": "Dysuria"
            }
          ]
        }
      ],
      "count": 37
    },
    {
      "code": [
        {
          "coding": [
            {
              "system": "http://hl7.org/fhir/sid/icd-10",
              "code": "H52.203",
              "display": "Myopia with astigmatism, bilateral"
            }
          ]
        }
      ],
      "count": 37
    },
    {
      "code": [
        {
          "coding": [
            {
              "system": "http://hl7.org/fhir/sid/icd-10",
              "code": "R11.2",
              "display": "Intractable nausea and vomiting"
            }
          ]
        }
      ],
      "count": 37
    },
    {
      "code": [
        {
          "coding": [
            {
              "system": "http://hl7.org/fhir/sid/icd-10",
              "code": "K58.9",
              "display": "Irritable bowel syndrome (IBS)"
            }
          ]
        }
      ],
      "count": 37
    },
    {
      "code": [
        {
          "coding": [
            {
              "system": "http://hl7.org/fhir/sid/icd-10",
              "code": "Z87.898",
              "display": "History of wheezing"
            }
          ]
        }
      ],
      "count": 37
    }
  ],
  "meta": {
    "tag": [
      {
        "system": "http://hl7.org/fhir/v3/ActReason",
        "code": "HTEST",
        "display": "test health data"
      }
    ]
  }
}