{
  "resourceType": "ClinicalProfile",
  "id": "jhu-diabetes-profile-32-labs",
  "text": {
    "status": "generated",
    "div": "\u003cdiv xmlns\u003d\"http://www.w3.org/1999/xhtml\"\u003e\n\t\t\t\u003cp\u003eSelected laboratory tests for Male, Black or African American patients aged 18-44 seen as either outpatients or inpatients at Johns Hopkins Hospital, JHCP, and Bayview between 3/1/2016 and 3/1/2018 having a diagnosis of diabetes recorded on the problem list or as an encounter diagnosis.\n\t\t\t\u003c/p\u003e\n\t\t\u003c/div\u003e"
  },
  "identifier": [
    {
      "value": "urn:uuid:3D3C6A21-DD84-DAA0-7911793AB152453F"
    }
  ],
  "status": "draft",
  "population": {
    "reference": "Group/diabetes-population-jhu2"
  },
  "cohort": {
    "reference": "Group/diabetes-sample-32-cohort-jhu2"
  },
  "date": "2018-09-13T08:34:00Z",
  "source": [
    {
      "value": "http://ictrweb.johnshopkins.edu/ictr/synthetic/includes/clinical_profiles.cfm"
    }
  ],
  "reporter": {
    "reference": "Organization/JHM",
    "type": "Organization",
    "display": "Johns Hopkins School of Medicine"
  },
  "lab": [
    {
      "code": [
        {
          "coding": [
            {
              "system": "http://loinc.org",
              "code": "41653-7",
              "display": "Glucose [Mass/volume] in Capillary blood by Glucometer"
            }
          ]
        }
      ],
      "count": 18692,
      "frequencyPerYear": 6.7334,
      "fractionOfSubjects": 0.3249,
      "scalarDistribution": {
        "units": {
          "unit": "mg/dL",
          "system": "http://unitsofmeasure.org",
          "code": "mg/dL"
        },
        "min": 14,
        "max": 598,
        "mean": 196.01,
        "median": 174,
        "stdDev": 96.38,
        "decile": [
          {
            "nth": 10,
            "value": 98
          },
          {
            "nth": 20,
            "value": 117
          },
          {
            "nth": 30,
            "value": 135
          },
          {
            "nth": 40,
            "value": 154
          },
          {
            "nth": 50,
            "value": 174
          },
          {
            "nth": 60,
            "value": 196
          },
          {
            "nth": 70,
            "value": 226
          },
          {
            "nth": 80,
            "value": 265
          },
          {
            "nth": 90,
            "value": 329
          }
        ],
        "normalizedHigh": 106,
        "normalizedLow": 74,
        "fractionAboveNormal": 0.86,
        "fractionBelowNormal": 0.03
      }
    },
    {
      "code": [
        {
          "coding": [
            {
              "system": "http://loinc.org",
              "code": "2341-6",
              "display": "Glucose [Mass/volume] in Blood by Test strip manual"
            }
          ]
        }
      ],
      "count": 2523,
      "frequencyPerYear": 0.9089,
      "fractionOfSubjects": 0.0367,
      "scalarDistribution": {
        "units": {
          "unit": "mg/dL",
          "system": "http://unitsofmeasure.org",
          "code": "mg/dL"
        },
        "min": 13,
        "max": 592,
        "mean": 181.14,
        "median": 165,
        "stdDev": 91.77,
        "decile": [
          {
            "nth": 10,
            "value": 82
          },
          {
            "nth": 20,
            "value": 106
          },
          {
            "nth": 30,
            "value": 125
          },
          {
            "nth": 40,
            "value": 145
          },
          {
            "nth": 50,
            "value": 165
          },
          {
            "nth": 60,
            "value": 187
          },
          {
            "nth": 70,
            "value": 212
          },
          {
            "nth": 80,
            "value": 249
          },
          {
            "nth": 90,
            "value": 301
          }
        ]
      }
    },
    {
      "code": [
        {
          "coding": [
            {
              "system": "http://loinc.org",
              "code": "2345-7",
              "display": "Glucose [Mass/volume] in Serum or Plasma"
            }
          ]
        }
      ],
      "count": 10002,
      "frequencyPerYear": 3.6030,
      "fractionOfSubjects": 0.7702,
      "scalarDistribution": {
        "units": {
          "unit": "mg/dL",
          "system": "http://unitsofmeasure.org",
          "code": "mg/dL"
        },
        "min": 18,
        "max": 1436,
        "mean": 189.83,
        "median": 152,
        "stdDev": 128.63,
        "decile": [
          {
            "nth": 10,
            "value": 88
          },
          {
            "nth": 20,
            "value": 102
          },
          {
            "nth": 30,
            "value": 117
          },
          {
            "nth": 40,
            "value": 133
          },
          {
            "nth": 50,
            "value": 152
          },
          {
            "nth": 60,
            "value": 176
          },
          {
            "nth": 70,
            "value": 206
          },
          {
            "nth": 80,
            "value": 249
          },
          {
            "nth": 90,
            "value": 328
          }
        ],
        "normalizedHigh": 106,
        "normalizedLow": 74,
        "fractionAboveNormal": 0.77,
        "fractionBelowNormal": 0.03
      }
    },
    {
      "code": [
        {
          "coding": [
            {
              "system": "http://loinc.org",
              "code": "2339-0",
              "display": "Glucose [Mass/volume] in Blood"
            }
          ]
        }
      ],
      "count": 402,
      "frequencyPerYear": 0.1448,
      "fractionOfSubjects": 0.0396,
      "scalarDistribution": {
        "units": {
          "unit": "mg/dL",
          "system": "http://unitsofmeasure.org",
          "code": "mg/dL"
        },
        "min": 37,
        "max": 1384,
        "mean": 202.56,
        "median": 163,
        "stdDev": 141.53,
        "decile": [
          {
            "nth": 10,
            "value": 95
          },
          {
            "nth": 20,
            "value": 111
          },
          {
            "nth": 30,
            "value": 126
          },
          {
            "nth": 40,
            "value": 143
          },
          {
            "nth": 50,
            "value": 163
          },
          {
            "nth": 60,
            "value": 189
          },
          {
            "nth": 70,
            "value": 223
          },
          {
            "nth": 80,
            "value": 269
          },
          {
            "nth": 90,
            "value": 324
          }
        ]
      }
    },
    {
      "code": [
        {
          "coding": [
            {
              "system": "http://loinc.org",
              "code": "14749-6",
              "display": "Glucose [Moles/volume] in Serum or Plasma"
            }
          ]
        }
      ],
      "count": 101,
      "frequencyPerYear": 0.0364,
      "fractionOfSubjects": 0.0173,
      "scalarDistribution": {
        "units": {
          "unit": "mg/dL",
          "system": "http://unitsofmeasure.org",
          "code": "mg/dL"
        },
        "min": 69,
        "max": 662,
        "mean": 205.49,
        "median": 157,
        "stdDev": 120.99,
        "decile": [
          {
            "nth": 10,
            "value": 101
          },
          {
            "nth": 20,
            "value": 112
          },
          {
            "nth": 30,
            "value": 122
          },
          {
            "nth": 40,
            "value": 141
          },
          {
            "nth": 50,
            "value": 157
          },
          {
            "nth": 60,
            "value": 187
          },
          {
            "nth": 70,
            "value": 246
          },
          {
            "nth": 80,
            "value": 288
          },
          {
            "nth": 90,
            "value": 376
          }
        ],
        "normalizedHigh": 99,
        "normalizedLow": 60,
        "fractionAboveNormal": 0.94,
        "fractionBelowNormal": 0
      }
    },
    {
      "code": [
        {
          "coding": [
            {
              "system": "http://loinc.org",
              "code": "17861-6",
              "display": "Calcium [Mass/volume] in Serum or Plasma"
            }
          ]
        }
      ],
      "count": 10175,
      "frequencyPerYear": 3.6653,
      "fractionOfSubjects": 0.7824,
      "scalarDistribution": {
        "units": {
          "unit": "mg/dL",
          "system": "http://unitsofmeasure.org",
          "code": "mg/dL"
        },
        "min": 4.90,
        "max": 18,
        "mean": 8.76,
        "median": 8.80,
        "stdDev": 0.85,
        "decile": [
          {
            "nth": 10,
            "value": 7.70
          },
          {
            "nth": 20,
            "value": 8.10
          },
          {
            "nth": 30,
            "value": 8.40
          },
          {
            "nth": 40,
            "value": 8.60
          },
          {
            "nth": 50,
            "value": 8.80
          },
          {
            "nth": 60,
            "value": 9
          },
          {
            "nth": 70,
            "value": 9.20
          },
          {
            "nth": 80,
            "value": 9.40
          },
          {
            "nth": 90,
            "value": 9.70
          }
        ],
        "normalizedHigh": 10.5,
        "normalizedLow": 9,
        "fractionAboveNormal": 0.01,
        "fractionBelowNormal": 0.56
      }
    },
    {
      "code": [
        {
          "coding": [
            {
              "system": "http://loinc.org",
              "code": "2000-8",
              "display": "Calcium [Moles/volume] in Serum or Plasma"
            }
          ]
        }
      ],
      "count": 98,
      "frequencyPerYear": 0.0353,
      "fractionOfSubjects": 0.0173,
      "scalarDistribution": {
        "units": {
          "unit": "mg/dL",
          "system": "http://unitsofmeasure.org",
          "code": "mg/dL"
        },
        "min": 4.40,
        "max": 10.60,
        "mean": 8.80,
        "median": 8.80,
        "stdDev": 0.76,
        "decile": [
          {
            "nth": 10,
            "value": 8.10
          },
          {
            "nth": 20,
            "value": 8.30
          },
          {
            "nth": 30,
            "value": 8.50
          },
          {
            "nth": 40,
            "value": 8.60
          },
          {
            "nth": 50,
            "value": 8.80
          },
          {
            "nth": 60,
            "value": 9
          },
          {
            "nth": 70,
            "value": 9.20
          },
          {
            "nth": 80,
            "value": 9.40
          },
          {
            "nth": 90,
            "value": 9.60
          }
        ],
        "normalizedHigh": 10.4,
        "normalizedLow": 8.5,
        "fractionAboveNormal": 0.01,
        "fractionBelowNormal": 0.29
      }
    },
    {
      "code": [
        {
          "coding": [
            {
              "system": "http://loinc.org",
              "code": "39789-3",
              "display": "Potassium [Moles/volume] in Venous blood"
            }
          ]
        }
      ],
      "count": 9018,
      "frequencyPerYear": 3.2486,
      "fractionOfSubjects": 0.6347,
      "scalarDistribution": {
        "units": {
          "unit": "mmol/L",
          "system": "http://unitsofmeasure.org",
          "code": "mmol/L"
        },
        "min": 2.40,
        "max": 9.80,
        "mean": 4.33,
        "median": 4.30,
        "stdDev": 0.62,
        "decile": [
          {
            "nth": 10,
            "value": 3.60
          },
          {
            "nth": 20,
            "value": 3.90
          },
          {
            "nth": 30,
            "value": 4
          },
          {
            "nth": 40,
            "value": 4.10
          },
          {
            "nth": 50,
            "value": 4.30
          },
          {
            "nth": 60,
            "value": 4.40
          },
          {
            "nth": 70,
            "value": 4.60
          },
          {
            "nth": 80,
            "value": 4.80
          },
          {
            "nth": 90,
            "value": 5.10
          }
        ]
      }
    },
    {
      "code": [
        {
          "coding": [
            {
              "system": "http://loinc.org",
              "code": "2823-3",
              "display": "Potassium [Moles/volume] in Serum or Plasma"
            }
          ]
        }
      ],
      "count": 877,
      "frequencyPerYear": 0.3159,
      "fractionOfSubjects": 0.2414,
      "scalarDistribution": {
        "units": {
          "unit": "mmol/L",
          "system": "http://unitsofmeasure.org",
          "code": "mmol/L"
        },
        "min": 3.10,
        "max": 6.30,
        "mean": 4.36,
        "median": 4.40,
        "stdDev": 0.42,
        "decile": [
          {
            "nth": 10,
            "value": 3.90
          },
          {
            "nth": 20,
            "value": 4.10
          },
          {
            "nth": 30,
            "value": 4.20
          },
          {
            "nth": 40,
            "value": 4.30
          },
          {
            "nth": 50,
            "value": 4.40
          },
          {
            "nth": 60,
            "value": 4.50
          },
          {
            "nth": 70,
            "value": 4.60
          },
          {
            "nth": 80,
            "value": 4.70
          },
          {
            "nth": 90,
            "value": 4.90
          }
        ],
        "normalizedHigh": 5.2,
        "normalizedLow": 3.5,
        "fractionAboveNormal": 0.03,
        "fractionBelowNormal": 0.03
      }
    },
    {
      "code": [
        {
          "coding": [
            {
              "system": "http://loinc.org",
              "code": "2951-2",
              "display": "Sodium [Moles/volume] in Serum or Plasma"
            }
          ]
        }
      ],
      "count": 10175,
      "frequencyPerYear": 3.6653,
      "fractionOfSubjects": 0.7853,
      "scalarDistribution": {
        "units": {
          "unit": "mmol/L",
          "system": "http://unitsofmeasure.org",
          "code": "mmol/L"
        },
        "min": 112,
        "max": 169,
        "mean": 137.97,
        "median": 138,
        "stdDev": 4.55,
        "decile": [
          {
            "nth": 10,
            "value": 132
          },
          {
            "nth": 20,
            "value": 135
          },
          {
            "nth": 30,
            "value": 136
          },
          {
            "nth": 40,
            "value": 137
          },
          {
            "nth": 50,
            "value": 138
          },
          {
            "nth": 60,
            "value": 139
          },
          {
            "nth": 70,
            "value": 140
          },
          {
            "nth": 80,
            "value": 141
          },
          {
            "nth": 90,
            "value": 143
          }
        ],
        "normalizedHigh": 145,
        "normalizedLow": 136,
        "fractionAboveNormal": 0.03,
        "fractionBelowNormal": 0.25
      }
    },
    {
      "code": [
        {
          "coding": [
            {
              "system": "http://loinc.org",
              "code": "12962-7",
              "display": "Urea nitrogen [Mass/volume] in Venous blood"
            }
          ]
        }
      ],
      "count": 9259,
      "frequencyPerYear": 3.3354,
      "fractionOfSubjects": 0.6362,
      "scalarDistribution": {
        "units": {
          "unit": "mg/dL",
          "system": "http://unitsofmeasure.org",
          "code": "mg/dL"
        },
        "min": 2,
        "max": 188,
        "mean": 23.69,
        "median": 17,
        "stdDev": 19.50,
        "decile": [
          {
            "nth": 10,
            "value": 8
          },
          {
            "nth": 20,
            "value": 10
          },
          {
            "nth": 30,
            "value": 12
          },
          {
            "nth": 40,
            "value": 14
          },
          {
            "nth": 50,
            "value": 17
          },
          {
            "nth": 60,
            "value": 20
          },
          {
            "nth": 70,
            "value": 25
          },
          {
            "nth": 80,
            "value": 33
          },
          {
            "nth": 90,
            "value": 49
          }
        ]
      }
    },
    {
      "code": [
        {
          "coding": [
            {
              "system": "http://loinc.org",
              "code": "3094-0",
              "display": "Urea nitrogen [Mass/volume] in Serum or Plasma"
            }
          ]
        }
      ],
      "count": 876,
      "frequencyPerYear": 0.3156,
      "fractionOfSubjects": 0.2421,
      "scalarDistribution": {
        "units": {
          "unit": "mg/dL",
          "system": "http://unitsofmeasure.org",
          "code": "mg/dL"
        },
        "min": 3,
        "max": 94,
        "mean": 17.26,
        "median": 14,
        "stdDev": 10.88,
        "decile": [
          {
            "nth": 10,
            "value": 9
          },
          {
            "nth": 20,
            "value": 10
          },
          {
            "nth": 30,
            "value": 12
          },
          {
            "nth": 40,
            "value": 13
          },
          {
            "nth": 50,
            "value": 14
          },
          {
            "nth": 60,
            "value": 16
          },
          {
            "nth": 70,
            "value": 18
          },
          {
            "nth": 80,
            "value": 22
          },
          {
            "nth": 90,
            "value": 29
          }
        ],
        "normalizedHigh": 25,
        "normalizedLow": 7,
        "fractionAboveNormal": 0.14,
        "fractionBelowNormal": 0.03
      }
    },
    {
      "code": [
        {
          "coding": [
            {
              "system": "http://loinc.org",
              "code": "48642-3",
              "display": "Glomerular filtration rate/1.73 sq M predicted among non-blacks [Volume Rate/Area] in Serum or Plasma by Creatinine-based formula (MDRD)"
            }
          ]
        }
      ],
      "count": 4007,
      "frequencyPerYear": 1.4434,
      "fractionOfSubjects": 0.3422,
      "scalarDistribution": {
        "units": {
          "unit": "mL/min/1.73 sqm",
          "system": "http://unitsofmeasure.org",
          "code": "mL/min/1.73 sqm"
        },
        "min": 2,
        "max": 142,
        "mean": 33.17,
        "median": 30,
        "stdDev": 26.06,
        "decile": [
          {
            "nth": 10,
            "value": 6
          },
          {
            "nth": 20,
            "value": 9
          },
          {
            "nth": 30,
            "value": 12
          },
          {
            "nth": 40,
            "value": 18
          },
          {
            "nth": 50,
            "value": 30
          },
          {
            "nth": 60,
            "value": 38
          },
          {
            "nth": 70,
            "value": 46
          },
          {
            "nth": 80,
            "value": 53
          },
          {
            "nth": 90,
            "value": 60
          }
        ]
      }
    },
    {
      "code": [
        {
          "coding": [
            {
              "system": "http://loinc.org",
              "code": "33914-3",
              "display": "Glomerular filtration rate/1.73 sq M.predicted [Volume Rate/Area] in Serum or Plasma by Creatinine-based formula (MDRD)"
            }
          ]
        }
      ],
      "count": 213,
      "frequencyPerYear": 0.0767,
      "fractionOfSubjects": 0.0728,
      "scalarDistribution": {
        "units": {
          "unit": "mL/min/1.73m2",
          "system": "http://unitsofmeasure.org",
          "code": "mL/min/1.73m2"
        },
        "min": 9,
        "max": 135,
        "mean": 82.38,
        "median": 86.50,
        "stdDev": 23.98,
        "decile": [
          {
            "nth": 10,
            "value": 43
          },
          {
            "nth": 20,
            "value": 59
          },
          {
            "nth": 30,
            "value": 71
          },
          {
            "nth": 40,
            "value": 81
          },
          {
            "nth": 50,
            "value": 87
          },
          {
            "nth": 60,
            "value": 91
          },
          {
            "nth": 70,
            "value": 98
          },
          {
            "nth": 80,
            "value": 105
          },
          {
            "nth": 90,
            "value": 109
          }
        ]
      }
    },
    {
      "code": [
        {
          "coding": [
            {
              "system": "http://loinc.org",
              "code": "62238-1",
              "display": "Glomerular filtration rate/1.73 sq M.predicted [Volume Rate/Area] in Serum or Plasma by Creatinine-based formula (CKD-EPI)"
            }
          ]
        }
      ],
      "count": 78,
      "frequencyPerYear": 0.0281,
      "fractionOfSubjects": 0.0353,
      "scalarDistribution": {
        "units": {
          "unit": "mL/min/1.73m2",
          "system": "http://unitsofmeasure.org",
          "code": "mL/min/1.73m2"
        },
        "min": 9,
        "max": 128,
        "mean": 83.17,
        "median": 86,
        "stdDev": 25.94,
        "decile": [
          {
            "nth": 10,
            "value": 47
          },
          {
            "nth": 20,
            "value": 59
          },
          {
            "nth": 30,
            "value": 69
          },
          {
            "nth": 40,
            "value": 79
          },
          {
            "nth": 50,
            "value": 86
          },
          {
            "nth": 60,
            "value": 92
          },
          {
            "nth": 70,
            "value": 99
          },
          {
            "nth": 80,
            "value": 108
          },
          {
            "nth": 90,
            "value": 114
          }
        ]
      }
    },
    {
      "code": [
        {
          "coding": [
            {
              "system": "http://loinc.org",
              "code": "48643-1",
              "display": "Glomerular filtration rate/1.73 sq M predicted among blacks [Volume Rate/Area] in Serum or Plasma by Creatinine-based formula (MDRD)"
            }
          ]
        }
      ],
      "count": 3597,
      "frequencyPerYear": 1.2957,
      "fractionOfSubjects": 0.3480,
      "scalarDistribution": {
        "units": {
          "unit": "mL/min/1.73m2",
          "system": "http://unitsofmeasure.org",
          "code": "mL/min/1.73m2"
        },
        "min": 2,
        "max": 164,
        "mean": 38.12,
        "median": 27,
        "stdDev": 33.68,
        "decile": [
          {
            "nth": 10,
            "value": 7
          },
          {
            "nth": 20,
            "value": 10
          },
          {
            "nth": 30,
            "value": 13
          },
          {
            "nth": 40,
            "value": 18
          },
          {
            "nth": 50,
            "value": 27
          },
          {
            "nth": 60,
            "value": 40
          },
          {
            "nth": 70,
            "value": 48
          },
          {
            "nth": 80,
            "value": 57
          },
          {
            "nth": 90,
            "value": 94
          }
        ]
      }
    },
    {
      "code": [
        {
          "coding": [
            {
              "system": "http://loinc.org",
              "code": "62238-1",
              "display": "Glomerular filtration rate/1.73 sq M.predicted [Volume Rate/Area] in Serum or Plasma by Creatinine-based formula (CKD-EPI)"
            }
          ]
        }
      ],
      "count": 78,
      "frequencyPerYear": 0.0281,
      "fractionOfSubjects": 0.0353,
      "scalarDistribution": {
        "units": {
          "unit": "mL/min/1.73m2",
          "system": "http://unitsofmeasure.org",
          "code": "mL/min/1.73m2"
        },
        "min": 11,
        "max": 147,
        "mean": 96.09,
        "median": 100,
        "stdDev": 29.93,
        "decile": [
          {
            "nth": 10,
            "value": 55
          },
          {
            "nth": 20,
            "value": 68
          },
          {
            "nth": 30,
            "value": 80
          },
          {
            "nth": 40,
            "value": 91
          },
          {
            "nth": 50,
            "value": 100
          },
          {
            "nth": 60,
            "value": 106
          },
          {
            "nth": 70,
            "value": 114
          },
          {
            "nth": 80,
            "value": 125
          },
          {
            "nth": 90,
            "value": 132
          }
        ]
      }
    },
    {
      "code": [
        {
          "coding": [
            {
              "system": "http://loinc.org",
              "code": "777-3",
              "display": "Platelets [#/volume] in Blood by Automated count"
            }
          ]
        }
      ],
      "count": 8016,
      "frequencyPerYear": 2.8876,
      "fractionOfSubjects": 0.6621,
      "scalarDistribution": {
        "units": {
          "unit": "x10E3/uL",
          "system": "http://unitsofmeasure.org",
          "code": "x10E3/uL"
        },
        "min": 0,
        "max": 1509,
        "mean": 250.52,
        "median": 238,
        "stdDev": 127.58,
        "decile": [
          {
            "nth": 10,
            "value": 111
          },
          {
            "nth": 20,
            "value": 158
          },
          {
            "nth": 30,
            "value": 187
          },
          {
            "nth": 40,
            "value": 214
          },
          {
            "nth": 50,
            "value": 238
          },
          {
            "nth": 60,
            "value": 262
          },
          {
            "nth": 70,
            "value": 289
          },
          {
            "nth": 80,
            "value": 327
          },
          {
            "nth": 90,
            "value": 400
          }
        ],
        "normalizedHigh": 396,
        "normalizedLow": 140,
        "fractionAboveNormal": 0.10,
        "fractionBelowNormal": 0.15
      }
    },
    {
      "code": [
        {
          "coding": [
            {
              "system": "http://loinc.org",
              "code": "33256-9",
              "display": "Leukocytes [#/volume] corrected for nucleated erythrocytes in Blood by Automated count"
            }
          ]
        }
      ],
      "count": 7306,
      "frequencyPerYear": 2.6318,
      "fractionOfSubjects": 0.5641,
      "scalarDistribution": {
        "units": {
          "unit": "K/cu mm",
          "system": "http://unitsofmeasure.org",
          "code": "K/cu mm"
        },
        "min": 0.05,
        "max": 143.26,
        "mean": 8.60,
        "median": 7.53,
        "stdDev": 5.47,
        "decile": [
          {
            "nth": 10,
            "value": 3.91
          },
          {
            "nth": 20,
            "value": 5.04
          },
          {
            "nth": 30,
            "value": 5.93
          },
          {
            "nth": 40,
            "value": 6.73
          },
          {
            "nth": 50,
            "value": 7.53
          },
          {
            "nth": 60,
            "value": 8.47
          },
          {
            "nth": 70,
            "value": 9.67
          },
          {
            "nth": 80,
            "value": 11.42
          },
          {
            "nth": 90,
            "value": 14.29
          }
        ]
      }
    },
    {
      "code": [
        {
          "coding": [
            {
              "system": "http://loinc.org",
              "code": "6690-2",
              "display": "Leukocytes [#/volume] in Blood by Automated count"
            }
          ]
        }
      ],
      "count": 672,
      "frequencyPerYear": 0.2421,
      "fractionOfSubjects": 0.1707,
      "scalarDistribution": {
        "units": {
          "unit": "x10E3/uL",
          "system": "http://unitsofmeasure.org",
          "code": "x10E3/uL"
        },
        "min": 1.70,
        "max": 23.17,
        "mean": 6.59,
        "median": 5.90,
        "stdDev": 2.85,
        "decile": [
          {
            "nth": 10,
            "value": 3.80
          },
          {
            "nth": 20,
            "value": 4.30
          },
          {
            "nth": 30,
            "value": 5.10
          },
          {
            "nth": 40,
            "value": 5.50
          },
          {
            "nth": 50,
            "value": 5.90
          },
          {
            "nth": 60,
            "value": 6.50
          },
          {
            "nth": 70,
            "value": 7.34
          },
          {
            "nth": 80,
            "value": 8.20
          },
          {
            "nth": 90,
            "value": 10.16
          }
        ],
        "normalizedHigh": 10.8,
        "normalizedLow": 3.4,
        "fractionAboveNormal": 0.08,
        "fractionBelowNormal": 0.06
      }
    },
    {
      "code": [
        {
          "coding": [
            {
              "system": "http://loinc.org",
              "code": "4544-3",
              "display": "Hematocrit [Volume Fraction] of Blood by Automated count"
            }
          ]
        }
      ],
      "count": 7986,
      "frequencyPerYear": 2.8768,
      "fractionOfSubjects": 0.6621,
      "scalarDistribution": {
        "units": {
          "unit": "%",
          "system": "http://unitsofmeasure.org",
          "code": "%"
        },
        "min": 11.70,
        "max": 61.60,
        "mean": 34.56,
        "median": 35.10,
        "stdDev": 8.23,
        "decile": [
          {
            "nth": 10,
            "value": 23.10
          },
          {
            "nth": 20,
            "value": 26.20
          },
          {
            "nth": 30,
            "value": 29.10
          },
          {
            "nth": 40,
            "value": 32
          },
          {
            "nth": 50,
            "value": 35.10
          },
          {
            "nth": 60,
            "value": 37.90
          },
          {
            "nth": 70,
            "value": 40.30
          },
          {
            "nth": 80,
            "value": 42.40
          },
          {
            "nth": 90,
            "value": 45.10
          }
        ],
        "normalizedHigh": 46.6,
        "normalizedLow": 34.0,
        "fractionAboveNormal": 0.06,
        "fractionBelowNormal": 0.46
      }
    },
    {
      "code": [
        {
          "coding": [
            {
              "system": "http://loinc.org",
              "code": "718-7",
              "display": "Hemoglobin [Mass/volume] in Blood"
            }
          ]
        }
      ],
      "count": 7949,
      "frequencyPerYear": 2.8635,
      "fractionOfSubjects": 0.6621,
      "scalarDistribution": {
        "units": {
          "unit": "g/dL",
          "system": "http://unitsofmeasure.org",
          "code": "g/dL"
        },
        "min": 4,
        "max": 19.80,
        "mean": 11.31,
        "median": 11.40,
        "stdDev": 2.74,
        "decile": [
          {
            "nth": 10,
            "value": 7.60
          },
          {
            "nth": 20,
            "value": 8.50
          },
          {
            "nth": 30,
            "value": 9.40
          },
          {
            "nth": 40,
            "value": 10.40
          },
          {
            "nth": 50,
            "value": 11.40
          },
          {
            "nth": 60,
            "value": 12.40
          },
          {
            "nth": 70,
            "value": 13.30
          },
          {
            "nth": 80,
            "value": 14
          },
          {
            "nth": 90,
            "value": 14.80
          }
        ],
        "normalizedHigh": 16.0,
        "normalizedLow": 12.0,
        "fractionAboveNormal": 0.02,
        "fractionBelowNormal": 0.55
      }
    },
    {
      "code": [
        {
          "coding": [
            {
              "system": "http://loinc.org",
              "code": "789-8",
              "display": "Erythrocytes [#/volume] in Blood by Automated count"
            }
          ]
        }
      ],
      "count": 7973,
      "frequencyPerYear": 2.8721,
      "fractionOfSubjects": 0.6621,
      "scalarDistribution": {
        "units": {
          "unit": "x10E6/uL",
          "system": "http://unitsofmeasure.org",
          "code": "x10E6/uL"
        },
        "min": 1.29,
        "max": 7.18,
        "mean": 4.03,
        "median": 4.08,
        "stdDev": 1.03,
        "decile": [
          {
            "nth": 10,
            "value": 2.64
          },
          {
            "nth": 20,
            "value": 3.01
          },
          {
            "nth": 30,
            "value": 3.34
          },
          {
            "nth": 40,
            "value": 3.72
          },
          {
            "nth": 50,
            "value": 4.08
          },
          {
            "nth": 60,
            "value": 4.41
          },
          {
            "nth": 70,
            "value": 4.70
          },
          {
            "nth": 80,
            "value": 5
          },
          {
            "nth": 90,
            "value": 5.35
          }
        ],
        "normalizedHigh": 5.28,
        "normalizedLow": 3.77,
        "fractionAboveNormal": 0.12,
        "fractionBelowNormal": 0.41
      }
    },
    {
      "code": [
        {
          "coding": [
            {
              "system": "http://loinc.org",
              "code": "787-2",
              "display": "Erythrocyte mean corpuscular volume [Entitic volume] by Automated count"
            }
          ]
        }
      ],
      "count": 7963,
      "frequencyPerYear": 2.8685,
      "fractionOfSubjects": 0.6621,
      "scalarDistribution": {
        "units": {
          "unit": "fL",
          "system": "http://unitsofmeasure.org",
          "code": "fL"
        },
        "min": 60.70,
        "max": 118,
        "mean": 86.54,
        "median": 86.60,
        "stdDev": 7.20,
        "decile": [
          {
            "nth": 10,
            "value": 77.50
          },
          {
            "nth": 20,
            "value": 80.50
          },
          {
            "nth": 30,
            "value": 82.90
          },
          {
            "nth": 40,
            "value": 84.90
          },
          {
            "nth": 50,
            "value": 86.60
          },
          {
            "nth": 60,
            "value": 88.10
          },
          {
            "nth": 70,
            "value": 90
          },
          {
            "nth": 80,
            "value": 92.20
          },
          {
            "nth": 90,
            "value": 95.50
          }
        ],
        "normalizedHigh": 97,
        "normalizedLow": 79,
        "fractionAboveNormal": 0.07,
        "fractionBelowNormal": 0.14
      }
    },
    {
      "code": [
        {
          "coding": [
            {
              "system": "http://loinc.org",
              "code": "786-4",
              "display": "Erythrocyte mean corpuscular hemoglobin concentration [Mass/volume] by Automated count"
            }
          ]
        }
      ],
      "count": 7930,
      "frequencyPerYear": 2.8566,
      "fractionOfSubjects": 0.6621,
      "scalarDistribution": {
        "units": {
          "unit": "g/dL",
          "system": "http://unitsofmeasure.org",
          "code": "g/dL"
        },
        "min": 26,
        "max": 37.90,
        "mean": 32.69,
        "median": 32.80,
        "stdDev": 1.60,
        "decile": [
          {
            "nth": 10,
            "value": 30.60
          },
          {
            "nth": 20,
            "value": 31.40
          },
          {
            "nth": 30,
            "value": 32
          },
          {
            "nth": 40,
            "value": 32.40
          },
          {
            "nth": 50,
            "value": 32.80
          },
          {
            "nth": 60,
            "value": 33.20
          },
          {
            "nth": 70,
            "value": 33.60
          },
          {
            "nth": 80,
            "value": 34
          },
          {
            "nth": 90,
            "value": 34.60
          }
        ],
        "normalizedHigh": 35.7,
        "normalizedLow": 31.5,
        "fractionAboveNormal": 0.03,
        "fractionBelowNormal": 0.21
      }
    },
    {
      "code": [
        {
          "coding": [
            {
              "system": "http://loinc.org",
              "code": "785-6",
              "display": "Erythrocyte mean corpuscular hemoglobin [Entitic mass] by Automated count"
            }
          ]
        }
      ],
      "count": 7910,
      "frequencyPerYear": 2.8494,
      "fractionOfSubjects": 0.6621,
      "scalarDistribution": {
        "units": {
          "unit": "pg",
          "system": "http://unitsofmeasure.org",
          "code": "pg"
        },
        "min": 16,
        "max": 41,
        "mean": 28.29,
        "median": 28.40,
        "stdDev": 2.78,
        "decile": [
          {
            "nth": 10,
            "value": 24.60
          },
          {
            "nth": 20,
            "value": 26.20
          },
          {
            "nth": 30,
            "value": 27
          },
          {
            "nth": 40,
            "value": 27.80
          },
          {
            "nth": 50,
            "value": 28.40
          },
          {
            "nth": 60,
            "value": 29
          },
          {
            "nth": 70,
            "value": 29.60
          },
          {
            "nth": 80,
            "value": 30.40
          },
          {
            "nth": 90,
            "value": 31.60
          }
        ],
        "normalizedHigh": 33.0,
        "normalizedLow": 26.6,
        "fractionAboveNormal": 0.04,
        "fractionBelowNormal": 0.24
      }
    },
    {
      "code": [
        {
          "coding": [
            {
              "system": "http://loinc.org",
              "code": "788-0",
              "display": "Erythrocyte distribution width [Ratio] by Automated count"
            }
          ]
        }
      ],
      "count": 7839,
      "frequencyPerYear": 2.8238,
      "fractionOfSubjects": 0.6621,
      "scalarDistribution": {
        "units": {
          "unit": "%",
          "system": "http://unitsofmeasure.org",
          "code": "%"
        },
        "min": 10.90,
        "max": 36.10,
        "mean": 15.36,
        "median": 14.60,
        "stdDev": 2.88,
        "decile": [
          {
            "nth": 10,
            "value": 12.70
          },
          {
            "nth": 20,
            "value": 13.20
          },
          {
            "nth": 30,
            "value": 13.60
          },
          {
            "nth": 40,
            "value": 14.10
          },
          {
            "nth": 50,
            "value": 14.60
          },
          {
            "nth": 60,
            "value": 15.20
          },
          {
            "nth": 70,
            "value": 15.90
          },
          {
            "nth": 80,
            "value": 17
          },
          {
            "nth": 90,
            "value": 19.10
          }
        ],
        "normalizedHigh": 15.4,
        "normalizedLow": 12.3,
        "fractionAboveNormal": 0.36,
        "fractionBelowNormal": 0.04
      }
    },
    {
      "code": [
        {
          "coding": [
            {
              "system": "http://loinc.org",
              "code": "6768-6",
              "display": "Alkaline phosphatase [Enzymatic activity/volume] in Serum or Plasma"
            }
          ]
        }
      ],
      "count": 6086,
      "frequencyPerYear": 2.1924,
      "fractionOfSubjects": 0.7284,
      "scalarDistribution": {
        "units": {
          "unit": "U/L",
          "system": "http://unitsofmeasure.org",
          "code": "U/L"
        },
        "min": 16,
        "max": 3988,
        "mean": 126.82,
        "median": 85,
        "stdDev": 214.42,
        "decile": [
          {
            "nth": 10,
            "value": 54
          },
          {
            "nth": 20,
            "value": 63
          },
          {
            "nth": 30,
            "value": 71
          },
          {
            "nth": 40,
            "value": 77
          },
          {
            "nth": 50,
            "value": 85
          },
          {
            "nth": 60,
            "value": 95
          },
          {
            "nth": 70,
            "value": 109
          },
          {
            "nth": 80,
            "value": 128
          },
          {
            "nth": 90,
            "value": 173
          }
        ],
        "normalizedHigh": 120,
        "normalizedLow": 30,
        "fractionAboveNormal": 0.23,
        "fractionBelowNormal": 0.00
      }
    },
    {
      "code": [
        {
          "coding": [
            {
              "system": "http://loinc.org",
              "code": "1742-6",
              "display": "Alanine aminotransferase [Enzymatic activity/volume] in Serum or Plasma"
            }
          ]
        }
      ],
      "count": 6028,
      "frequencyPerYear": 2.1715,
      "fractionOfSubjects": 0.7291,
      "scalarDistribution": {
        "units": {
          "unit": "U/L",
          "system": "http://unitsofmeasure.org",
          "code": "U/L"
        },
        "min": 3,
        "max": 2518,
        "mean": 47.94,
        "median": 24,
        "stdDev": 112.21,
        "decile": [
          {
            "nth": 10,
            "value": 11
          },
          {
            "nth": 20,
            "value": 14
          },
          {
            "nth": 30,
            "value": 17
          },
          {
            "nth": 40,
            "value": 20
          },
          {
            "nth": 50,
            "value": 24
          },
          {
            "nth": 60,
            "value": 29
          },
          {
            "nth": 70,
            "value": 35
          },
          {
            "nth": 80,
            "value": 48
          },
          {
            "nth": 90,
            "value": 79
          }
        ],
        "normalizedHigh": 25,
        "normalizedLow": 0,
        "fractionAboveNormal": 0.46,
        "fractionBelowNormal": 0
      }
    },
    {
      "code": [
        {
          "coding": [
            {
              "system": "http://loinc.org",
              "code": "2885-2",
              "display": "Protein [Mass/volume] in Serum or Plasma"
            }
          ]
        }
      ],
      "count": 6119,
      "frequencyPerYear": 2.2043,
      "fractionOfSubjects": 0.7291,
      "scalarDistribution": {
        "units": {
          "unit": "g/dL",
          "system": "http://unitsofmeasure.org",
          "code": "g/dL"
        },
        "min": 2.50,
        "max": 10.40,
        "mean": 6.80,
        "median": 6.90,
        "stdDev": 1.00,
        "decile": [
          {
            "nth": 10,
            "value": 5.40
          },
          {
            "nth": 20,
            "value": 6
          },
          {
            "nth": 30,
            "value": 6.40
          },
          {
            "nth": 40,
            "value": 6.70
          },
          {
            "nth": 50,
            "value": 6.90
          },
          {
            "nth": 60,
            "value": 7.20
          },
          {
            "nth": 70,
            "value": 7.40
          },
          {
            "nth": 80,
            "value": 7.60
          },
          {
            "nth": 90,
            "value": 7.90
          }
        ],
        "normalizedHigh": 8.5,
        "normalizedLow": 6,
        "fractionAboveNormal": 0.02,
        "fractionBelowNormal": 0.18
      }
    },
    {
      "code": [
        {
          "coding": [
            {
              "system": "http://loinc.org",
              "code": "1920-8",
              "display": "Aspartate aminotransferase [Enzymatic activity/volume] in Serum or Plasma"
            }
          ]
        }
      ],
      "count": 5707,
      "frequencyPerYear": 2.0558,
      "fractionOfSubjects": 0.7226,
      "scalarDistribution": {
        "units": {
          "unit": "IU/L",
          "system": "http://unitsofmeasure.org",
          "code": "IU/L"
        },
        "min": 5,
        "max": 8169,
        "mean": 53.50,
        "median": 21,
        "stdDev": 257.34,
        "decile": [
          {
            "nth": 10,
            "value": 12
          },
          {
            "nth": 20,
            "value": 15
          },
          {
            "nth": 30,
            "value": 17
          },
          {
            "nth": 40,
            "value": 19
          },
          {
            "nth": 50,
            "value": 21
          },
          {
            "nth": 60,
            "value": 25
          },
          {
            "nth": 70,
            "value": 29
          },
          {
            "nth": 80,
            "value": 39
          },
          {
            "nth": 90,
            "value": 70
          }
        ],
        "normalizedHigh": 40,
        "normalizedLow": 0,
        "fractionAboveNormal": 0.19,
        "fractionBelowNormal": 0
      }
    },
    {
      "code": [
        {
          "coding": [
            {
              "system": "http://loinc.org",
              "code": "1975-2",
              "display": "Bilirubin.total [Mass/volume] in Serum or Plasma"
            }
          ]
        }
      ],
      "count": 5436,
      "frequencyPerYear": 1.9582,
      "fractionOfSubjects": 0.7111,
      "scalarDistribution": {
        "units": {
          "unit": "mg/dL",
          "system": "http://unitsofmeasure.org",
          "code": "mg/dL"
        },
        "min": 0.10,
        "max": 46.20,
        "mean": 1.08,
        "median": 0.40,
        "stdDev": 3.62,
        "decile": [
          {
            "nth": 10,
            "value": 0.20
          },
          {
            "nth": 20,
            "value": 0.30
          },
          {
            "nth": 30,
            "value": 0.30
          },
          {
            "nth": 40,
            "value": 0.40
          },
          {
            "nth": 50,
            "value": 0.40
          },
          {
            "nth": 60,
            "value": 0.50
          },
          {
            "nth": 70,
            "value": 0.60
          },
          {
            "nth": 80,
            "value": 0.80
          },
          {
            "nth": 90,
            "value": 1.20
          }
        ],
        "normalizedHigh": 1.2,
        "normalizedLow": 0.2,
        "fractionAboveNormal": 0.10,
        "fractionBelowNormal": 0.00
      }
    },
    {
      "code": [
        {
          "coding": [
            {
              "system": "http://loinc.org",
              "code": "713-8",
              "display": "Eosinophils/100 leukocytes in Blood by Automated count"
            }
          ]
        }
      ],
      "count": 5067,
      "frequencyPerYear": 1.8253,
      "fractionOfSubjects": 0.5627,
      "scalarDistribution": {
        "units": {
          "unit": "%",
          "system": "http://unitsofmeasure.org",
          "code": "%"
        },
        "min": 0,
        "max": 51.70,
        "mean": 2.53,
        "median": 1.80,
        "stdDev": 3.45,
        "decile": [
          {
            "nth": 10,
            "value": 0.10
          },
          {
            "nth": 20,
            "value": 0.50
          },
          {
            "nth": 30,
            "value": 0.90
          },
          {
            "nth": 40,
            "value": 1.30
          },
          {
            "nth": 50,
            "value": 1.80
          },
          {
            "nth": 60,
            "value": 2.20
          },
          {
            "nth": 70,
            "value": 2.80
          },
          {
            "nth": 80,
            "value": 3.70
          },
          {
            "nth": 90,
            "value": 5.30
          }
        ],
        "normalizedHigh": 7,
        "normalizedLow": 0,
        "fractionAboveNormal": 0.05,
        "fractionBelowNormal": 0
      }
    },
    {
      "code": [
        {
          "coding": [
            {
              "system": "http://loinc.org",
              "code": "706-2",
              "display": "Basophils/100 leukocytes in Blood by Automated count"
            }
          ]
        }
      ],
      "count": 4664,
      "frequencyPerYear": 1.6801,
      "fractionOfSubjects": 0.5202,
      "scalarDistribution": {
        "units": {
          "unit": "%",
          "system": "http://unitsofmeasure.org",
          "code": "%"
        },
        "min": 0,
        "max": 6.10,
        "mean": 0.50,
        "median": 0.40,
        "stdDev": 0.36,
        "decile": [
          {
            "nth": 10,
            "value": 0.20
          },
          {
            "nth": 20,
            "value": 0.20
          },
          {
            "nth": 30,
            "value": 0.30
          },
          {
            "nth": 40,
            "value": 0.40
          },
          {
            "nth": 50,
            "value": 0.40
          },
          {
            "nth": 60,
            "value": 0.50
          },
          {
            "nth": 70,
            "value": 0.60
          },
          {
            "nth": 80,
            "value": 0.70
          },
          {
            "nth": 90,
            "value": 0.90
          }
        ],
        "normalizedHigh": 1.0,
        "normalizedLow": 0.0,
        "fractionAboveNormal": 0.06,
        "fractionBelowNormal": 0
      }
    },
    {
      "code": [
        {
          "coding": [
            {
              "system": "http://loinc.org",
              "code": "5905-5",
              "display": "Monocytes/100 leukocytes in Blood by Automated count"
            }
          ]
        }
      ],
      "count": 4640,
      "frequencyPerYear": 1.6715,
      "fractionOfSubjects": 0.4971,
      "scalarDistribution": {
        "units": {
          "unit": "%",
          "system": "http://unitsofmeasure.org",
          "code": "%"
        },
        "min": 0.40,
        "max": 29.20,
        "mean": 8.17,
        "median": 7.80,
        "stdDev": 3.38,
        "decile": [
          {
            "nth": 10,
            "value": 4.40
          },
          {
            "nth": 20,
            "value": 5.60
          },
          {
            "nth": 30,
            "value": 6.30
          },
          {
            "nth": 40,
            "value": 7
          },
          {
            "nth": 50,
            "value": 7.80
          },
          {
            "nth": 60,
            "value": 8.50
          },
          {
            "nth": 70,
            "value": 9.30
          },
          {
            "nth": 80,
            "value": 10.40
          },
          {
            "nth": 90,
            "value": 12.20
          }
        ],
        "normalizedHigh": 12,
        "normalizedLow": 0,
        "fractionAboveNormal": 0.11,
        "fractionBelowNormal": 0
      }
    },
    {
      "code": [
        {
          "coding": [
            {
              "system": "http://loinc.org",
              "code": "19123-9",
              "display": "Magnesium [Mass/volume] in Serum or Plasma"
            }
          ]
        }
      ],
      "count": 4177,
      "frequencyPerYear": 1.5047,
      "fractionOfSubjects": 0.2486,
      "scalarDistribution": {
        "units": {
          "unit": "mg/dL",
          "system": "http://unitsofmeasure.org",
          "code": "mg/dL"
        },
        "min": 0.90,
        "max": 16.20,
        "mean": 2.04,
        "median": 2,
        "stdDev": 0.43,
        "decile": [
          {
            "nth": 10,
            "value": 1.60
          },
          {
            "nth": 20,
            "value": 1.70
          },
          {
            "nth": 30,
            "value": 1.80
          },
          {
            "nth": 40,
            "value": 1.90
          },
          {
            "nth": 50,
            "value": 2
          },
          {
            "nth": 60,
            "value": 2.10
          },
          {
            "nth": 70,
            "value": 2.20
          },
          {
            "nth": 80,
            "value": 2.30
          },
          {
            "nth": 90,
            "value": 2.50
          }
        ],
        "normalizedHigh": 2.3,
        "normalizedLow": 1.6,
        "fractionAboveNormal": 0.17,
        "fractionBelowNormal": 0.07
      }
    },
    {
      "code": [
        {
          "coding": [
            {
              "system": "http://loinc.org",
              "code": "2601-3",
              "display": "Magnesium [Moles/volume] in Serum or Plasma"
            }
          ]
        }
      ],
      "count": 12,
      "frequencyPerYear": 0.0043,
      "fractionOfSubjects": 0.0036,
      "scalarDistribution": {
        "units": {
          "unit": "mg/dL",
          "system": "http://unitsofmeasure.org",
          "code": "mg/dL"
        },
        "min": 1.10,
        "max": 2.60,
        "mean": 1.86,
        "median": 1.90,
        "stdDev": 0.47,
        "decile": [
          {
            "nth": 10,
            "value": 1.10
          },
          {
            "nth": 20,
            "value": 1.20
          },
          {
            "nth": 30,
            "value": 1.50
          },
          {
            "nth": 40,
            "value": 1.70
          },
          {
            "nth": 50,
            "value": 1.90
          },
          {
            "nth": 60,
            "value": 1.90
          },
          {
            "nth": 70,
            "value": 2.10
          },
          {
            "nth": 80,
            "value": 2.20
          },
          {
            "nth": 90,
            "value": 2.40
          }
        ],
        "normalizedHigh": 2.2,
        "normalizedLow": 1.2,
        "fractionAboveNormal": 0.33,
        "fractionBelowNormal": 0.08
      }
    },
    {
      "code": [
        {
          "coding": [
            {
              "system": "http://loinc.org",
              "code": "2777-1",
              "display": "Phosphate [Mass/volume] in Serum or Plasma"
            }
          ]
        }
      ],
      "count": 3071,
      "frequencyPerYear": 1.1063,
      "fractionOfSubjects": 0.2111,
      "scalarDistribution": {
        "units": {
          "unit": "mg/dL",
          "system": "http://unitsofmeasure.org",
          "code": "mg/dL"
        },
        "min": 0.40,
        "max": 19,
        "mean": 3.70,
        "median": 3.50,
        "stdDev": 1.54,
        "decile": [
          {
            "nth": 10,
            "value": 2.10
          },
          {
            "nth": 20,
            "value": 2.50
          },
          {
            "nth": 30,
            "value": 2.90
          },
          {
            "nth": 40,
            "value": 3.20
          },
          {
            "nth": 50,
            "value": 3.50
          },
          {
            "nth": 60,
            "value": 3.80
          },
          {
            "nth": 70,
            "value": 4.10
          },
          {
            "nth": 80,
            "value": 4.60
          },
          {
            "nth": 90,
            "value": 5.50
          }
        ],
        "normalizedHigh": 4.5,
        "normalizedLow": 2.5,
        "fractionAboveNormal": 0.20,
        "fractionBelowNormal": 0.18
      }
    },
    {
      "code": [
        {
          "coding": [
            {
              "system": "http://loinc.org",
              "code": "5964-2",
              "display": "Prothrombin time (PT) in Blood by Coagulation assay"
            }
          ]
        }
      ],
      "count": 1798,
      "frequencyPerYear": 0.6477,
      "fractionOfSubjects": 0.2406,
      "scalarDistribution": {
        "units": {
          "unit": "Seconds",
          "system": "http://unitsofmeasure.org",
          "code": "Seconds"
        },
        "min": 9.30,
        "max": 100.10,
        "mean": 14.08,
        "median": 11.60,
        "stdDev": 6.88,
        "decile": [
          {
            "nth": 10,
            "value": 10.30
          },
          {
            "nth": 20,
            "value": 10.60
          },
          {
            "nth": 30,
            "value": 10.80
          },
          {
            "nth": 40,
            "value": 11.20
          },
          {
            "nth": 50,
            "value": 11.60
          },
          {
            "nth": 60,
            "value": 12.20
          },
          {
            "nth": 70,
            "value": 13.40
          },
          {
            "nth": 80,
            "value": 15.30
          },
          {
            "nth": 90,
            "value": 21.50
          }
        ]
      }
    },
    {
      "code": [
        {
          "coding": [
            {
              "system": "http://loinc.org",
              "code": "5902-2",
              "display": "Prothrombin time (PT)"
            }
          ]
        }
      ],
      "count": 108,
      "frequencyPerYear": 0.0389,
      "fractionOfSubjects": 0.0187,
      "scalarDistribution": {
        "units": {
          "unit": "sec",
          "system": "http://unitsofmeasure.org",
          "code": "sec"
        },
        "min": 9.80,
        "max": 50,
        "mean": 18.58,
        "median": 16.20,
        "stdDev": 8.27,
        "decile": [
          {
            "nth": 10,
            "value": 10.50
          },
          {
            "nth": 20,
            "value": 11.40
          },
          {
            "nth": 30,
            "value": 11.90
          },
          {
            "nth": 40,
            "value": 14.70
          },
          {
            "nth": 50,
            "value": 16.20
          },
          {
            "nth": 60,
            "value": 18.30
          },
          {
            "nth": 70,
            "value": 22.20
          },
          {
            "nth": 80,
            "value": 25.40
          },
          {
            "nth": 90,
            "value": 29.10
          }
        ],
        "normalizedHigh": 12.0,
        "normalizedLow": 9.1,
        "fractionAboveNormal": 0.68,
        "fractionBelowNormal": 0
      }
    },
    {
      "code": [
        {
          "coding": [
            {
              "system": "http://loinc.org",
              "code": "4548-4",
              "display": "Hemoglobin A1c/Hemoglobin.total in Blood"
            }
          ]
        }
      ],
      "count": 1298,
      "frequencyPerYear": 0.4676,
      "fractionOfSubjects": 0.5187,
      "scalarDistribution": {
        "units": {
          "unit": "%",
          "system": "http://unitsofmeasure.org",
          "code": "%"
        },
        "min": 4,
        "max": 19.80,
        "mean": 8.38,
        "median": 7.50,
        "stdDev": 2.73,
        "decile": [
          {
            "nth": 10,
            "value": 5.80
          },
          {
            "nth": 20,
            "value": 6.20
          },
          {
            "nth": 30,
            "value": 6.50
          },
          {
            "nth": 40,
            "value": 6.90
          },
          {
            "nth": 50,
            "value": 7.50
          },
          {
            "nth": 60,
            "value": 8.20
          },
          {
            "nth": 70,
            "value": 9.20
          },
          {
            "nth": 80,
            "value": 10.60
          },
          {
            "nth": 90,
            "value": 12.50
          }
        ],
        "normalizedHigh": 5.6,
        "normalizedLow": 4.8,
        "fractionAboveNormal": 0.92,
        "fractionBelowNormal": 0.02
      }
    },
    {
      "code": [
        {
          "coding": [
            {
              "system": "http://loinc.org",
              "code": "4549-2",
              "display": "Hemoglobin A1c/Hemoglobin.total in Blood by Electrophoresis"
            }
          ]
        }
      ],
      "count": 24,
      "frequencyPerYear": 0.0086,
      "fractionOfSubjects": 0.0130,
      "scalarDistribution": {
        "units": {
          "unit": "%",
          "system": "http://unitsofmeasure.org",
          "code": "%"
        },
        "min": 4.30,
        "max": 20.40,
        "mean": 10.17,
        "median": 9.90,
        "stdDev": 3.56,
        "decile": [
          {
            "nth": 10,
            "value": 5.40
          },
          {
            "nth": 20,
            "value": 7.60
          },
          {
            "nth": 30,
            "value": 7.80
          },
          {
            "nth": 40,
            "value": 9.50
          },
          {
            "nth": 50,
            "value": 9.90
          },
          {
            "nth": 60,
            "value": 10.20
          },
          {
            "nth": 70,
            "value": 10.80
          },
          {
            "nth": 80,
            "value": 12.30
          },
          {
            "nth": 90,
            "value": 14.80
          }
        ]
      }
    },
    {
      "code": [
        {
          "coding": [
            {
              "system": "http://loinc.org",
              "code": "2571-8",
              "display": "Triglyceride [Mass/volume] in Serum or Plasma"
            }
          ]
        }
      ],
      "count": 1209,
      "frequencyPerYear": 0.4355,
      "fractionOfSubjects": 0.5353,
      "scalarDistribution": {
        "units": {
          "unit": "mg/dL",
          "system": "http://unitsofmeasure.org",
          "code": "mg/dL"
        },
        "min": 20,
        "max": 5490,
        "mean": 172.21,
        "median": 121,
        "stdDev": 256.28,
        "decile": [
          {
            "nth": 10,
            "value": 61
          },
          {
            "nth": 20,
            "value": 75
          },
          {
            "nth": 30,
            "value": 91
          },
          {
            "nth": 40,
            "value": 107
          },
          {
            "nth": 50,
            "value": 121
          },
          {
            "nth": 60,
            "value": 139
          },
          {
            "nth": 70,
            "value": 165
          },
          {
            "nth": 80,
            "value": 196
          },
          {
            "nth": 90,
            "value": 279
          }
        ],
        "normalizedHigh": 149,
        "normalizedLow": 0,
        "fractionAboveNormal": 0.35,
        "fractionBelowNormal": 0
      }
    },
    {
      "code": [
        {
          "coding": [
            {
              "system": "http://loinc.org",
              "code": "2085-9",
              "display": "Cholesterol in HDL [Mass/volume] in Serum or Plasma"
            }
          ]
        }
      ],
      "count": 1209,
      "frequencyPerYear": 0.4355,
      "fractionOfSubjects": 0.5490,
      "scalarDistribution": {
        "units": {
          "unit": "mg/dL",
          "system": "http://unitsofmeasure.org",
          "code": "mg/dL"
        },
        "min": 6,
        "max": 113,
        "mean": 44.82,
        "median": 43,
        "stdDev": 14.36,
        "decile": [
          {
            "nth": 10,
            "value": 29
          },
          {
            "nth": 20,
            "value": 34
          },
          {
            "nth": 30,
            "value": 37
          },
          {
            "nth": 40,
            "value": 40
          },
          {
            "nth": 50,
            "value": 43
          },
          {
            "nth": 60,
            "value": 46
          },
          {
            "nth": 70,
            "value": 50
          },
          {
            "nth": 80,
            "value": 55
          },
          {
            "nth": 90,
            "value": 63
          }
        ],
        "normalizedHigh": 76,
        "normalizedLow": 36,
        "fractionAboveNormal": 0.03,
        "fractionBelowNormal": 0.26
      }
    },
    {
      "code": [
        {
          "coding": [
            {
              "system": "http://loinc.org",
              "code": "2093-3",
              "display": "Cholesterol [Mass/volume] in Serum or Plasma"
            }
          ]
        }
      ],
      "count": 1200,
      "frequencyPerYear": 0.4323,
      "fractionOfSubjects": 0.5432,
      "scalarDistribution": {
        "units": {
          "unit": "mg/dL",
          "system": "http://unitsofmeasure.org",
          "code": "mg/dL"
        },
        "min": 36,
        "max": 681,
        "mean": 178.68,
        "median": 173,
        "stdDev": 54.45,
        "decile": [
          {
            "nth": 10,
            "value": 119
          },
          {
            "nth": 20,
            "value": 139
          },
          {
            "nth": 30,
            "value": 150
          },
          {
            "nth": 40,
            "value": 161
          },
          {
            "nth": 50,
            "value": 173
          },
          {
            "nth": 60,
            "value": 186
          },
          {
            "nth": 70,
            "value": 198
          },
          {
            "nth": 80,
            "value": 215
          },
          {
            "nth": 90,
            "value": 239
          }
        ],
        "normalizedHigh": 199,
        "normalizedLow": 100,
        "fractionAboveNormal": 0.29,
        "fractionBelowNormal": 0.03
      }
    },
    {
      "code": [
        {
          "coding": [
            {
              "system": "http://loinc.org",
              "code": "737-7",
              "display": "Lymphocytes/100 leukocytes in Blood by Manual count"
            }
          ]
        }
      ],
      "count": 639,
      "frequencyPerYear": 0.2302,
      "fractionOfSubjects": 0.0663,
      "scalarDistribution": {
        "units": {
          "unit": "%",
          "system": "http://unitsofmeasure.org",
          "code": "%"
        },
        "min": 0,
        "max": 100,
        "mean": 18.46,
        "median": 12,
        "stdDev": 21.46,
        "decile": [
          {
            "nth": 10,
            "value": 1
          },
          {
            "nth": 20,
            "value": 4
          },
          {
            "nth": 30,
            "value": 5
          },
          {
            "nth": 40,
            "value": 8
          },
          {
            "nth": 50,
            "value": 12
          },
          {
            "nth": 60,
            "value": 16
          },
          {
            "nth": 70,
            "value": 21
          },
          {
            "nth": 80,
            "value": 27
          },
          {
            "nth": 90,
            "value": 45
          }
        ],
        "normalizedHigh": 44,
        "normalizedLow": 24,
        "fractionAboveNormal": 0.10,
        "fractionBelowNormal": 0.76
      }
    },
    {
      "code": [
        {
          "coding": [
            {
              "system": "http://loinc.org",
              "code": "736-9",
              "display": "Lymphocytes/100 leukocytes in Blood by Automated count"
            }
          ]
        }
      ],
      "count": 18,
      "frequencyPerYear": 0.0065,
      "fractionOfSubjects": 0.0072,
      "scalarDistribution": {
        "units": {
          "unit": "%",
          "system": "http://unitsofmeasure.org",
          "code": "%"
        },
        "min": 8,
        "max": 49,
        "mean": 34.42,
        "median": 37.10,
        "stdDev": 11.39,
        "decile": [
          {
            "nth": 10,
            "value": 10
          },
          {
            "nth": 20,
            "value": 29.90
          },
          {
            "nth": 30,
            "value": 31.80
          },
          {
            "nth": 40,
            "value": 33.20
          },
          {
            "nth": 50,
            "value": 37.10
          },
          {
            "nth": 60,
            "value": 37.70
          },
          {
            "nth": 70,
            "value": 40.40
          },
          {
            "nth": 80,
            "value": 40.50
          },
          {
            "nth": 90,
            "value": 44.70
          }
        ]
      }
    },
    {
      "code": [
        {
          "coding": [
            {
              "system": "http://loinc.org",
              "code": "744-3",
              "display": "Monocytes/100 leukocytes in Blood by Manual count"
            }
          ]
        }
      ],
      "count": 634,
      "frequencyPerYear": 0.2284,
      "fractionOfSubjects": 0.0663,
      "scalarDistribution": {
        "units": {
          "unit": "%",
          "system": "http://unitsofmeasure.org",
          "code": "%"
        },
        "min": 0,
        "max": 38,
        "mean": 7.45,
        "median": 6,
        "stdDev": 5.78,
        "decile": [
          {
            "nth": 10,
            "value": 1
          },
          {
            "nth": 20,
            "value": 3
          },
          {
            "nth": 30,
            "value": 4
          },
          {
            "nth": 40,
            "value": 5
          },
          {
            "nth": 50,
            "value": 6
          },
          {
            "nth": 60,
            "value": 8
          },
          {
            "nth": 70,
            "value": 9
          },
          {
            "nth": 80,
            "value": 11
          },
          {
            "nth": 90,
            "value": 15
          }
        ],
        "normalizedHigh": 12,
        "normalizedLow": 1,
        "fractionAboveNormal": 0.16,
        "fractionBelowNormal": 0.08
      }
    },
    {
      "code": [
        {
          "coding": [
            {
              "system": "http://loinc.org",
              "code": "5905-5",
              "display": "Monocytes/100 leukocytes in Blood by Automated count"
            }
          ]
        }
      ],
      "count": 18,
      "frequencyPerYear": 0.0065,
      "fractionOfSubjects": 0.0072,
      "scalarDistribution": {
        "units": {
          "unit": "%",
          "system": "http://unitsofmeasure.org",
          "code": "%"
        },
        "min": 3.70,
        "max": 14,
        "mean": 8.30,
        "median": 7.30,
        "stdDev": 2.89,
        "decile": [
          {
            "nth": 10,
            "value": 4.60
          },
          {
            "nth": 20,
            "value": 5.80
          },
          {
            "nth": 30,
            "value": 5.90
          },
          {
            "nth": 40,
            "value": 6.90
          },
          {
            "nth": 50,
            "value": 7.30
          },
          {
            "nth": 60,
            "value": 9
          },
          {
            "nth": 70,
            "value": 9.70
          },
          {
            "nth": 80,
            "value": 10
          },
          {
            "nth": 90,
            "value": 12.10
          }
        ],
        "normalizedHigh": 12,
        "normalizedLow": 0,
        "fractionAboveNormal": 0.17,
        "fractionBelowNormal": 0
      }
    },
    {
      "code": [
        {
          "coding": [
            {
              "system": "http://loinc.org",
              "code": "2339-0",
              "display": "Glucose [Mass/volume] in Blood"
            }
          ]
        }
      ],
      "count": 628,
      "frequencyPerYear": 0.2262,
      "fractionOfSubjects": 0.0872,
      "scalarDistribution": {
        "units": {
          "unit": "mg/dL",
          "system": "http://unitsofmeasure.org",
          "code": "mg/dL"
        },
        "min": 21,
        "max": 1055,
        "mean": 234.16,
        "median": 157,
        "stdDev": 199.49,
        "decile": [
          {
            "nth": 10,
            "value": 93
          },
          {
            "nth": 20,
            "value": 116
          },
          {
            "nth": 30,
            "value": 128
          },
          {
            "nth": 40,
            "value": 141
          },
          {
            "nth": 50,
            "value": 157
          },
          {
            "nth": 60,
            "value": 178
          },
          {
            "nth": 70,
            "value": 209
          },
          {
            "nth": 80,
            "value": 284
          },
          {
            "nth": 90,
            "value": 560
          }
        ]
      }
    },
    {
      "code": [
        {
          "coding": [
            {
              "system": "http://loinc.org",
              "code": "714-6",
              "display": "Eosinophils/100 leukocytes in Blood by Manual count"
            }
          ]
        }
      ],
      "count": 606,
      "frequencyPerYear": 0.2183,
      "fractionOfSubjects": 0.0663,
      "scalarDistribution": {
        "units": {
          "unit": "%",
          "system": "http://unitsofmeasure.org",
          "code": "%"
        },
        "min": 0,
        "max": 43,
        "mean": 2.79,
        "median": 1,
        "stdDev": 5.73,
        "decile": [
          {
            "nth": 10,
            "value": 0
          },
          {
            "nth": 20,
            "value": 0
          },
          {
            "nth": 30,
            "value": 0
          },
          {
            "nth": 40,
            "value": 0
          },
          {
            "nth": 50,
            "value": 1
          },
          {
            "nth": 60,
            "value": 1
          },
          {
            "nth": 70,
            "value": 2
          },
          {
            "nth": 80,
            "value": 4
          },
          {
            "nth": 90,
            "value": 7
          }
        ],
        "normalizedHigh": 7,
        "normalizedLow": 0,
        "fractionAboveNormal": 0.09,
        "fractionBelowNormal": 0
      }
    },
    {
      "code": [
        {
          "coding": [
            {
              "system": "http://loinc.org",
              "code": "713-8",
              "display": "Eosinophils/100 leukocytes in Blood by Automated count"
            }
          ]
        }
      ],
      "count": 18,
      "frequencyPerYear": 0.0065,
      "fractionOfSubjects": 0.0072,
      "scalarDistribution": {
        "units": {
          "unit": "%",
          "system": "http://unitsofmeasure.org",
          "code": "%"
        },
        "min": 0.20,
        "max": 12.60,
        "mean": 1.71,
        "median": 1,
        "stdDev": 2.85,
        "decile": [
          {
            "nth": 10,
            "value": 0.20
          },
          {
            "nth": 20,
            "value": 0.20
          },
          {
            "nth": 30,
            "value": 0.20
          },
          {
            "nth": 40,
            "value": 0.30
          },
          {
            "nth": 50,
            "value": 1
          },
          {
            "nth": 60,
            "value": 1.20
          },
          {
            "nth": 70,
            "value": 1.70
          },
          {
            "nth": 80,
            "value": 1.80
          },
          {
            "nth": 90,
            "value": 2.40
          }
        ],
        "normalizedHigh": 7,
        "normalizedLow": 0,
        "fractionAboveNormal": 0.06,
        "fractionBelowNormal": 0
      }
    },
    {
      "code": [
        {
          "coding": [
            {
              "system": "http://loinc.org",
              "code": "706-2",
              "display": "Basophils/100 leukocytes in Blood by Automated count"
            }
          ]
        }
      ],
      "count": 357,
      "frequencyPerYear": 0.1286,
      "fractionOfSubjects": 0.0850,
      "scalarDistribution": {
        "units": {
          "unit": "%",
          "system": "http://unitsofmeasure.org",
          "code": "%"
        },
        "min": 0,
        "max": 3,
        "mean": 0.39,
        "median": 0,
        "stdDev": 0.52,
        "decile": [
          {
            "nth": 10,
            "value": 0
          },
          {
            "nth": 20,
            "value": 0
          },
          {
            "nth": 30,
            "value": 0
          },
          {
            "nth": 40,
            "value": 0
          },
          {
            "nth": 50,
            "value": 0
          },
          {
            "nth": 60,
            "value": 0
          },
          {
            "nth": 70,
            "value": 1
          },
          {
            "nth": 80,
            "value": 1
          },
          {
            "nth": 90,
            "value": 1
          }
        ],
        "normalizedHigh": 1.0,
        "normalizedLow": 0.0,
        "fractionAboveNormal": 0.01,
        "fractionBelowNormal": 0
      }
    },
    {
      "code": [
        {
          "coding": [
            {
              "system": "http://loinc.org",
              "code": "736-9",
              "display": "Lymphocytes/100 leukocytes in Blood by Automated count"
            }
          ]
        }
      ],
      "count": 128,
      "frequencyPerYear": 0.0461,
      "fractionOfSubjects": 0.0389,
      "scalarDistribution": {
        "units": {
          "unit": "%",
          "system": "http://unitsofmeasure.org",
          "code": "%"
        },
        "min": 9.80,
        "max": 60,
        "mean": 34.18,
        "median": 34.10,
        "stdDev": 9.28,
        "decile": [
          {
            "nth": 10,
            "value": 22.20
          },
          {
            "nth": 20,
            "value": 27.70
          },
          {
            "nth": 30,
            "value": 30.40
          },
          {
            "nth": 40,
            "value": 32.70
          },
          {
            "nth": 50,
            "value": 34.10
          },
          {
            "nth": 60,
            "value": 36
          },
          {
            "nth": 70,
            "value": 37.80
          },
          {
            "nth": 80,
            "value": 40.50
          },
          {
            "nth": 90,
            "value": 44.90
          }
        ]
      }
    },
    {
      "code": [
        {
          "coding": [
            {
              "system": "http://loinc.org",
              "code": "20448-7",
              "display": "Insulin [Units/volume] in Serum or Plasma"
            }
          ]
        }
      ],
      "count": 13,
      "frequencyPerYear": 0.0047,
      "fractionOfSubjects": 0.0094,
      "scalarDistribution": {
        "units": {
          "unit": "uIU/mL",
          "system": "http://unitsofmeasure.org",
          "code": "uIU/mL"
        },
        "min": 2,
        "max": 37.80,
        "mean": 8.51,
        "median": 5.60,
        "stdDev": 9.40,
        "decile": [
          {
            "nth": 10,
            "value": 2
          },
          {
            "nth": 20,
            "value": 3.20
          },
          {
            "nth": 30,
            "value": 3.30
          },
          {
            "nth": 40,
            "value": 4.10
          },
          {
            "nth": 50,
            "value": 6
          },
          {
            "nth": 60,
            "value": 6.10
          },
          {
            "nth": 70,
            "value": 8
          },
          {
            "nth": 80,
            "value": 9.70
          },
          {
            "nth": 90,
            "value": 12.50
          }
        ],
        "normalizedHigh": 24.9,
        "normalizedLow": 2.6,
        "fractionAboveNormal": 0.08,
        "fractionBelowNormal": 0.15
      }
    }
  ],
  "meta": {
    "tag": [
      {
        "system": "http://terminology.hl7.org/CodeSystem/v3-ActReason",
        "code": "HTEST",
        "display": "test health data"
      }
    ]
  }
}