{
  "resourceType": "ClinicalProfile",
  "id": "jhu-asthma-profile-86-labs",
  "text": {
    "status": "generated",
    "div": "\u003cdiv xmlns\u003d\"http://www.w3.org/1999/xhtml\"\u003e\n\t\t\t\u003cp\u003eSelected laboratory tests for Female, Black or African American patients aged 25-34 seen as either outpatients or inpatients at Johns Hopkins Hospital, JHCP, and Bayview between 3/1/2016 and 3/1/2018 having a diagnosis of asthma recorded on the problem list or as an encounter diagnosis.\n\t\t\t\u003c/p\u003e\n\t\t\u003c/div\u003e"
  },
  "identifier": [
    {
      "value": "urn:uuid:1AC3434B-F008-8A2E-B7A6173762F78D3F"
    }
  ],
  "status": "draft",
  "population": {
    "reference": "Group/asthma-population-jhu1"
  },
  "cohort": {
    "reference": "Group/asthma-sample-86-cohort-jhu1"
  },
  "date": "2018-09-12T16:30:00Z",
  "source": [
    {
      "value": "http://ictrweb.johnshopkins.edu/ictr/synthetic/includes/clinical_profiles.cfm"
    }
  ],
  "reporter": {
    "reference": "Organization/JHM",
    "type": "Organization",
    "display": "Johns Hopkins School of Medicine"
  },
  "lab": [
    {
      "code": [
        {
          "coding": [
            {
              "system": "http://loinc.org",
              "code": "4544-3",
              "display": "Hematocrit [Volume Fraction] of Blood by Automated count"
            }
          ]
        }
      ],
      "count": 7397,
      "frequencyPerYear": 1.7226,
      "fractionOfSubjects": 0.7145,
      "scalarDistribution": {
        "units": {
          "unit": "%",
          "system": "http://unitsofmeasure.org",
          "code": "%"
        },
        "min": 11,
        "max": 54.60,
        "mean": 33.58,
        "median": 34.80,
        "stdDev": 6.50,
        "decile": [
          {
            "nth": 10,
            "value": 24.10
          },
          {
            "nth": 20,
            "value": 27.90
          },
          {
            "nth": 30,
            "value": 31
          },
          {
            "nth": 40,
            "value": 33.20
          },
          {
            "nth": 50,
            "value": 34.80
          },
          {
            "nth": 60,
            "value": 36.20
          },
          {
            "nth": 70,
            "value": 37.60
          },
          {
            "nth": 80,
            "value": 39
          },
          {
            "nth": 90,
            "value": 40.80
          }
        ],
        "normalizedHigh": 46.6,
        "normalizedLow": 34.0,
        "fractionAboveNormal": 0.01,
        "fractionBelowNormal": 0.44
      }
    },
    {
      "code": [
        {
          "coding": [
            {
              "system": "http://loinc.org",
              "code": "33256-9",
              "display": "Leukocytes [#/volume] corrected for nucleated erythrocytes in Blood by Automated count"
            }
          ]
        }
      ],
      "count": 6787,
      "frequencyPerYear": 1.5806,
      "fractionOfSubjects": 0.6148,
      "scalarDistribution": {
        "units": {
          "unit": "K/cu mm",
          "system": "http://unitsofmeasure.org",
          "code": "K/cu mm"
        },
        "min": 0.64,
        "max": 53.66,
        "mean": 8.92,
        "median": 8.09,
        "stdDev": 4.29,
        "decile": [
          {
            "nth": 10,
            "value": 4.60
          },
          {
            "nth": 20,
            "value": 5.64
          },
          {
            "nth": 30,
            "value": 6.47
          },
          {
            "nth": 40,
            "value": 7.25
          },
          {
            "nth": 50,
            "value": 8.09
          },
          {
            "nth": 60,
            "value": 9.02
          },
          {
            "nth": 70,
            "value": 10.16
          },
          {
            "nth": 80,
            "value": 11.70
          },
          {
            "nth": 90,
            "value": 14.26
          }
        ]
      }
    },
    {
      "code": [
        {
          "coding": [
            {
              "system": "http://loinc.org",
              "code": "6690-2",
              "display": "Leukocytes [#/volume] in Blood by Automated count"
            }
          ]
        }
      ],
      "count": 603,
      "frequencyPerYear": 0.1404,
      "fractionOfSubjects": 0.1779,
      "scalarDistribution": {
        "units": {
          "unit": "x10E3/uL",
          "system": "http://unitsofmeasure.org",
          "code": "x10E3/uL"
        },
        "min": 2.60,
        "max": 21.58,
        "mean": 7.52,
        "median": 6.90,
        "stdDev": 3.03,
        "decile": [
          {
            "nth": 10,
            "value": 4.30
          },
          {
            "nth": 20,
            "value": 5.10
          },
          {
            "nth": 30,
            "value": 5.80
          },
          {
            "nth": 40,
            "value": 6.40
          },
          {
            "nth": 50,
            "value": 6.90
          },
          {
            "nth": 60,
            "value": 7.50
          },
          {
            "nth": 70,
            "value": 8.30
          },
          {
            "nth": 80,
            "value": 9.40
          },
          {
            "nth": 90,
            "value": 11.30
          }
        ],
        "normalizedHigh": 10.8,
        "normalizedLow": 3.4,
        "fractionAboveNormal": 0.13,
        "fractionBelowNormal": 0.01
      }
    },
    {
      "code": [
        {
          "coding": [
            {
              "system": "http://loinc.org",
              "code": "777-3",
              "display": "Platelets [#/volume] in Blood by Automated count"
            }
          ]
        }
      ],
      "count": 7347,
      "frequencyPerYear": 1.7110,
      "fractionOfSubjects": 0.7136,
      "scalarDistribution": {
        "units": {
          "unit": "x10E3/uL",
          "system": "http://unitsofmeasure.org",
          "code": "x10E3/uL"
        },
        "min": 5,
        "max": 1581,
        "mean": 276.08,
        "median": 265,
        "stdDev": 115.45,
        "decile": [
          {
            "nth": 10,
            "value": 156
          },
          {
            "nth": 20,
            "value": 197
          },
          {
            "nth": 30,
            "value": 222
          },
          {
            "nth": 40,
            "value": 244
          },
          {
            "nth": 50,
            "value": 265
          },
          {
            "nth": 60,
            "value": 288
          },
          {
            "nth": 70,
            "value": 312
          },
          {
            "nth": 80,
            "value": 343
          },
          {
            "nth": 90,
            "value": 395
          }
        ],
        "normalizedHigh": 396,
        "normalizedLow": 140,
        "fractionAboveNormal": 0.10,
        "fractionBelowNormal": 0.08
      }
    },
    {
      "code": [
        {
          "coding": [
            {
              "system": "http://loinc.org",
              "code": "789-8",
              "display": "Erythrocytes [#/volume] in Blood by Automated count"
            }
          ]
        }
      ],
      "count": 7383,
      "frequencyPerYear": 1.7194,
      "fractionOfSubjects": 0.7140,
      "scalarDistribution": {
        "units": {
          "unit": "x10E6/uL",
          "system": "http://unitsofmeasure.org",
          "code": "x10E6/uL"
        },
        "min": 1.32,
        "max": 6.65,
        "mean": 3.95,
        "median": 4.08,
        "stdDev": 0.81,
        "decile": [
          {
            "nth": 10,
            "value": 2.73
          },
          {
            "nth": 20,
            "value": 3.33
          },
          {
            "nth": 30,
            "value": 3.65
          },
          {
            "nth": 40,
            "value": 3.90
          },
          {
            "nth": 50,
            "value": 4.08
          },
          {
            "nth": 60,
            "value": 4.25
          },
          {
            "nth": 70,
            "value": 4.42
          },
          {
            "nth": 80,
            "value": 4.60
          },
          {
            "nth": 90,
            "value": 4.86
          }
        ],
        "normalizedHigh": 5.28,
        "normalizedLow": 3.77,
        "fractionAboveNormal": 0.03,
        "fractionBelowNormal": 0.34
      }
    },
    {
      "code": [
        {
          "coding": [
            {
              "system": "http://loinc.org",
              "code": "787-2",
              "display": "Erythrocyte mean corpuscular volume [Entitic volume] by Automated count"
            }
          ]
        }
      ],
      "count": 7380,
      "frequencyPerYear": 1.7187,
      "fractionOfSubjects": 0.7140,
      "scalarDistribution": {
        "units": {
          "unit": "fL",
          "system": "http://unitsofmeasure.org",
          "code": "fL"
        },
        "min": 58.50,
        "max": 113.70,
        "mean": 85.78,
        "median": 86.30,
        "stdDev": 7.73,
        "decile": [
          {
            "nth": 10,
            "value": 75.50
          },
          {
            "nth": 20,
            "value": 79.60
          },
          {
            "nth": 30,
            "value": 82.50
          },
          {
            "nth": 40,
            "value": 84.50
          },
          {
            "nth": 50,
            "value": 86.30
          },
          {
            "nth": 60,
            "value": 87.90
          },
          {
            "nth": 70,
            "value": 89.80
          },
          {
            "nth": 80,
            "value": 92
          },
          {
            "nth": 90,
            "value": 94.90
          }
        ],
        "normalizedHigh": 97,
        "normalizedLow": 79,
        "fractionAboveNormal": 0.06,
        "fractionBelowNormal": 0.18
      }
    },
    {
      "code": [
        {
          "coding": [
            {
              "system": "http://loinc.org",
              "code": "718-7",
              "display": "Hemoglobin [Mass/volume] in Blood"
            }
          ]
        }
      ],
      "count": 7363,
      "frequencyPerYear": 1.7147,
      "fractionOfSubjects": 0.7140,
      "scalarDistribution": {
        "units": {
          "unit": "g/dL",
          "system": "http://unitsofmeasure.org",
          "code": "g/dL"
        },
        "min": 4,
        "max": 18,
        "mean": 10.94,
        "median": 11.30,
        "stdDev": 2.12,
        "decile": [
          {
            "nth": 10,
            "value": 7.80
          },
          {
            "nth": 20,
            "value": 9
          },
          {
            "nth": 30,
            "value": 10
          },
          {
            "nth": 40,
            "value": 10.80
          },
          {
            "nth": 50,
            "value": 11.30
          },
          {
            "nth": 60,
            "value": 11.80
          },
          {
            "nth": 70,
            "value": 12.20
          },
          {
            "nth": 80,
            "value": 12.70
          },
          {
            "nth": 90,
            "value": 13.40
          }
        ],
        "normalizedHigh": 16.0,
        "normalizedLow": 12.0,
        "fractionAboveNormal": 0.00,
        "fractionBelowNormal": 0.64
      }
    },
    {
      "code": [
        {
          "coding": [
            {
              "system": "http://loinc.org",
              "code": "786-4",
              "display": "Erythrocyte mean corpuscular hemoglobin concentration [Mass/volume] by Automated count"
            }
          ]
        }
      ],
      "count": 7354,
      "frequencyPerYear": 1.7126,
      "fractionOfSubjects": 0.7140,
      "scalarDistribution": {
        "units": {
          "unit": "g/dL",
          "system": "http://unitsofmeasure.org",
          "code": "g/dL"
        },
        "min": 24.20,
        "max": 38,
        "mean": 32.60,
        "median": 32.60,
        "stdDev": 1.59,
        "decile": [
          {
            "nth": 10,
            "value": 30.60
          },
          {
            "nth": 20,
            "value": 31.40
          },
          {
            "nth": 30,
            "value": 31.90
          },
          {
            "nth": 40,
            "value": 32.30
          },
          {
            "nth": 50,
            "value": 32.60
          },
          {
            "nth": 60,
            "value": 33
          },
          {
            "nth": 70,
            "value": 33.30
          },
          {
            "nth": 80,
            "value": 33.80
          },
          {
            "nth": 90,
            "value": 34.50
          }
        ],
        "normalizedHigh": 35.7,
        "normalizedLow": 31.5,
        "fractionAboveNormal": 0.03,
        "fractionBelowNormal": 0.21
      }
    },
    {
      "code": [
        {
          "coding": [
            {
              "system": "http://loinc.org",
              "code": "785-6",
              "display": "Erythrocyte mean corpuscular hemoglobin [Entitic mass] by Automated count"
            }
          ]
        }
      ],
      "count": 7350,
      "frequencyPerYear": 1.7117,
      "fractionOfSubjects": 0.7140,
      "scalarDistribution": {
        "units": {
          "unit": "pg",
          "system": "http://unitsofmeasure.org",
          "code": "pg"
        },
        "min": 15.70,
        "max": 40.30,
        "mean": 27.99,
        "median": 28.30,
        "stdDev": 3.15,
        "decile": [
          {
            "nth": 10,
            "value": 23.80
          },
          {
            "nth": 20,
            "value": 25.60
          },
          {
            "nth": 30,
            "value": 26.70
          },
          {
            "nth": 40,
            "value": 27.60
          },
          {
            "nth": 50,
            "value": 28.30
          },
          {
            "nth": 60,
            "value": 29
          },
          {
            "nth": 70,
            "value": 29.70
          },
          {
            "nth": 80,
            "value": 30.50
          },
          {
            "nth": 90,
            "value": 31.50
          }
        ],
        "normalizedHigh": 33.0,
        "normalizedLow": 26.6,
        "fractionAboveNormal": 0.03,
        "fractionBelowNormal": 0.28
      }
    },
    {
      "code": [
        {
          "coding": [
            {
              "system": "http://loinc.org",
              "code": "788-0",
              "display": "Erythrocyte distribution width [Ratio] by Automated count"
            }
          ]
        }
      ],
      "count": 7299,
      "frequencyPerYear": 1.6998,
      "fractionOfSubjects": 0.7140,
      "scalarDistribution": {
        "units": {
          "unit": "%",
          "system": "http://unitsofmeasure.org",
          "code": "%"
        },
        "min": 10.80,
        "max": 34.40,
        "mean": 15.53,
        "median": 14.60,
        "stdDev": 3.07,
        "decile": [
          {
            "nth": 10,
            "value": 12.80
          },
          {
            "nth": 20,
            "value": 13.20
          },
          {
            "nth": 30,
            "value": 13.60
          },
          {
            "nth": 40,
            "value": 14.10
          },
          {
            "nth": 50,
            "value": 14.60
          },
          {
            "nth": 60,
            "value": 15.20
          },
          {
            "nth": 70,
            "value": 16
          },
          {
            "nth": 80,
            "value": 17.30
          },
          {
            "nth": 90,
            "value": 19.90
          }
        ],
        "normalizedHigh": 15.4,
        "normalizedLow": 12.3,
        "fractionAboveNormal": 0.37,
        "fractionBelowNormal": 0.03
      }
    },
    {
      "code": [
        {
          "coding": [
            {
              "system": "http://loinc.org",
              "code": "2345-7",
              "display": "Glucose [Mass/volume] in Serum or Plasma"
            }
          ]
        }
      ],
      "count": 6407,
      "frequencyPerYear": 1.4921,
      "fractionOfSubjects": 0.6614,
      "scalarDistribution": {
        "units": {
          "unit": "mg/dL",
          "system": "http://unitsofmeasure.org",
          "code": "mg/dL"
        },
        "min": 3,
        "max": 907,
        "mean": 112.02,
        "median": 93,
        "stdDev": 65.32,
        "decile": [
          {
            "nth": 10,
            "value": 76
          },
          {
            "nth": 20,
            "value": 81
          },
          {
            "nth": 30,
            "value": 85
          },
          {
            "nth": 40,
            "value": 89
          },
          {
            "nth": 50,
            "value": 93
          },
          {
            "nth": 60,
            "value": 99
          },
          {
            "nth": 70,
            "value": 106
          },
          {
            "nth": 80,
            "value": 118
          },
          {
            "nth": 90,
            "value": 157
          }
        ],
        "normalizedHigh": 106,
        "normalizedLow": 74,
        "fractionAboveNormal": 0.29,
        "fractionBelowNormal": 0.07
      }
    },
    {
      "code": [
        {
          "coding": [
            {
              "system": "http://loinc.org",
              "code": "2339-0",
              "display": "Glucose [Mass/volume] in Blood"
            }
          ]
        }
      ],
      "count": 207,
      "frequencyPerYear": 0.0482,
      "fractionOfSubjects": 0.0293,
      "scalarDistribution": {
        "units": {
          "unit": "mg/dL",
          "system": "http://unitsofmeasure.org",
          "code": "mg/dL"
        },
        "min": 56,
        "max": 527,
        "mean": 105.98,
        "median": 95,
        "stdDev": 47.45,
        "decile": [
          {
            "nth": 10,
            "value": 81
          },
          {
            "nth": 20,
            "value": 86
          },
          {
            "nth": 30,
            "value": 89
          },
          {
            "nth": 40,
            "value": 92
          },
          {
            "nth": 50,
            "value": 95
          },
          {
            "nth": 60,
            "value": 100
          },
          {
            "nth": 70,
            "value": 104
          },
          {
            "nth": 80,
            "value": 111
          },
          {
            "nth": 90,
            "value": 131
          }
        ]
      }
    },
    {
      "code": [
        {
          "coding": [
            {
              "system": "http://loinc.org",
              "code": "14749-6",
              "display": "Glucose [Moles/volume] in Serum or Plasma"
            }
          ]
        }
      ],
      "count": 51,
      "frequencyPerYear": 0.0119,
      "fractionOfSubjects": 0.0116,
      "scalarDistribution": {
        "units": {
          "unit": "mg/dL",
          "system": "http://unitsofmeasure.org",
          "code": "mg/dL"
        },
        "min": 75,
        "max": 257,
        "mean": 109.16,
        "median": 100,
        "stdDev": 33.68,
        "decile": [
          {
            "nth": 10,
            "value": 81
          },
          {
            "nth": 20,
            "value": 88
          },
          {
            "nth": 30,
            "value": 91
          },
          {
            "nth": 40,
            "value": 97
          },
          {
            "nth": 50,
            "value": 100
          },
          {
            "nth": 60,
            "value": 104
          },
          {
            "nth": 70,
            "value": 109
          },
          {
            "nth": 80,
            "value": 119
          },
          {
            "nth": 90,
            "value": 142
          }
        ],
        "normalizedHigh": 99,
        "normalizedLow": 60,
        "fractionAboveNormal": 0.55,
        "fractionBelowNormal": 0
      }
    },
    {
      "code": [
        {
          "coding": [
            {
              "system": "http://loinc.org",
              "code": "39789-3",
              "display": "Potassium [Moles/volume] in Venous blood"
            }
          ]
        }
      ],
      "count": 5889,
      "frequencyPerYear": 1.3714,
      "fractionOfSubjects": 0.5706,
      "scalarDistribution": {
        "units": {
          "unit": "mmol/L",
          "system": "http://unitsofmeasure.org",
          "code": "mmol/L"
        },
        "min": 2,
        "max": 8.50,
        "mean": 4.17,
        "median": 4.10,
        "stdDev": 0.54,
        "decile": [
          {
            "nth": 10,
            "value": 3.60
          },
          {
            "nth": 20,
            "value": 3.80
          },
          {
            "nth": 30,
            "value": 3.90
          },
          {
            "nth": 40,
            "value": 4
          },
          {
            "nth": 50,
            "value": 4.10
          },
          {
            "nth": 60,
            "value": 4.20
          },
          {
            "nth": 70,
            "value": 4.40
          },
          {
            "nth": 80,
            "value": 4.50
          },
          {
            "nth": 90,
            "value": 4.80
          }
        ]
      }
    },
    {
      "code": [
        {
          "coding": [
            {
              "system": "http://loinc.org",
              "code": "2823-3",
              "display": "Potassium [Moles/volume] in Serum or Plasma"
            }
          ]
        }
      ],
      "count": 482,
      "frequencyPerYear": 0.1122,
      "fractionOfSubjects": 0.1481,
      "scalarDistribution": {
        "units": {
          "unit": "mmol/L",
          "system": "http://unitsofmeasure.org",
          "code": "mmol/L"
        },
        "min": 3.10,
        "max": 7.10,
        "mean": 4.21,
        "median": 4.20,
        "stdDev": 0.39,
        "decile": [
          {
            "nth": 10,
            "value": 3.80
          },
          {
            "nth": 20,
            "value": 3.90
          },
          {
            "nth": 30,
            "value": 4
          },
          {
            "nth": 40,
            "value": 4.10
          },
          {
            "nth": 50,
            "value": 4.20
          },
          {
            "nth": 60,
            "value": 4.30
          },
          {
            "nth": 70,
            "value": 4.40
          },
          {
            "nth": 80,
            "value": 4.50
          },
          {
            "nth": 90,
            "value": 4.70
          }
        ],
        "normalizedHigh": 5.2,
        "normalizedLow": 3.5,
        "fractionAboveNormal": 0.01,
        "fractionBelowNormal": 0.03
      }
    },
    {
      "code": [
        {
          "coding": [
            {
              "system": "http://loinc.org",
              "code": "17861-6",
              "display": "Calcium [Mass/volume] in Serum or Plasma"
            }
          ]
        }
      ],
      "count": 6553,
      "frequencyPerYear": 1.5261,
      "fractionOfSubjects": 0.6698,
      "scalarDistribution": {
        "units": {
          "unit": "mg/dL",
          "system": "http://unitsofmeasure.org",
          "code": "mg/dL"
        },
        "min": 5,
        "max": 11.20,
        "mean": 8.85,
        "median": 8.90,
        "stdDev": 0.65,
        "decile": [
          {
            "nth": 10,
            "value": 8
          },
          {
            "nth": 20,
            "value": 8.40
          },
          {
            "nth": 30,
            "value": 8.60
          },
          {
            "nth": 40,
            "value": 8.80
          },
          {
            "nth": 50,
            "value": 8.90
          },
          {
            "nth": 60,
            "value": 9.10
          },
          {
            "nth": 70,
            "value": 9.20
          },
          {
            "nth": 80,
            "value": 9.40
          },
          {
            "nth": 90,
            "value": 9.60
          }
        ],
        "normalizedHigh": 10.5,
        "normalizedLow": 9,
        "fractionAboveNormal": 0.00,
        "fractionBelowNormal": 0.51
      }
    },
    {
      "code": [
        {
          "coding": [
            {
              "system": "http://loinc.org",
              "code": "2000-8",
              "display": "Calcium [Moles/volume] in Serum or Plasma"
            }
          ]
        }
      ],
      "count": 51,
      "frequencyPerYear": 0.0119,
      "fractionOfSubjects": 0.0116,
      "scalarDistribution": {
        "units": {
          "unit": "mg/dL",
          "system": "http://unitsofmeasure.org",
          "code": "mg/dL"
        },
        "min": 7.50,
        "max": 10,
        "mean": 9.04,
        "median": 9.10,
        "stdDev": 0.49,
        "decile": [
          {
            "nth": 10,
            "value": 8.30
          },
          {
            "nth": 20,
            "value": 8.70
          },
          {
            "nth": 30,
            "value": 8.90
          },
          {
            "nth": 40,
            "value": 9
          },
          {
            "nth": 50,
            "value": 9.10
          },
          {
            "nth": 60,
            "value": 9.30
          },
          {
            "nth": 70,
            "value": 9.30
          },
          {
            "nth": 80,
            "value": 9.40
          },
          {
            "nth": 90,
            "value": 9.40
          }
        ],
        "normalizedHigh": 10.4,
        "normalizedLow": 8.5,
        "fractionAboveNormal": 0,
        "fractionBelowNormal": 0.10
      }
    },
    {
      "code": [
        {
          "coding": [
            {
              "system": "http://loinc.org",
              "code": "2951-2",
              "display": "Sodium [Moles/volume] in Serum or Plasma"
            }
          ]
        }
      ],
      "count": 6560,
      "frequencyPerYear": 1.5277,
      "fractionOfSubjects": 0.6721,
      "scalarDistribution": {
        "units": {
          "unit": "mmol/L",
          "system": "http://unitsofmeasure.org",
          "code": "mmol/L"
        },
        "min": 124,
        "max": 162,
        "mean": 138.98,
        "median": 139,
        "stdDev": 2.99,
        "decile": [
          {
            "nth": 10,
            "value": 135
          },
          {
            "nth": 20,
            "value": 137
          },
          {
            "nth": 30,
            "value": 138
          },
          {
            "nth": 40,
            "value": 138
          },
          {
            "nth": 50,
            "value": 139
          },
          {
            "nth": 60,
            "value": 140
          },
          {
            "nth": 70,
            "value": 140
          },
          {
            "nth": 80,
            "value": 141
          },
          {
            "nth": 90,
            "value": 142
          }
        ],
        "normalizedHigh": 145,
        "normalizedLow": 136,
        "fractionAboveNormal": 0.02,
        "fractionBelowNormal": 0.10
      }
    },
    {
      "code": [
        {
          "coding": [
            {
              "system": "http://loinc.org",
              "code": "12962-7",
              "display": "Urea nitrogen [Mass/volume] in Venous blood"
            }
          ]
        }
      ],
      "count": 5989,
      "frequencyPerYear": 1.3947,
      "fractionOfSubjects": 0.5757,
      "scalarDistribution": {
        "units": {
          "unit": "mg/dL",
          "system": "http://unitsofmeasure.org",
          "code": "mg/dL"
        },
        "min": 1,
        "max": 132,
        "mean": 12.20,
        "median": 10,
        "stdDev": 10.52,
        "decile": [
          {
            "nth": 10,
            "value": 5
          },
          {
            "nth": 20,
            "value": 7
          },
          {
            "nth": 30,
            "value": 8
          },
          {
            "nth": 40,
            "value": 9
          },
          {
            "nth": 50,
            "value": 10
          },
          {
            "nth": 60,
            "value": 11
          },
          {
            "nth": 70,
            "value": 12
          },
          {
            "nth": 80,
            "value": 15
          },
          {
            "nth": 90,
            "value": 20
          }
        ]
      }
    },
    {
      "code": [
        {
          "coding": [
            {
              "system": "http://loinc.org",
              "code": "3094-0",
              "display": "Urea nitrogen [Mass/volume] in Serum or Plasma"
            }
          ]
        }
      ],
      "count": 481,
      "frequencyPerYear": 0.1120,
      "fractionOfSubjects": 0.1481,
      "scalarDistribution": {
        "units": {
          "unit": "mg/dL",
          "system": "http://unitsofmeasure.org",
          "code": "mg/dL"
        },
        "min": 3,
        "max": 45,
        "mean": 10.63,
        "median": 10,
        "stdDev": 4.07,
        "decile": [
          {
            "nth": 10,
            "value": 7
          },
          {
            "nth": 20,
            "value": 8
          },
          {
            "nth": 30,
            "value": 9
          },
          {
            "nth": 40,
            "value": 9
          },
          {
            "nth": 50,
            "value": 10
          },
          {
            "nth": 60,
            "value": 11
          },
          {
            "nth": 70,
            "value": 12
          },
          {
            "nth": 80,
            "value": 13
          },
          {
            "nth": 90,
            "value": 15
          }
        ],
        "normalizedHigh": 25,
        "normalizedLow": 7,
        "fractionAboveNormal": 0.01,
        "fractionBelowNormal": 0.07
      }
    },
    {
      "code": [
        {
          "coding": [
            {
              "system": "http://loinc.org",
              "code": "48642-3",
              "display": "Glomerular filtration rate/1.73 sq M predicted among non-blacks [Volume Rate/Area] in Serum or Plasma by Creatinine-based formula (MDRD)"
            }
          ]
        }
      ],
      "count": 1354,
      "frequencyPerYear": 0.3153,
      "fractionOfSubjects": 0.1523,
      "scalarDistribution": {
        "units": {
          "unit": "mL/min/1.73 sqm",
          "system": "http://unitsofmeasure.org",
          "code": "mL/min/1.73 sqm"
        },
        "min": 3,
        "max": 141,
        "mean": 47.96,
        "median": 40,
        "stdDev": 30.81,
        "decile": [
          {
            "nth": 10,
            "value": 13
          },
          {
            "nth": 20,
            "value": 24
          },
          {
            "nth": 30,
            "value": 30
          },
          {
            "nth": 40,
            "value": 35
          },
          {
            "nth": 50,
            "value": 40
          },
          {
            "nth": 60,
            "value": 49
          },
          {
            "nth": 70,
            "value": 55
          },
          {
            "nth": 80,
            "value": 59
          },
          {
            "nth": 90,
            "value": 101
          }
        ]
      }
    },
    {
      "code": [
        {
          "coding": [
            {
              "system": "http://loinc.org",
              "code": "33914-3",
              "display": "Glomerular filtration rate/1.73 sq M.predicted [Volume Rate/Area] in Serum or Plasma by Creatinine-based formula (MDRD)"
            }
          ]
        }
      ],
      "count": 112,
      "frequencyPerYear": 0.0261,
      "fractionOfSubjects": 0.0391,
      "scalarDistribution": {
        "units": {
          "unit": "mL/min/1.73m2",
          "system": "http://unitsofmeasure.org",
          "code": "mL/min/1.73m2"
        },
        "min": 21,
        "max": 144,
        "mean": 102.83,
        "median": 105,
        "stdDev": 18.83,
        "decile": [
          {
            "nth": 10,
            "value": 80
          },
          {
            "nth": 20,
            "value": 88
          },
          {
            "nth": 30,
            "value": 97
          },
          {
            "nth": 40,
            "value": 101
          },
          {
            "nth": 50,
            "value": 105
          },
          {
            "nth": 60,
            "value": 110
          },
          {
            "nth": 70,
            "value": 114
          },
          {
            "nth": 80,
            "value": 117
          },
          {
            "nth": 90,
            "value": 120
          }
        ]
      }
    },
    {
      "code": [
        {
          "coding": [
            {
              "system": "http://loinc.org",
              "code": "62238-1",
              "display": "Glomerular filtration rate/1.73 sq M.predicted [Volume Rate/Area] in Serum or Plasma by Creatinine-based formula (CKD-EPI)"
            }
          ]
        }
      ],
      "count": 47,
      "frequencyPerYear": 0.0109,
      "fractionOfSubjects": 0.0196,
      "scalarDistribution": {
        "units": {
          "unit": "mL/min/1.73m2",
          "system": "http://unitsofmeasure.org",
          "code": "mL/min/1.73m2"
        },
        "min": 22,
        "max": 135,
        "mean": 105.70,
        "median": 108,
        "stdDev": 21.03,
        "decile": [
          {
            "nth": 10,
            "value": 81
          },
          {
            "nth": 20,
            "value": 90
          },
          {
            "nth": 30,
            "value": 96
          },
          {
            "nth": 40,
            "value": 101
          },
          {
            "nth": 50,
            "value": 108
          },
          {
            "nth": 60,
            "value": 114
          },
          {
            "nth": 70,
            "value": 118
          },
          {
            "nth": 80,
            "value": 122
          },
          {
            "nth": 90,
            "value": 128
          }
        ]
      }
    },
    {
      "code": [
        {
          "coding": [
            {
              "system": "http://loinc.org",
              "code": "48643-1",
              "display": "Glomerular filtration rate/1.73 sq M predicted among blacks [Volume Rate/Area] in Serum or Plasma by Creatinine-based formula (MDRD)"
            }
          ]
        }
      ],
      "count": 1192,
      "frequencyPerYear": 0.2776,
      "fractionOfSubjects": 0.1476,
      "scalarDistribution": {
        "units": {
          "unit": "mL/min/1.73m2",
          "system": "http://unitsofmeasure.org",
          "code": "mL/min/1.73m2"
        },
        "min": 4,
        "max": 167,
        "mean": 60.54,
        "median": 45,
        "stdDev": 42.12,
        "decile": [
          {
            "nth": 10,
            "value": 14
          },
          {
            "nth": 20,
            "value": 27
          },
          {
            "nth": 30,
            "value": 35
          },
          {
            "nth": 40,
            "value": 39
          },
          {
            "nth": 50,
            "value": 45
          },
          {
            "nth": 60,
            "value": 52
          },
          {
            "nth": 70,
            "value": 62
          },
          {
            "nth": 80,
            "value": 111
          },
          {
            "nth": 90,
            "value": 130
          }
        ]
      }
    },
    {
      "code": [
        {
          "coding": [
            {
              "system": "http://loinc.org",
              "code": "62238-1",
              "display": "Glomerular filtration rate/1.73 sq M.predicted [Volume Rate/Area] in Serum or Plasma by Creatinine-based formula (CKD-EPI)"
            }
          ]
        }
      ],
      "count": 47,
      "frequencyPerYear": 0.0109,
      "fractionOfSubjects": 0.0196,
      "scalarDistribution": {
        "units": {
          "unit": "mL/min/1.73m2",
          "system": "http://unitsofmeasure.org",
          "code": "mL/min/1.73m2"
        },
        "min": 26,
        "max": 156,
        "mean": 121.91,
        "median": 124.50,
        "stdDev": 24.17,
        "decile": [
          {
            "nth": 10,
            "value": 94
          },
          {
            "nth": 20,
            "value": 103
          },
          {
            "nth": 30,
            "value": 110
          },
          {
            "nth": 40,
            "value": 116
          },
          {
            "nth": 50,
            "value": 125
          },
          {
            "nth": 60,
            "value": 132
          },
          {
            "nth": 70,
            "value": 136
          },
          {
            "nth": 80,
            "value": 141
          },
          {
            "nth": 90,
            "value": 148
          }
        ]
      }
    },
    {
      "code": [
        {
          "coding": [
            {
              "system": "http://loinc.org",
              "code": "6768-6",
              "display": "Alkaline phosphatase [Enzymatic activity/volume] in Serum or Plasma"
            }
          ]
        }
      ],
      "count": 5272,
      "frequencyPerYear": 1.2278,
      "fractionOfSubjects": 0.6297,
      "scalarDistribution": {
        "units": {
          "unit": "U/L",
          "system": "http://unitsofmeasure.org",
          "code": "U/L"
        },
        "min": 18,
        "max": 1577,
        "mean": 95.71,
        "median": 73,
        "stdDev": 102.13,
        "decile": [
          {
            "nth": 10,
            "value": 48
          },
          {
            "nth": 20,
            "value": 54
          },
          {
            "nth": 30,
            "value": 60
          },
          {
            "nth": 40,
            "value": 66
          },
          {
            "nth": 50,
            "value": 73
          },
          {
            "nth": 60,
            "value": 81
          },
          {
            "nth": 70,
            "value": 91
          },
          {
            "nth": 80,
            "value": 106
          },
          {
            "nth": 90,
            "value": 142
          }
        ],
        "normalizedHigh": 120,
        "normalizedLow": 30,
        "fractionAboveNormal": 0.14,
        "fractionBelowNormal": 0.00
      }
    },
    {
      "code": [
        {
          "coding": [
            {
              "system": "http://loinc.org",
              "code": "1920-8",
              "display": "Aspartate aminotransferase [Enzymatic activity/volume] in Serum or Plasma"
            }
          ]
        }
      ],
      "count": 4855,
      "frequencyPerYear": 1.1306,
      "fractionOfSubjects": 0.6153,
      "scalarDistribution": {
        "units": {
          "unit": "IU/L",
          "system": "http://unitsofmeasure.org",
          "code": "IU/L"
        },
        "min": 5,
        "max": 13440,
        "mean": 45.94,
        "median": 18,
        "stdDev": 326.50,
        "decile": [
          {
            "nth": 10,
            "value": 12
          },
          {
            "nth": 20,
            "value": 14
          },
          {
            "nth": 30,
            "value": 15
          },
          {
            "nth": 40,
            "value": 17
          },
          {
            "nth": 50,
            "value": 18
          },
          {
            "nth": 60,
            "value": 21
          },
          {
            "nth": 70,
            "value": 24
          },
          {
            "nth": 80,
            "value": 33
          },
          {
            "nth": 90,
            "value": 63
          }
        ],
        "normalizedHigh": 40,
        "normalizedLow": 0,
        "fractionAboveNormal": 0.16,
        "fractionBelowNormal": 0
      }
    },
    {
      "code": [
        {
          "coding": [
            {
              "system": "http://loinc.org",
              "code": "1742-6",
              "display": "Alanine aminotransferase [Enzymatic activity/volume] in Serum or Plasma"
            }
          ]
        }
      ],
      "count": 5230,
      "frequencyPerYear": 1.2180,
      "fractionOfSubjects": 0.6297,
      "scalarDistribution": {
        "units": {
          "unit": "U/L",
          "system": "http://unitsofmeasure.org",
          "code": "U/L"
        },
        "min": 3,
        "max": 5175,
        "mean": 37.50,
        "median": 16,
        "stdDev": 159.40,
        "decile": [
          {
            "nth": 10,
            "value": 9
          },
          {
            "nth": 20,
            "value": 11
          },
          {
            "nth": 30,
            "value": 12
          },
          {
            "nth": 40,
            "value": 14
          },
          {
            "nth": 50,
            "value": 16
          },
          {
            "nth": 60,
            "value": 19
          },
          {
            "nth": 70,
            "value": 23
          },
          {
            "nth": 80,
            "value": 31
          },
          {
            "nth": 90,
            "value": 60
          }
        ],
        "normalizedHigh": 25,
        "normalizedLow": 0,
        "fractionAboveNormal": 0.26,
        "fractionBelowNormal": 0
      }
    },
    {
      "code": [
        {
          "coding": [
            {
              "system": "http://loinc.org",
              "code": "1975-2",
              "display": "Bilirubin.total [Mass/volume] in Serum or Plasma"
            }
          ]
        }
      ],
      "count": 4377,
      "frequencyPerYear": 1.0193,
      "fractionOfSubjects": 0.5762,
      "scalarDistribution": {
        "units": {
          "unit": "mg/dL",
          "system": "http://unitsofmeasure.org",
          "code": "mg/dL"
        },
        "min": 0.10,
        "max": 49,
        "mean": 1.11,
        "median": 0.40,
        "stdDev": 3.43,
        "decile": [
          {
            "nth": 10,
            "value": 0.20
          },
          {
            "nth": 20,
            "value": 0.30
          },
          {
            "nth": 30,
            "value": 0.30
          },
          {
            "nth": 40,
            "value": 0.40
          },
          {
            "nth": 50,
            "value": 0.40
          },
          {
            "nth": 60,
            "value": 0.50
          },
          {
            "nth": 70,
            "value": 0.60
          },
          {
            "nth": 80,
            "value": 1
          },
          {
            "nth": 90,
            "value": 2
          }
        ],
        "normalizedHigh": 1.2,
        "normalizedLow": 0.2,
        "fractionAboveNormal": 0.16,
        "fractionBelowNormal": 0.01
      }
    },
    {
      "code": [
        {
          "coding": [
            {
              "system": "http://loinc.org",
              "code": "713-8",
              "display": "Eosinophils/100 leukocytes in Blood by Automated count"
            }
          ]
        }
      ],
      "count": 4781,
      "frequencyPerYear": 1.1134,
      "fractionOfSubjects": 0.5785,
      "scalarDistribution": {
        "units": {
          "unit": "%",
          "system": "http://unitsofmeasure.org",
          "code": "%"
        },
        "min": 0,
        "max": 22.30,
        "mean": 2.48,
        "median": 1.70,
        "stdDev": 2.69,
        "decile": [
          {
            "nth": 10,
            "value": 0.20
          },
          {
            "nth": 20,
            "value": 0.60
          },
          {
            "nth": 30,
            "value": 1
          },
          {
            "nth": 40,
            "value": 1.30
          },
          {
            "nth": 50,
            "value": 1.70
          },
          {
            "nth": 60,
            "value": 2.10
          },
          {
            "nth": 70,
            "value": 2.80
          },
          {
            "nth": 80,
            "value": 3.70
          },
          {
            "nth": 90,
            "value": 5.60
          }
        ],
        "normalizedHigh": 7,
        "normalizedLow": 0,
        "fractionAboveNormal": 0.06,
        "fractionBelowNormal": 0
      }
    },
    {
      "code": [
        {
          "coding": [
            {
              "system": "http://loinc.org",
              "code": "706-2",
              "display": "Basophils/100 leukocytes in Blood by Automated count"
            }
          ]
        }
      ],
      "count": 4506,
      "frequencyPerYear": 1.0494,
      "fractionOfSubjects": 0.5286,
      "scalarDistribution": {
        "units": {
          "unit": "%",
          "system": "http://unitsofmeasure.org",
          "code": "%"
        },
        "min": 0,
        "max": 2.40,
        "mean": 0.46,
        "median": 0.40,
        "stdDev": 0.31,
        "decile": [
          {
            "nth": 10,
            "value": 0.20
          },
          {
            "nth": 20,
            "value": 0.20
          },
          {
            "nth": 30,
            "value": 0.30
          },
          {
            "nth": 40,
            "value": 0.30
          },
          {
            "nth": 50,
            "value": 0.40
          },
          {
            "nth": 60,
            "value": 0.50
          },
          {
            "nth": 70,
            "value": 0.50
          },
          {
            "nth": 80,
            "value": 0.70
          },
          {
            "nth": 90,
            "value": 0.90
          }
        ],
        "normalizedHigh": 1.0,
        "normalizedLow": 0.0,
        "fractionAboveNormal": 0.05,
        "fractionBelowNormal": 0
      }
    },
    {
      "code": [
        {
          "coding": [
            {
              "system": "http://loinc.org",
              "code": "5905-5",
              "display": "Monocytes/100 leukocytes in Blood by Automated count"
            }
          ]
        }
      ],
      "count": 4482,
      "frequencyPerYear": 1.0438,
      "fractionOfSubjects": 0.5100,
      "scalarDistribution": {
        "units": {
          "unit": "%",
          "system": "http://unitsofmeasure.org",
          "code": "%"
        },
        "min": 0.40,
        "max": 28,
        "mean": 7.48,
        "median": 7.10,
        "stdDev": 2.78,
        "decile": [
          {
            "nth": 10,
            "value": 4.40
          },
          {
            "nth": 20,
            "value": 5.30
          },
          {
            "nth": 30,
            "value": 6
          },
          {
            "nth": 40,
            "value": 6.60
          },
          {
            "nth": 50,
            "value": 7.10
          },
          {
            "nth": 60,
            "value": 7.80
          },
          {
            "nth": 70,
            "value": 8.50
          },
          {
            "nth": 80,
            "value": 9.50
          },
          {
            "nth": 90,
            "value": 11
          }
        ],
        "normalizedHigh": 12,
        "normalizedLow": 0,
        "fractionAboveNormal": 0.06,
        "fractionBelowNormal": 0
      }
    },
    {
      "code": [
        {
          "coding": [
            {
              "system": "http://loinc.org",
              "code": "19123-9",
              "display": "Magnesium [Mass/volume] in Serum or Plasma"
            }
          ]
        }
      ],
      "count": 1696,
      "frequencyPerYear": 0.3950,
      "fractionOfSubjects": 0.1397,
      "scalarDistribution": {
        "units": {
          "unit": "mg/dL",
          "system": "http://unitsofmeasure.org",
          "code": "mg/dL"
        },
        "min": 0.90,
        "max": 11.40,
        "mean": 2.10,
        "median": 2,
        "stdDev": 0.67,
        "decile": [
          {
            "nth": 10,
            "value": 1.70
          },
          {
            "nth": 20,
            "value": 1.80
          },
          {
            "nth": 30,
            "value": 1.80
          },
          {
            "nth": 40,
            "value": 1.90
          },
          {
            "nth": 50,
            "value": 2
          },
          {
            "nth": 60,
            "value": 2
          },
          {
            "nth": 70,
            "value": 2.10
          },
          {
            "nth": 80,
            "value": 2.20
          },
          {
            "nth": 90,
            "value": 2.50
          }
        ],
        "normalizedHigh": 2.3,
        "normalizedLow": 1.6,
        "fractionAboveNormal": 0.16,
        "fractionBelowNormal": 0.03
      }
    },
    {
      "code": [
        {
          "coding": [
            {
              "system": "http://loinc.org",
              "code": "5964-2",
              "display": "Prothrombin time (PT) in Blood by Coagulation assay"
            }
          ]
        }
      ],
      "count": 1312,
      "frequencyPerYear": 0.3055,
      "fractionOfSubjects": 0.1463,
      "scalarDistribution": {
        "units": {
          "unit": "Seconds",
          "system": "http://unitsofmeasure.org",
          "code": "Seconds"
        },
        "min": 9.30,
        "max": 101.20,
        "mean": 14.43,
        "median": 11.20,
        "stdDev": 8.20,
        "decile": [
          {
            "nth": 10,
            "value": 10
          },
          {
            "nth": 20,
            "value": 10.30
          },
          {
            "nth": 30,
            "value": 10.60
          },
          {
            "nth": 40,
            "value": 10.80
          },
          {
            "nth": 50,
            "value": 11.20
          },
          {
            "nth": 60,
            "value": 11.70
          },
          {
            "nth": 70,
            "value": 13.40
          },
          {
            "nth": 80,
            "value": 16.70
          },
          {
            "nth": 90,
            "value": 22.20
          }
        ]
      }
    },
    {
      "code": [
        {
          "coding": [
            {
              "system": "http://loinc.org",
              "code": "5902-2",
              "display": "Prothrombin time (PT)"
            }
          ]
        }
      ],
      "count": 30,
      "frequencyPerYear": 0.0070,
      "fractionOfSubjects": 0.0126,
      "scalarDistribution": {
        "units": {
          "unit": "sec",
          "system": "http://unitsofmeasure.org",
          "code": "sec"
        },
        "min": 9.70,
        "max": 53.20,
        "mean": 13.48,
        "median": 10.70,
        "stdDev": 9.34,
        "decile": [
          {
            "nth": 10,
            "value": 10.10
          },
          {
            "nth": 20,
            "value": 10.40
          },
          {
            "nth": 30,
            "value": 10.40
          },
          {
            "nth": 40,
            "value": 10.60
          },
          {
            "nth": 50,
            "value": 10.70
          },
          {
            "nth": 60,
            "value": 10.80
          },
          {
            "nth": 70,
            "value": 11.10
          },
          {
            "nth": 80,
            "value": 11.30
          },
          {
            "nth": 90,
            "value": 11.50
          }
        ],
        "normalizedHigh": 12.0,
        "normalizedLow": 9.1,
        "fractionAboveNormal": 0.10,
        "fractionBelowNormal": 0
      }
    },
    {
      "code": [
        {
          "coding": [
            {
              "system": "http://loinc.org",
              "code": "2777-1",
              "display": "Phosphate [Mass/volume] in Serum or Plasma"
            }
          ]
        }
      ],
      "count": 1036,
      "frequencyPerYear": 0.2413,
      "fractionOfSubjects": 0.0810,
      "scalarDistribution": {
        "units": {
          "unit": "mg/dL",
          "system": "http://unitsofmeasure.org",
          "code": "mg/dL"
        },
        "min": 0.50,
        "max": 16.80,
        "mean": 3.67,
        "median": 3.50,
        "stdDev": 1.55,
        "decile": [
          {
            "nth": 10,
            "value": 2.30
          },
          {
            "nth": 20,
            "value": 2.70
          },
          {
            "nth": 30,
            "value": 3
          },
          {
            "nth": 40,
            "value": 3.20
          },
          {
            "nth": 50,
            "value": 3.50
          },
          {
            "nth": 60,
            "value": 3.70
          },
          {
            "nth": 70,
            "value": 4
          },
          {
            "nth": 80,
            "value": 4.30
          },
          {
            "nth": 90,
            "value": 4.90
          }
        ],
        "normalizedHigh": 4.5,
        "normalizedLow": 2.5,
        "fractionAboveNormal": 0.14,
        "fractionBelowNormal": 0.13
      }
    },
    {
      "code": [
        {
          "coding": [
            {
              "system": "http://loinc.org",
              "code": "2093-3",
              "display": "Cholesterol [Mass/volume] in Serum or Plasma"
            }
          ]
        }
      ],
      "count": 816,
      "frequencyPerYear": 0.1900,
      "fractionOfSubjects": 0.3004,
      "scalarDistribution": {
        "units": {
          "unit": "mg/dL",
          "system": "http://unitsofmeasure.org",
          "code": "mg/dL"
        },
        "min": 79,
        "max": 428,
        "mean": 175.07,
        "median": 172,
        "stdDev": 36.27,
        "decile": [
          {
            "nth": 10,
            "value": 133
          },
          {
            "nth": 20,
            "value": 146
          },
          {
            "nth": 30,
            "value": 155
          },
          {
            "nth": 40,
            "value": 164
          },
          {
            "nth": 50,
            "value": 172
          },
          {
            "nth": 60,
            "value": 180
          },
          {
            "nth": 70,
            "value": 188
          },
          {
            "nth": 80,
            "value": 202
          },
          {
            "nth": 90,
            "value": 222
          }
        ],
        "normalizedHigh": 199,
        "normalizedLow": 100,
        "fractionAboveNormal": 0.22,
        "fractionBelowNormal": 0.01
      }
    },
    {
      "code": [
        {
          "coding": [
            {
              "system": "http://loinc.org",
              "code": "2085-9",
              "display": "Cholesterol in HDL [Mass/volume] in Serum or Plasma"
            }
          ]
        }
      ],
      "count": 802,
      "frequencyPerYear": 0.1868,
      "fractionOfSubjects": 0.3004,
      "scalarDistribution": {
        "units": {
          "unit": "mg/dL",
          "system": "http://unitsofmeasure.org",
          "code": "mg/dL"
        },
        "min": 5,
        "max": 139,
        "mean": 55.77,
        "median": 54,
        "stdDev": 16.79,
        "decile": [
          {
            "nth": 10,
            "value": 37
          },
          {
            "nth": 20,
            "value": 42
          },
          {
            "nth": 30,
            "value": 46
          },
          {
            "nth": 40,
            "value": 50
          },
          {
            "nth": 50,
            "value": 54
          },
          {
            "nth": 60,
            "value": 58
          },
          {
            "nth": 70,
            "value": 62
          },
          {
            "nth": 80,
            "value": 69
          },
          {
            "nth": 90,
            "value": 77
          }
        ],
        "normalizedHigh": 76,
        "normalizedLow": 36,
        "fractionAboveNormal": 0.11,
        "fractionBelowNormal": 0.08
      }
    },
    {
      "code": [
        {
          "coding": [
            {
              "system": "http://loinc.org",
              "code": "2571-8",
              "display": "Triglyceride [Mass/volume] in Serum or Plasma"
            }
          ]
        }
      ],
      "count": 760,
      "frequencyPerYear": 0.1770,
      "fractionOfSubjects": 0.2809,
      "scalarDistribution": {
        "units": {
          "unit": "mg/dL",
          "system": "http://unitsofmeasure.org",
          "code": "mg/dL"
        },
        "min": 26,
        "max": 1752,
        "mean": 99.03,
        "median": 82,
        "stdDev": 86.91,
        "decile": [
          {
            "nth": 10,
            "value": 46
          },
          {
            "nth": 20,
            "value": 55
          },
          {
            "nth": 30,
            "value": 64
          },
          {
            "nth": 40,
            "value": 72
          },
          {
            "nth": 50,
            "value": 82
          },
          {
            "nth": 60,
            "value": 92
          },
          {
            "nth": 70,
            "value": 104
          },
          {
            "nth": 80,
            "value": 120
          },
          {
            "nth": 90,
            "value": 163
          }
        ],
        "normalizedHigh": 149,
        "normalizedLow": 0,
        "fractionAboveNormal": 0.13,
        "fractionBelowNormal": 0
      }
    },
    {
      "code": [
        {
          "coding": [
            {
              "system": "http://loinc.org",
              "code": "737-7",
              "display": "Lymphocytes/100 leukocytes in Blood by Manual count"
            }
          ]
        }
      ],
      "count": 316,
      "frequencyPerYear": 0.0736,
      "fractionOfSubjects": 0.0517,
      "scalarDistribution": {
        "units": {
          "unit": "%",
          "system": "http://unitsofmeasure.org",
          "code": "%"
        },
        "min": 0,
        "max": 82,
        "mean": 22.05,
        "median": 19,
        "stdDev": 15.87,
        "decile": [
          {
            "nth": 10,
            "value": 4
          },
          {
            "nth": 20,
            "value": 6
          },
          {
            "nth": 30,
            "value": 10
          },
          {
            "nth": 40,
            "value": 14
          },
          {
            "nth": 50,
            "value": 19
          },
          {
            "nth": 60,
            "value": 25
          },
          {
            "nth": 70,
            "value": 32
          },
          {
            "nth": 80,
            "value": 38
          },
          {
            "nth": 90,
            "value": 44
          }
        ],
        "normalizedHigh": 44,
        "normalizedLow": 24,
        "fractionAboveNormal": 0.09,
        "fractionBelowNormal": 0.57
      }
    },
    {
      "code": [
        {
          "coding": [
            {
              "system": "http://loinc.org",
              "code": "744-3",
              "display": "Monocytes/100 leukocytes in Blood by Manual count"
            }
          ]
        }
      ],
      "count": 314,
      "frequencyPerYear": 0.0731,
      "fractionOfSubjects": 0.0517,
      "scalarDistribution": {
        "units": {
          "unit": "%",
          "system": "http://unitsofmeasure.org",
          "code": "%"
        },
        "min": 0,
        "max": 39,
        "mean": 6.69,
        "median": 6,
        "stdDev": 4.86,
        "decile": [
          {
            "nth": 10,
            "value": 1
          },
          {
            "nth": 20,
            "value": 3
          },
          {
            "nth": 30,
            "value": 4
          },
          {
            "nth": 40,
            "value": 5
          },
          {
            "nth": 50,
            "value": 6
          },
          {
            "nth": 60,
            "value": 7
          },
          {
            "nth": 70,
            "value": 9
          },
          {
            "nth": 80,
            "value": 10
          },
          {
            "nth": 90,
            "value": 13
          }
        ],
        "normalizedHigh": 12,
        "normalizedLow": 1,
        "fractionAboveNormal": 0.11,
        "fractionBelowNormal": 0.04
      }
    },
    {
      "code": [
        {
          "coding": [
            {
              "system": "http://loinc.org",
              "code": "19996-8",
              "display": "Oxygen/Inspired gas Respiratory system --on ventilator"
            }
          ]
        }
      ],
      "count": 309,
      "frequencyPerYear": 0.0720,
      "fractionOfSubjects": 0.0377,
      "scalarDistribution": {
        "units": {
          "unit": "%",
          "system": "http://unitsofmeasure.org",
          "code": "%"
        },
        "min": 2,
        "max": 100,
        "mean": 45,
        "median": 40,
        "stdDev": 26.47,
        "decile": [
          {
            "nth": 10,
            "value": 21
          },
          {
            "nth": 20,
            "value": 21
          },
          {
            "nth": 30,
            "value": 28
          },
          {
            "nth": 40,
            "value": 32
          },
          {
            "nth": 50,
            "value": 40
          },
          {
            "nth": 60,
            "value": 40
          },
          {
            "nth": 70,
            "value": 44
          },
          {
            "nth": 80,
            "value": 60
          },
          {
            "nth": 90,
            "value": 100
          }
        ]
      }
    },
    {
      "code": [
        {
          "coding": [
            {
              "system": "http://loinc.org",
              "code": "714-6",
              "display": "Eosinophils/100 leukocytes in Blood by Manual count"
            }
          ]
        }
      ],
      "count": 305,
      "frequencyPerYear": 0.0710,
      "fractionOfSubjects": 0.0517,
      "scalarDistribution": {
        "units": {
          "unit": "%",
          "system": "http://unitsofmeasure.org",
          "code": "%"
        },
        "min": 0,
        "max": 25,
        "mean": 2.75,
        "median": 1,
        "stdDev": 3.75,
        "decile": [
          {
            "nth": 10,
            "value": 0
          },
          {
            "nth": 20,
            "value": 0
          },
          {
            "nth": 30,
            "value": 0
          },
          {
            "nth": 40,
            "value": 1
          },
          {
            "nth": 50,
            "value": 1
          },
          {
            "nth": 60,
            "value": 2
          },
          {
            "nth": 70,
            "value": 3
          },
          {
            "nth": 80,
            "value": 5
          },
          {
            "nth": 90,
            "value": 8
          }
        ],
        "normalizedHigh": 7,
        "normalizedLow": 0,
        "fractionAboveNormal": 0.10,
        "fractionBelowNormal": 0
      }
    },
    {
      "code": [
        {
          "coding": [
            {
              "system": "http://loinc.org",
              "code": "19254-2",
              "display": "Oxygen [Partial pressure] adjusted to patient\u0027s actual temperature in Blood"
            }
          ]
        }
      ],
      "count": 259,
      "frequencyPerYear": 0.0603,
      "fractionOfSubjects": 0.0172,
      "scalarDistribution": {
        "units": {
          "unit": "mmHg",
          "system": "http://unitsofmeasure.org",
          "code": "mmHg"
        },
        "min": 40,
        "max": 463,
        "mean": 121.89,
        "median": 105.50,
        "stdDev": 62.11,
        "decile": [
          {
            "nth": 10,
            "value": 67
          },
          {
            "nth": 20,
            "value": 77
          },
          {
            "nth": 30,
            "value": 85
          },
          {
            "nth": 40,
            "value": 94
          },
          {
            "nth": 50,
            "value": 106
          },
          {
            "nth": 60,
            "value": 118
          },
          {
            "nth": 70,
            "value": 131
          },
          {
            "nth": 80,
            "value": 155
          },
          {
            "nth": 90,
            "value": 185
          }
        ],
        "normalizedHigh": 100,
        "normalizedLow": 75,
        "fractionAboveNormal": 0.53,
        "fractionBelowNormal": 0.17
      }
    },
    {
      "code": [
        {
          "coding": [
            {
              "system": "http://loinc.org",
              "code": "34705-4",
              "display": "Carbon dioxide [Partial pressure] adjusted to patient\u0027s actual temperature in Blood"
            }
          ]
        }
      ],
      "count": 234,
      "frequencyPerYear": 0.0545,
      "fractionOfSubjects": 0.0172,
      "scalarDistribution": {
        "units": {
          "unit": "mmHg",
          "system": "http://unitsofmeasure.org",
          "code": "mmHg"
        },
        "min": 20,
        "max": 127,
        "mean": 48.13,
        "median": 41,
        "stdDev": 23.25,
        "decile": [
          {
            "nth": 10,
            "value": 27
          },
          {
            "nth": 20,
            "value": 31
          },
          {
            "nth": 30,
            "value": 35
          },
          {
            "nth": 40,
            "value": 38
          },
          {
            "nth": 50,
            "value": 41
          },
          {
            "nth": 60,
            "value": 44
          },
          {
            "nth": 70,
            "value": 49
          },
          {
            "nth": 80,
            "value": 58
          },
          {
            "nth": 90,
            "value": 86
          }
        ],
        "normalizedHigh": 45,
        "normalizedLow": 35,
        "fractionAboveNormal": 0.38,
        "fractionBelowNormal": 0.29
      }
    },
    {
      "code": [
        {
          "coding": [
            {
              "system": "http://loinc.org",
              "code": "49701-6",
              "display": "pH of Blood adjusted to patient\u0027s actual temperature"
            }
          ]
        }
      ],
      "count": 235,
      "frequencyPerYear": 0.0547,
      "fractionOfSubjects": 0.0172,
      "scalarDistribution": {
        "units": {
          "unit": "UNK",
          "system": "http://unitsofmeasure.org",
          "code": "UNK"
        },
        "min": 6.86,
        "max": 7.57,
        "mean": 7.35,
        "median": 7.37,
        "stdDev": 0.11,
        "decile": [
          {
            "nth": 10,
            "value": 7.20
          },
          {
            "nth": 20,
            "value": 7.28
          },
          {
            "nth": 30,
            "value": 7.32
          },
          {
            "nth": 40,
            "value": 7.34
          },
          {
            "nth": 50,
            "value": 7.37
          },
          {
            "nth": 60,
            "value": 7.39
          },
          {
            "nth": 70,
            "value": 7.41
          },
          {
            "nth": 80,
            "value": 7.43
          },
          {
            "nth": 90,
            "value": 7.46
          }
        ],
        "normalizedHigh": 7.45,
        "normalizedLow": 7.35,
        "fractionAboveNormal": 0.15,
        "fractionBelowNormal": 0.45
      }
    },
    {
      "code": [
        {
          "coding": [
            {
              "system": "http://loinc.org",
              "code": "706-2",
              "display": "Basophils/100 leukocytes in Blood by Automated count"
            }
          ]
        }
      ],
      "count": 238,
      "frequencyPerYear": 0.0554,
      "fractionOfSubjects": 0.0820,
      "scalarDistribution": {
        "units": {
          "unit": "%",
          "system": "http://unitsofmeasure.org",
          "code": "%"
        },
        "min": 0,
        "max": 2,
        "mean": 0.33,
        "median": 0,
        "stdDev": 0.50,
        "decile": [
          {
            "nth": 10,
            "value": 0
          },
          {
            "nth": 20,
            "value": 0
          },
          {
            "nth": 30,
            "value": 0
          },
          {
            "nth": 40,
            "value": 0
          },
          {
            "nth": 50,
            "value": 0
          },
          {
            "nth": 60,
            "value": 0
          },
          {
            "nth": 70,
            "value": 1
          },
          {
            "nth": 80,
            "value": 1
          },
          {
            "nth": 90,
            "value": 1
          }
        ],
        "normalizedHigh": 1.0,
        "normalizedLow": 0.0,
        "fractionAboveNormal": 0.01,
        "fractionBelowNormal": 0
      }
    },
    {
      "code": [
        {
          "coding": [
            {
              "system": "http://loinc.org",
              "code": "1959-6",
              "display": "Bicarbonate [Moles/volume] in Blood"
            }
          ]
        }
      ],
      "count": 206,
      "frequencyPerYear": 0.0480,
      "fractionOfSubjects": 0.0172,
      "scalarDistribution": {
        "units": {
          "unit": "mmol/L",
          "system": "http://unitsofmeasure.org",
          "code": "mmol/L"
        },
        "min": 6,
        "max": 48,
        "mean": 24.10,
        "median": 24,
        "stdDev": 7.70,
        "decile": [
          {
            "nth": 10,
            "value": 15
          },
          {
            "nth": 20,
            "value": 18
          },
          {
            "nth": 30,
            "value": 20
          },
          {
            "nth": 40,
            "value": 22
          },
          {
            "nth": 50,
            "value": 24
          },
          {
            "nth": 60,
            "value": 25
          },
          {
            "nth": 70,
            "value": 27
          },
          {
            "nth": 80,
            "value": 28
          },
          {
            "nth": 90,
            "value": 34
          }
        ],
        "normalizedHigh": 26,
        "normalizedLow": 22,
        "fractionAboveNormal": 0.31,
        "fractionBelowNormal": 0.37
      }
    },
    {
      "code": [
        {
          "coding": [
            {
              "system": "http://loinc.org",
              "code": "736-9",
              "display": "Lymphocytes/100 leukocytes in Blood by Automated count"
            }
          ]
        }
      ],
      "count": 80,
      "frequencyPerYear": 0.0186,
      "fractionOfSubjects": 0.0293,
      "scalarDistribution": {
        "units": {
          "unit": "%",
          "system": "http://unitsofmeasure.org",
          "code": "%"
        },
        "min": 10,
        "max": 51.50,
        "mean": 31.58,
        "median": 33,
        "stdDev": 9.98,
        "decile": [
          {
            "nth": 10,
            "value": 18
          },
          {
            "nth": 20,
            "value": 22.10
          },
          {
            "nth": 30,
            "value": 24.60
          },
          {
            "nth": 40,
            "value": 28.60
          },
          {
            "nth": 50,
            "value": 33
          },
          {
            "nth": 60,
            "value": 35.60
          },
          {
            "nth": 70,
            "value": 37.30
          },
          {
            "nth": 80,
            "value": 40.40
          },
          {
            "nth": 90,
            "value": 43.60
          }
        ]
      }
    },
    {
      "code": [
        {
          "coding": [
            {
              "system": "http://loinc.org",
              "code": "20448-7",
              "display": "Insulin [Units/volume] in Serum or Plasma"
            }
          ]
        }
      ],
      "count": 35,
      "frequencyPerYear": 0.0082,
      "fractionOfSubjects": 0.0028,
      "scalarDistribution": {
        "units": {
          "unit": "uIU/mL",
          "system": "http://unitsofmeasure.org",
          "code": "uIU/mL"
        },
        "min": 4.30,
        "max": 95.50,
        "mean": 43.12,
        "median": 36.40,
        "stdDev": 22.18,
        "decile": [
          {
            "nth": 10,
            "value": 21.40
          },
          {
            "nth": 20,
            "value": 30.40
          },
          {
            "nth": 30,
            "value": 32.70
          },
          {
            "nth": 40,
            "value": 35
          },
          {
            "nth": 50,
            "value": 36.60
          },
          {
            "nth": 60,
            "value": 40.60
          },
          {
            "nth": 70,
            "value": 45.60
          },
          {
            "nth": 80,
            "value": 58
          },
          {
            "nth": 90,
            "value": 83.30
          }
        ],
        "normalizedHigh": 24.9,
        "normalizedLow": 2.6,
        "fractionAboveNormal": 0.89,
        "fractionBelowNormal": 0
      }
    }
  ],
  "meta": {
    "tag": [
      {
        "system": "http://terminology.hl7.org/CodeSystem/v3-ActReason",
        "code": "HTEST",
        "display": "test health data"
      }
    ]
  }
}