{
  "resourceType": "ClinicalProfile",
  "id": "jhu-eds-profile-32-diagnoses",
  "text": {
    "status": "generated",
    "div": "\u003cdiv xmlns\u003d\"http://www.w3.org/1999/xhtml\"\u003e\n\t\t\t\u003cp\u003eSelected diagnoses for Female, White or Caucasian patients aged 65-80 seen as either outpatients or inpatients at Johns Hopkins Hospital, JHCP, and Bayview between 3/1/2016 and 3/1/2018 having a diagnosis of Ehlers-Danlos syndromes recorded on the problem list or as an encounter diagnosis.\n\t\t\t\u003c/p\u003e\n\t\t\u003c/div\u003e"
  },
  "identifier": [
    {
      "value": "urn:uuid:45BFB910-B4B1-6EB4-0F649445A70B062E"
    }
  ],
  "status": "draft",
  "population": {
    "reference": "Group/eds-population-jhu3"
  },
  "cohort": {
    "reference": "Group/eds-sample-32-cohort-jhu3",
    "display": "White or Caucasian Female aged 65-80"
  },
  "date": "2018-09-13T12:32:00Z",
  "source": [
    {
      "value": "http://ictrweb.johnshopkins.edu/ictr/synthetic/includes/clinical_profiles.cfm"
    }
  ],
  "reporter": {
    "reference": "Organization/JHM",
    "type": "Organization",
    "display": "Johns Hopkins School of Medicine"
  },
  "diagnosis": [
    {
      "code": [
        {
          "coding": [
            {
              "system": "http://hl7.org/fhir/sid/icd-10",
              "code": "J45.909",
              "display": "Unspecified asthma(493.90)"
            }
          ]
        }
      ],
      "count": 34
    },
    {
      "code": [
        {
          "coding": [
            {
              "system": "http://hl7.org/fhir/sid/icd-10",
              "code": "I10",
              "display": "Essential hypertension, benign"
            }
          ]
        }
      ],
      "count": 29
    },
    {
      "code": [
        {
          "coding": [
            {
              "system": "http://hl7.org/fhir/sid/icd-10",
              "code": "Z00.00",
              "display": "Routine general medical examination at a health care facility"
            }
          ]
        }
      ],
      "count": 19
    },
    {
      "code": [
        {
          "coding": [
            {
              "system": "http://hl7.org/fhir/sid/icd-10",
              "code": "E11.9",
              "display": "Type 2 diabetes mellitus without complication"
            }
          ]
        }
      ],
      "count": 15
    },
    {
      "code": [
        {
          "coding": [
            {
              "system": "http://hl7.org/fhir/sid/icd-10",
              "code": "K21.9",
              "display": "Esophageal reflux"
            }
          ]
        }
      ],
      "count": 11
    },
    {
      "code": [
        {
          "coding": [
            {
              "system": "http://hl7.org/fhir/sid/icd-10",
              "code": "E55.9",
              "display": "Vitamin D deficiency"
            }
          ]
        }
      ],
      "count": 9
    },
    {
      "code": [
        {
          "coding": [
            {
              "system": "http://hl7.org/fhir/sid/icd-10",
              "code": "E66.9",
              "display": "Obesity, unspecified"
            }
          ]
        }
      ],
      "count": 9
    },
    {
      "code": [
        {
          "coding": [
            {
              "system": "http://hl7.org/fhir/sid/icd-10",
              "code": "J30.1",
              "display": "Allergic rhinitis due to pollen"
            }
          ]
        }
      ],
      "count": 7
    },
    {
      "code": [
        {
          "coding": [
            {
              "system": "http://hl7.org/fhir/sid/icd-10",
              "code": "R05",
              "display": "Post-viral cough syndrome"
            }
          ]
        }
      ],
      "count": 7
    },
    {
      "code": [
        {
          "coding": [
            {
              "system": "http://hl7.org/fhir/sid/icd-10",
              "code": "J44.9",
              "display": "COPD (chronic obstructive pulmonary disease)"
            }
          ]
        }
      ],
      "count": 6
    },
    {
      "code": [
        {
          "coding": [
            {
              "system": "http://hl7.org/fhir/sid/icd-10",
              "code": "E78.00",
              "display": "High cholesterol"
            }
          ]
        }
      ],
      "count": 6
    },
    {
      "code": [
        {
          "coding": [
            {
              "system": "http://hl7.org/fhir/sid/icd-10",
              "code": "E78.5",
              "display": "Hyperlipidemia"
            }
          ]
        }
      ],
      "count": 6
    },
    {
      "code": [
        {
          "coding": [
            {
              "system": "http://hl7.org/fhir/sid/icd-10",
              "code": "G89.29",
              "display": "Chronic pain"
            }
          ]
        }
      ],
      "count": 6
    },
    {
      "code": [
        {
          "coding": [
            {
              "system": "http://hl7.org/fhir/sid/icd-10",
              "code": "G47.33",
              "display": "Obstructive apnea"
            }
          ]
        }
      ],
      "count": 5
    },
    {
      "code": [
        {
          "coding": [
            {
              "system": "http://hl7.org/fhir/sid/icd-10",
              "code": "M19.90",
              "display": "Inflammatory arthritis"
            }
          ]
        }
      ],
      "count": 5
    },
    {
      "code": [
        {
          "coding": [
            {
              "system": "http://hl7.org/fhir/sid/icd-10",
              "code": "M25.561",
              "display": "Right knee pain"
            }
          ]
        }
      ],
      "count": 5
    },
    {
      "code": [
        {
          "coding": [
            {
              "system": "http://hl7.org/fhir/sid/icd-10",
              "code": "Z98.890",
              "display": "Other postprocedural status(V45.89)"
            }
          ]
        }
      ],
      "count": 5
    },
    {
      "code": [
        {
          "coding": [
            {
              "system": "http://hl7.org/fhir/sid/icd-10",
              "code": "J30.9",
              "display": "Allergic rhinitis, unspecified allergic rhinitis type"
            }
          ]
        }
      ],
      "count": 5
    },
    {
      "code": [
        {
          "coding": [
            {
              "system": "http://hl7.org/fhir/sid/icd-10",
              "code": "M79.609",
              "display": "Pain in limb"
            }
          ]
        }
      ],
      "count": 5
    },
    {
      "code": [
        {
          "coding": [
            {
              "system": "http://hl7.org/fhir/sid/icd-10",
              "code": "R07.9",
              "display": "Chest pain, unspecified type"
            }
          ]
        }
      ],
      "count": 5
    },
    {
      "code": [
        {
          "coding": [
            {
              "system": "http://hl7.org/fhir/sid/icd-10",
              "code": "R80.9",
              "display": "Proteinuria"
            }
          ]
        }
      ],
      "count": 5
    },
    {
      "code": [
        {
          "coding": [
            {
              "system": "http://hl7.org/fhir/sid/icd-10",
              "code": "R53.83",
              "display": "Fatigue"
            }
          ]
        }
      ],
      "count": 4
    },
    {
      "code": [
        {
          "coding": [
            {
              "system": "http://hl7.org/fhir/sid/icd-10",
              "code": "R10.9",
              "display": "Abdominal pain"
            }
          ]
        }
      ],
      "count": 4
    },
    {
      "code": [
        {
          "coding": [
            {
              "system": "http://hl7.org/fhir/sid/icd-10",
              "code": "R06.09",
              "display": "DOE (dyspnea on exertion)"
            }
          ]
        }
      ],
      "count": 4
    },
    {
      "code": [
        {
          "coding": [
            {
              "system": "http://hl7.org/fhir/sid/icd-10",
              "code": "K59.00",
              "display": "Constipation"
            }
          ]
        }
      ],
      "count": 4
    },
    {
      "code": [
        {
          "coding": [
            {
              "system": "http://hl7.org/fhir/sid/icd-10",
              "code": "IMO0002",
              "display": "Hemorrhage complicating a procedure"
            }
          ]
        }
      ],
      "count": 4
    },
    {
      "code": [
        {
          "coding": [
            {
              "system": "http://hl7.org/fhir/sid/icd-10",
              "code": "J06.9",
              "display": "Viral upper respiratory tract infection"
            }
          ]
        }
      ],
      "count": 4
    },
    {
      "code": [
        {
          "coding": [
            {
              "system": "http://hl7.org/fhir/sid/icd-10",
              "code": "F41.9",
              "display": "Anxiety"
            }
          ]
        }
      ],
      "count": 4
    },
    {
      "code": [
        {
          "coding": [
            {
              "system": "http://hl7.org/fhir/sid/icd-10",
              "code": "F17.200",
              "display": "Tobacco use disorder"
            }
          ]
        }
      ],
      "count": 4
    },
    {
      "code": [
        {
          "coding": [
            {
              "system": "http://hl7.org/fhir/sid/icd-10",
              "code": "G56.00",
              "display": "Carpal tunnel syndrome"
            }
          ]
        }
      ],
      "count": 4
    },
    {
      "code": [
        {
          "coding": [
            {
              "system": "http://hl7.org/fhir/sid/icd-10",
              "code": "J45.20",
              "display": "Mild intermittent asthma"
            }
          ]
        }
      ],
      "count": 4
    },
    {
      "code": [
        {
          "coding": [
            {
              "system": "http://hl7.org/fhir/sid/icd-10",
              "code": "F32.9",
              "display": "Major depressive disorder"
            }
          ]
        }
      ],
      "count": 4
    },
    {
      "code": [
        {
          "coding": [
            {
              "system": "http://hl7.org/fhir/sid/icd-10",
              "code": "E78.2",
              "display": "Mixed hyperlipidemia"
            }
          ]
        }
      ],
      "count": 4
    },
    {
      "code": [
        {
          "coding": [
            {
              "system": "http://hl7.org/fhir/sid/icd-10",
              "code": "F11.20",
              "display": "Opiate dependence, continuous"
            }
          ]
        }
      ],
      "count": 3
    },
    {
      "code": [
        {
          "coding": [
            {
              "system": "http://hl7.org/fhir/sid/icd-10",
              "code": "D50.9",
              "display": "Iron deficiency anemia"
            }
          ]
        }
      ],
      "count": 3
    },
    {
      "code": [
        {
          "coding": [
            {
              "system": "http://hl7.org/fhir/sid/icd-10",
              "code": "B35.1",
              "display": "Dermatophytosis of nail"
            }
          ]
        }
      ],
      "count": 3
    },
    {
      "code": [
        {
          "coding": [
            {
              "system": "http://hl7.org/fhir/sid/icd-10",
              "code": "D64.9",
              "display": "Anemia"
            }
          ]
        }
      ],
      "count": 3
    },
    {
      "code": [
        {
          "coding": [
            {
              "system": "http://hl7.org/fhir/sid/icd-10",
              "code": "H01.009",
              "display": "Seborrheic blepharitis"
            }
          ]
        }
      ],
      "count": 3
    },
    {
      "code": [
        {
          "coding": [
            {
              "system": "http://hl7.org/fhir/sid/icd-10",
              "code": "H52.209",
              "display": "Hyperopia with astigmatism and presbyopia"
            }
          ]
        }
      ],
      "count": 3
    },
    {
      "code": [
        {
          "coding": [
            {
              "system": "http://hl7.org/fhir/sid/icd-10",
              "code": "H52.4",
              "display": "Presbyopia"
            }
          ]
        }
      ],
      "count": 3
    },
    {
      "code": [
        {
          "coding": [
            {
              "system": "http://hl7.org/fhir/sid/icd-10",
              "code": "G43.909",
              "display": "Migraine, unspecified, without mention of intractable migraine without mention of status migrainosus"
            }
          ]
        }
      ],
      "count": 3
    },
    {
      "code": [
        {
          "coding": [
            {
              "system": "http://hl7.org/fhir/sid/icd-10",
              "code": "H26.9",
              "display": "Cataract of both eyes"
            }
          ]
        }
      ],
      "count": 3
    },
    {
      "code": [
        {
          "coding": [
            {
              "system": "http://hl7.org/fhir/sid/icd-10",
              "code": "M25.562",
              "display": "Knee joint pain, left"
            }
          ]
        }
      ],
      "count": 3
    },
    {
      "code": [
        {
          "coding": [
            {
              "system": "http://hl7.org/fhir/sid/icd-10",
              "code": "M25.519",
              "display": "Shoulder pain"
            }
          ]
        }
      ],
      "count": 3
    },
    {
      "code": [
        {
          "coding": [
            {
              "system": "http://hl7.org/fhir/sid/icd-10",
              "code": "K92.2",
              "display": "Acute GI bleeding"
            }
          ]
        }
      ],
      "count": 3
    },
    {
      "code": [
        {
          "coding": [
            {
              "system": "http://hl7.org/fhir/sid/icd-10",
              "code": "Z11.51",
              "display": "Special screening examination for human papillomavirus (HPV)"
            }
          ]
        }
      ],
      "count": 3
    },
    {
      "code": [
        {
          "coding": [
            {
              "system": "http://hl7.org/fhir/sid/icd-10",
              "code": "Z87.19",
              "display": "History of esophageal stricture"
            }
          ]
        }
      ],
      "count": 3
    },
    {
      "code": [
        {
          "coding": [
            {
              "system": "http://hl7.org/fhir/sid/icd-10",
              "code": "R51",
              "display": "Headache(784.0)"
            }
          ]
        }
      ],
      "count": 3
    },
    {
      "code": [
        {
          "coding": [
            {
              "system": "http://hl7.org/fhir/sid/icd-10",
              "code": "R53.81",
              "display": "Other malaise and fatigue"
            }
          ]
        }
      ],
      "count": 3
    },
    {
      "code": [
        {
          "coding": [
            {
              "system": "http://hl7.org/fhir/sid/icd-10",
              "code": "R55",
              "display": "Syncope and collapse"
            }
          ]
        }
      ],
      "count": 3
    },
    {
      "code": [
        {
          "coding": [
            {
              "system": "http://hl7.org/fhir/sid/icd-10",
              "code": "M54.9",
              "display": "Back pain"
            }
          ]
        }
      ],
      "count": 3
    },
    {
      "code": [
        {
          "coding": [
            {
              "system": "http://hl7.org/fhir/sid/icd-10",
              "code": "R42",
              "display": "Vertigo"
            }
          ]
        }
      ],
      "count": 3
    },
    {
      "code": [
        {
          "coding": [
            {
              "system": "http://hl7.org/fhir/sid/icd-10",
              "code": "H04.123",
              "display": "Dry eyes, bilateral"
            }
          ]
        }
      ],
      "count": 3
    },
    {
      "code": [
        {
          "coding": [
            {
              "system": "http://hl7.org/fhir/sid/icd-10",
              "code": "E03.9",
              "display": "Hypothyroidism, unspecified type"
            }
          ]
        }
      ],
      "count": 3
    },
    {
      "code": [
        {
          "coding": [
            {
              "system": "http://hl7.org/fhir/sid/icd-10",
              "code": "I48.91",
              "display": "Atrial fibrillation"
            }
          ]
        }
      ],
      "count": 3
    },
    {
      "code": [
        {
          "coding": [
            {
              "system": "http://hl7.org/fhir/sid/icd-10",
              "code": "I83.90",
              "display": "Varicose veins of lower extremity"
            }
          ]
        }
      ],
      "count": 3
    },
    {
      "code": [
        {
          "coding": [
            {
              "system": "http://hl7.org/fhir/sid/icd-10",
              "code": "J45.901",
              "display": "Asthma exacerbation"
            }
          ]
        }
      ],
      "count": 3
    },
    {
      "code": [
        {
          "coding": [
            {
              "system": "http://hl7.org/fhir/sid/icd-10",
              "code": "M85.80",
              "display": "Osteopenia"
            }
          ]
        }
      ],
      "count": 3
    },
    {
      "code": [
        {
          "coding": [
            {
              "system": "http://hl7.org/fhir/sid/icd-10",
              "code": "M17.0",
              "display": "Osteoarthritis of both knees"
            }
          ]
        }
      ],
      "count": 3
    },
    {
      "code": [
        {
          "coding": [
            {
              "system": "http://hl7.org/fhir/sid/icd-10",
              "code": "M54.5",
              "display": "Low back pain"
            }
          ]
        }
      ],
      "count": 3
    },
    {
      "code": [
        {
          "coding": [
            {
              "system": "http://hl7.org/fhir/sid/icd-10",
              "code": "K62.5",
              "display": "Rectal bleeding"
            }
          ]
        }
      ],
      "count": 3
    },
    {
      "code": [
        {
          "coding": [
            {
              "system": "http://hl7.org/fhir/sid/icd-10",
              "code": "N28.1",
              "display": "Acquired cyst of kidney"
            }
          ]
        }
      ],
      "count": 3
    },
    {
      "code": [
        {
          "coding": [
            {
              "system": "http://hl7.org/fhir/sid/icd-10",
              "code": "N76.0",
              "display": "Vaginitis and vulvovaginitis, unspecified"
            }
          ]
        }
      ],
      "count": 3
    },
    {
      "code": [
        {
          "coding": [
            {
              "system": "http://hl7.org/fhir/sid/icd-10",
              "code": "R73.01",
              "display": "Fasting hyperglycemia"
            }
          ]
        }
      ],
      "count": 3
    },
    {
      "code": [
        {
          "coding": [
            {
              "system": "http://hl7.org/fhir/sid/icd-10",
              "code": "Z01.419",
              "display": "Routine gynecological examination"
            }
          ]
        }
      ],
      "count": 3
    },
    {
      "code": [
        {
          "coding": [
            {
              "system": "http://hl7.org/fhir/sid/icd-10",
              "code": "Z86.79",
              "display": "Personal history of other diseases of circulatory system"
            }
          ]
        }
      ],
      "count": 3
    },
    {
      "code": [
        {
          "coding": [
            {
              "system": "http://hl7.org/fhir/sid/icd-10",
              "code": "Z96.1",
              "display": "Pseudophakia"
            }
          ]
        }
      ],
      "count": 3
    },
    {
      "code": [
        {
          "coding": [
            {
              "system": "http://hl7.org/fhir/sid/icd-10",
              "code": "R09.89",
              "display": "Other dyspnea and respiratory abnormality"
            }
          ]
        }
      ],
      "count": 3
    },
    {
      "code": [
        {
          "coding": [
            {
              "system": "http://hl7.org/fhir/sid/icd-10",
              "code": "Z87.891",
              "display": "Personal history of tobacco use, presenting hazards to health"
            }
          ]
        }
      ],
      "count": 2
    },
    {
      "code": [
        {
          "coding": [
            {
              "system": "http://hl7.org/fhir/sid/icd-10",
              "code": "R53.1",
              "display": "Generalized weakness"
            }
          ]
        }
      ],
      "count": 2
    },
    {
      "code": [
        {
          "coding": [
            {
              "system": "http://hl7.org/fhir/sid/icd-10",
              "code": "R53.82",
              "display": "Chronic fatigue"
            }
          ]
        }
      ],
      "count": 2
    },
    {
      "code": [
        {
          "coding": [
            {
              "system": "http://hl7.org/fhir/sid/icd-10",
              "code": "Z83.3",
              "display": "Family history of diabetes mellitus"
            }
          ]
        }
      ],
      "count": 2
    },
    {
      "code": [
        {
          "coding": [
            {
              "system": "http://hl7.org/fhir/sid/icd-10",
              "code": "R73.03",
              "display": "Prediabetes"
            }
          ]
        }
      ],
      "count": 2
    },
    {
      "code": [
        {
          "coding": [
            {
              "system": "http://hl7.org/fhir/sid/icd-10",
              "code": "N39.0",
              "display": "UTI (lower urinary tract infection)"
            }
          ]
        }
      ],
      "count": 2
    },
    {
      "code": [
        {
          "coding": [
            {
              "system": "http://hl7.org/fhir/sid/icd-10",
              "code": "N40.0",
              "display": "BPH (benign prostatic hypertrophy)"
            }
          ]
        }
      ],
      "count": 2
    },
    {
      "code": [
        {
          "coding": [
            {
              "system": "http://hl7.org/fhir/sid/icd-10",
              "code": "R00.2",
              "display": "Palpitations"
            }
          ]
        }
      ],
      "count": 2
    },
    {
      "code": [
        {
          "coding": [
            {
              "system": "http://hl7.org/fhir/sid/icd-10",
              "code": "R11.0",
              "display": "Nausea"
            }
          ]
        }
      ],
      "count": 2
    },
    {
      "code": [
        {
          "coding": [
            {
              "system": "http://hl7.org/fhir/sid/icd-10",
              "code": "R60.9",
              "display": "Edema"
            }
          ]
        }
      ],
      "count": 2
    },
    {
      "code": [
        {
          "coding": [
            {
              "system": "http://hl7.org/fhir/sid/icd-10",
              "code": "R41.3",
              "display": "Memory loss"
            }
          ]
        }
      ],
      "count": 2
    },
    {
      "code": [
        {
          "coding": [
            {
              "system": "http://hl7.org/fhir/sid/icd-10",
              "code": "L30.8",
              "display": "Papular eczema"
            }
          ]
        }
      ],
      "count": 2
    },
    {
      "code": [
        {
          "coding": [
            {
              "system": "http://hl7.org/fhir/sid/icd-10",
              "code": "N18.6",
              "display": "CKD (chronic kidney disease) stage V requiring chronic dialysis"
            }
          ]
        }
      ],
      "count": 2
    },
    {
      "code": [
        {
          "coding": [
            {
              "system": "http://hl7.org/fhir/sid/icd-10",
              "code": "J44.1",
              "display": "COPD exacerbation"
            }
          ]
        }
      ],
      "count": 2
    },
    {
      "code": [
        {
          "coding": [
            {
              "system": "http://hl7.org/fhir/sid/icd-10",
              "code": "J45.30",
              "display": "Asthma, mild persistent, uncomplicated"
            }
          ]
        }
      ],
      "count": 2
    },
    {
      "code": [
        {
          "coding": [
            {
              "system": "http://hl7.org/fhir/sid/icd-10",
              "code": "J32.9",
              "display": "Chronic sinusitis"
            }
          ]
        }
      ],
      "count": 2
    },
    {
      "code": [
        {
          "coding": [
            {
              "system": "http://hl7.org/fhir/sid/icd-10",
              "code": "K58.1",
              "display": "Irritable bowel syndrome with constipation"
            }
          ]
        }
      ],
      "count": 2
    },
    {
      "code": [
        {
          "coding": [
            {
              "system": "http://hl7.org/fhir/sid/icd-10",
              "code": "K58.9",
              "display": "Irritable bowel syndrome"
            }
          ]
        }
      ],
      "count": 2
    },
    {
      "code": [
        {
          "coding": [
            {
              "system": "http://hl7.org/fhir/sid/icd-10",
              "code": "J20.9",
              "display": "Bronchitis, acute"
            }
          ]
        }
      ],
      "count": 2
    },
    {
      "code": [
        {
          "coding": [
            {
              "system": "http://hl7.org/fhir/sid/icd-10",
              "code": "I50.9",
              "display": "Acute heart failure, unspecified heart failure type"
            }
          ]
        }
      ],
      "count": 2
    },
    {
      "code": [
        {
          "coding": [
            {
              "system": "http://hl7.org/fhir/sid/icd-10",
              "code": "C50.919",
              "display": "Breast cancer"
            }
          ]
        }
      ],
      "count": 2
    },
    {
      "code": [
        {
          "coding": [
            {
              "system": "http://hl7.org/fhir/sid/icd-10",
              "code": "C80.1",
              "display": "Cancer"
            }
          ]
        }
      ],
      "count": 2
    },
    {
      "code": [
        {
          "coding": [
            {
              "system": "http://hl7.org/fhir/sid/icd-10",
              "code": "E79.0",
              "display": "Hyperuricemia"
            }
          ]
        }
      ],
      "count": 2
    },
    {
      "code": [
        {
          "coding": [
            {
              "system": "http://hl7.org/fhir/sid/icd-10",
              "code": "E66.01",
              "display": "Severe obesity (BMI \u003e\u003d 40)"
            }
          ]
        }
      ],
      "count": 2
    },
    {
      "code": [
        {
          "coding": [
            {
              "system": "http://hl7.org/fhir/sid/icd-10",
              "code": "A41.9",
              "display": "Sepsis"
            }
          ]
        }
      ],
      "count": 2
    },
    {
      "code": [
        {
          "coding": [
            {
              "system": "http://hl7.org/fhir/sid/icd-10",
              "code": "B19.20",
              "display": "Hepatitis C"
            }
          ]
        }
      ],
      "count": 2
    },
    {
      "code": [
        {
          "coding": [
            {
              "system": "http://hl7.org/fhir/sid/icd-10",
              "code": "H04.129",
              "display": "Tear film insufficiency, unspecified"
            }
          ]
        }
      ],
      "count": 2
    },
    {
      "code": [
        {
          "coding": [
            {
              "system": "http://hl7.org/fhir/sid/icd-10",
              "code": "G47.00",
              "display": "Insomnia"
            }
          ]
        }
      ],
      "count": 2
    },
    {
      "code": [
        {
          "coding": [
            {
              "system": "http://hl7.org/fhir/sid/icd-10",
              "code": "I25.10",
              "display": "CAD in native artery"
            }
          ]
        }
      ],
      "count": 2
    },
    {
      "code": [
        {
          "coding": [
            {
              "system": "http://hl7.org/fhir/sid/icd-10",
              "code": "E11.620",
              "display": "Necrobiosis lipoidica diabeticorum"
            }
          ]
        }
      ],
      "count": 2
    },
    {
      "code": [
        {
          "coding": [
            {
              "system": "http://hl7.org/fhir/sid/icd-10",
              "code": "R32",
              "display": "Unspecified urinary incontinence"
            }
          ]
        }
      ],
      "count": 2
    },
    {
      "code": [
        {
          "coding": [
            {
              "system": "http://hl7.org/fhir/sid/icd-10",
              "code": "R07.89",
              "display": "Atypical chest pain"
            }
          ]
        }
      ],
      "count": 2
    },
    {
      "code": [
        {
          "coding": [
            {
              "system": "http://hl7.org/fhir/sid/icd-10",
              "code": "R20.9",
              "display": "Disturbance of skin sensation"
            }
          ]
        }
      ],
      "count": 2
    },
    {
      "code": [
        {
          "coding": [
            {
              "system": "http://hl7.org/fhir/sid/icd-10",
              "code": "N18.9",
              "display": "Anemia in CKD (chronic kidney disease)"
            }
          ]
        }
      ],
      "count": 2
    },
    {
      "code": [
        {
          "coding": [
            {
              "system": "http://hl7.org/fhir/sid/icd-10",
              "code": "N52.9",
              "display": "Erectile dysfunction"
            }
          ]
        }
      ],
      "count": 2
    },
    {
      "code": [
        {
          "coding": [
            {
              "system": "http://hl7.org/fhir/sid/icd-10",
              "code": "N91.2",
              "display": "Absence of menstruation"
            }
          ]
        }
      ],
      "count": 2
    },
    {
      "code": [
        {
          "coding": [
            {
              "system": "http://hl7.org/fhir/sid/icd-10",
              "code": "N95.0",
              "display": "Post-menopausal bleeding"
            }
          ]
        }
      ],
      "count": 2
    },
    {
      "code": [
        {
          "coding": [
            {
              "system": "http://hl7.org/fhir/sid/icd-10",
              "code": "R06.02",
              "display": "Shortness of breath"
            }
          ]
        }
      ],
      "count": 2
    },
    {
      "code": [
        {
          "coding": [
            {
              "system": "http://hl7.org/fhir/sid/icd-10",
              "code": "R06.83",
              "display": "Snoring"
            }
          ]
        }
      ],
      "count": 2
    },
    {
      "code": [
        {
          "coding": [
            {
              "system": "http://hl7.org/fhir/sid/icd-10",
              "code": "M79.641",
              "display": "Pain in both hands"
            }
          ]
        }
      ],
      "count": 2
    },
    {
      "code": [
        {
          "coding": [
            {
              "system": "http://hl7.org/fhir/sid/icd-10",
              "code": "N17.9",
              "display": "Acute renal failure, unspecified acute renal failure type"
            }
          ]
        }
      ],
      "count": 2
    },
    {
      "code": [
        {
          "coding": [
            {
              "system": "http://hl7.org/fhir/sid/icd-10",
              "code": "N39.41",
              "display": "Urge incontinence"
            }
          ]
        }
      ],
      "count": 2
    },
    {
      "code": [
        {
          "coding": [
            {
              "system": "http://hl7.org/fhir/sid/icd-10",
              "code": "Z90.710",
              "display": "Acquired absence of both cervix and uterus"
            }
          ]
        }
      ],
      "count": 2
    },
    {
      "code": [
        {
          "coding": [
            {
              "system": "http://hl7.org/fhir/sid/icd-10",
              "code": "Z72.0",
              "display": "Tobacco abuse"
            }
          ]
        }
      ],
      "count": 2
    },
    {
      "code": [
        {
          "coding": [
            {
              "system": "http://hl7.org/fhir/sid/icd-10",
              "code": "Z12.31",
              "display": "Screening for breast cancer"
            }
          ]
        }
      ],
      "count": 2
    },
    {
      "code": [
        {
          "coding": [
            {
              "system": "http://hl7.org/fhir/sid/icd-10",
              "code": "Z23",
              "display": "Need for prophylactic vaccination and inoculation against other viral diseases(V04.89)"
            }
          ]
        }
      ],
      "count": 2
    },
    {
      "code": [
        {
          "coding": [
            {
              "system": "http://hl7.org/fhir/sid/icd-10",
              "code": "Z01.810",
              "display": "Preop cardiovascular exam"
            }
          ]
        }
      ],
      "count": 2
    },
    {
      "code": [
        {
          "coding": [
            {
              "system": "http://hl7.org/fhir/sid/icd-10",
              "code": "Z01.818",
              "display": "Preoperative examination, unspecified"
            }
          ]
        }
      ],
      "count": 2
    },
    {
      "code": [
        {
          "coding": [
            {
              "system": "http://hl7.org/fhir/sid/icd-10",
              "code": "T81.4XXA",
              "display": "Deep incisional surgical site infection"
            }
          ]
        }
      ],
      "count": 2
    },
    {
      "code": [
        {
          "coding": [
            {
              "system": "http://hl7.org/fhir/sid/icd-10",
              "code": "Z95.2",
              "display": "S/P mitral valve replacement"
            }
          ]
        }
      ],
      "count": 2
    },
    {
      "code": [
        {
          "coding": [
            {
              "system": "http://hl7.org/fhir/sid/icd-10",
              "code": "K22.4",
              "display": "Esophageal spasm"
            }
          ]
        }
      ],
      "count": 2
    },
    {
      "code": [
        {
          "coding": [
            {
              "system": "http://hl7.org/fhir/sid/icd-10",
              "code": "M10.9",
              "display": "Gout"
            }
          ]
        }
      ],
      "count": 2
    },
    {
      "code": [
        {
          "coding": [
            {
              "system": "http://hl7.org/fhir/sid/icd-10",
              "code": "I35.0",
              "display": "Mild aortic stenosis"
            }
          ]
        }
      ],
      "count": 2
    },
    {
      "code": [
        {
          "coding": [
            {
              "system": "http://hl7.org/fhir/sid/icd-10",
              "code": "H52.7",
              "display": "Refractive error"
            }
          ]
        }
      ],
      "count": 2
    },
    {
      "code": [
        {
          "coding": [
            {
              "system": "http://hl7.org/fhir/sid/icd-10",
              "code": "J45.40",
              "display": "Moderate persistent asthma without complication"
            }
          ]
        }
      ],
      "count": 2
    },
    {
      "code": [
        {
          "coding": [
            {
              "system": "http://hl7.org/fhir/sid/icd-10",
              "code": "J45.51",
              "display": "Severe persistent asthma with acute exacerbation"
            }
          ]
        }
      ],
      "count": 2
    },
    {
      "code": [
        {
          "coding": [
            {
              "system": "http://hl7.org/fhir/sid/icd-10",
              "code": "J18.9",
              "display": "Pneumonia, organism unspecified(486)"
            }
          ]
        }
      ],
      "count": 2
    },
    {
      "code": [
        {
          "coding": [
            {
              "system": "http://hl7.org/fhir/sid/icd-10",
              "code": "I71.4",
              "display": "Abdominal aortic aneurysm"
            }
          ]
        }
      ],
      "count": 2
    },
    {
      "code": [
        {
          "coding": [
            {
              "system": "http://hl7.org/fhir/sid/icd-10",
              "code": "H52.10",
              "display": "Myopia with astigmatism and presbyopia"
            }
          ]
        }
      ],
      "count": 2
    },
    {
      "code": [
        {
          "coding": [
            {
              "system": "http://hl7.org/fhir/sid/icd-10",
              "code": "IMO0001",
              "display": "Adopted child"
            }
          ]
        }
      ],
      "count": 2
    },
    {
      "code": [
        {
          "coding": [
            {
              "system": "http://hl7.org/fhir/sid/icd-10",
              "code": "H40.053",
              "display": "Ocular hypertension, bilateral"
            }
          ]
        }
      ],
      "count": 2
    },
    {
      "code": [
        {
          "coding": [
            {
              "system": "http://hl7.org/fhir/sid/icd-10",
              "code": "F41.1",
              "display": "Generalized anxiety disorder"
            }
          ]
        }
      ],
      "count": 2
    },
    {
      "code": [
        {
          "coding": [
            {
              "system": "http://hl7.org/fhir/sid/icd-10",
              "code": "G56.20",
              "display": "Ulnar nerve abnormality"
            }
          ]
        }
      ],
      "count": 2
    },
    {
      "code": [
        {
          "coding": [
            {
              "system": "http://hl7.org/fhir/sid/icd-10",
              "code": "D57.1",
              "display": "Sickle cell disease homozygous for hemoglobin S"
            }
          ]
        }
      ],
      "count": 2
    },
    {
      "code": [
        {
          "coding": [
            {
              "system": "http://hl7.org/fhir/sid/icd-10",
              "code": "E66.3",
              "display": "Overweight(278.02)"
            }
          ]
        }
      ],
      "count": 2
    },
    {
      "code": [
        {
          "coding": [
            {
              "system": "http://hl7.org/fhir/sid/icd-10",
              "code": "F19.10",
              "display": "Polysubstance abuse"
            }
          ]
        }
      ],
      "count": 2
    },
    {
      "code": [
        {
          "coding": [
            {
              "system": "http://hl7.org/fhir/sid/icd-10",
              "code": "F31.70",
              "display": "Bipolar disorder in remission"
            }
          ]
        }
      ],
      "count": 2
    }
  ],
  "meta": {
    "tag": [
      {
        "system": "http://hl7.org/fhir/v3/ActReason",
        "code": "HTEST",
        "display": "test health data"
      }
    ]
  }
}