{
  "resourceType": "ClinicalProfile",
  "id": "jhu-asthma-profile-24-labs",
  "text": {
    "status": "generated",
    "div": "\u003cdiv xmlns\u003d\"http://www.w3.org/1999/xhtml\"\u003e\n\t\t\t\u003cp\u003eSelected laboratory tests for Male,Female, Black or African American patients aged 65-80 seen as either outpatients or inpatients at Johns Hopkins Hospital, JHCP, and Bayview between 3/1/2016 and 3/1/2018 having a diagnosis of asthma recorded on the problem list or as an encounter diagnosis.\n\t\t\t\u003c/p\u003e\n\t\t\u003c/div\u003e"
  },
  "identifier": [
    {
      "value": "urn:uuid:E4359507-FA2A-AA14-840CB3C014701099"
    }
  ],
  "status": "draft",
  "population": {
    "reference": "Group/asthma-population-jhu1"
  },
  "cohort": {
    "reference": "Group/asthma-sample-24-cohort-jhu1"
  },
  "date": "2018-09-11T15:06:00Z",
  "source": [
    {
      "value": "http://ictrweb.johnshopkins.edu/ictr/synthetic/includes/clinical_profiles.cfm"
    }
  ],
  "reporter": {
    "reference": "Organization/JHM",
    "type": "Organization",
    "display": "Johns Hopkins School of Medicine"
  },
  "lab": [
    {
      "code": [
        {
          "coding": [
            {
              "system": "http://loinc.org",
              "code": "2345-7",
              "display": "Glucose [Mass/volume] in Serum or Plasma"
            }
          ]
        }
      ],
      "count": 11782,
      "frequencyPerYear": 3.6186,
      "fractionOfSubjects": 0.7881,
      "scalarDistribution": {
        "units": {
          "unit": "mg/dL",
          "system": "http://unitsofmeasure.org",
          "code": "mg/dL"
        },
        "min": 21,
        "max": 839,
        "mean": 132.54,
        "median": 111,
        "stdDev": 63.26,
        "decile": [
          {
            "nth": 10,
            "value": 84
          },
          {
            "nth": 20,
            "value": 91
          },
          {
            "nth": 30,
            "value": 97
          },
          {
            "nth": 40,
            "value": 103
          },
          {
            "nth": 50,
            "value": 111
          },
          {
            "nth": 60,
            "value": 123
          },
          {
            "nth": 70,
            "value": 139
          },
          {
            "nth": 80,
            "value": 164
          },
          {
            "nth": 90,
            "value": 208
          }
        ],
        "normalizedHigh": 106,
        "normalizedLow": 74,
        "fractionAboveNormal": 0.56,
        "fractionBelowNormal": 0.03
      }
    },
    {
      "code": [
        {
          "coding": [
            {
              "system": "http://loinc.org",
              "code": "2339-0",
              "display": "Glucose [Mass/volume] in Blood"
            }
          ]
        }
      ],
      "count": 841,
      "frequencyPerYear": 0.2583,
      "fractionOfSubjects": 0.0731,
      "scalarDistribution": {
        "units": {
          "unit": "mg/dL",
          "system": "http://unitsofmeasure.org",
          "code": "mg/dL"
        },
        "min": 38,
        "max": 686,
        "mean": 132.29,
        "median": 111,
        "stdDev": 63.41,
        "decile": [
          {
            "nth": 10,
            "value": 85
          },
          {
            "nth": 20,
            "value": 92
          },
          {
            "nth": 30,
            "value": 98
          },
          {
            "nth": 40,
            "value": 105
          },
          {
            "nth": 50,
            "value": 111
          },
          {
            "nth": 60,
            "value": 120
          },
          {
            "nth": 70,
            "value": 137
          },
          {
            "nth": 80,
            "value": 156
          },
          {
            "nth": 90,
            "value": 210
          }
        ]
      }
    },
    {
      "code": [
        {
          "coding": [
            {
              "system": "http://loinc.org",
              "code": "14749-6",
              "display": "Glucose [Moles/volume] in Serum or Plasma"
            }
          ]
        }
      ],
      "count": 254,
      "frequencyPerYear": 0.0780,
      "fractionOfSubjects": 0.0319,
      "scalarDistribution": {
        "units": {
          "unit": "mg/dL",
          "system": "http://unitsofmeasure.org",
          "code": "mg/dL"
        },
        "min": 38,
        "max": 520,
        "mean": 123.81,
        "median": 108,
        "stdDev": 58.95,
        "decile": [
          {
            "nth": 10,
            "value": 81
          },
          {
            "nth": 20,
            "value": 90
          },
          {
            "nth": 30,
            "value": 95
          },
          {
            "nth": 40,
            "value": 101
          },
          {
            "nth": 50,
            "value": 108
          },
          {
            "nth": 60,
            "value": 115
          },
          {
            "nth": 70,
            "value": 126
          },
          {
            "nth": 80,
            "value": 152
          },
          {
            "nth": 90,
            "value": 170
          }
        ],
        "normalizedHigh": 99,
        "normalizedLow": 60,
        "fractionAboveNormal": 0.62,
        "fractionBelowNormal": 0.02
      }
    },
    {
      "code": [
        {
          "coding": [
            {
              "system": "http://loinc.org",
              "code": "39789-3",
              "display": "Potassium [Moles/volume] in Venous blood"
            }
          ]
        }
      ],
      "count": 11490,
      "frequencyPerYear": 3.5289,
      "fractionOfSubjects": 0.7334,
      "scalarDistribution": {
        "units": {
          "unit": "mmol/L",
          "system": "http://unitsofmeasure.org",
          "code": "mmol/L"
        },
        "min": 2.50,
        "max": 7.50,
        "mean": 4.22,
        "median": 4.20,
        "stdDev": 0.56,
        "decile": [
          {
            "nth": 10,
            "value": 3.60
          },
          {
            "nth": 20,
            "value": 3.80
          },
          {
            "nth": 30,
            "value": 3.90
          },
          {
            "nth": 40,
            "value": 4.10
          },
          {
            "nth": 50,
            "value": 4.20
          },
          {
            "nth": 60,
            "value": 4.30
          },
          {
            "nth": 70,
            "value": 4.50
          },
          {
            "nth": 80,
            "value": 4.60
          },
          {
            "nth": 90,
            "value": 4.90
          }
        ]
      }
    },
    {
      "code": [
        {
          "coding": [
            {
              "system": "http://loinc.org",
              "code": "2823-3",
              "display": "Potassium [Moles/volume] in Serum or Plasma"
            }
          ]
        }
      ],
      "count": 926,
      "frequencyPerYear": 0.2844,
      "fractionOfSubjects": 0.1843,
      "scalarDistribution": {
        "units": {
          "unit": "mmol/L",
          "system": "http://unitsofmeasure.org",
          "code": "mmol/L"
        },
        "min": 2.90,
        "max": 6.40,
        "mean": 4.24,
        "median": 4.20,
        "stdDev": 0.45,
        "decile": [
          {
            "nth": 10,
            "value": 3.70
          },
          {
            "nth": 20,
            "value": 3.90
          },
          {
            "nth": 30,
            "value": 4
          },
          {
            "nth": 40,
            "value": 4.10
          },
          {
            "nth": 50,
            "value": 4.20
          },
          {
            "nth": 60,
            "value": 4.30
          },
          {
            "nth": 70,
            "value": 4.40
          },
          {
            "nth": 80,
            "value": 4.60
          },
          {
            "nth": 90,
            "value": 4.80
          }
        ],
        "normalizedHigh": 5.2,
        "normalizedLow": 3.5,
        "fractionAboveNormal": 0.03,
        "fractionBelowNormal": 0.03
      }
    },
    {
      "code": [
        {
          "coding": [
            {
              "system": "http://loinc.org",
              "code": "17861-6",
              "display": "Calcium [Mass/volume] in Serum or Plasma"
            }
          ]
        }
      ],
      "count": 12534,
      "frequencyPerYear": 3.8495,
      "fractionOfSubjects": 0.8237,
      "scalarDistribution": {
        "units": {
          "unit": "mg/dL",
          "system": "http://unitsofmeasure.org",
          "code": "mg/dL"
        },
        "min": 5.20,
        "max": 16.60,
        "mean": 8.99,
        "median": 9,
        "stdDev": 0.73,
        "decile": [
          {
            "nth": 10,
            "value": 8.10
          },
          {
            "nth": 20,
            "value": 8.40
          },
          {
            "nth": 30,
            "value": 8.70
          },
          {
            "nth": 40,
            "value": 8.90
          },
          {
            "nth": 50,
            "value": 9
          },
          {
            "nth": 60,
            "value": 9.20
          },
          {
            "nth": 70,
            "value": 9.40
          },
          {
            "nth": 80,
            "value": 9.60
          },
          {
            "nth": 90,
            "value": 9.80
          }
        ],
        "normalizedHigh": 10.5,
        "normalizedLow": 9,
        "fractionAboveNormal": 0.01,
        "fractionBelowNormal": 0.45
      }
    },
    {
      "code": [
        {
          "coding": [
            {
              "system": "http://loinc.org",
              "code": "2000-8",
              "display": "Calcium [Moles/volume] in Serum or Plasma"
            }
          ]
        }
      ],
      "count": 254,
      "frequencyPerYear": 0.0780,
      "fractionOfSubjects": 0.0319,
      "scalarDistribution": {
        "units": {
          "unit": "mg/dL",
          "system": "http://unitsofmeasure.org",
          "code": "mg/dL"
        },
        "min": 6.30,
        "max": 11.50,
        "mean": 8.70,
        "median": 8.90,
        "stdDev": 0.85,
        "decile": [
          {
            "nth": 10,
            "value": 7.30
          },
          {
            "nth": 20,
            "value": 8
          },
          {
            "nth": 30,
            "value": 8.50
          },
          {
            "nth": 40,
            "value": 8.70
          },
          {
            "nth": 50,
            "value": 8.90
          },
          {
            "nth": 60,
            "value": 9
          },
          {
            "nth": 70,
            "value": 9.20
          },
          {
            "nth": 80,
            "value": 9.30
          },
          {
            "nth": 90,
            "value": 9.60
          }
        ],
        "normalizedHigh": 10.4,
        "normalizedLow": 8.5,
        "fractionAboveNormal": 0.01,
        "fractionBelowNormal": 0.29
      }
    },
    {
      "code": [
        {
          "coding": [
            {
              "system": "http://loinc.org",
              "code": "12962-7",
              "display": "Urea nitrogen [Mass/volume] in Venous blood"
            }
          ]
        }
      ],
      "count": 11718,
      "frequencyPerYear": 3.5989,
      "fractionOfSubjects": 0.7389,
      "scalarDistribution": {
        "units": {
          "unit": "mg/dL",
          "system": "http://unitsofmeasure.org",
          "code": "mg/dL"
        },
        "min": 2,
        "max": 178,
        "mean": 26.62,
        "median": 20,
        "stdDev": 19.03,
        "decile": [
          {
            "nth": 10,
            "value": 11
          },
          {
            "nth": 20,
            "value": 13
          },
          {
            "nth": 30,
            "value": 15
          },
          {
            "nth": 40,
            "value": 17
          },
          {
            "nth": 50,
            "value": 20
          },
          {
            "nth": 60,
            "value": 24
          },
          {
            "nth": 70,
            "value": 29
          },
          {
            "nth": 80,
            "value": 37
          },
          {
            "nth": 90,
            "value": 53
          }
        ]
      }
    },
    {
      "code": [
        {
          "coding": [
            {
              "system": "http://loinc.org",
              "code": "3094-0",
              "display": "Urea nitrogen [Mass/volume] in Serum or Plasma"
            }
          ]
        }
      ],
      "count": 923,
      "frequencyPerYear": 0.2835,
      "fractionOfSubjects": 0.1843,
      "scalarDistribution": {
        "units": {
          "unit": "mg/dL",
          "system": "http://unitsofmeasure.org",
          "code": "mg/dL"
        },
        "min": 5,
        "max": 135,
        "mean": 25.26,
        "median": 18,
        "stdDev": 20.80,
        "decile": [
          {
            "nth": 10,
            "value": 11
          },
          {
            "nth": 20,
            "value": 13
          },
          {
            "nth": 30,
            "value": 15
          },
          {
            "nth": 40,
            "value": 16
          },
          {
            "nth": 50,
            "value": 18
          },
          {
            "nth": 60,
            "value": 21
          },
          {
            "nth": 70,
            "value": 24
          },
          {
            "nth": 80,
            "value": 30
          },
          {
            "nth": 90,
            "value": 49
          }
        ],
        "normalizedHigh": 25,
        "normalizedLow": 7,
        "fractionAboveNormal": 0.27,
        "fractionBelowNormal": 0.01
      }
    },
    {
      "code": [
        {
          "coding": [
            {
              "system": "http://loinc.org",
              "code": "2951-2",
              "display": "Sodium [Moles/volume] in Serum or Plasma"
            }
          ]
        }
      ],
      "count": 12632,
      "frequencyPerYear": 3.8796,
      "fractionOfSubjects": 0.8262,
      "scalarDistribution": {
        "units": {
          "unit": "mmol/L",
          "system": "http://unitsofmeasure.org",
          "code": "mmol/L"
        },
        "min": 119,
        "max": 158,
        "mean": 140.17,
        "median": 140,
        "stdDev": 3.80,
        "decile": [
          {
            "nth": 10,
            "value": 136
          },
          {
            "nth": 20,
            "value": 137
          },
          {
            "nth": 30,
            "value": 139
          },
          {
            "nth": 40,
            "value": 140
          },
          {
            "nth": 50,
            "value": 140
          },
          {
            "nth": 60,
            "value": 141
          },
          {
            "nth": 70,
            "value": 142
          },
          {
            "nth": 80,
            "value": 143
          },
          {
            "nth": 90,
            "value": 144
          }
        ],
        "normalizedHigh": 145,
        "normalizedLow": 136,
        "fractionAboveNormal": 0.06,
        "fractionBelowNormal": 0.10
      }
    },
    {
      "code": [
        {
          "coding": [
            {
              "system": "http://loinc.org",
              "code": "48642-3",
              "display": "Glomerular filtration rate/1.73 sq M predicted among non-blacks [Volume Rate/Area] in Serum or Plasma by Creatinine-based formula (MDRD)"
            }
          ]
        }
      ],
      "count": 8346,
      "frequencyPerYear": 2.5633,
      "fractionOfSubjects": 0.5350,
      "scalarDistribution": {
        "units": {
          "unit": "mL/min/1.73 sqm",
          "system": "http://unitsofmeasure.org",
          "code": "mL/min/1.73 sqm"
        },
        "min": 2,
        "max": 102,
        "mean": 35.61,
        "median": 37,
        "stdDev": 15.68,
        "decile": [
          {
            "nth": 10,
            "value": 13
          },
          {
            "nth": 20,
            "value": 21
          },
          {
            "nth": 30,
            "value": 26
          },
          {
            "nth": 40,
            "value": 31
          },
          {
            "nth": 50,
            "value": 37
          },
          {
            "nth": 60,
            "value": 41
          },
          {
            "nth": 70,
            "value": 45
          },
          {
            "nth": 80,
            "value": 50
          },
          {
            "nth": 90,
            "value": 55
          }
        ]
      }
    },
    {
      "code": [
        {
          "coding": [
            {
              "system": "http://loinc.org",
              "code": "33914-3",
              "display": "Glomerular filtration rate/1.73 sq M.predicted [Volume Rate/Area] in Serum or Plasma by Creatinine-based formula (MDRD)"
            }
          ]
        }
      ],
      "count": 326,
      "frequencyPerYear": 0.1001,
      "fractionOfSubjects": 0.0811,
      "scalarDistribution": {
        "units": {
          "unit": "mL/min/1.73m2",
          "system": "http://unitsofmeasure.org",
          "code": "mL/min/1.73m2"
        },
        "min": 8,
        "max": 98,
        "mean": 58.71,
        "median": 61,
        "stdDev": 21.84,
        "decile": [
          {
            "nth": 10,
            "value": 25
          },
          {
            "nth": 20,
            "value": 36
          },
          {
            "nth": 30,
            "value": 50
          },
          {
            "nth": 40,
            "value": 57
          },
          {
            "nth": 50,
            "value": 61
          },
          {
            "nth": 60,
            "value": 66
          },
          {
            "nth": 70,
            "value": 72
          },
          {
            "nth": 80,
            "value": 78
          },
          {
            "nth": 90,
            "value": 86
          }
        ]
      }
    },
    {
      "code": [
        {
          "coding": [
            {
              "system": "http://loinc.org",
              "code": "62238-1",
              "display": "Glomerular filtration rate/1.73 sq M.predicted [Volume Rate/Area] in Serum or Plasma by Creatinine-based formula (CKD-EPI)"
            }
          ]
        }
      ],
      "count": 39,
      "frequencyPerYear": 0.0120,
      "fractionOfSubjects": 0.0203,
      "scalarDistribution": {
        "units": {
          "unit": "mL/min/1.73m2",
          "system": "http://unitsofmeasure.org",
          "code": "mL/min/1.73m2"
        },
        "min": 28,
        "max": 103,
        "mean": 60.56,
        "median": 59,
        "stdDev": 19.10,
        "decile": [
          {
            "nth": 10,
            "value": 34
          },
          {
            "nth": 20,
            "value": 41
          },
          {
            "nth": 30,
            "value": 48
          },
          {
            "nth": 40,
            "value": 54
          },
          {
            "nth": 50,
            "value": 59
          },
          {
            "nth": 60,
            "value": 66
          },
          {
            "nth": 70,
            "value": 71
          },
          {
            "nth": 80,
            "value": 75
          },
          {
            "nth": 90,
            "value": 83
          }
        ]
      }
    },
    {
      "code": [
        {
          "coding": [
            {
              "system": "http://loinc.org",
              "code": "48643-1",
              "display": "Glomerular filtration rate/1.73 sq M predicted among blacks [Volume Rate/Area] in Serum or Plasma by Creatinine-based formula (MDRD)"
            }
          ]
        }
      ],
      "count": 7248,
      "frequencyPerYear": 2.2260,
      "fractionOfSubjects": 0.4828,
      "scalarDistribution": {
        "units": {
          "unit": "mL/min/1.73m2",
          "system": "http://unitsofmeasure.org",
          "code": "mL/min/1.73m2"
        },
        "min": 2,
        "max": 117,
        "mean": 39.44,
        "median": 39,
        "stdDev": 18.50,
        "decile": [
          {
            "nth": 10,
            "value": 14
          },
          {
            "nth": 20,
            "value": 23
          },
          {
            "nth": 30,
            "value": 29
          },
          {
            "nth": 40,
            "value": 34
          },
          {
            "nth": 50,
            "value": 39
          },
          {
            "nth": 60,
            "value": 45
          },
          {
            "nth": 70,
            "value": 49
          },
          {
            "nth": 80,
            "value": 54
          },
          {
            "nth": 90,
            "value": 59
          }
        ]
      }
    },
    {
      "code": [
        {
          "coding": [
            {
              "system": "http://loinc.org",
              "code": "62238-1",
              "display": "Glomerular filtration rate/1.73 sq M.predicted [Volume Rate/Area] in Serum or Plasma by Creatinine-based formula (CKD-EPI)"
            }
          ]
        }
      ],
      "count": 39,
      "frequencyPerYear": 0.0120,
      "fractionOfSubjects": 0.0203,
      "scalarDistribution": {
        "units": {
          "unit": "mL/min/1.73m2",
          "system": "http://unitsofmeasure.org",
          "code": "mL/min/1.73m2"
        },
        "min": 33,
        "max": 118,
        "mean": 69.95,
        "median": 68,
        "stdDev": 21.84,
        "decile": [
          {
            "nth": 10,
            "value": 40
          },
          {
            "nth": 20,
            "value": 47
          },
          {
            "nth": 30,
            "value": 55
          },
          {
            "nth": 40,
            "value": 63
          },
          {
            "nth": 50,
            "value": 68
          },
          {
            "nth": 60,
            "value": 76
          },
          {
            "nth": 70,
            "value": 82
          },
          {
            "nth": 80,
            "value": 86
          },
          {
            "nth": 90,
            "value": 95
          }
        ]
      }
    },
    {
      "code": [
        {
          "coding": [
            {
              "system": "http://loinc.org",
              "code": "4544-3",
              "display": "Hematocrit [Volume Fraction] of Blood by Automated count"
            }
          ]
        }
      ],
      "count": 10324,
      "frequencyPerYear": 3.1708,
      "fractionOfSubjects": 0.7733,
      "scalarDistribution": {
        "units": {
          "unit": "%",
          "system": "http://unitsofmeasure.org",
          "code": "%"
        },
        "min": 11.50,
        "max": 64.30,
        "mean": 33.16,
        "median": 33.30,
        "stdDev": 6.52,
        "decile": [
          {
            "nth": 10,
            "value": 24.30
          },
          {
            "nth": 20,
            "value": 26.90
          },
          {
            "nth": 30,
            "value": 29.20
          },
          {
            "nth": 40,
            "value": 31.40
          },
          {
            "nth": 50,
            "value": 33.30
          },
          {
            "nth": 60,
            "value": 35.30
          },
          {
            "nth": 70,
            "value": 37.10
          },
          {
            "nth": 80,
            "value": 39
          },
          {
            "nth": 90,
            "value": 41.50
          }
        ],
        "normalizedHigh": 46.6,
        "normalizedLow": 34.0,
        "fractionAboveNormal": 0.01,
        "fractionBelowNormal": 0.53
      }
    },
    {
      "code": [
        {
          "coding": [
            {
              "system": "http://loinc.org",
              "code": "33256-9",
              "display": "Leukocytes [#/volume] corrected for nucleated erythrocytes in Blood by Automated count"
            }
          ]
        }
      ],
      "count": 9549,
      "frequencyPerYear": 2.9327,
      "fractionOfSubjects": 0.7002,
      "scalarDistribution": {
        "units": {
          "unit": "K/cu mm",
          "system": "http://unitsofmeasure.org",
          "code": "K/cu mm"
        },
        "min": 0.06,
        "max": 354.03,
        "mean": 8.86,
        "median": 7.42,
        "stdDev": 8.09,
        "decile": [
          {
            "nth": 10,
            "value": 4.10
          },
          {
            "nth": 20,
            "value": 5.11
          },
          {
            "nth": 30,
            "value": 5.92
          },
          {
            "nth": 40,
            "value": 6.65
          },
          {
            "nth": 50,
            "value": 7.42
          },
          {
            "nth": 60,
            "value": 8.34
          },
          {
            "nth": 70,
            "value": 9.50
          },
          {
            "nth": 80,
            "value": 11.27
          },
          {
            "nth": 90,
            "value": 14.36
          }
        ]
      }
    },
    {
      "code": [
        {
          "coding": [
            {
              "system": "http://loinc.org",
              "code": "6690-2",
              "display": "Leukocytes [#/volume] in Blood by Automated count"
            }
          ]
        }
      ],
      "count": 731,
      "frequencyPerYear": 0.2245,
      "fractionOfSubjects": 0.1523,
      "scalarDistribution": {
        "units": {
          "unit": "x10E3/uL",
          "system": "http://unitsofmeasure.org",
          "code": "x10E3/uL"
        },
        "min": 1.10,
        "max": 41.23,
        "mean": 7.40,
        "median": 6.40,
        "stdDev": 4.27,
        "decile": [
          {
            "nth": 10,
            "value": 3.80
          },
          {
            "nth": 20,
            "value": 4.50
          },
          {
            "nth": 30,
            "value": 5.10
          },
          {
            "nth": 40,
            "value": 5.60
          },
          {
            "nth": 50,
            "value": 6.40
          },
          {
            "nth": 60,
            "value": 7
          },
          {
            "nth": 70,
            "value": 8.10
          },
          {
            "nth": 80,
            "value": 9.40
          },
          {
            "nth": 90,
            "value": 12.05
          }
        ],
        "normalizedHigh": 10.8,
        "normalizedLow": 3.4,
        "fractionAboveNormal": 0.14,
        "fractionBelowNormal": 0.06
      }
    },
    {
      "code": [
        {
          "coding": [
            {
              "system": "http://loinc.org",
              "code": "718-7",
              "display": "Hemoglobin [Mass/volume] in Blood"
            }
          ]
        }
      ],
      "count": 10259,
      "frequencyPerYear": 3.1508,
      "fractionOfSubjects": 0.7721,
      "scalarDistribution": {
        "units": {
          "unit": "g/dL",
          "system": "http://unitsofmeasure.org",
          "code": "g/dL"
        },
        "min": 3.60,
        "max": 18,
        "mean": 10.62,
        "median": 10.60,
        "stdDev": 2.16,
        "decile": [
          {
            "nth": 10,
            "value": 7.70
          },
          {
            "nth": 20,
            "value": 8.50
          },
          {
            "nth": 30,
            "value": 9.30
          },
          {
            "nth": 40,
            "value": 10
          },
          {
            "nth": 50,
            "value": 10.60
          },
          {
            "nth": 60,
            "value": 11.30
          },
          {
            "nth": 70,
            "value": 11.90
          },
          {
            "nth": 80,
            "value": 12.60
          },
          {
            "nth": 90,
            "value": 13.50
          }
        ],
        "normalizedHigh": 16.0,
        "normalizedLow": 12.0,
        "fractionAboveNormal": 0.00,
        "fractionBelowNormal": 0.71
      }
    },
    {
      "code": [
        {
          "coding": [
            {
              "system": "http://loinc.org",
              "code": "777-3",
              "display": "Platelets [#/volume] in Blood by Automated count"
            }
          ]
        }
      ],
      "count": 10238,
      "frequencyPerYear": 3.1443,
      "fractionOfSubjects": 0.7703,
      "scalarDistribution": {
        "units": {
          "unit": "x10E3/uL",
          "system": "http://unitsofmeasure.org",
          "code": "x10E3/uL"
        },
        "min": 5,
        "max": 1026,
        "mean": 233.91,
        "median": 223,
        "stdDev": 99.77,
        "decile": [
          {
            "nth": 10,
            "value": 119
          },
          {
            "nth": 20,
            "value": 159
          },
          {
            "nth": 30,
            "value": 185
          },
          {
            "nth": 40,
            "value": 204
          },
          {
            "nth": 50,
            "value": 223
          },
          {
            "nth": 60,
            "value": 245
          },
          {
            "nth": 70,
            "value": 270
          },
          {
            "nth": 80,
            "value": 302
          },
          {
            "nth": 90,
            "value": 355
          }
        ],
        "normalizedHigh": 396,
        "normalizedLow": 140,
        "fractionAboveNormal": 0.05,
        "fractionBelowNormal": 0.14
      }
    },
    {
      "code": [
        {
          "coding": [
            {
              "system": "http://loinc.org",
              "code": "789-8",
              "display": "Erythrocytes [#/volume] in Blood by Automated count"
            }
          ]
        }
      ],
      "count": 10265,
      "frequencyPerYear": 3.1526,
      "fractionOfSubjects": 0.7721,
      "scalarDistribution": {
        "units": {
          "unit": "x10E6/uL",
          "system": "http://unitsofmeasure.org",
          "code": "x10E6/uL"
        },
        "min": 1.18,
        "max": 8.34,
        "mean": 3.76,
        "median": 3.79,
        "stdDev": 0.80,
        "decile": [
          {
            "nth": 10,
            "value": 2.69
          },
          {
            "nth": 20,
            "value": 3.02
          },
          {
            "nth": 30,
            "value": 3.30
          },
          {
            "nth": 40,
            "value": 3.56
          },
          {
            "nth": 50,
            "value": 3.79
          },
          {
            "nth": 60,
            "value": 3.99
          },
          {
            "nth": 70,
            "value": 4.21
          },
          {
            "nth": 80,
            "value": 4.45
          },
          {
            "nth": 90,
            "value": 4.78
          }
        ],
        "normalizedHigh": 5.28,
        "normalizedLow": 3.77,
        "fractionAboveNormal": 0.03,
        "fractionBelowNormal": 0.49
      }
    },
    {
      "code": [
        {
          "coding": [
            {
              "system": "http://loinc.org",
              "code": "787-2",
              "display": "Erythrocyte mean corpuscular volume [Entitic volume] by Automated count"
            }
          ]
        }
      ],
      "count": 10263,
      "frequencyPerYear": 3.1520,
      "fractionOfSubjects": 0.7721,
      "scalarDistribution": {
        "units": {
          "unit": "fL",
          "system": "http://unitsofmeasure.org",
          "code": "fL"
        },
        "min": 61.70,
        "max": 121.90,
        "mean": 88.78,
        "median": 89.30,
        "stdDev": 7.37,
        "decile": [
          {
            "nth": 10,
            "value": 79
          },
          {
            "nth": 20,
            "value": 83
          },
          {
            "nth": 30,
            "value": 85.60
          },
          {
            "nth": 40,
            "value": 87.50
          },
          {
            "nth": 50,
            "value": 89.30
          },
          {
            "nth": 60,
            "value": 90.90
          },
          {
            "nth": 70,
            "value": 92.60
          },
          {
            "nth": 80,
            "value": 94.50
          },
          {
            "nth": 90,
            "value": 97.30
          }
        ],
        "normalizedHigh": 97,
        "normalizedLow": 79,
        "fractionAboveNormal": 0.11,
        "fractionBelowNormal": 0.10
      }
    },
    {
      "code": [
        {
          "coding": [
            {
              "system": "http://loinc.org",
              "code": "786-4",
              "display": "Erythrocyte mean corpuscular hemoglobin concentration [Mass/volume] by Automated count"
            }
          ]
        }
      ],
      "count": 10217,
      "frequencyPerYear": 3.1379,
      "fractionOfSubjects": 0.7721,
      "scalarDistribution": {
        "units": {
          "unit": "g/dL",
          "system": "http://unitsofmeasure.org",
          "code": "g/dL"
        },
        "min": 24.20,
        "max": 36.90,
        "mean": 31.99,
        "median": 32,
        "stdDev": 1.38,
        "decile": [
          {
            "nth": 10,
            "value": 30.20
          },
          {
            "nth": 20,
            "value": 30.90
          },
          {
            "nth": 30,
            "value": 31.30
          },
          {
            "nth": 40,
            "value": 31.70
          },
          {
            "nth": 50,
            "value": 32
          },
          {
            "nth": 60,
            "value": 32.30
          },
          {
            "nth": 70,
            "value": 32.70
          },
          {
            "nth": 80,
            "value": 33.10
          },
          {
            "nth": 90,
            "value": 33.70
          }
        ],
        "normalizedHigh": 35.7,
        "normalizedLow": 31.5,
        "fractionAboveNormal": 0.00,
        "fractionBelowNormal": 0.34
      }
    },
    {
      "code": [
        {
          "coding": [
            {
              "system": "http://loinc.org",
              "code": "785-6",
              "display": "Erythrocyte mean corpuscular hemoglobin [Entitic mass] by Automated count"
            }
          ]
        }
      ],
      "count": 10191,
      "frequencyPerYear": 3.1299,
      "fractionOfSubjects": 0.7721,
      "scalarDistribution": {
        "units": {
          "unit": "pg",
          "system": "http://unitsofmeasure.org",
          "code": "pg"
        },
        "min": 15.50,
        "max": 40.40,
        "mean": 28.41,
        "median": 28.60,
        "stdDev": 2.74,
        "decile": [
          {
            "nth": 10,
            "value": 24.70
          },
          {
            "nth": 20,
            "value": 26.30
          },
          {
            "nth": 30,
            "value": 27.30
          },
          {
            "nth": 40,
            "value": 28.10
          },
          {
            "nth": 50,
            "value": 28.60
          },
          {
            "nth": 60,
            "value": 29.20
          },
          {
            "nth": 70,
            "value": 29.80
          },
          {
            "nth": 80,
            "value": 30.60
          },
          {
            "nth": 90,
            "value": 31.60
          }
        ],
        "normalizedHigh": 33.0,
        "normalizedLow": 26.6,
        "fractionAboveNormal": 0.03,
        "fractionBelowNormal": 0.23
      }
    },
    {
      "code": [
        {
          "coding": [
            {
              "system": "http://loinc.org",
              "code": "788-0",
              "display": "Erythrocyte distribution width [Ratio] by Automated count"
            }
          ]
        }
      ],
      "count": 10101,
      "frequencyPerYear": 3.1023,
      "fractionOfSubjects": 0.7721,
      "scalarDistribution": {
        "units": {
          "unit": "%",
          "system": "http://unitsofmeasure.org",
          "code": "%"
        },
        "min": 11,
        "max": 33.10,
        "mean": 15.76,
        "median": 15.10,
        "stdDev": 2.64,
        "decile": [
          {
            "nth": 10,
            "value": 13.20
          },
          {
            "nth": 20,
            "value": 13.70
          },
          {
            "nth": 30,
            "value": 14.20
          },
          {
            "nth": 40,
            "value": 14.60
          },
          {
            "nth": 50,
            "value": 15.10
          },
          {
            "nth": 60,
            "value": 15.70
          },
          {
            "nth": 70,
            "value": 16.40
          },
          {
            "nth": 80,
            "value": 17.40
          },
          {
            "nth": 90,
            "value": 19.40
          }
        ],
        "normalizedHigh": 15.4,
        "normalizedLow": 12.3,
        "fractionAboveNormal": 0.44,
        "fractionBelowNormal": 0.02
      }
    },
    {
      "code": [
        {
          "coding": [
            {
              "system": "http://loinc.org",
              "code": "1742-6",
              "display": "Alanine aminotransferase [Enzymatic activity/volume] in Serum or Plasma"
            }
          ]
        }
      ],
      "count": 7605,
      "frequencyPerYear": 2.3357,
      "fractionOfSubjects": 0.7789,
      "scalarDistribution": {
        "units": {
          "unit": "U/L",
          "system": "http://unitsofmeasure.org",
          "code": "U/L"
        },
        "min": 4,
        "max": 3486,
        "mean": 27.49,
        "median": 16,
        "stdDev": 100.77,
        "decile": [
          {
            "nth": 10,
            "value": 9
          },
          {
            "nth": 20,
            "value": 11
          },
          {
            "nth": 30,
            "value": 12
          },
          {
            "nth": 40,
            "value": 14
          },
          {
            "nth": 50,
            "value": 16
          },
          {
            "nth": 60,
            "value": 18
          },
          {
            "nth": 70,
            "value": 21
          },
          {
            "nth": 80,
            "value": 26
          },
          {
            "nth": 90,
            "value": 38
          }
        ],
        "normalizedHigh": 25,
        "normalizedLow": 0,
        "fractionAboveNormal": 0.21,
        "fractionBelowNormal": 0
      }
    },
    {
      "code": [
        {
          "coding": [
            {
              "system": "http://loinc.org",
              "code": "6768-6",
              "display": "Alkaline phosphatase [Enzymatic activity/volume] in Serum or Plasma"
            }
          ]
        }
      ],
      "count": 7674,
      "frequencyPerYear": 2.3569,
      "fractionOfSubjects": 0.7770,
      "scalarDistribution": {
        "units": {
          "unit": "U/L",
          "system": "http://unitsofmeasure.org",
          "code": "U/L"
        },
        "min": 24,
        "max": 1464,
        "mean": 101.05,
        "median": 83,
        "stdDev": 78.22,
        "decile": [
          {
            "nth": 10,
            "value": 53
          },
          {
            "nth": 20,
            "value": 63
          },
          {
            "nth": 30,
            "value": 70
          },
          {
            "nth": 40,
            "value": 77
          },
          {
            "nth": 50,
            "value": 83
          },
          {
            "nth": 60,
            "value": 92
          },
          {
            "nth": 70,
            "value": 102
          },
          {
            "nth": 80,
            "value": 118
          },
          {
            "nth": 90,
            "value": 150
          }
        ],
        "normalizedHigh": 120,
        "normalizedLow": 30,
        "fractionAboveNormal": 0.19,
        "fractionBelowNormal": 0.00
      }
    },
    {
      "code": [
        {
          "coding": [
            {
              "system": "http://loinc.org",
              "code": "1920-8",
              "display": "Aspartate aminotransferase [Enzymatic activity/volume] in Serum or Plasma"
            }
          ]
        }
      ],
      "count": 7166,
      "frequencyPerYear": 2.2009,
      "fractionOfSubjects": 0.7666,
      "scalarDistribution": {
        "units": {
          "unit": "IU/L",
          "system": "http://unitsofmeasure.org",
          "code": "IU/L"
        },
        "min": 5,
        "max": 6061,
        "mean": 35.24,
        "median": 19,
        "stdDev": 166.68,
        "decile": [
          {
            "nth": 10,
            "value": 12
          },
          {
            "nth": 20,
            "value": 14
          },
          {
            "nth": 30,
            "value": 16
          },
          {
            "nth": 40,
            "value": 17
          },
          {
            "nth": 50,
            "value": 19
          },
          {
            "nth": 60,
            "value": 21
          },
          {
            "nth": 70,
            "value": 24
          },
          {
            "nth": 80,
            "value": 29
          },
          {
            "nth": 90,
            "value": 43
          }
        ],
        "normalizedHigh": 40,
        "normalizedLow": 0,
        "fractionAboveNormal": 0.11,
        "fractionBelowNormal": 0
      }
    },
    {
      "code": [
        {
          "coding": [
            {
              "system": "http://loinc.org",
              "code": "1975-2",
              "display": "Bilirubin.total [Mass/volume] in Serum or Plasma"
            }
          ]
        }
      ],
      "count": 6701,
      "frequencyPerYear": 2.0580,
      "fractionOfSubjects": 0.7611,
      "scalarDistribution": {
        "units": {
          "unit": "mg/dL",
          "system": "http://unitsofmeasure.org",
          "code": "mg/dL"
        },
        "min": 0.10,
        "max": 28.50,
        "mean": 0.78,
        "median": 0.40,
        "stdDev": 2.09,
        "decile": [
          {
            "nth": 10,
            "value": 0.20
          },
          {
            "nth": 20,
            "value": 0.30
          },
          {
            "nth": 30,
            "value": 0.30
          },
          {
            "nth": 40,
            "value": 0.40
          },
          {
            "nth": 50,
            "value": 0.40
          },
          {
            "nth": 60,
            "value": 0.50
          },
          {
            "nth": 70,
            "value": 0.60
          },
          {
            "nth": 80,
            "value": 0.70
          },
          {
            "nth": 90,
            "value": 1
          }
        ],
        "normalizedHigh": 1.2,
        "normalizedLow": 0.2,
        "fractionAboveNormal": 0.07,
        "fractionBelowNormal": 0.00
      }
    },
    {
      "code": [
        {
          "coding": [
            {
              "system": "http://loinc.org",
              "code": "713-8",
              "display": "Eosinophils/100 leukocytes in Blood by Automated count"
            }
          ]
        }
      ],
      "count": 6183,
      "frequencyPerYear": 1.8990,
      "fractionOfSubjects": 0.6505,
      "scalarDistribution": {
        "units": {
          "unit": "%",
          "system": "http://unitsofmeasure.org",
          "code": "%"
        },
        "min": 0,
        "max": 42.60,
        "mean": 2.95,
        "median": 2,
        "stdDev": 3.44,
        "decile": [
          {
            "nth": 10,
            "value": 0.10
          },
          {
            "nth": 20,
            "value": 0.70
          },
          {
            "nth": 30,
            "value": 1.10
          },
          {
            "nth": 40,
            "value": 1.60
          },
          {
            "nth": 50,
            "value": 2
          },
          {
            "nth": 60,
            "value": 2.70
          },
          {
            "nth": 70,
            "value": 3.40
          },
          {
            "nth": 80,
            "value": 4.40
          },
          {
            "nth": 90,
            "value": 6.40
          }
        ],
        "normalizedHigh": 7,
        "normalizedLow": 0,
        "fractionAboveNormal": 0.08,
        "fractionBelowNormal": 0
      }
    },
    {
      "code": [
        {
          "coding": [
            {
              "system": "http://loinc.org",
              "code": "706-2",
              "display": "Basophils/100 leukocytes in Blood by Automated count"
            }
          ]
        }
      ],
      "count": 5900,
      "frequencyPerYear": 1.8120,
      "fractionOfSubjects": 0.6327,
      "scalarDistribution": {
        "units": {
          "unit": "%",
          "system": "http://unitsofmeasure.org",
          "code": "%"
        },
        "min": 0,
        "max": 4.40,
        "mean": 0.50,
        "median": 0.40,
        "stdDev": 0.35,
        "decile": [
          {
            "nth": 10,
            "value": 0.20
          },
          {
            "nth": 20,
            "value": 0.20
          },
          {
            "nth": 30,
            "value": 0.30
          },
          {
            "nth": 40,
            "value": 0.40
          },
          {
            "nth": 50,
            "value": 0.40
          },
          {
            "nth": 60,
            "value": 0.50
          },
          {
            "nth": 70,
            "value": 0.60
          },
          {
            "nth": 80,
            "value": 0.70
          },
          {
            "nth": 90,
            "value": 0.90
          }
        ],
        "normalizedHigh": 1.0,
        "normalizedLow": 0.0,
        "fractionAboveNormal": 0.06,
        "fractionBelowNormal": 0
      }
    },
    {
      "code": [
        {
          "coding": [
            {
              "system": "http://loinc.org",
              "code": "5905-5",
              "display": "Monocytes/100 leukocytes in Blood by Automated count"
            }
          ]
        }
      ],
      "count": 5870,
      "frequencyPerYear": 1.8028,
      "fractionOfSubjects": 0.6044,
      "scalarDistribution": {
        "units": {
          "unit": "%",
          "system": "http://unitsofmeasure.org",
          "code": "%"
        },
        "min": 0,
        "max": 44.30,
        "mean": 8.60,
        "median": 8.30,
        "stdDev": 3.26,
        "decile": [
          {
            "nth": 10,
            "value": 5.10
          },
          {
            "nth": 20,
            "value": 6.20
          },
          {
            "nth": 30,
            "value": 7
          },
          {
            "nth": 40,
            "value": 7.60
          },
          {
            "nth": 50,
            "value": 8.30
          },
          {
            "nth": 60,
            "value": 9
          },
          {
            "nth": 70,
            "value": 9.80
          },
          {
            "nth": 80,
            "value": 10.90
          },
          {
            "nth": 90,
            "value": 12.70
          }
        ],
        "normalizedHigh": 12,
        "normalizedLow": 0,
        "fractionAboveNormal": 0.13,
        "fractionBelowNormal": 0
      }
    },
    {
      "code": [
        {
          "coding": [
            {
              "system": "http://loinc.org",
              "code": "19123-9",
              "display": "Magnesium [Mass/volume] in Serum or Plasma"
            }
          ]
        }
      ],
      "count": 4528,
      "frequencyPerYear": 1.3907,
      "fractionOfSubjects": 0.2912,
      "scalarDistribution": {
        "units": {
          "unit": "mg/dL",
          "system": "http://unitsofmeasure.org",
          "code": "mg/dL"
        },
        "min": 0.50,
        "max": 5.10,
        "mean": 2.11,
        "median": 2.10,
        "stdDev": 0.37,
        "decile": [
          {
            "nth": 10,
            "value": 1.70
          },
          {
            "nth": 20,
            "value": 1.80
          },
          {
            "nth": 30,
            "value": 1.90
          },
          {
            "nth": 40,
            "value": 2
          },
          {
            "nth": 50,
            "value": 2.10
          },
          {
            "nth": 60,
            "value": 2.20
          },
          {
            "nth": 70,
            "value": 2.30
          },
          {
            "nth": 80,
            "value": 2.40
          },
          {
            "nth": 90,
            "value": 2.60
          }
        ],
        "normalizedHigh": 2.3,
        "normalizedLow": 1.6,
        "fractionAboveNormal": 0.22,
        "fractionBelowNormal": 0.05
      }
    },
    {
      "code": [
        {
          "coding": [
            {
              "system": "http://loinc.org",
              "code": "2601-3",
              "display": "Magnesium [Moles/volume] in Serum or Plasma"
            }
          ]
        }
      ],
      "count": 63,
      "frequencyPerYear": 0.0193,
      "fractionOfSubjects": 0.0086,
      "scalarDistribution": {
        "units": {
          "unit": "mg/dL",
          "system": "http://unitsofmeasure.org",
          "code": "mg/dL"
        },
        "min": 1.30,
        "max": 2.50,
        "mean": 1.91,
        "median": 1.90,
        "stdDev": 0.31,
        "decile": [
          {
            "nth": 10,
            "value": 1.40
          },
          {
            "nth": 20,
            "value": 1.70
          },
          {
            "nth": 30,
            "value": 1.80
          },
          {
            "nth": 40,
            "value": 1.90
          },
          {
            "nth": 50,
            "value": 1.90
          },
          {
            "nth": 60,
            "value": 2
          },
          {
            "nth": 70,
            "value": 2.10
          },
          {
            "nth": 80,
            "value": 2.20
          },
          {
            "nth": 90,
            "value": 2.30
          }
        ],
        "normalizedHigh": 2.2,
        "normalizedLow": 1.2,
        "fractionAboveNormal": 0.22,
        "fractionBelowNormal": 0
      }
    },
    {
      "code": [
        {
          "coding": [
            {
              "system": "http://loinc.org",
              "code": "5964-2",
              "display": "Prothrombin time (PT) in Blood by Coagulation assay"
            }
          ]
        }
      ],
      "count": 2838,
      "frequencyPerYear": 0.8716,
      "fractionOfSubjects": 0.3053,
      "scalarDistribution": {
        "units": {
          "unit": "Seconds",
          "system": "http://unitsofmeasure.org",
          "code": "Seconds"
        },
        "min": 9.40,
        "max": 112,
        "mean": 15.67,
        "median": 11.80,
        "stdDev": 9.59,
        "decile": [
          {
            "nth": 10,
            "value": 10.20
          },
          {
            "nth": 20,
            "value": 10.60
          },
          {
            "nth": 30,
            "value": 10.90
          },
          {
            "nth": 40,
            "value": 11.20
          },
          {
            "nth": 50,
            "value": 11.80
          },
          {
            "nth": 60,
            "value": 12.50
          },
          {
            "nth": 70,
            "value": 14.40
          },
          {
            "nth": 80,
            "value": 19.70
          },
          {
            "nth": 90,
            "value": 26
          }
        ]
      }
    },
    {
      "code": [
        {
          "coding": [
            {
              "system": "http://loinc.org",
              "code": "5902-2",
              "display": "Prothrombin time (PT)"
            }
          ]
        }
      ],
      "count": 196,
      "frequencyPerYear": 0.0602,
      "fractionOfSubjects": 0.0252,
      "scalarDistribution": {
        "units": {
          "unit": "sec",
          "system": "http://unitsofmeasure.org",
          "code": "sec"
        },
        "min": 10,
        "max": 76,
        "mean": 21.49,
        "median": 21.30,
        "stdDev": 9.65,
        "decile": [
          {
            "nth": 10,
            "value": 10.80
          },
          {
            "nth": 20,
            "value": 11.90
          },
          {
            "nth": 30,
            "value": 15.40
          },
          {
            "nth": 40,
            "value": 19.10
          },
          {
            "nth": 50,
            "value": 21.30
          },
          {
            "nth": 60,
            "value": 23.10
          },
          {
            "nth": 70,
            "value": 25.10
          },
          {
            "nth": 80,
            "value": 27
          },
          {
            "nth": 90,
            "value": 30.30
          }
        ],
        "normalizedHigh": 12.0,
        "normalizedLow": 9.1,
        "fractionAboveNormal": 0.79,
        "fractionBelowNormal": 0
      }
    },
    {
      "code": [
        {
          "coding": [
            {
              "system": "http://loinc.org",
              "code": "2777-1",
              "display": "Phosphate [Mass/volume] in Serum or Plasma"
            }
          ]
        }
      ],
      "count": 2813,
      "frequencyPerYear": 0.8639,
      "fractionOfSubjects": 0.2279,
      "scalarDistribution": {
        "units": {
          "unit": "mg/dL",
          "system": "http://unitsofmeasure.org",
          "code": "mg/dL"
        },
        "min": 0.60,
        "max": 12.10,
        "mean": 3.44,
        "median": 3.30,
        "stdDev": 1.01,
        "decile": [
          {
            "nth": 10,
            "value": 2.30
          },
          {
            "nth": 20,
            "value": 2.70
          },
          {
            "nth": 30,
            "value": 2.90
          },
          {
            "nth": 40,
            "value": 3.10
          },
          {
            "nth": 50,
            "value": 3.30
          },
          {
            "nth": 60,
            "value": 3.60
          },
          {
            "nth": 70,
            "value": 3.80
          },
          {
            "nth": 80,
            "value": 4.10
          },
          {
            "nth": 90,
            "value": 4.70
          }
        ],
        "normalizedHigh": 4.5,
        "normalizedLow": 2.5,
        "fractionAboveNormal": 0.12,
        "fractionBelowNormal": 0.13
      }
    },
    {
      "code": [
        {
          "coding": [
            {
              "system": "http://loinc.org",
              "code": "2093-3",
              "display": "Cholesterol [Mass/volume] in Serum or Plasma"
            }
          ]
        }
      ],
      "count": 1663,
      "frequencyPerYear": 0.5107,
      "fractionOfSubjects": 0.5639,
      "scalarDistribution": {
        "units": {
          "unit": "mg/dL",
          "system": "http://unitsofmeasure.org",
          "code": "mg/dL"
        },
        "min": 50,
        "max": 367,
        "mean": 179.05,
        "median": 175,
        "stdDev": 44.47,
        "decile": [
          {
            "nth": 10,
            "value": 127
          },
          {
            "nth": 20,
            "value": 142
          },
          {
            "nth": 30,
            "value": 153
          },
          {
            "nth": 40,
            "value": 164
          },
          {
            "nth": 50,
            "value": 175
          },
          {
            "nth": 60,
            "value": 188
          },
          {
            "nth": 70,
            "value": 199
          },
          {
            "nth": 80,
            "value": 214
          },
          {
            "nth": 90,
            "value": 235
          }
        ],
        "normalizedHigh": 199,
        "normalizedLow": 100,
        "fractionAboveNormal": 0.29,
        "fractionBelowNormal": 0.02
      }
    },
    {
      "code": [
        {
          "coding": [
            {
              "system": "http://loinc.org",
              "code": "2085-9",
              "display": "Cholesterol in HDL [Mass/volume] in Serum or Plasma"
            }
          ]
        }
      ],
      "count": 1643,
      "frequencyPerYear": 0.5046,
      "fractionOfSubjects": 0.5627,
      "scalarDistribution": {
        "units": {
          "unit": "mg/dL",
          "system": "http://unitsofmeasure.org",
          "code": "mg/dL"
        },
        "min": 4,
        "max": 133,
        "mean": 60.38,
        "median": 58,
        "stdDev": 18.84,
        "decile": [
          {
            "nth": 10,
            "value": 39
          },
          {
            "nth": 20,
            "value": 45
          },
          {
            "nth": 30,
            "value": 50
          },
          {
            "nth": 40,
            "value": 54
          },
          {
            "nth": 50,
            "value": 58
          },
          {
            "nth": 60,
            "value": 63
          },
          {
            "nth": 70,
            "value": 68
          },
          {
            "nth": 80,
            "value": 75
          },
          {
            "nth": 90,
            "value": 85
          }
        ],
        "normalizedHigh": 76,
        "normalizedLow": 36,
        "fractionAboveNormal": 0.19,
        "fractionBelowNormal": 0.06
      }
    },
    {
      "code": [
        {
          "coding": [
            {
              "system": "http://loinc.org",
              "code": "2571-8",
              "display": "Triglyceride [Mass/volume] in Serum or Plasma"
            }
          ]
        }
      ],
      "count": 1601,
      "frequencyPerYear": 0.4917,
      "fractionOfSubjects": 0.5510,
      "scalarDistribution": {
        "units": {
          "unit": "mg/dL",
          "system": "http://unitsofmeasure.org",
          "code": "mg/dL"
        },
        "min": 31,
        "max": 1361,
        "mean": 112.32,
        "median": 95,
        "stdDev": 71.22,
        "decile": [
          {
            "nth": 10,
            "value": 56
          },
          {
            "nth": 20,
            "value": 67
          },
          {
            "nth": 30,
            "value": 76
          },
          {
            "nth": 40,
            "value": 85
          },
          {
            "nth": 50,
            "value": 95
          },
          {
            "nth": 60,
            "value": 108
          },
          {
            "nth": 70,
            "value": 123
          },
          {
            "nth": 80,
            "value": 143
          },
          {
            "nth": 90,
            "value": 182
          }
        ],
        "normalizedHigh": 149,
        "normalizedLow": 0,
        "fractionAboveNormal": 0.18,
        "fractionBelowNormal": 0
      }
    },
    {
      "code": [
        {
          "coding": [
            {
              "system": "http://loinc.org",
              "code": "737-7",
              "display": "Lymphocytes/100 leukocytes in Blood by Manual count"
            }
          ]
        }
      ],
      "count": 797,
      "frequencyPerYear": 0.2448,
      "fractionOfSubjects": 0.0903,
      "scalarDistribution": {
        "units": {
          "unit": "%",
          "system": "http://unitsofmeasure.org",
          "code": "%"
        },
        "min": 0,
        "max": 96,
        "mean": 21.61,
        "median": 14,
        "stdDev": 21.56,
        "decile": [
          {
            "nth": 10,
            "value": 3
          },
          {
            "nth": 20,
            "value": 5
          },
          {
            "nth": 30,
            "value": 7
          },
          {
            "nth": 40,
            "value": 11
          },
          {
            "nth": 50,
            "value": 14
          },
          {
            "nth": 60,
            "value": 19
          },
          {
            "nth": 70,
            "value": 25
          },
          {
            "nth": 80,
            "value": 34
          },
          {
            "nth": 90,
            "value": 55
          }
        ],
        "normalizedHigh": 44,
        "normalizedLow": 24,
        "fractionAboveNormal": 0.13,
        "fractionBelowNormal": 0.67
      }
    },
    {
      "code": [
        {
          "coding": [
            {
              "system": "http://loinc.org",
              "code": "736-9",
              "display": "Lymphocytes/100 leukocytes in Blood by Automated count"
            }
          ]
        }
      ],
      "count": 18,
      "frequencyPerYear": 0.0055,
      "fractionOfSubjects": 0.0104,
      "scalarDistribution": {
        "units": {
          "unit": "%",
          "system": "http://unitsofmeasure.org",
          "code": "%"
        },
        "min": 10.90,
        "max": 52.20,
        "mean": 29.62,
        "median": 26.20,
        "stdDev": 12.00,
        "decile": [
          {
            "nth": 10,
            "value": 14.50
          },
          {
            "nth": 20,
            "value": 17.90
          },
          {
            "nth": 30,
            "value": 20
          },
          {
            "nth": 40,
            "value": 25.30
          },
          {
            "nth": 50,
            "value": 26.20
          },
          {
            "nth": 60,
            "value": 30.10
          },
          {
            "nth": 70,
            "value": 33.10
          },
          {
            "nth": 80,
            "value": 36.50
          },
          {
            "nth": 90,
            "value": 47
          }
        ]
      }
    },
    {
      "code": [
        {
          "coding": [
            {
              "system": "http://loinc.org",
              "code": "744-3",
              "display": "Monocytes/100 leukocytes in Blood by Manual count"
            }
          ]
        }
      ],
      "count": 794,
      "frequencyPerYear": 0.2439,
      "fractionOfSubjects": 0.0903,
      "scalarDistribution": {
        "units": {
          "unit": "%",
          "system": "http://unitsofmeasure.org",
          "code": "%"
        },
        "min": 0,
        "max": 52,
        "mean": 6.94,
        "median": 6,
        "stdDev": 5.84,
        "decile": [
          {
            "nth": 10,
            "value": 1
          },
          {
            "nth": 20,
            "value": 3
          },
          {
            "nth": 30,
            "value": 3
          },
          {
            "nth": 40,
            "value": 4
          },
          {
            "nth": 50,
            "value": 6
          },
          {
            "nth": 60,
            "value": 7
          },
          {
            "nth": 70,
            "value": 8
          },
          {
            "nth": 80,
            "value": 11
          },
          {
            "nth": 90,
            "value": 14
          }
        ],
        "normalizedHigh": 12,
        "normalizedLow": 1,
        "fractionAboveNormal": 0.13,
        "fractionBelowNormal": 0.06
      }
    },
    {
      "code": [
        {
          "coding": [
            {
              "system": "http://loinc.org",
              "code": "5905-5",
              "display": "Monocytes/100 leukocytes in Blood by Automated count"
            }
          ]
        }
      ],
      "count": 18,
      "frequencyPerYear": 0.0055,
      "fractionOfSubjects": 0.0104,
      "scalarDistribution": {
        "units": {
          "unit": "%",
          "system": "http://unitsofmeasure.org",
          "code": "%"
        },
        "min": 5.60,
        "max": 13.40,
        "mean": 9.11,
        "median": 8.50,
        "stdDev": 2.51,
        "decile": [
          {
            "nth": 10,
            "value": 6.30
          },
          {
            "nth": 20,
            "value": 6.50
          },
          {
            "nth": 30,
            "value": 7
          },
          {
            "nth": 40,
            "value": 7.60
          },
          {
            "nth": 50,
            "value": 8.50
          },
          {
            "nth": 60,
            "value": 9.10
          },
          {
            "nth": 70,
            "value": 10.80
          },
          {
            "nth": 80,
            "value": 11.50
          },
          {
            "nth": 90,
            "value": 12.40
          }
        ],
        "normalizedHigh": 12,
        "normalizedLow": 0,
        "fractionAboveNormal": 0.17,
        "fractionBelowNormal": 0
      }
    },
    {
      "code": [
        {
          "coding": [
            {
              "system": "http://loinc.org",
              "code": "714-6",
              "display": "Eosinophils/100 leukocytes in Blood by Manual count"
            }
          ]
        }
      ],
      "count": 727,
      "frequencyPerYear": 0.2233,
      "fractionOfSubjects": 0.0878,
      "scalarDistribution": {
        "units": {
          "unit": "%",
          "system": "http://unitsofmeasure.org",
          "code": "%"
        },
        "min": 0,
        "max": 47,
        "mean": 1.73,
        "median": 0,
        "stdDev": 3.79,
        "decile": [
          {
            "nth": 10,
            "value": 0
          },
          {
            "nth": 20,
            "value": 0
          },
          {
            "nth": 30,
            "value": 0
          },
          {
            "nth": 40,
            "value": 0
          },
          {
            "nth": 50,
            "value": 0
          },
          {
            "nth": 60,
            "value": 1
          },
          {
            "nth": 70,
            "value": 2
          },
          {
            "nth": 80,
            "value": 3
          },
          {
            "nth": 90,
            "value": 5
          }
        ],
        "normalizedHigh": 7,
        "normalizedLow": 0,
        "fractionAboveNormal": 0.05,
        "fractionBelowNormal": 0
      }
    },
    {
      "code": [
        {
          "coding": [
            {
              "system": "http://loinc.org",
              "code": "713-8",
              "display": "Eosinophils/100 leukocytes in Blood by Automated count"
            }
          ]
        }
      ],
      "count": 18,
      "frequencyPerYear": 0.0055,
      "fractionOfSubjects": 0.0104,
      "scalarDistribution": {
        "units": {
          "unit": "%",
          "system": "http://unitsofmeasure.org",
          "code": "%"
        },
        "min": 0.40,
        "max": 8.20,
        "mean": 2.59,
        "median": 2,
        "stdDev": 2.10,
        "decile": [
          {
            "nth": 10,
            "value": 0.60
          },
          {
            "nth": 20,
            "value": 0.90
          },
          {
            "nth": 30,
            "value": 1.60
          },
          {
            "nth": 40,
            "value": 1.70
          },
          {
            "nth": 50,
            "value": 2
          },
          {
            "nth": 60,
            "value": 2.40
          },
          {
            "nth": 70,
            "value": 2.90
          },
          {
            "nth": 80,
            "value": 3.10
          },
          {
            "nth": 90,
            "value": 3.20
          }
        ],
        "normalizedHigh": 7,
        "normalizedLow": 0,
        "fractionAboveNormal": 0.11,
        "fractionBelowNormal": 0
      }
    },
    {
      "code": [
        {
          "coding": [
            {
              "system": "http://loinc.org",
              "code": "19254-2",
              "display": "Oxygen [Partial pressure] adjusted to patient\u0027s actual temperature in Blood"
            }
          ]
        }
      ],
      "count": 525,
      "frequencyPerYear": 0.1612,
      "fractionOfSubjects": 0.0528,
      "scalarDistribution": {
        "units": {
          "unit": "mmHg",
          "system": "http://unitsofmeasure.org",
          "code": "mmHg"
        },
        "min": 28,
        "max": 588,
        "mean": 134.51,
        "median": 113,
        "stdDev": 81.20,
        "decile": [
          {
            "nth": 10,
            "value": 64
          },
          {
            "nth": 20,
            "value": 75
          },
          {
            "nth": 30,
            "value": 86
          },
          {
            "nth": 40,
            "value": 99
          },
          {
            "nth": 50,
            "value": 113
          },
          {
            "nth": 60,
            "value": 128
          },
          {
            "nth": 70,
            "value": 151
          },
          {
            "nth": 80,
            "value": 174
          },
          {
            "nth": 90,
            "value": 221
          }
        ],
        "normalizedHigh": 100,
        "normalizedLow": 75,
        "fractionAboveNormal": 0.59,
        "fractionBelowNormal": 0.19
      }
    },
    {
      "code": [
        {
          "coding": [
            {
              "system": "http://loinc.org",
              "code": "19996-8",
              "display": "Oxygen/Inspired gas Respiratory system --on ventilator"
            }
          ]
        }
      ],
      "count": 516,
      "frequencyPerYear": 0.1585,
      "fractionOfSubjects": 0.0676,
      "scalarDistribution": {
        "units": {
          "unit": "%",
          "system": "http://unitsofmeasure.org",
          "code": "%"
        },
        "min": 6,
        "max": 100,
        "mean": 42.78,
        "median": 40,
        "stdDev": 23.51,
        "decile": [
          {
            "nth": 10,
            "value": 21
          },
          {
            "nth": 20,
            "value": 21
          },
          {
            "nth": 30,
            "value": 28
          },
          {
            "nth": 40,
            "value": 30
          },
          {
            "nth": 50,
            "value": 40
          },
          {
            "nth": 60,
            "value": 40
          },
          {
            "nth": 70,
            "value": 44
          },
          {
            "nth": 80,
            "value": 55
          },
          {
            "nth": 90,
            "value": 95
          }
        ]
      }
    },
    {
      "code": [
        {
          "coding": [
            {
              "system": "http://loinc.org",
              "code": "34705-4",
              "display": "Carbon dioxide [Partial pressure] adjusted to patient\u0027s actual temperature in Blood"
            }
          ]
        }
      ],
      "count": 486,
      "frequencyPerYear": 0.1493,
      "fractionOfSubjects": 0.0528,
      "scalarDistribution": {
        "units": {
          "unit": "mmHg",
          "system": "http://unitsofmeasure.org",
          "code": "mmHg"
        },
        "min": 13,
        "max": 92,
        "mean": 41.93,
        "median": 39,
        "stdDev": 11.89,
        "decile": [
          {
            "nth": 10,
            "value": 30
          },
          {
            "nth": 20,
            "value": 34
          },
          {
            "nth": 30,
            "value": 36
          },
          {
            "nth": 40,
            "value": 38
          },
          {
            "nth": 50,
            "value": 39
          },
          {
            "nth": 60,
            "value": 41
          },
          {
            "nth": 70,
            "value": 43
          },
          {
            "nth": 80,
            "value": 48
          },
          {
            "nth": 90,
            "value": 59
          }
        ],
        "normalizedHigh": 45,
        "normalizedLow": 35,
        "fractionAboveNormal": 0.25,
        "fractionBelowNormal": 0.24
      }
    },
    {
      "code": [
        {
          "coding": [
            {
              "system": "http://loinc.org",
              "code": "49701-6",
              "display": "pH of Blood adjusted to patient\u0027s actual temperature"
            }
          ]
        }
      ],
      "count": 479,
      "frequencyPerYear": 0.1471,
      "fractionOfSubjects": 0.0528,
      "scalarDistribution": {
        "units": {
          "unit": "UNK",
          "system": "http://unitsofmeasure.org",
          "code": "UNK"
        },
        "min": 6.85,
        "max": 7.59,
        "mean": 7.37,
        "median": 7.38,
        "stdDev": 0.09,
        "decile": [
          {
            "nth": 10,
            "value": 7.29
          },
          {
            "nth": 20,
            "value": 7.32
          },
          {
            "nth": 30,
            "value": 7.34
          },
          {
            "nth": 40,
            "value": 7.36
          },
          {
            "nth": 50,
            "value": 7.38
          },
          {
            "nth": 60,
            "value": 7.40
          },
          {
            "nth": 70,
            "value": 7.42
          },
          {
            "nth": 80,
            "value": 7.44
          },
          {
            "nth": 90,
            "value": 7.47
          }
        ],
        "normalizedHigh": 7.45,
        "normalizedLow": 7.35,
        "fractionAboveNormal": 0.18,
        "fractionBelowNormal": 0.39
      }
    },
    {
      "code": [
        {
          "coding": [
            {
              "system": "http://loinc.org",
              "code": "1959-6",
              "display": "Bicarbonate [Moles/volume] in Blood"
            }
          ]
        }
      ],
      "count": 405,
      "frequencyPerYear": 0.1244,
      "fractionOfSubjects": 0.0528,
      "scalarDistribution": {
        "units": {
          "unit": "mmol/L",
          "system": "http://unitsofmeasure.org",
          "code": "mmol/L"
        },
        "min": 8,
        "max": 51,
        "mean": 24.46,
        "median": 24,
        "stdDev": 6.51,
        "decile": [
          {
            "nth": 10,
            "value": 18
          },
          {
            "nth": 20,
            "value": 20
          },
          {
            "nth": 30,
            "value": 22
          },
          {
            "nth": 40,
            "value": 23
          },
          {
            "nth": 50,
            "value": 24
          },
          {
            "nth": 60,
            "value": 25
          },
          {
            "nth": 70,
            "value": 26
          },
          {
            "nth": 80,
            "value": 28
          },
          {
            "nth": 90,
            "value": 33
          }
        ],
        "normalizedHigh": 26,
        "normalizedLow": 22,
        "fractionAboveNormal": 0.28,
        "fractionBelowNormal": 0.29
      }
    },
    {
      "code": [
        {
          "coding": [
            {
              "system": "http://loinc.org",
              "code": "706-2",
              "display": "Basophils/100 leukocytes in Blood by Automated count"
            }
          ]
        }
      ],
      "count": 219,
      "frequencyPerYear": 0.0673,
      "fractionOfSubjects": 0.0510,
      "scalarDistribution": {
        "units": {
          "unit": "%",
          "system": "http://unitsofmeasure.org",
          "code": "%"
        },
        "min": 0,
        "max": 4,
        "mean": 0.59,
        "median": 0,
        "stdDev": 0.82,
        "decile": [
          {
            "nth": 10,
            "value": 0
          },
          {
            "nth": 20,
            "value": 0
          },
          {
            "nth": 30,
            "value": 0
          },
          {
            "nth": 40,
            "value": 0
          },
          {
            "nth": 50,
            "value": 0
          },
          {
            "nth": 60,
            "value": 1
          },
          {
            "nth": 70,
            "value": 1
          },
          {
            "nth": 80,
            "value": 1
          },
          {
            "nth": 90,
            "value": 1
          }
        ],
        "normalizedHigh": 1.0,
        "normalizedLow": 0.0,
        "fractionAboveNormal": 0.09,
        "fractionBelowNormal": 0
      }
    },
    {
      "code": [
        {
          "coding": [
            {
              "system": "http://loinc.org",
              "code": "736-9",
              "display": "Lymphocytes/100 leukocytes in Blood by Automated count"
            }
          ]
        }
      ],
      "count": 137,
      "frequencyPerYear": 0.0421,
      "fractionOfSubjects": 0.0430,
      "scalarDistribution": {
        "units": {
          "unit": "%",
          "system": "http://unitsofmeasure.org",
          "code": "%"
        },
        "min": 7.40,
        "max": 55.10,
        "mean": 29.21,
        "median": 28.10,
        "stdDev": 8.79,
        "decile": [
          {
            "nth": 10,
            "value": 18.40
          },
          {
            "nth": 20,
            "value": 22.60
          },
          {
            "nth": 30,
            "value": 24
          },
          {
            "nth": 40,
            "value": 26.10
          },
          {
            "nth": 50,
            "value": 28.10
          },
          {
            "nth": 60,
            "value": 30.80
          },
          {
            "nth": 70,
            "value": 33.10
          },
          {
            "nth": 80,
            "value": 37.60
          },
          {
            "nth": 90,
            "value": 40.60
          }
        ]
      }
    },
    {
      "code": [
        {
          "coding": [
            {
              "system": "http://loinc.org",
              "code": "1995-0",
              "display": "Calcium.ionized [Moles/volume] in Serum or Plasma"
            }
          ]
        }
      ],
      "count": 23,
      "frequencyPerYear": 0.0071,
      "fractionOfSubjects": 0.0098,
      "scalarDistribution": {
        "units": {
          "unit": "mmol/L",
          "system": "http://unitsofmeasure.org",
          "code": "mmol/L"
        },
        "min": 1.04,
        "max": 1.74,
        "mean": 1.30,
        "median": 1.29,
        "stdDev": 0.13,
        "decile": [
          {
            "nth": 10,
            "value": 1.14
          },
          {
            "nth": 20,
            "value": 1.21
          },
          {
            "nth": 30,
            "value": 1.24
          },
          {
            "nth": 40,
            "value": 1.25
          },
          {
            "nth": 50,
            "value": 1.29
          },
          {
            "nth": 60,
            "value": 1.32
          },
          {
            "nth": 70,
            "value": 1.33
          },
          {
            "nth": 80,
            "value": 1.36
          },
          {
            "nth": 90,
            "value": 1.41
          }
        ]
      }
    }
  ],
  "meta": {
    "tag": [
      {
        "system": "http://terminology.hl7.org/CodeSystem/v3-ActReason",
        "code": "HTEST",
        "display": "test health data"
      }
    ]
  }
}