{
  "resourceType": "ClinicalProfile",
  "id": "jhu-diabetes-profile-24-labs",
  "text": {
    "status": "generated",
    "div": "\u003cdiv xmlns\u003d\"http://www.w3.org/1999/xhtml\"\u003e\n\t\t\t\u003cp\u003eSelected laboratory tests for Male, White or Caucasian,Native Hawaiian or Other Pacific Islander,Black or African American,Asian,Unknown,Hispanic,Declined to Answer,American Indian or Alaska Native,Other patients aged 65-74 seen as either outpatients or inpatients at Johns Hopkins Hospital, JHCP, and Bayview between 3/1/2016 and 3/1/2018 having a diagnosis of diabetes recorded on the problem list or as an encounter diagnosis.\n\t\t\t\u003c/p\u003e\n\t\t\u003c/div\u003e"
  },
  "identifier": [
    {
      "value": "urn:uuid:29A51CD4-B886-DF97-7A27C0A2AEB63818"
    }
  ],
  "status": "draft",
  "population": {
    "reference": "Group/diabetes-population-jhu2"
  },
  "cohort": {
    "reference": "Group/diabetes-sample-24-cohort-jhu2"
  },
  "date": "2018-09-12T23:26:00Z",
  "source": [
    {
      "value": "http://ictrweb.johnshopkins.edu/ictr/synthetic/includes/clinical_profiles.cfm"
    }
  ],
  "reporter": {
    "reference": "Organization/JHM",
    "type": "Organization",
    "display": "Johns Hopkins School of Medicine"
  },
  "lab": [
    {
      "code": [
        {
          "coding": [
            {
              "system": "http://loinc.org",
              "code": "41653-7",
              "display": "Glucose [Mass/volume] in Capillary blood by Glucometer"
            }
          ]
        }
      ],
      "count": 104704,
      "frequencyPerYear": 5.3827,
      "fractionOfSubjects": 0.2855,
      "scalarDistribution": {
        "units": {
          "unit": "mg/dL",
          "system": "http://unitsofmeasure.org",
          "code": "mg/dL"
        },
        "min": 10,
        "max": 600,
        "mean": 174.50,
        "median": 162,
        "stdDev": 67.89,
        "decile": [
          {
            "nth": 10,
            "value": 102
          },
          {
            "nth": 20,
            "value": 120
          },
          {
            "nth": 30,
            "value": 134
          },
          {
            "nth": 40,
            "value": 148
          },
          {
            "nth": 50,
            "value": 162
          },
          {
            "nth": 60,
            "value": 177
          },
          {
            "nth": 70,
            "value": 196
          },
          {
            "nth": 80,
            "value": 222
          },
          {
            "nth": 90,
            "value": 263
          }
        ],
        "normalizedHigh": 106,
        "normalizedLow": 74,
        "fractionAboveNormal": 0.88,
        "fractionBelowNormal": 0.02
      }
    },
    {
      "code": [
        {
          "coding": [
            {
              "system": "http://loinc.org",
              "code": "2341-6",
              "display": "Glucose [Mass/volume] in Blood by Test strip manual"
            }
          ]
        }
      ],
      "count": 14281,
      "frequencyPerYear": 0.7342,
      "fractionOfSubjects": 0.0688,
      "scalarDistribution": {
        "units": {
          "unit": "mg/dL",
          "system": "http://unitsofmeasure.org",
          "code": "mg/dL"
        },
        "min": 16,
        "max": 599,
        "mean": 173.11,
        "median": 160,
        "stdDev": 71.02,
        "decile": [
          {
            "nth": 10,
            "value": 98
          },
          {
            "nth": 20,
            "value": 116
          },
          {
            "nth": 30,
            "value": 131
          },
          {
            "nth": 40,
            "value": 145
          },
          {
            "nth": 50,
            "value": 160
          },
          {
            "nth": 60,
            "value": 176
          },
          {
            "nth": 70,
            "value": 196
          },
          {
            "nth": 80,
            "value": 224
          },
          {
            "nth": 90,
            "value": 266
          }
        ]
      }
    },
    {
      "code": [
        {
          "coding": [
            {
              "system": "http://loinc.org",
              "code": "2345-7",
              "display": "Glucose [Mass/volume] in Serum or Plasma"
            }
          ]
        }
      ],
      "count": 56422,
      "frequencyPerYear": 2.9006,
      "fractionOfSubjects": 0.6128,
      "scalarDistribution": {
        "units": {
          "unit": "mg/dL",
          "system": "http://unitsofmeasure.org",
          "code": "mg/dL"
        },
        "min": 9,
        "max": 1484,
        "mean": 161.10,
        "median": 145,
        "stdDev": 69.82,
        "decile": [
          {
            "nth": 10,
            "value": 95
          },
          {
            "nth": 20,
            "value": 108
          },
          {
            "nth": 30,
            "value": 120
          },
          {
            "nth": 40,
            "value": 132
          },
          {
            "nth": 50,
            "value": 145
          },
          {
            "nth": 60,
            "value": 160
          },
          {
            "nth": 70,
            "value": 179
          },
          {
            "nth": 80,
            "value": 205
          },
          {
            "nth": 90,
            "value": 248
          }
        ],
        "normalizedHigh": 106,
        "normalizedLow": 74,
        "fractionAboveNormal": 0.81,
        "fractionBelowNormal": 0.02
      }
    },
    {
      "code": [
        {
          "coding": [
            {
              "system": "http://loinc.org",
              "code": "2339-0",
              "display": "Glucose [Mass/volume] in Blood"
            }
          ]
        }
      ],
      "count": 3036,
      "frequencyPerYear": 0.1561,
      "fractionOfSubjects": 0.0511,
      "scalarDistribution": {
        "units": {
          "unit": "mg/dL",
          "system": "http://unitsofmeasure.org",
          "code": "mg/dL"
        },
        "min": 20,
        "max": 1300,
        "mean": 163.84,
        "median": 143,
        "stdDev": 83.18,
        "decile": [
          {
            "nth": 10,
            "value": 94
          },
          {
            "nth": 20,
            "value": 106
          },
          {
            "nth": 30,
            "value": 118
          },
          {
            "nth": 40,
            "value": 129
          },
          {
            "nth": 50,
            "value": 143
          },
          {
            "nth": 60,
            "value": 160
          },
          {
            "nth": 70,
            "value": 179
          },
          {
            "nth": 80,
            "value": 211
          },
          {
            "nth": 90,
            "value": 259
          }
        ]
      }
    },
    {
      "code": [
        {
          "coding": [
            {
              "system": "http://loinc.org",
              "code": "14749-6",
              "display": "Glucose [Moles/volume] in Serum or Plasma"
            }
          ]
        }
      ],
      "count": 678,
      "frequencyPerYear": 0.0349,
      "fractionOfSubjects": 0.0157,
      "scalarDistribution": {
        "units": {
          "unit": "mg/dL",
          "system": "http://unitsofmeasure.org",
          "code": "mg/dL"
        },
        "min": 33,
        "max": 829,
        "mean": 170.46,
        "median": 143,
        "stdDev": 92.25,
        "decile": [
          {
            "nth": 10,
            "value": 89
          },
          {
            "nth": 20,
            "value": 108
          },
          {
            "nth": 30,
            "value": 120
          },
          {
            "nth": 40,
            "value": 130
          },
          {
            "nth": 50,
            "value": 143
          },
          {
            "nth": 60,
            "value": 163
          },
          {
            "nth": 70,
            "value": 184
          },
          {
            "nth": 80,
            "value": 221
          },
          {
            "nth": 90,
            "value": 288
          }
        ],
        "normalizedHigh": 99,
        "normalizedLow": 60,
        "fractionAboveNormal": 0.86,
        "fractionBelowNormal": 0.01
      }
    },
    {
      "code": [
        {
          "coding": [
            {
              "system": "http://loinc.org",
              "code": "39789-3",
              "display": "Potassium [Moles/volume] in Venous blood"
            }
          ]
        }
      ],
      "count": 52160,
      "frequencyPerYear": 2.6815,
      "fractionOfSubjects": 0.5483,
      "scalarDistribution": {
        "units": {
          "unit": "mmol/L",
          "system": "http://unitsofmeasure.org",
          "code": "mmol/L"
        },
        "min": 2.10,
        "max": 8.30,
        "mean": 4.35,
        "median": 4.30,
        "stdDev": 0.58,
        "decile": [
          {
            "nth": 10,
            "value": 3.70
          },
          {
            "nth": 20,
            "value": 3.90
          },
          {
            "nth": 30,
            "value": 4
          },
          {
            "nth": 40,
            "value": 4.20
          },
          {
            "nth": 50,
            "value": 4.30
          },
          {
            "nth": 60,
            "value": 4.40
          },
          {
            "nth": 70,
            "value": 4.60
          },
          {
            "nth": 80,
            "value": 4.80
          },
          {
            "nth": 90,
            "value": 5.10
          }
        ]
      }
    },
    {
      "code": [
        {
          "coding": [
            {
              "system": "http://loinc.org",
              "code": "2823-3",
              "display": "Potassium [Moles/volume] in Serum or Plasma"
            }
          ]
        }
      ],
      "count": 6079,
      "frequencyPerYear": 0.3125,
      "fractionOfSubjects": 0.1647,
      "scalarDistribution": {
        "units": {
          "unit": "mmol/L",
          "system": "http://unitsofmeasure.org",
          "code": "mmol/L"
        },
        "min": 2.40,
        "max": 8.80,
        "mean": 4.48,
        "median": 4.50,
        "stdDev": 0.51,
        "decile": [
          {
            "nth": 10,
            "value": 3.90
          },
          {
            "nth": 20,
            "value": 4.10
          },
          {
            "nth": 30,
            "value": 4.20
          },
          {
            "nth": 40,
            "value": 4.40
          },
          {
            "nth": 50,
            "value": 4.50
          },
          {
            "nth": 60,
            "value": 4.60
          },
          {
            "nth": 70,
            "value": 4.70
          },
          {
            "nth": 80,
            "value": 4.80
          },
          {
            "nth": 90,
            "value": 5.10
          }
        ],
        "normalizedHigh": 5.2,
        "normalizedLow": 3.5,
        "fractionAboveNormal": 0.08,
        "fractionBelowNormal": 0.02
      }
    },
    {
      "code": [
        {
          "coding": [
            {
              "system": "http://loinc.org",
              "code": "6298-4",
              "display": "Potassium [Moles/volume] in Blood"
            }
          ]
        }
      ],
      "count": 437,
      "frequencyPerYear": 0.0225,
      "fractionOfSubjects": 0.0136,
      "scalarDistribution": {
        "units": {
          "unit": "MEQ/L",
          "system": "http://unitsofmeasure.org",
          "code": "MEQ/L"
        },
        "min": 2.50,
        "max": 6.20,
        "mean": 4.45,
        "median": 4.40,
        "stdDev": 0.45,
        "decile": [
          {
            "nth": 10,
            "value": 3.90
          },
          {
            "nth": 20,
            "value": 4.10
          },
          {
            "nth": 30,
            "value": 4.20
          },
          {
            "nth": 40,
            "value": 4.30
          },
          {
            "nth": 50,
            "value": 4.40
          },
          {
            "nth": 60,
            "value": 4.50
          },
          {
            "nth": 70,
            "value": 4.70
          },
          {
            "nth": 80,
            "value": 4.80
          },
          {
            "nth": 90,
            "value": 5
          }
        ],
        "normalizedHigh": 5.4,
        "normalizedLow": 3.7,
        "fractionAboveNormal": 0.03,
        "fractionBelowNormal": 0.03
      }
    },
    {
      "code": [
        {
          "coding": [
            {
              "system": "http://loinc.org",
              "code": "17861-6",
              "display": "Calcium [Mass/volume] in Serum or Plasma"
            }
          ]
        }
      ],
      "count": 58943,
      "frequencyPerYear": 3.0302,
      "fractionOfSubjects": 0.6344,
      "scalarDistribution": {
        "units": {
          "unit": "mg/dL",
          "system": "http://unitsofmeasure.org",
          "code": "mg/dL"
        },
        "min": 3.40,
        "max": 17.50,
        "mean": 8.80,
        "median": 8.80,
        "stdDev": 0.76,
        "decile": [
          {
            "nth": 10,
            "value": 7.80
          },
          {
            "nth": 20,
            "value": 8.20
          },
          {
            "nth": 30,
            "value": 8.40
          },
          {
            "nth": 40,
            "value": 8.60
          },
          {
            "nth": 50,
            "value": 8.80
          },
          {
            "nth": 60,
            "value": 9
          },
          {
            "nth": 70,
            "value": 9.20
          },
          {
            "nth": 80,
            "value": 9.40
          },
          {
            "nth": 90,
            "value": 9.70
          }
        ],
        "normalizedHigh": 10.5,
        "normalizedLow": 9,
        "fractionAboveNormal": 0.01,
        "fractionBelowNormal": 0.56
      }
    },
    {
      "code": [
        {
          "coding": [
            {
              "system": "http://loinc.org",
              "code": "2000-8",
              "display": "Calcium [Moles/volume] in Serum or Plasma"
            }
          ]
        }
      ],
      "count": 668,
      "frequencyPerYear": 0.0343,
      "fractionOfSubjects": 0.0157,
      "scalarDistribution": {
        "units": {
          "unit": "mg/dL",
          "system": "http://unitsofmeasure.org",
          "code": "mg/dL"
        },
        "min": 5.40,
        "max": 11.20,
        "mean": 8.52,
        "median": 8.60,
        "stdDev": 0.84,
        "decile": [
          {
            "nth": 10,
            "value": 7.40
          },
          {
            "nth": 20,
            "value": 7.90
          },
          {
            "nth": 30,
            "value": 8.20
          },
          {
            "nth": 40,
            "value": 8.40
          },
          {
            "nth": 50,
            "value": 8.60
          },
          {
            "nth": 60,
            "value": 8.80
          },
          {
            "nth": 70,
            "value": 9
          },
          {
            "nth": 80,
            "value": 9.20
          },
          {
            "nth": 90,
            "value": 9.50
          }
        ],
        "normalizedHigh": 10.4,
        "normalizedLow": 8.5,
        "fractionAboveNormal": 0.01,
        "fractionBelowNormal": 0.44
      }
    },
    {
      "code": [
        {
          "coding": [
            {
              "system": "http://loinc.org",
              "code": "12962-7",
              "display": "Urea nitrogen [Mass/volume] in Venous blood"
            }
          ]
        }
      ],
      "count": 52770,
      "frequencyPerYear": 2.7128,
      "fractionOfSubjects": 0.5501,
      "scalarDistribution": {
        "units": {
          "unit": "mg/dL",
          "system": "http://unitsofmeasure.org",
          "code": "mg/dL"
        },
        "min": 2,
        "max": 184,
        "mean": 28.80,
        "median": 22,
        "stdDev": 19.97,
        "decile": [
          {
            "nth": 10,
            "value": 12
          },
          {
            "nth": 20,
            "value": 15
          },
          {
            "nth": 30,
            "value": 17
          },
          {
            "nth": 40,
            "value": 19
          },
          {
            "nth": 50,
            "value": 22
          },
          {
            "nth": 60,
            "value": 26
          },
          {
            "nth": 70,
            "value": 31
          },
          {
            "nth": 80,
            "value": 40
          },
          {
            "nth": 90,
            "value": 56
          }
        ]
      }
    },
    {
      "code": [
        {
          "coding": [
            {
              "system": "http://loinc.org",
              "code": "3094-0",
              "display": "Urea nitrogen [Mass/volume] in Serum or Plasma"
            }
          ]
        }
      ],
      "count": 6061,
      "frequencyPerYear": 0.3116,
      "fractionOfSubjects": 0.1648,
      "scalarDistribution": {
        "units": {
          "unit": "mg/dL",
          "system": "http://unitsofmeasure.org",
          "code": "mg/dL"
        },
        "min": 5,
        "max": 129,
        "mean": 25.43,
        "median": 21,
        "stdDev": 14.26,
        "decile": [
          {
            "nth": 10,
            "value": 13
          },
          {
            "nth": 20,
            "value": 15
          },
          {
            "nth": 30,
            "value": 17
          },
          {
            "nth": 40,
            "value": 19
          },
          {
            "nth": 50,
            "value": 21
          },
          {
            "nth": 60,
            "value": 24
          },
          {
            "nth": 70,
            "value": 27
          },
          {
            "nth": 80,
            "value": 32
          },
          {
            "nth": 90,
            "value": 43
          }
        ],
        "normalizedHigh": 25,
        "normalizedLow": 7,
        "fractionAboveNormal": 0.35,
        "fractionBelowNormal": 0.00
      }
    },
    {
      "code": [
        {
          "coding": [
            {
              "system": "http://loinc.org",
              "code": "6299-2",
              "display": "Urea nitrogen [Mass/volume] in Blood"
            }
          ]
        }
      ],
      "count": 438,
      "frequencyPerYear": 0.0225,
      "fractionOfSubjects": 0.0138,
      "scalarDistribution": {
        "units": {
          "unit": "mg/dL",
          "system": "http://unitsofmeasure.org",
          "code": "mg/dL"
        },
        "min": 8,
        "max": 67,
        "mean": 21.13,
        "median": 18,
        "stdDev": 9.87,
        "decile": [
          {
            "nth": 10,
            "value": 12
          },
          {
            "nth": 20,
            "value": 14
          },
          {
            "nth": 30,
            "value": 15
          },
          {
            "nth": 40,
            "value": 17
          },
          {
            "nth": 50,
            "value": 18
          },
          {
            "nth": 60,
            "value": 20
          },
          {
            "nth": 70,
            "value": 23
          },
          {
            "nth": 80,
            "value": 26
          },
          {
            "nth": 90,
            "value": 34
          }
        ],
        "normalizedHigh": 23,
        "normalizedLow": 9,
        "fractionAboveNormal": 0.26,
        "fractionBelowNormal": 0.01
      }
    },
    {
      "code": [
        {
          "coding": [
            {
              "system": "http://loinc.org",
              "code": "2951-2",
              "display": "Sodium [Moles/volume] in Serum or Plasma"
            }
          ]
        }
      ],
      "count": 59154,
      "frequencyPerYear": 3.0410,
      "fractionOfSubjects": 0.6387,
      "scalarDistribution": {
        "units": {
          "unit": "mmol/L",
          "system": "http://unitsofmeasure.org",
          "code": "mmol/L"
        },
        "min": 101,
        "max": 173,
        "mean": 139.02,
        "median": 139,
        "stdDev": 4.24,
        "decile": [
          {
            "nth": 10,
            "value": 134
          },
          {
            "nth": 20,
            "value": 136
          },
          {
            "nth": 30,
            "value": 137
          },
          {
            "nth": 40,
            "value": 138
          },
          {
            "nth": 50,
            "value": 139
          },
          {
            "nth": 60,
            "value": 140
          },
          {
            "nth": 70,
            "value": 141
          },
          {
            "nth": 80,
            "value": 142
          },
          {
            "nth": 90,
            "value": 144
          }
        ],
        "normalizedHigh": 145,
        "normalizedLow": 136,
        "fractionAboveNormal": 0.04,
        "fractionBelowNormal": 0.17
      }
    },
    {
      "code": [
        {
          "coding": [
            {
              "system": "http://loinc.org",
              "code": "48642-3",
              "display": "Glomerular filtration rate/1.73 sq M predicted among non-blacks [Volume Rate/Area] in Serum or Plasma by Creatinine-based formula (MDRD)"
            }
          ]
        }
      ],
      "count": 30820,
      "frequencyPerYear": 1.5844,
      "fractionOfSubjects": 0.3561,
      "scalarDistribution": {
        "units": {
          "unit": "mL/min/1.73 sqm",
          "system": "http://unitsofmeasure.org",
          "code": "mL/min/1.73 sqm"
        },
        "min": 2,
        "max": 105,
        "mean": 38.17,
        "median": 40,
        "stdDev": 17.68,
        "decile": [
          {
            "nth": 10,
            "value": 13
          },
          {
            "nth": 20,
            "value": 21
          },
          {
            "nth": 30,
            "value": 28
          },
          {
            "nth": 40,
            "value": 35
          },
          {
            "nth": 50,
            "value": 40
          },
          {
            "nth": 60,
            "value": 45
          },
          {
            "nth": 70,
            "value": 50
          },
          {
            "nth": 80,
            "value": 54
          },
          {
            "nth": 90,
            "value": 59
          }
        ]
      }
    },
    {
      "code": [
        {
          "coding": [
            {
              "system": "http://loinc.org",
              "code": "33914-3",
              "display": "Glomerular filtration rate/1.73 sq M.predicted [Volume Rate/Area] in Serum or Plasma by Creatinine-based formula (MDRD)"
            }
          ]
        }
      ],
      "count": 2463,
      "frequencyPerYear": 0.1266,
      "fractionOfSubjects": 0.0735,
      "scalarDistribution": {
        "units": {
          "unit": "mL/min/1.73m2",
          "system": "http://unitsofmeasure.org",
          "code": "mL/min/1.73m2"
        },
        "min": 6,
        "max": 108,
        "mean": 60.20,
        "median": 61,
        "stdDev": 21.63,
        "decile": [
          {
            "nth": 10,
            "value": 30
          },
          {
            "nth": 20,
            "value": 42
          },
          {
            "nth": 30,
            "value": 49
          },
          {
            "nth": 40,
            "value": 55
          },
          {
            "nth": 50,
            "value": 61
          },
          {
            "nth": 60,
            "value": 67
          },
          {
            "nth": 70,
            "value": 74
          },
          {
            "nth": 80,
            "value": 81
          },
          {
            "nth": 90,
            "value": 88
          }
        ]
      }
    },
    {
      "code": [
        {
          "coding": [
            {
              "system": "http://loinc.org",
              "code": "62238-1",
              "display": "Glomerular filtration rate/1.73 sq M.predicted [Volume Rate/Area] in Serum or Plasma by Creatinine-based formula (CKD-EPI)"
            }
          ]
        }
      ],
      "count": 428,
      "frequencyPerYear": 0.0220,
      "fractionOfSubjects": 0.0265,
      "scalarDistribution": {
        "units": {
          "unit": "mL/min/1.73m2",
          "system": "http://unitsofmeasure.org",
          "code": "mL/min/1.73m2"
        },
        "min": 5,
        "max": 102,
        "mean": 60.87,
        "median": 63,
        "stdDev": 22.14,
        "decile": [
          {
            "nth": 10,
            "value": 30
          },
          {
            "nth": 20,
            "value": 42
          },
          {
            "nth": 30,
            "value": 49
          },
          {
            "nth": 40,
            "value": 56
          },
          {
            "nth": 50,
            "value": 63
          },
          {
            "nth": 60,
            "value": 68
          },
          {
            "nth": 70,
            "value": 75
          },
          {
            "nth": 80,
            "value": 83
          },
          {
            "nth": 90,
            "value": 89
          }
        ]
      }
    },
    {
      "code": [
        {
          "coding": [
            {
              "system": "http://loinc.org",
              "code": "48643-1",
              "display": "Glomerular filtration rate/1.73 sq M predicted among blacks [Volume Rate/Area] in Serum or Plasma by Creatinine-based formula (MDRD)"
            }
          ]
        }
      ],
      "count": 25466,
      "frequencyPerYear": 1.3092,
      "fractionOfSubjects": 0.3180,
      "scalarDistribution": {
        "units": {
          "unit": "mL/min/1.73m2",
          "system": "http://unitsofmeasure.org",
          "code": "mL/min/1.73m2"
        },
        "min": 3,
        "max": 125,
        "mean": 41.93,
        "median": 42,
        "stdDev": 22.44,
        "decile": [
          {
            "nth": 10,
            "value": 14
          },
          {
            "nth": 20,
            "value": 21
          },
          {
            "nth": 30,
            "value": 29
          },
          {
            "nth": 40,
            "value": 36
          },
          {
            "nth": 50,
            "value": 42
          },
          {
            "nth": 60,
            "value": 46
          },
          {
            "nth": 70,
            "value": 52
          },
          {
            "nth": 80,
            "value": 56
          },
          {
            "nth": 90,
            "value": 69
          }
        ]
      }
    },
    {
      "code": [
        {
          "coding": [
            {
              "system": "http://loinc.org",
              "code": "62238-1",
              "display": "Glomerular filtration rate/1.73 sq M.predicted [Volume Rate/Area] in Serum or Plasma by Creatinine-based formula (CKD-EPI)"
            }
          ]
        }
      ],
      "count": 428,
      "frequencyPerYear": 0.0220,
      "fractionOfSubjects": 0.0265,
      "scalarDistribution": {
        "units": {
          "unit": "mL/min/1.73m2",
          "system": "http://unitsofmeasure.org",
          "code": "mL/min/1.73m2"
        },
        "min": 6,
        "max": 118,
        "mean": 70.39,
        "median": 73,
        "stdDev": 25.58,
        "decile": [
          {
            "nth": 10,
            "value": 35
          },
          {
            "nth": 20,
            "value": 49
          },
          {
            "nth": 30,
            "value": 57
          },
          {
            "nth": 40,
            "value": 65
          },
          {
            "nth": 50,
            "value": 73
          },
          {
            "nth": 60,
            "value": 78
          },
          {
            "nth": 70,
            "value": 87
          },
          {
            "nth": 80,
            "value": 96
          },
          {
            "nth": 90,
            "value": 103
          }
        ]
      }
    },
    {
      "code": [
        {
          "coding": [
            {
              "system": "http://loinc.org",
              "code": "777-3",
              "display": "Platelets [#/volume] in Blood by Automated count"
            }
          ]
        }
      ],
      "count": 50581,
      "frequencyPerYear": 2.6003,
      "fractionOfSubjects": 0.5682,
      "scalarDistribution": {
        "units": {
          "unit": "x10E3/uL",
          "system": "http://unitsofmeasure.org",
          "code": "x10E3/uL"
        },
        "min": 1,
        "max": 1536,
        "mean": 209.12,
        "median": 196,
        "stdDev": 108.55,
        "decile": [
          {
            "nth": 10,
            "value": 92
          },
          {
            "nth": 20,
            "value": 130
          },
          {
            "nth": 30,
            "value": 155
          },
          {
            "nth": 40,
            "value": 176
          },
          {
            "nth": 50,
            "value": 196
          },
          {
            "nth": 60,
            "value": 217
          },
          {
            "nth": 70,
            "value": 241
          },
          {
            "nth": 80,
            "value": 274
          },
          {
            "nth": 90,
            "value": 333
          }
        ],
        "normalizedHigh": 396,
        "normalizedLow": 140,
        "fractionAboveNormal": 0.05,
        "fractionBelowNormal": 0.24
      }
    },
    {
      "code": [
        {
          "coding": [
            {
              "system": "http://loinc.org",
              "code": "4544-3",
              "display": "Hematocrit [Volume Fraction] of Blood by Automated count"
            }
          ]
        }
      ],
      "count": 50417,
      "frequencyPerYear": 2.5919,
      "fractionOfSubjects": 0.5693,
      "scalarDistribution": {
        "units": {
          "unit": "%",
          "system": "http://unitsofmeasure.org",
          "code": "%"
        },
        "min": 10,
        "max": 61.80,
        "mean": 33.31,
        "median": 33,
        "stdDev": 7.45,
        "decile": [
          {
            "nth": 10,
            "value": 23.80
          },
          {
            "nth": 20,
            "value": 26
          },
          {
            "nth": 30,
            "value": 28.20
          },
          {
            "nth": 40,
            "value": 30.50
          },
          {
            "nth": 50,
            "value": 33
          },
          {
            "nth": 60,
            "value": 35.50
          },
          {
            "nth": 70,
            "value": 37.90
          },
          {
            "nth": 80,
            "value": 40.40
          },
          {
            "nth": 90,
            "value": 43.40
          }
        ],
        "normalizedHigh": 46.6,
        "normalizedLow": 34.0,
        "fractionAboveNormal": 0.03,
        "fractionBelowNormal": 0.54
      }
    },
    {
      "code": [
        {
          "coding": [
            {
              "system": "http://loinc.org",
              "code": "33256-9",
              "display": "Leukocytes [#/volume] corrected for nucleated erythrocytes in Blood by Automated count"
            }
          ]
        }
      ],
      "count": 45525,
      "frequencyPerYear": 2.3404,
      "fractionOfSubjects": 0.4970,
      "scalarDistribution": {
        "units": {
          "unit": "K/cu mm",
          "system": "http://unitsofmeasure.org",
          "code": "K/cu mm"
        },
        "min": 0.05,
        "max": 171.08,
        "mean": 8.65,
        "median": 7.67,
        "stdDev": 5.21,
        "decile": [
          {
            "nth": 10,
            "value": 4
          },
          {
            "nth": 20,
            "value": 5.21
          },
          {
            "nth": 30,
            "value": 6.10
          },
          {
            "nth": 40,
            "value": 6.89
          },
          {
            "nth": 50,
            "value": 7.67
          },
          {
            "nth": 60,
            "value": 8.56
          },
          {
            "nth": 70,
            "value": 9.67
          },
          {
            "nth": 80,
            "value": 11.21
          },
          {
            "nth": 90,
            "value": 14.04
          }
        ]
      }
    },
    {
      "code": [
        {
          "coding": [
            {
              "system": "http://loinc.org",
              "code": "6690-2",
              "display": "Leukocytes [#/volume] in Blood by Automated count"
            }
          ]
        }
      ],
      "count": 4816,
      "frequencyPerYear": 0.2476,
      "fractionOfSubjects": 0.1361,
      "scalarDistribution": {
        "units": {
          "unit": "x10E3/uL",
          "system": "http://unitsofmeasure.org",
          "code": "x10E3/uL"
        },
        "min": 0.50,
        "max": 161.30,
        "mean": 6.95,
        "median": 6.30,
        "stdDev": 5.95,
        "decile": [
          {
            "nth": 10,
            "value": 3.60
          },
          {
            "nth": 20,
            "value": 4.50
          },
          {
            "nth": 30,
            "value": 5.20
          },
          {
            "nth": 40,
            "value": 5.80
          },
          {
            "nth": 50,
            "value": 6.30
          },
          {
            "nth": 60,
            "value": 6.90
          },
          {
            "nth": 70,
            "value": 7.70
          },
          {
            "nth": 80,
            "value": 8.60
          },
          {
            "nth": 90,
            "value": 10.10
          }
        ],
        "normalizedHigh": 10.8,
        "normalizedLow": 3.4,
        "fractionAboveNormal": 0.08,
        "fractionBelowNormal": 0.09
      }
    },
    {
      "code": [
        {
          "coding": [
            {
              "system": "http://loinc.org",
              "code": "718-7",
              "display": "Hemoglobin [Mass/volume] in Blood"
            }
          ]
        }
      ],
      "count": 50261,
      "frequencyPerYear": 2.5838,
      "fractionOfSubjects": 0.5689,
      "scalarDistribution": {
        "units": {
          "unit": "g/dL",
          "system": "http://unitsofmeasure.org",
          "code": "g/dL"
        },
        "min": 2.90,
        "max": 19.50,
        "mean": 10.86,
        "median": 10.70,
        "stdDev": 2.55,
        "decile": [
          {
            "nth": 10,
            "value": 7.60
          },
          {
            "nth": 20,
            "value": 8.30
          },
          {
            "nth": 30,
            "value": 9
          },
          {
            "nth": 40,
            "value": 9.80
          },
          {
            "nth": 50,
            "value": 10.70
          },
          {
            "nth": 60,
            "value": 11.60
          },
          {
            "nth": 70,
            "value": 12.40
          },
          {
            "nth": 80,
            "value": 13.30
          },
          {
            "nth": 90,
            "value": 14.40
          }
        ],
        "normalizedHigh": 16.0,
        "normalizedLow": 12.0,
        "fractionAboveNormal": 0.02,
        "fractionBelowNormal": 0.65
      }
    },
    {
      "code": [
        {
          "coding": [
            {
              "system": "http://loinc.org",
              "code": "789-8",
              "display": "Erythrocytes [#/volume] in Blood by Automated count"
            }
          ]
        }
      ],
      "count": 50323,
      "frequencyPerYear": 2.5870,
      "fractionOfSubjects": 0.5687,
      "scalarDistribution": {
        "units": {
          "unit": "x10E6/uL",
          "system": "http://unitsofmeasure.org",
          "code": "x10E6/uL"
        },
        "min": 1.07,
        "max": 8.40,
        "mean": 3.73,
        "median": 3.70,
        "stdDev": 0.89,
        "decile": [
          {
            "nth": 10,
            "value": 2.57
          },
          {
            "nth": 20,
            "value": 2.86
          },
          {
            "nth": 30,
            "value": 3.13
          },
          {
            "nth": 40,
            "value": 3.40
          },
          {
            "nth": 50,
            "value": 3.70
          },
          {
            "nth": 60,
            "value": 3.99
          },
          {
            "nth": 70,
            "value": 4.28
          },
          {
            "nth": 80,
            "value": 4.56
          },
          {
            "nth": 90,
            "value": 4.92
          }
        ],
        "normalizedHigh": 5.28,
        "normalizedLow": 3.77,
        "fractionAboveNormal": 0.04,
        "fractionBelowNormal": 0.52
      }
    },
    {
      "code": [
        {
          "coding": [
            {
              "system": "http://loinc.org",
              "code": "787-2",
              "display": "Erythrocyte mean corpuscular volume [Entitic volume] by Automated count"
            }
          ]
        }
      ],
      "count": 50276,
      "frequencyPerYear": 2.5846,
      "fractionOfSubjects": 0.5687,
      "scalarDistribution": {
        "units": {
          "unit": "fL",
          "system": "http://unitsofmeasure.org",
          "code": "fL"
        },
        "min": 55.30,
        "max": 132,
        "mean": 90.02,
        "median": 90,
        "stdDev": 7.19,
        "decile": [
          {
            "nth": 10,
            "value": 81.90
          },
          {
            "nth": 20,
            "value": 84.90
          },
          {
            "nth": 30,
            "value": 86.90
          },
          {
            "nth": 40,
            "value": 88.50
          },
          {
            "nth": 50,
            "value": 90
          },
          {
            "nth": 60,
            "value": 91.50
          },
          {
            "nth": 70,
            "value": 93.20
          },
          {
            "nth": 80,
            "value": 95.20
          },
          {
            "nth": 90,
            "value": 98.40
          }
        ],
        "normalizedHigh": 97,
        "normalizedLow": 79,
        "fractionAboveNormal": 0.13,
        "fractionBelowNormal": 0.05
      }
    },
    {
      "code": [
        {
          "coding": [
            {
              "system": "http://loinc.org",
              "code": "786-4",
              "display": "Erythrocyte mean corpuscular hemoglobin concentration [Mass/volume] by Automated count"
            }
          ]
        }
      ],
      "count": 50076,
      "frequencyPerYear": 2.5743,
      "fractionOfSubjects": 0.5687,
      "scalarDistribution": {
        "units": {
          "unit": "g/dL",
          "system": "http://unitsofmeasure.org",
          "code": "g/dL"
        },
        "min": 23.60,
        "max": 49.20,
        "mean": 32.54,
        "median": 32.60,
        "stdDev": 1.50,
        "decile": [
          {
            "nth": 10,
            "value": 30.60
          },
          {
            "nth": 20,
            "value": 31.30
          },
          {
            "nth": 30,
            "value": 31.80
          },
          {
            "nth": 40,
            "value": 32.20
          },
          {
            "nth": 50,
            "value": 32.60
          },
          {
            "nth": 60,
            "value": 33
          },
          {
            "nth": 70,
            "value": 33.30
          },
          {
            "nth": 80,
            "value": 33.80
          },
          {
            "nth": 90,
            "value": 34.40
          }
        ],
        "normalizedHigh": 35.7,
        "normalizedLow": 31.5,
        "fractionAboveNormal": 0.02,
        "fractionBelowNormal": 0.22
      }
    },
    {
      "code": [
        {
          "coding": [
            {
              "system": "http://loinc.org",
              "code": "785-6",
              "display": "Erythrocyte mean corpuscular hemoglobin [Entitic mass] by Automated count"
            }
          ]
        }
      ],
      "count": 49959,
      "frequencyPerYear": 2.5683,
      "fractionOfSubjects": 0.5687,
      "scalarDistribution": {
        "units": {
          "unit": "pg",
          "system": "http://unitsofmeasure.org",
          "code": "pg"
        },
        "min": 13.10,
        "max": 46.70,
        "mean": 29.29,
        "median": 29.50,
        "stdDev": 2.66,
        "decile": [
          {
            "nth": 10,
            "value": 26
          },
          {
            "nth": 20,
            "value": 27.40
          },
          {
            "nth": 30,
            "value": 28.30
          },
          {
            "nth": 40,
            "value": 28.90
          },
          {
            "nth": 50,
            "value": 29.50
          },
          {
            "nth": 60,
            "value": 30
          },
          {
            "nth": 70,
            "value": 30.60
          },
          {
            "nth": 80,
            "value": 31.30
          },
          {
            "nth": 90,
            "value": 32.30
          }
        ],
        "normalizedHigh": 33.0,
        "normalizedLow": 26.6,
        "fractionAboveNormal": 0.06,
        "fractionBelowNormal": 0.13
      }
    },
    {
      "code": [
        {
          "coding": [
            {
              "system": "http://loinc.org",
              "code": "788-0",
              "display": "Erythrocyte distribution width [Ratio] by Automated count"
            }
          ]
        }
      ],
      "count": 49454,
      "frequencyPerYear": 2.5424,
      "fractionOfSubjects": 0.5687,
      "scalarDistribution": {
        "units": {
          "unit": "%",
          "system": "http://unitsofmeasure.org",
          "code": "%"
        },
        "min": 10.80,
        "max": 41.90,
        "mean": 15.54,
        "median": 14.90,
        "stdDev": 2.64,
        "decile": [
          {
            "nth": 10,
            "value": 12.90
          },
          {
            "nth": 20,
            "value": 13.40
          },
          {
            "nth": 30,
            "value": 13.90
          },
          {
            "nth": 40,
            "value": 14.40
          },
          {
            "nth": 50,
            "value": 14.90
          },
          {
            "nth": 60,
            "value": 15.50
          },
          {
            "nth": 70,
            "value": 16.20
          },
          {
            "nth": 80,
            "value": 17.30
          },
          {
            "nth": 90,
            "value": 19
          }
        ],
        "normalizedHigh": 15.4,
        "normalizedLow": 12.3,
        "fractionAboveNormal": 0.41,
        "fractionBelowNormal": 0.02
      }
    },
    {
      "code": [
        {
          "coding": [
            {
              "system": "http://loinc.org",
              "code": "1742-6",
              "display": "Alanine aminotransferase [Enzymatic activity/volume] in Serum or Plasma"
            }
          ]
        }
      ],
      "count": 37272,
      "frequencyPerYear": 1.9161,
      "fractionOfSubjects": 0.5922,
      "scalarDistribution": {
        "units": {
          "unit": "U/L",
          "system": "http://unitsofmeasure.org",
          "code": "U/L"
        },
        "min": 3,
        "max": 6283,
        "mean": 43.14,
        "median": 21,
        "stdDev": 164.76,
        "decile": [
          {
            "nth": 10,
            "value": 10
          },
          {
            "nth": 20,
            "value": 13
          },
          {
            "nth": 30,
            "value": 16
          },
          {
            "nth": 40,
            "value": 18
          },
          {
            "nth": 50,
            "value": 21
          },
          {
            "nth": 60,
            "value": 25
          },
          {
            "nth": 70,
            "value": 30
          },
          {
            "nth": 80,
            "value": 39
          },
          {
            "nth": 90,
            "value": 60
          }
        ],
        "normalizedHigh": 25,
        "normalizedLow": 0,
        "fractionAboveNormal": 0.39,
        "fractionBelowNormal": 0
      }
    },
    {
      "code": [
        {
          "coding": [
            {
              "system": "http://loinc.org",
              "code": "1920-8",
              "display": "Aspartate aminotransferase [Enzymatic activity/volume] in Serum or Plasma"
            }
          ]
        }
      ],
      "count": 36123,
      "frequencyPerYear": 1.8570,
      "fractionOfSubjects": 0.5844,
      "scalarDistribution": {
        "units": {
          "unit": "IU/L",
          "system": "http://unitsofmeasure.org",
          "code": "IU/L"
        },
        "min": 4,
        "max": 18684,
        "mean": 53.20,
        "median": 21,
        "stdDev": 402.75,
        "decile": [
          {
            "nth": 10,
            "value": 13
          },
          {
            "nth": 20,
            "value": 15
          },
          {
            "nth": 30,
            "value": 17
          },
          {
            "nth": 40,
            "value": 19
          },
          {
            "nth": 50,
            "value": 21
          },
          {
            "nth": 60,
            "value": 24
          },
          {
            "nth": 70,
            "value": 29
          },
          {
            "nth": 80,
            "value": 36
          },
          {
            "nth": 90,
            "value": 56
          }
        ],
        "normalizedHigh": 40,
        "normalizedLow": 0,
        "fractionAboveNormal": 0.17,
        "fractionBelowNormal": 0
      }
    },
    {
      "code": [
        {
          "coding": [
            {
              "system": "http://loinc.org",
              "code": "6768-6",
              "display": "Alkaline phosphatase [Enzymatic activity/volume] in Serum or Plasma"
            }
          ]
        }
      ],
      "count": 37413,
      "frequencyPerYear": 1.9233,
      "fractionOfSubjects": 0.5866,
      "scalarDistribution": {
        "units": {
          "unit": "U/L",
          "system": "http://unitsofmeasure.org",
          "code": "U/L"
        },
        "min": 8,
        "max": 2486,
        "mean": 114.61,
        "median": 83,
        "stdDev": 139.29,
        "decile": [
          {
            "nth": 10,
            "value": 51
          },
          {
            "nth": 20,
            "value": 60
          },
          {
            "nth": 30,
            "value": 67
          },
          {
            "nth": 40,
            "value": 75
          },
          {
            "nth": 50,
            "value": 83
          },
          {
            "nth": 60,
            "value": 93
          },
          {
            "nth": 70,
            "value": 106
          },
          {
            "nth": 80,
            "value": 127
          },
          {
            "nth": 90,
            "value": 181
          }
        ],
        "normalizedHigh": 120,
        "normalizedLow": 30,
        "fractionAboveNormal": 0.23,
        "fractionBelowNormal": 0.00
      }
    },
    {
      "code": [
        {
          "coding": [
            {
              "system": "http://loinc.org",
              "code": "2885-2",
              "display": "Protein [Mass/volume] in Serum or Plasma"
            }
          ]
        }
      ],
      "count": 37387,
      "frequencyPerYear": 1.9220,
      "fractionOfSubjects": 0.5872,
      "scalarDistribution": {
        "units": {
          "unit": "g/dL",
          "system": "http://unitsofmeasure.org",
          "code": "g/dL"
        },
        "min": 1.50,
        "max": 11.70,
        "mean": 6.42,
        "median": 6.50,
        "stdDev": 0.92,
        "decile": [
          {
            "nth": 10,
            "value": 5.10
          },
          {
            "nth": 20,
            "value": 5.70
          },
          {
            "nth": 30,
            "value": 6
          },
          {
            "nth": 40,
            "value": 6.30
          },
          {
            "nth": 50,
            "value": 6.50
          },
          {
            "nth": 60,
            "value": 6.70
          },
          {
            "nth": 70,
            "value": 6.90
          },
          {
            "nth": 80,
            "value": 7.20
          },
          {
            "nth": 90,
            "value": 7.50
          }
        ],
        "normalizedHigh": 8.5,
        "normalizedLow": 6,
        "fractionAboveNormal": 0.01,
        "fractionBelowNormal": 0.28
      }
    },
    {
      "code": [
        {
          "coding": [
            {
              "system": "http://loinc.org",
              "code": "1975-2",
              "display": "Bilirubin.total [Mass/volume] in Serum or Plasma"
            }
          ]
        }
      ],
      "count": 34986,
      "frequencyPerYear": 1.7986,
      "fractionOfSubjects": 0.5733,
      "scalarDistribution": {
        "units": {
          "unit": "mg/dL",
          "system": "http://unitsofmeasure.org",
          "code": "mg/dL"
        },
        "min": 0.10,
        "max": 40.40,
        "mean": 0.85,
        "median": 0.50,
        "stdDev": 1.66,
        "decile": [
          {
            "nth": 10,
            "value": 0.30
          },
          {
            "nth": 20,
            "value": 0.30
          },
          {
            "nth": 30,
            "value": 0.40
          },
          {
            "nth": 40,
            "value": 0.40
          },
          {
            "nth": 50,
            "value": 0.50
          },
          {
            "nth": 60,
            "value": 0.60
          },
          {
            "nth": 70,
            "value": 0.70
          },
          {
            "nth": 80,
            "value": 0.90
          },
          {
            "nth": 90,
            "value": 1.30
          }
        ],
        "normalizedHigh": 1.2,
        "normalizedLow": 0.2,
        "fractionAboveNormal": 0.11,
        "fractionBelowNormal": 0.00
      }
    },
    {
      "code": [
        {
          "coding": [
            {
              "system": "http://loinc.org",
              "code": "713-8",
              "display": "Eosinophils/100 leukocytes in Blood by Automated count"
            }
          ]
        }
      ],
      "count": 28954,
      "frequencyPerYear": 1.4885,
      "fractionOfSubjects": 0.4786,
      "scalarDistribution": {
        "units": {
          "unit": "%",
          "system": "http://unitsofmeasure.org",
          "code": "%"
        },
        "min": 0,
        "max": 61.70,
        "mean": 2.65,
        "median": 2,
        "stdDev": 2.73,
        "decile": [
          {
            "nth": 10,
            "value": 0.20
          },
          {
            "nth": 20,
            "value": 0.70
          },
          {
            "nth": 30,
            "value": 1.10
          },
          {
            "nth": 40,
            "value": 1.60
          },
          {
            "nth": 50,
            "value": 2
          },
          {
            "nth": 60,
            "value": 2.60
          },
          {
            "nth": 70,
            "value": 3.20
          },
          {
            "nth": 80,
            "value": 4
          },
          {
            "nth": 90,
            "value": 5.50
          }
        ],
        "normalizedHigh": 7,
        "normalizedLow": 0,
        "fractionAboveNormal": 0.05,
        "fractionBelowNormal": 0
      }
    },
    {
      "code": [
        {
          "coding": [
            {
              "system": "http://loinc.org",
              "code": "706-2",
              "display": "Basophils/100 leukocytes in Blood by Automated count"
            }
          ]
        }
      ],
      "count": 26929,
      "frequencyPerYear": 1.3844,
      "fractionOfSubjects": 0.4553,
      "scalarDistribution": {
        "units": {
          "unit": "%",
          "system": "http://unitsofmeasure.org",
          "code": "%"
        },
        "min": 0,
        "max": 7,
        "mean": 0.51,
        "median": 0.40,
        "stdDev": 0.35,
        "decile": [
          {
            "nth": 10,
            "value": 0.10
          },
          {
            "nth": 20,
            "value": 0.20
          },
          {
            "nth": 30,
            "value": 0.30
          },
          {
            "nth": 40,
            "value": 0.40
          },
          {
            "nth": 50,
            "value": 0.40
          },
          {
            "nth": 60,
            "value": 0.50
          },
          {
            "nth": 70,
            "value": 0.60
          },
          {
            "nth": 80,
            "value": 0.70
          },
          {
            "nth": 90,
            "value": 0.90
          }
        ],
        "normalizedHigh": 1.0,
        "normalizedLow": 0.0,
        "fractionAboveNormal": 0.06,
        "fractionBelowNormal": 0
      }
    },
    {
      "code": [
        {
          "coding": [
            {
              "system": "http://loinc.org",
              "code": "704-7",
              "display": "Basophils [#/volume] in Blood by Automated count"
            }
          ]
        }
      ],
      "count": 110,
      "frequencyPerYear": 0.0057,
      "fractionOfSubjects": 0.0064,
      "scalarDistribution": {
        "units": {
          "unit": "K/uL",
          "system": "http://unitsofmeasure.org",
          "code": "K/uL"
        },
        "min": 0,
        "max": 0.10,
        "mean": 0.04,
        "median": 0,
        "stdDev": 0.05,
        "decile": [
          {
            "nth": 10,
            "value": 0
          },
          {
            "nth": 20,
            "value": 0
          },
          {
            "nth": 30,
            "value": 0
          },
          {
            "nth": 40,
            "value": 0
          },
          {
            "nth": 50,
            "value": 0
          },
          {
            "nth": 60,
            "value": 0
          },
          {
            "nth": 70,
            "value": 0.10
          },
          {
            "nth": 80,
            "value": 0.10
          },
          {
            "nth": 90,
            "value": 0.10
          }
        ],
        "normalizedHigh": 0.1,
        "normalizedLow": 0,
        "fractionAboveNormal": 0,
        "fractionBelowNormal": 0
      }
    },
    {
      "code": [
        {
          "coding": [
            {
              "system": "http://loinc.org",
              "code": "5905-5",
              "display": "Monocytes/100 leukocytes in Blood by Automated count"
            }
          ]
        }
      ],
      "count": 26048,
      "frequencyPerYear": 1.3391,
      "fractionOfSubjects": 0.4316,
      "scalarDistribution": {
        "units": {
          "unit": "%",
          "system": "http://unitsofmeasure.org",
          "code": "%"
        },
        "min": 0,
        "max": 79.90,
        "mean": 9.16,
        "median": 8.70,
        "stdDev": 3.81,
        "decile": [
          {
            "nth": 10,
            "value": 5.30
          },
          {
            "nth": 20,
            "value": 6.50
          },
          {
            "nth": 30,
            "value": 7.30
          },
          {
            "nth": 40,
            "value": 8
          },
          {
            "nth": 50,
            "value": 8.70
          },
          {
            "nth": 60,
            "value": 9.40
          },
          {
            "nth": 70,
            "value": 10.30
          },
          {
            "nth": 80,
            "value": 11.40
          },
          {
            "nth": 90,
            "value": 13.30
          }
        ],
        "normalizedHigh": 12,
        "normalizedLow": 0,
        "fractionAboveNormal": 0.16,
        "fractionBelowNormal": 0
      }
    },
    {
      "code": [
        {
          "coding": [
            {
              "system": "http://loinc.org",
              "code": "19123-9",
              "display": "Magnesium [Mass/volume] in Serum or Plasma"
            }
          ]
        }
      ],
      "count": 22183,
      "frequencyPerYear": 1.1404,
      "fractionOfSubjects": 0.2094,
      "scalarDistribution": {
        "units": {
          "unit": "mg/dL",
          "system": "http://unitsofmeasure.org",
          "code": "mg/dL"
        },
        "min": 0.30,
        "max": 6.60,
        "mean": 2.03,
        "median": 2,
        "stdDev": 0.38,
        "decile": [
          {
            "nth": 10,
            "value": 1.60
          },
          {
            "nth": 20,
            "value": 1.70
          },
          {
            "nth": 30,
            "value": 1.80
          },
          {
            "nth": 40,
            "value": 1.90
          },
          {
            "nth": 50,
            "value": 2
          },
          {
            "nth": 60,
            "value": 2.10
          },
          {
            "nth": 70,
            "value": 2.20
          },
          {
            "nth": 80,
            "value": 2.30
          },
          {
            "nth": 90,
            "value": 2.50
          }
        ],
        "normalizedHigh": 2.3,
        "normalizedLow": 1.6,
        "fractionAboveNormal": 0.18,
        "fractionBelowNormal": 0.09
      }
    },
    {
      "code": [
        {
          "coding": [
            {
              "system": "http://loinc.org",
              "code": "2601-3",
              "display": "Magnesium [Moles/volume] in Serum or Plasma"
            }
          ]
        }
      ],
      "count": 143,
      "frequencyPerYear": 0.0074,
      "fractionOfSubjects": 0.0058,
      "scalarDistribution": {
        "units": {
          "unit": "mg/dL",
          "system": "http://unitsofmeasure.org",
          "code": "mg/dL"
        },
        "min": 0.30,
        "max": 2.90,
        "mean": 2.04,
        "median": 2,
        "stdDev": 0.39,
        "decile": [
          {
            "nth": 10,
            "value": 1.60
          },
          {
            "nth": 20,
            "value": 1.80
          },
          {
            "nth": 30,
            "value": 1.90
          },
          {
            "nth": 40,
            "value": 1.90
          },
          {
            "nth": 50,
            "value": 2
          },
          {
            "nth": 60,
            "value": 2.10
          },
          {
            "nth": 70,
            "value": 2.20
          },
          {
            "nth": 80,
            "value": 2.30
          },
          {
            "nth": 90,
            "value": 2.60
          }
        ],
        "normalizedHigh": 2.2,
        "normalizedLow": 1.2,
        "fractionAboveNormal": 0.32,
        "fractionBelowNormal": 0.01
      }
    },
    {
      "code": [
        {
          "coding": [
            {
              "system": "http://loinc.org",
              "code": "5964-2",
              "display": "Prothrombin time (PT) in Blood by Coagulation assay"
            }
          ]
        }
      ],
      "count": 15793,
      "frequencyPerYear": 0.8119,
      "fractionOfSubjects": 0.2596,
      "scalarDistribution": {
        "units": {
          "unit": "Seconds",
          "system": "http://unitsofmeasure.org",
          "code": "Seconds"
        },
        "min": 8.30,
        "max": 119.10,
        "mean": 15.39,
        "median": 12.20,
        "stdDev": 7.77,
        "decile": [
          {
            "nth": 10,
            "value": 10.50
          },
          {
            "nth": 20,
            "value": 10.80
          },
          {
            "nth": 30,
            "value": 11.20
          },
          {
            "nth": 40,
            "value": 11.60
          },
          {
            "nth": 50,
            "value": 12.20
          },
          {
            "nth": 60,
            "value": 13.10
          },
          {
            "nth": 70,
            "value": 15.10
          },
          {
            "nth": 80,
            "value": 19
          },
          {
            "nth": 90,
            "value": 24.80
          }
        ]
      }
    },
    {
      "code": [
        {
          "coding": [
            {
              "system": "http://loinc.org",
              "code": "5902-2",
              "display": "Prothrombin time (PT)"
            }
          ]
        }
      ],
      "count": 1073,
      "frequencyPerYear": 0.0552,
      "fractionOfSubjects": 0.0283,
      "scalarDistribution": {
        "units": {
          "unit": "sec",
          "system": "http://unitsofmeasure.org",
          "code": "sec"
        },
        "min": 9.70,
        "max": 113.70,
        "mean": 17.58,
        "median": 12.70,
        "stdDev": 10.02,
        "decile": [
          {
            "nth": 10,
            "value": 10.30
          },
          {
            "nth": 20,
            "value": 10.60
          },
          {
            "nth": 30,
            "value": 11
          },
          {
            "nth": 40,
            "value": 11.50
          },
          {
            "nth": 50,
            "value": 12.70
          },
          {
            "nth": 60,
            "value": 15.40
          },
          {
            "nth": 70,
            "value": 20.50
          },
          {
            "nth": 80,
            "value": 25.10
          },
          {
            "nth": 90,
            "value": 29.50
          }
        ],
        "normalizedHigh": 12.0,
        "normalizedLow": 9.1,
        "fractionAboveNormal": 0.54,
        "fractionBelowNormal": 0
      }
    },
    {
      "code": [
        {
          "coding": [
            {
              "system": "http://loinc.org",
              "code": "2777-1",
              "display": "Phosphate [Mass/volume] in Serum or Plasma"
            }
          ]
        }
      ],
      "count": 16515,
      "frequencyPerYear": 0.8490,
      "fractionOfSubjects": 0.1728,
      "scalarDistribution": {
        "units": {
          "unit": "mg/dL",
          "system": "http://unitsofmeasure.org",
          "code": "mg/dL"
        },
        "min": 0.20,
        "max": 18,
        "mean": 3.41,
        "median": 3.30,
        "stdDev": 1.18,
        "decile": [
          {
            "nth": 10,
            "value": 2.10
          },
          {
            "nth": 20,
            "value": 2.50
          },
          {
            "nth": 30,
            "value": 2.80
          },
          {
            "nth": 40,
            "value": 3
          },
          {
            "nth": 50,
            "value": 3.30
          },
          {
            "nth": 60,
            "value": 3.50
          },
          {
            "nth": 70,
            "value": 3.80
          },
          {
            "nth": 80,
            "value": 4.10
          },
          {
            "nth": 90,
            "value": 4.80
          }
        ],
        "normalizedHigh": 4.5,
        "normalizedLow": 2.5,
        "fractionAboveNormal": 0.12,
        "fractionBelowNormal": 0.17
      }
    },
    {
      "code": [
        {
          "coding": [
            {
              "system": "http://loinc.org",
              "code": "4548-4",
              "display": "Hemoglobin A1c/Hemoglobin.total in Blood"
            }
          ]
        }
      ],
      "count": 8482,
      "frequencyPerYear": 0.4360,
      "fractionOfSubjects": 0.4086,
      "scalarDistribution": {
        "units": {
          "unit": "%",
          "system": "http://unitsofmeasure.org",
          "code": "%"
        },
        "min": 3.80,
        "max": 19.70,
        "mean": 7.22,
        "median": 6.90,
        "stdDev": 1.48,
        "decile": [
          {
            "nth": 10,
            "value": 5.80
          },
          {
            "nth": 20,
            "value": 6.10
          },
          {
            "nth": 30,
            "value": 6.40
          },
          {
            "nth": 40,
            "value": 6.60
          },
          {
            "nth": 50,
            "value": 6.90
          },
          {
            "nth": 60,
            "value": 7.20
          },
          {
            "nth": 70,
            "value": 7.60
          },
          {
            "nth": 80,
            "value": 8.10
          },
          {
            "nth": 90,
            "value": 9
          }
        ],
        "normalizedHigh": 5.6,
        "normalizedLow": 4.8,
        "fractionAboveNormal": 0.93,
        "fractionBelowNormal": 0.01
      }
    },
    {
      "code": [
        {
          "coding": [
            {
              "system": "http://loinc.org",
              "code": "17856-6",
              "display": "Hemoglobin A1c/Hemoglobin.total in Blood by HPLC"
            }
          ]
        }
      ],
      "count": 336,
      "frequencyPerYear": 0.0173,
      "fractionOfSubjects": 0.0109,
      "scalarDistribution": {
        "units": {
          "unit": "% HGB",
          "system": "http://unitsofmeasure.org",
          "code": "% HGB"
        },
        "min": 5.20,
        "max": 11.90,
        "mean": 7.35,
        "median": 7,
        "stdDev": 1.27,
        "decile": [
          {
            "nth": 10,
            "value": 6.10
          },
          {
            "nth": 20,
            "value": 6.30
          },
          {
            "nth": 30,
            "value": 6.50
          },
          {
            "nth": 40,
            "value": 6.80
          },
          {
            "nth": 50,
            "value": 7
          },
          {
            "nth": 60,
            "value": 7.30
          },
          {
            "nth": 70,
            "value": 7.70
          },
          {
            "nth": 80,
            "value": 8.20
          },
          {
            "nth": 90,
            "value": 9.20
          }
        ]
      }
    },
    {
      "code": [
        {
          "coding": [
            {
              "system": "http://loinc.org",
              "code": "4549-2",
              "display": "Hemoglobin A1c/Hemoglobin.total in Blood by Electrophoresis"
            }
          ]
        }
      ],
      "count": 29,
      "frequencyPerYear": 0.0015,
      "fractionOfSubjects": 0.0020,
      "scalarDistribution": {
        "units": {
          "unit": "%",
          "system": "http://unitsofmeasure.org",
          "code": "%"
        },
        "min": 4.70,
        "max": 14.40,
        "mean": 8.22,
        "median": 7,
        "stdDev": 3.05,
        "decile": [
          {
            "nth": 10,
            "value": 5.40
          },
          {
            "nth": 20,
            "value": 5.80
          },
          {
            "nth": 30,
            "value": 6.20
          },
          {
            "nth": 40,
            "value": 6.40
          },
          {
            "nth": 50,
            "value": 7
          },
          {
            "nth": 60,
            "value": 7.20
          },
          {
            "nth": 70,
            "value": 8.20
          },
          {
            "nth": 80,
            "value": 11.50
          },
          {
            "nth": 90,
            "value": 13.10
          }
        ]
      }
    },
    {
      "code": [
        {
          "coding": [
            {
              "system": "http://loinc.org",
              "code": "2571-8",
              "display": "Triglyceride [Mass/volume] in Serum or Plasma"
            }
          ]
        }
      ],
      "count": 8582,
      "frequencyPerYear": 0.4412,
      "fractionOfSubjects": 0.4301,
      "scalarDistribution": {
        "units": {
          "unit": "mg/dL",
          "system": "http://unitsofmeasure.org",
          "code": "mg/dL"
        },
        "min": 9,
        "max": 2015,
        "mean": 146.86,
        "median": 124,
        "stdDev": 99.32,
        "decile": [
          {
            "nth": 10,
            "value": 67
          },
          {
            "nth": 20,
            "value": 82
          },
          {
            "nth": 30,
            "value": 95
          },
          {
            "nth": 40,
            "value": 108
          },
          {
            "nth": 50,
            "value": 124
          },
          {
            "nth": 60,
            "value": 142
          },
          {
            "nth": 70,
            "value": 163
          },
          {
            "nth": 80,
            "value": 192
          },
          {
            "nth": 90,
            "value": 244
          }
        ],
        "normalizedHigh": 149,
        "normalizedLow": 0,
        "fractionAboveNormal": 0.36,
        "fractionBelowNormal": 0
      }
    },
    {
      "code": [
        {
          "coding": [
            {
              "system": "http://loinc.org",
              "code": "3049-4",
              "display": "Deprecated Triglyceride [Mass/volume] in Serum or Plasma"
            }
          ]
        }
      ],
      "count": 17,
      "frequencyPerYear": 0.0009,
      "fractionOfSubjects": 0.0017,
      "scalarDistribution": {
        "units": {
          "unit": "mg/dL",
          "system": "http://unitsofmeasure.org",
          "code": "mg/dL"
        },
        "min": 53,
        "max": 467,
        "mean": 146,
        "median": 134.50,
        "stdDev": 100.08,
        "decile": [
          {
            "nth": 10,
            "value": 56
          },
          {
            "nth": 20,
            "value": 61
          },
          {
            "nth": 30,
            "value": 78
          },
          {
            "nth": 40,
            "value": 107
          },
          {
            "nth": 50,
            "value": 135
          },
          {
            "nth": 60,
            "value": 138
          },
          {
            "nth": 70,
            "value": 149
          },
          {
            "nth": 80,
            "value": 166
          },
          {
            "nth": 90,
            "value": 235
          }
        ],
        "normalizedHigh": 120,
        "normalizedLow": 10,
        "fractionAboveNormal": 0.59,
        "fractionBelowNormal": 0
      }
    },
    {
      "code": [
        {
          "coding": [
            {
              "system": "http://loinc.org",
              "code": "2093-3",
              "display": "Cholesterol [Mass/volume] in Serum or Plasma"
            }
          ]
        }
      ],
      "count": 8497,
      "frequencyPerYear": 0.4368,
      "fractionOfSubjects": 0.4324,
      "scalarDistribution": {
        "units": {
          "unit": "mg/dL",
          "system": "http://unitsofmeasure.org",
          "code": "mg/dL"
        },
        "min": 30,
        "max": 434,
        "mean": 151.51,
        "median": 147,
        "stdDev": 38.18,
        "decile": [
          {
            "nth": 10,
            "value": 108
          },
          {
            "nth": 20,
            "value": 121
          },
          {
            "nth": 30,
            "value": 130
          },
          {
            "nth": 40,
            "value": 138
          },
          {
            "nth": 50,
            "value": 147
          },
          {
            "nth": 60,
            "value": 155
          },
          {
            "nth": 70,
            "value": 165
          },
          {
            "nth": 80,
            "value": 180
          },
          {
            "nth": 90,
            "value": 201
          }
        ],
        "normalizedHigh": 199,
        "normalizedLow": 100,
        "fractionAboveNormal": 0.11,
        "fractionBelowNormal": 0.05
      }
    },
    {
      "code": [
        {
          "coding": [
            {
              "system": "http://loinc.org",
              "code": "2565-0",
              "display": "Deprecated Cholesterol [Mass/volume] in Serum or Plasma"
            }
          ]
        }
      ],
      "count": 16,
      "frequencyPerYear": 0.0008,
      "fractionOfSubjects": 0.0016,
      "scalarDistribution": {
        "units": {
          "unit": "mg/dL",
          "system": "http://unitsofmeasure.org",
          "code": "mg/dL"
        },
        "min": 90,
        "max": 193,
        "mean": 131.69,
        "median": 129,
        "stdDev": 30.59,
        "decile": [
          {
            "nth": 10,
            "value": 94
          },
          {
            "nth": 20,
            "value": 100
          },
          {
            "nth": 30,
            "value": 108
          },
          {
            "nth": 40,
            "value": 111
          },
          {
            "nth": 50,
            "value": 129
          },
          {
            "nth": 60,
            "value": 136
          },
          {
            "nth": 70,
            "value": 141
          },
          {
            "nth": 80,
            "value": 156
          },
          {
            "nth": 90,
            "value": 161
          }
        ]
      }
    },
    {
      "code": [
        {
          "coding": [
            {
              "system": "http://loinc.org",
              "code": "2085-9",
              "display": "Cholesterol in HDL [Mass/volume] in Serum or Plasma"
            }
          ]
        }
      ],
      "count": 8418,
      "frequencyPerYear": 0.4328,
      "fractionOfSubjects": 0.4318,
      "scalarDistribution": {
        "units": {
          "unit": "mg/dL",
          "system": "http://unitsofmeasure.org",
          "code": "mg/dL"
        },
        "min": 3,
        "max": 151,
        "mean": 44.82,
        "median": 43,
        "stdDev": 13.90,
        "decile": [
          {
            "nth": 10,
            "value": 30
          },
          {
            "nth": 20,
            "value": 34
          },
          {
            "nth": 30,
            "value": 37
          },
          {
            "nth": 40,
            "value": 40
          },
          {
            "nth": 50,
            "value": 43
          },
          {
            "nth": 60,
            "value": 46
          },
          {
            "nth": 70,
            "value": 49
          },
          {
            "nth": 80,
            "value": 54
          },
          {
            "nth": 90,
            "value": 61
          }
        ],
        "normalizedHigh": 76,
        "normalizedLow": 36,
        "fractionAboveNormal": 0.03,
        "fractionBelowNormal": 0.24
      }
    },
    {
      "code": [
        {
          "coding": [
            {
              "system": "http://loinc.org",
              "code": "2339-0",
              "display": "Glucose [Mass/volume] in Blood"
            }
          ]
        }
      ],
      "count": 7455,
      "frequencyPerYear": 0.3833,
      "fractionOfSubjects": 0.0813,
      "scalarDistribution": {
        "units": {
          "unit": "mg/dL",
          "system": "http://unitsofmeasure.org",
          "code": "mg/dL"
        },
        "min": 34,
        "max": 1056,
        "mean": 168.93,
        "median": 158,
        "stdDev": 66.36,
        "decile": [
          {
            "nth": 10,
            "value": 108
          },
          {
            "nth": 20,
            "value": 124
          },
          {
            "nth": 30,
            "value": 135
          },
          {
            "nth": 40,
            "value": 147
          },
          {
            "nth": 50,
            "value": 158
          },
          {
            "nth": 60,
            "value": 170
          },
          {
            "nth": 70,
            "value": 183
          },
          {
            "nth": 80,
            "value": 203
          },
          {
            "nth": 90,
            "value": 238
          }
        ]
      }
    },
    {
      "code": [
        {
          "coding": [
            {
              "system": "http://loinc.org",
              "code": "737-7",
              "display": "Lymphocytes/100 leukocytes in Blood by Manual count"
            }
          ]
        }
      ],
      "count": 3951,
      "frequencyPerYear": 0.2031,
      "fractionOfSubjects": 0.0714,
      "scalarDistribution": {
        "units": {
          "unit": "%",
          "system": "http://unitsofmeasure.org",
          "code": "%"
        },
        "min": 0,
        "max": 100,
        "mean": 19.30,
        "median": 10,
        "stdDev": 23.28,
        "decile": [
          {
            "nth": 10,
            "value": 2
          },
          {
            "nth": 20,
            "value": 3
          },
          {
            "nth": 30,
            "value": 5
          },
          {
            "nth": 40,
            "value": 7
          },
          {
            "nth": 50,
            "value": 10
          },
          {
            "nth": 60,
            "value": 14
          },
          {
            "nth": 70,
            "value": 20
          },
          {
            "nth": 80,
            "value": 31
          },
          {
            "nth": 90,
            "value": 55
          }
        ],
        "normalizedHigh": 44,
        "normalizedLow": 24,
        "fractionAboveNormal": 0.13,
        "fractionBelowNormal": 0.74
      }
    },
    {
      "code": [
        {
          "coding": [
            {
              "system": "http://loinc.org",
              "code": "736-9",
              "display": "Lymphocytes/100 leukocytes in Blood by Automated count"
            }
          ]
        }
      ],
      "count": 194,
      "frequencyPerYear": 0.0100,
      "fractionOfSubjects": 0.0111,
      "scalarDistribution": {
        "units": {
          "unit": "%",
          "system": "http://unitsofmeasure.org",
          "code": "%"
        },
        "min": 0.60,
        "max": 94.90,
        "mean": 20.27,
        "median": 18.90,
        "stdDev": 11.99,
        "decile": [
          {
            "nth": 10,
            "value": 5.90
          },
          {
            "nth": 20,
            "value": 10.50
          },
          {
            "nth": 30,
            "value": 14.10
          },
          {
            "nth": 40,
            "value": 16.10
          },
          {
            "nth": 50,
            "value": 18.90
          },
          {
            "nth": 60,
            "value": 21.10
          },
          {
            "nth": 70,
            "value": 25.40
          },
          {
            "nth": 80,
            "value": 30.20
          },
          {
            "nth": 90,
            "value": 35.30
          }
        ]
      }
    },
    {
      "code": [
        {
          "coding": [
            {
              "system": "http://loinc.org",
              "code": "744-3",
              "display": "Monocytes/100 leukocytes in Blood by Manual count"
            }
          ]
        }
      ],
      "count": 3938,
      "frequencyPerYear": 0.2024,
      "fractionOfSubjects": 0.0714,
      "scalarDistribution": {
        "units": {
          "unit": "%",
          "system": "http://unitsofmeasure.org",
          "code": "%"
        },
        "min": 0,
        "max": 74,
        "mean": 7.74,
        "median": 5,
        "stdDev": 8.66,
        "decile": [
          {
            "nth": 10,
            "value": 1
          },
          {
            "nth": 20,
            "value": 2
          },
          {
            "nth": 30,
            "value": 3
          },
          {
            "nth": 40,
            "value": 4
          },
          {
            "nth": 50,
            "value": 5
          },
          {
            "nth": 60,
            "value": 7
          },
          {
            "nth": 70,
            "value": 9
          },
          {
            "nth": 80,
            "value": 11
          },
          {
            "nth": 90,
            "value": 16
          }
        ],
        "normalizedHigh": 12,
        "normalizedLow": 1,
        "fractionAboveNormal": 0.17,
        "fractionBelowNormal": 0.09
      }
    },
    {
      "code": [
        {
          "coding": [
            {
              "system": "http://loinc.org",
              "code": "5905-5",
              "display": "Monocytes/100 leukocytes in Blood by Automated count"
            }
          ]
        }
      ],
      "count": 194,
      "frequencyPerYear": 0.0100,
      "fractionOfSubjects": 0.0111,
      "scalarDistribution": {
        "units": {
          "unit": "%",
          "system": "http://unitsofmeasure.org",
          "code": "%"
        },
        "min": 0.80,
        "max": 22.30,
        "mean": 9.99,
        "median": 9.50,
        "stdDev": 3.40,
        "decile": [
          {
            "nth": 10,
            "value": 6.40
          },
          {
            "nth": 20,
            "value": 7.20
          },
          {
            "nth": 30,
            "value": 8
          },
          {
            "nth": 40,
            "value": 8.70
          },
          {
            "nth": 50,
            "value": 9.50
          },
          {
            "nth": 60,
            "value": 10.10
          },
          {
            "nth": 70,
            "value": 11.20
          },
          {
            "nth": 80,
            "value": 12.40
          },
          {
            "nth": 90,
            "value": 15
          }
        ],
        "normalizedHigh": 12,
        "normalizedLow": 0,
        "fractionAboveNormal": 0.23,
        "fractionBelowNormal": 0
      }
    },
    {
      "code": [
        {
          "coding": [
            {
              "system": "http://loinc.org",
              "code": "714-6",
              "display": "Eosinophils/100 leukocytes in Blood by Manual count"
            }
          ]
        }
      ],
      "count": 3741,
      "frequencyPerYear": 0.1923,
      "fractionOfSubjects": 0.0703,
      "scalarDistribution": {
        "units": {
          "unit": "%",
          "system": "http://unitsofmeasure.org",
          "code": "%"
        },
        "min": 0,
        "max": 35,
        "mean": 2,
        "median": 1,
        "stdDev": 3.52,
        "decile": [
          {
            "nth": 10,
            "value": 0
          },
          {
            "nth": 20,
            "value": 0
          },
          {
            "nth": 30,
            "value": 0
          },
          {
            "nth": 40,
            "value": 0
          },
          {
            "nth": 50,
            "value": 1
          },
          {
            "nth": 60,
            "value": 1
          },
          {
            "nth": 70,
            "value": 2
          },
          {
            "nth": 80,
            "value": 3
          },
          {
            "nth": 90,
            "value": 5
          }
        ],
        "normalizedHigh": 7,
        "normalizedLow": 0,
        "fractionAboveNormal": 0.06,
        "fractionBelowNormal": 0
      }
    },
    {
      "code": [
        {
          "coding": [
            {
              "system": "http://loinc.org",
              "code": "713-8",
              "display": "Eosinophils/100 leukocytes in Blood by Automated count"
            }
          ]
        }
      ],
      "count": 194,
      "frequencyPerYear": 0.0100,
      "fractionOfSubjects": 0.0111,
      "scalarDistribution": {
        "units": {
          "unit": "%",
          "system": "http://unitsofmeasure.org",
          "code": "%"
        },
        "min": 0,
        "max": 23.50,
        "mean": 2.79,
        "median": 2.10,
        "stdDev": 2.78,
        "decile": [
          {
            "nth": 10,
            "value": 0.30
          },
          {
            "nth": 20,
            "value": 0.90
          },
          {
            "nth": 30,
            "value": 1.20
          },
          {
            "nth": 40,
            "value": 1.70
          },
          {
            "nth": 50,
            "value": 2.10
          },
          {
            "nth": 60,
            "value": 2.60
          },
          {
            "nth": 70,
            "value": 3.10
          },
          {
            "nth": 80,
            "value": 4
          },
          {
            "nth": 90,
            "value": 5.80
          }
        ],
        "normalizedHigh": 7,
        "normalizedLow": 0,
        "fractionAboveNormal": 0.09,
        "fractionBelowNormal": 0
      }
    },
    {
      "code": [
        {
          "coding": [
            {
              "system": "http://loinc.org",
              "code": "706-2",
              "display": "Basophils/100 leukocytes in Blood by Automated count"
            }
          ]
        }
      ],
      "count": 1801,
      "frequencyPerYear": 0.0926,
      "fractionOfSubjects": 0.0480,
      "scalarDistribution": {
        "units": {
          "unit": "%",
          "system": "http://unitsofmeasure.org",
          "code": "%"
        },
        "min": 0,
        "max": 4,
        "mean": 0.49,
        "median": 0,
        "stdDev": 0.65,
        "decile": [
          {
            "nth": 10,
            "value": 0
          },
          {
            "nth": 20,
            "value": 0
          },
          {
            "nth": 30,
            "value": 0
          },
          {
            "nth": 40,
            "value": 0
          },
          {
            "nth": 50,
            "value": 0
          },
          {
            "nth": 60,
            "value": 1
          },
          {
            "nth": 70,
            "value": 1
          },
          {
            "nth": 80,
            "value": 1
          },
          {
            "nth": 90,
            "value": 1
          }
        ],
        "normalizedHigh": 1.0,
        "normalizedLow": 0.0,
        "fractionAboveNormal": 0.04,
        "fractionBelowNormal": 0
      }
    },
    {
      "code": [
        {
          "coding": [
            {
              "system": "http://loinc.org",
              "code": "736-9",
              "display": "Lymphocytes/100 leukocytes in Blood by Automated count"
            }
          ]
        }
      ],
      "count": 1301,
      "frequencyPerYear": 0.0669,
      "fractionOfSubjects": 0.0402,
      "scalarDistribution": {
        "units": {
          "unit": "%",
          "system": "http://unitsofmeasure.org",
          "code": "%"
        },
        "min": 1,
        "max": 74,
        "mean": 20.84,
        "median": 19.65,
        "stdDev": 10.78,
        "decile": [
          {
            "nth": 10,
            "value": 7.60
          },
          {
            "nth": 20,
            "value": 11.30
          },
          {
            "nth": 30,
            "value": 14.10
          },
          {
            "nth": 40,
            "value": 17
          },
          {
            "nth": 50,
            "value": 19.70
          },
          {
            "nth": 60,
            "value": 22.70
          },
          {
            "nth": 70,
            "value": 25.90
          },
          {
            "nth": 80,
            "value": 29.80
          },
          {
            "nth": 90,
            "value": 35
          }
        ]
      }
    },
    {
      "code": [
        {
          "coding": [
            {
              "system": "http://loinc.org",
              "code": "731-0",
              "display": "Lymphocytes [#/volume] in Blood by Automated count"
            }
          ]
        }
      ],
      "count": 110,
      "frequencyPerYear": 0.0057,
      "fractionOfSubjects": 0.0064,
      "scalarDistribution": {
        "units": {
          "unit": "K/uL",
          "system": "http://unitsofmeasure.org",
          "code": "K/uL"
        },
        "min": 0.70,
        "max": 5.20,
        "mean": 1.98,
        "median": 1.80,
        "stdDev": 0.73,
        "decile": [
          {
            "nth": 10,
            "value": 1.20
          },
          {
            "nth": 20,
            "value": 1.40
          },
          {
            "nth": 30,
            "value": 1.60
          },
          {
            "nth": 40,
            "value": 1.70
          },
          {
            "nth": 50,
            "value": 1.80
          },
          {
            "nth": 60,
            "value": 1.90
          },
          {
            "nth": 70,
            "value": 2.20
          },
          {
            "nth": 80,
            "value": 2.50
          },
          {
            "nth": 90,
            "value": 2.90
          }
        ],
        "normalizedHigh": 2.8,
        "normalizedLow": 1.0,
        "fractionAboveNormal": 0.14,
        "fractionBelowNormal": 0.01
      }
    },
    {
      "code": [
        {
          "coding": [
            {
              "system": "http://loinc.org",
              "code": "13457-7",
              "display": "Cholesterol in LDL [Mass/volume] in Serum or Plasma by calculation"
            }
          ]
        }
      ],
      "count": 314,
      "frequencyPerYear": 0.0161,
      "fractionOfSubjects": 0.0119,
      "scalarDistribution": {
        "units": {
          "unit": "mg/dL",
          "system": "http://unitsofmeasure.org",
          "code": "mg/dL"
        },
        "min": 11,
        "max": 153,
        "mean": 70.04,
        "median": 68,
        "stdDev": 22.93,
        "decile": [
          {
            "nth": 10,
            "value": 42
          },
          {
            "nth": 20,
            "value": 52
          },
          {
            "nth": 30,
            "value": 57
          },
          {
            "nth": 40,
            "value": 63
          },
          {
            "nth": 50,
            "value": 68
          },
          {
            "nth": 60,
            "value": 74
          },
          {
            "nth": 70,
            "value": 80
          },
          {
            "nth": 80,
            "value": 87
          },
          {
            "nth": 90,
            "value": 100
          }
        ],
        "normalizedHigh": 99,
        "normalizedLow": 0,
        "fractionAboveNormal": 0.11,
        "fractionBelowNormal": 0
      }
    },
    {
      "code": [
        {
          "coding": [
            {
              "system": "http://loinc.org",
              "code": "1995-0",
              "display": "Calcium.ionized [Moles/volume] in Serum or Plasma"
            }
          ]
        }
      ],
      "count": 74,
      "frequencyPerYear": 0.0038,
      "fractionOfSubjects": 0.0038,
      "scalarDistribution": {
        "units": {
          "unit": "mmol/L",
          "system": "http://unitsofmeasure.org",
          "code": "mmol/L"
        },
        "min": 1.05,
        "max": 1.94,
        "mean": 1.28,
        "median": 1.26,
        "stdDev": 0.13,
        "decile": [
          {
            "nth": 10,
            "value": 1.15
          },
          {
            "nth": 20,
            "value": 1.17
          },
          {
            "nth": 30,
            "value": 1.19
          },
          {
            "nth": 40,
            "value": 1.23
          },
          {
            "nth": 50,
            "value": 1.26
          },
          {
            "nth": 60,
            "value": 1.27
          },
          {
            "nth": 70,
            "value": 1.31
          },
          {
            "nth": 80,
            "value": 1.35
          },
          {
            "nth": 90,
            "value": 1.45
          }
        ]
      }
    },
    {
      "code": [
        {
          "coding": [
            {
              "system": "http://loinc.org",
              "code": "1558-6",
              "display": "Fasting glucose [Mass/volume] in Serum or Plasma"
            }
          ]
        }
      ],
      "count": 39,
      "frequencyPerYear": 0.0020,
      "fractionOfSubjects": 0.0034,
      "scalarDistribution": {
        "units": {
          "unit": "mg/dL",
          "system": "http://unitsofmeasure.org",
          "code": "mg/dL"
        },
        "min": 85,
        "max": 315,
        "mean": 153.44,
        "median": 140.50,
        "stdDev": 51.52,
        "decile": [
          {
            "nth": 10,
            "value": 98
          },
          {
            "nth": 20,
            "value": 112
          },
          {
            "nth": 30,
            "value": 130
          },
          {
            "nth": 40,
            "value": 135
          },
          {
            "nth": 50,
            "value": 141
          },
          {
            "nth": 60,
            "value": 145
          },
          {
            "nth": 70,
            "value": 151
          },
          {
            "nth": 80,
            "value": 180
          },
          {
            "nth": 90,
            "value": 229
          }
        ],
        "normalizedHigh": 99,
        "normalizedLow": 65,
        "fractionAboveNormal": 0.87,
        "fractionBelowNormal": 0
      }
    },
    {
      "code": [
        {
          "coding": [
            {
              "system": "http://loinc.org",
              "code": "20448-7",
              "display": "Insulin [Units/volume] in Serum or Plasma"
            }
          ]
        }
      ],
      "count": 29,
      "frequencyPerYear": 0.0015,
      "fractionOfSubjects": 0.0021,
      "scalarDistribution": {
        "units": {
          "unit": "uIU/mL",
          "system": "http://unitsofmeasure.org",
          "code": "uIU/mL"
        },
        "min": 1.60,
        "max": 62.90,
        "mean": 15.68,
        "median": 14.95,
        "stdDev": 12.27,
        "decile": [
          {
            "nth": 10,
            "value": 3.50
          },
          {
            "nth": 20,
            "value": 6.40
          },
          {
            "nth": 30,
            "value": 7.30
          },
          {
            "nth": 40,
            "value": 10.70
          },
          {
            "nth": 50,
            "value": 15.60
          },
          {
            "nth": 60,
            "value": 16.20
          },
          {
            "nth": 70,
            "value": 17.80
          },
          {
            "nth": 80,
            "value": 21.10
          },
          {
            "nth": 90,
            "value": 26.60
          }
        ],
        "normalizedHigh": 24.9,
        "normalizedLow": 2.6,
        "fractionAboveNormal": 0.14,
        "fractionBelowNormal": 0.03
      }
    }
  ],
  "meta": {
    "tag": [
      {
        "system": "http://terminology.hl7.org/CodeSystem/v3-ActReason",
        "code": "HTEST",
        "display": "test health data"
      }
    ]
  }
}