{
  "resourceType": "ClinicalProfile",
  "id": "jhu-asthma-profile-48-diagnoses",
  "text": {
    "status": "generated",
    "div": "\u003cdiv xmlns\u003d\"http://www.w3.org/1999/xhtml\"\u003e\n\t\t\t\u003cp\u003eSelected diagnoses for Male, White or Caucasian patients aged 65-80 seen as either outpatients or inpatients at Johns Hopkins Hospital, JHCP, and Bayview between 3/1/2016 and 3/1/2018 having a diagnosis of asthma recorded on the problem list or as an encounter diagnosis.\n\t\t\t\u003c/p\u003e\n\t\t\u003c/div\u003e"
  },
  "identifier": [
    {
      "value": "urn:uuid:E649FAE1-EA34-E5E6-9E1C648EFF6146F5"
    }
  ],
  "status": "draft",
  "population": {
    "reference": "Group/asthma-population-jhu1"
  },
  "cohort": {
    "reference": "Group/asthma-sample-48-cohort-jhu1",
    "display": "White or Caucasian Male aged 65-80"
  },
  "date": "2018-09-11T16:04:00Z",
  "source": [
    {
      "value": "http://ictrweb.johnshopkins.edu/ictr/synthetic/includes/clinical_profiles.cfm"
    }
  ],
  "reporter": {
    "reference": "Organization/JHM",
    "type": "Organization",
    "display": "Johns Hopkins School of Medicine"
  },
  "diagnosis": [
    {
      "code": [
        {
          "coding": [
            {
              "system": "http://hl7.org/fhir/sid/icd-10",
              "code": "J45.909",
              "display": "Asthma"
            }
          ]
        }
      ],
      "count": 1189
    },
    {
      "code": [
        {
          "coding": [
            {
              "system": "http://hl7.org/fhir/sid/icd-10",
              "code": "I10",
              "display": "Unspecified essential hypertension"
            }
          ]
        }
      ],
      "count": 1107
    },
    {
      "code": [
        {
          "coding": [
            {
              "system": "http://hl7.org/fhir/sid/icd-10",
              "code": "Z00.00",
              "display": "Routine general medical examination at a health care facility"
            }
          ]
        }
      ],
      "count": 636
    },
    {
      "code": [
        {
          "coding": [
            {
              "system": "http://hl7.org/fhir/sid/icd-10",
              "code": "E78.5",
              "display": "Other and unspecified hyperlipidemia"
            }
          ]
        }
      ],
      "count": 589
    },
    {
      "code": [
        {
          "coding": [
            {
              "system": "http://hl7.org/fhir/sid/icd-10",
              "code": "K21.9",
              "display": "Esophageal reflux"
            }
          ]
        }
      ],
      "count": 558
    },
    {
      "code": [
        {
          "coding": [
            {
              "system": "http://hl7.org/fhir/sid/icd-10",
              "code": "I25.10",
              "display": "CAD (coronary artery disease)"
            }
          ]
        }
      ],
      "count": 518
    },
    {
      "code": [
        {
          "coding": [
            {
              "system": "http://hl7.org/fhir/sid/icd-10",
              "code": "H52.4",
              "display": "Hyperopia of both eyes with astigmatism and presbyopia"
            }
          ]
        }
      ],
      "count": 368
    },
    {
      "code": [
        {
          "coding": [
            {
              "system": "http://hl7.org/fhir/sid/icd-10",
              "code": "E11.9",
              "display": "Diabetes mellitus, type 2"
            }
          ]
        }
      ],
      "count": 358
    },
    {
      "code": [
        {
          "coding": [
            {
              "system": "http://hl7.org/fhir/sid/icd-10",
              "code": "G47.33",
              "display": "OSA on CPAP"
            }
          ]
        }
      ],
      "count": 330
    },
    {
      "code": [
        {
          "coding": [
            {
              "system": "http://hl7.org/fhir/sid/icd-10",
              "code": "J30.9",
              "display": "Allergic rhinitis"
            }
          ]
        }
      ],
      "count": 322
    },
    {
      "code": [
        {
          "coding": [
            {
              "system": "http://hl7.org/fhir/sid/icd-10",
              "code": "E78.00",
              "display": "Pure hypercholesterolemia"
            }
          ]
        }
      ],
      "count": 318
    },
    {
      "code": [
        {
          "coding": [
            {
              "system": "http://hl7.org/fhir/sid/icd-10",
              "code": "N40.0",
              "display": "Hypertrophy of prostate without urinary obstruction and other lower urinary tract symptoms (LUTS)"
            }
          ]
        }
      ],
      "count": 291
    },
    {
      "code": [
        {
          "coding": [
            {
              "system": "http://hl7.org/fhir/sid/icd-10",
              "code": "N40.1",
              "display": "Hypertrophy of prostate with urinary obstruction and other lower urinary tract symptoms (LUTS)"
            }
          ]
        }
      ],
      "count": 271
    },
    {
      "code": [
        {
          "coding": [
            {
              "system": "http://hl7.org/fhir/sid/icd-10",
              "code": "G89.29",
              "display": "Chronic pain of left knee"
            }
          ]
        }
      ],
      "count": 258
    },
    {
      "code": [
        {
          "coding": [
            {
              "system": "http://hl7.org/fhir/sid/icd-10",
              "code": "J44.9",
              "display": "COPD (chronic obstructive pulmonary disease)"
            }
          ]
        }
      ],
      "count": 225
    },
    {
      "code": [
        {
          "coding": [
            {
              "system": "http://hl7.org/fhir/sid/icd-10",
              "code": "E78.2",
              "display": "Mixed hyperlipidemia"
            }
          ]
        }
      ],
      "count": 223
    },
    {
      "code": [
        {
          "coding": [
            {
              "system": "http://hl7.org/fhir/sid/icd-10",
              "code": "M19.90",
              "display": "Arthritis"
            }
          ]
        }
      ],
      "count": 220
    },
    {
      "code": [
        {
          "coding": [
            {
              "system": "http://hl7.org/fhir/sid/icd-10",
              "code": "E55.9",
              "display": "Unspecified vitamin D deficiency"
            }
          ]
        }
      ],
      "count": 214
    },
    {
      "code": [
        {
          "coding": [
            {
              "system": "http://hl7.org/fhir/sid/icd-10",
              "code": "E03.9",
              "display": "Hypothyroidism"
            }
          ]
        }
      ],
      "count": 214
    },
    {
      "code": [
        {
          "coding": [
            {
              "system": "http://hl7.org/fhir/sid/icd-10",
              "code": "H52.209",
              "display": "Hyperopia with astigmatism and presbyopia"
            }
          ]
        }
      ],
      "count": 200
    },
    {
      "code": [
        {
          "coding": [
            {
              "system": "http://hl7.org/fhir/sid/icd-10",
              "code": "E66.9",
              "display": "Non morbid obesity"
            }
          ]
        }
      ],
      "count": 198
    },
    {
      "code": [
        {
          "coding": [
            {
              "system": "http://hl7.org/fhir/sid/icd-10",
              "code": "Z98.890",
              "display": "History of carotid endarterectomy"
            }
          ]
        }
      ],
      "count": 196
    },
    {
      "code": [
        {
          "coding": [
            {
              "system": "http://hl7.org/fhir/sid/icd-10",
              "code": "N52.9",
              "display": "ED (erectile dysfunction)"
            }
          ]
        }
      ],
      "count": 194
    },
    {
      "code": [
        {
          "coding": [
            {
              "system": "http://hl7.org/fhir/sid/icd-10",
              "code": "C61",
              "display": "Prostate cancer"
            }
          ]
        }
      ],
      "count": 190
    },
    {
      "code": [
        {
          "coding": [
            {
              "system": "http://hl7.org/fhir/sid/icd-10",
              "code": "F32.9",
              "display": "Depression"
            }
          ]
        }
      ],
      "count": 189
    },
    {
      "code": [
        {
          "coding": [
            {
              "system": "http://hl7.org/fhir/sid/icd-10",
              "code": "I48.91",
              "display": "New onset a-fib"
            }
          ]
        }
      ],
      "count": 187
    },
    {
      "code": [
        {
          "coding": [
            {
              "system": "http://hl7.org/fhir/sid/icd-10",
              "code": "Z96.1",
              "display": "Pseudophakia of both eyes"
            }
          ]
        }
      ],
      "count": 185
    },
    {
      "code": [
        {
          "coding": [
            {
              "system": "http://hl7.org/fhir/sid/icd-10",
              "code": "J45.20",
              "display": "Mild intermittent asthma without complication"
            }
          ]
        }
      ],
      "count": 185
    },
    {
      "code": [
        {
          "coding": [
            {
              "system": "http://hl7.org/fhir/sid/icd-10",
              "code": "G47.30",
              "display": "Unspecified sleep apnea"
            }
          ]
        }
      ],
      "count": 184
    },
    {
      "code": [
        {
          "coding": [
            {
              "system": "http://hl7.org/fhir/sid/icd-10",
              "code": "D64.9",
              "display": "Anemia"
            }
          ]
        }
      ],
      "count": 178
    },
    {
      "code": [
        {
          "coding": [
            {
              "system": "http://hl7.org/fhir/sid/icd-10",
              "code": "R05",
              "display": "Chronic cough"
            }
          ]
        }
      ],
      "count": 168
    },
    {
      "code": [
        {
          "coding": [
            {
              "system": "http://hl7.org/fhir/sid/icd-10",
              "code": "H26.9",
              "display": "Cataract"
            }
          ]
        }
      ],
      "count": 148
    },
    {
      "code": [
        {
          "coding": [
            {
              "system": "http://hl7.org/fhir/sid/icd-10",
              "code": "M54.5",
              "display": "Lumbago"
            }
          ]
        }
      ],
      "count": 147
    },
    {
      "code": [
        {
          "coding": [
            {
              "system": "http://hl7.org/fhir/sid/icd-10",
              "code": "H91.90",
              "display": "Hearing loss"
            }
          ]
        }
      ],
      "count": 136
    },
    {
      "code": [
        {
          "coding": [
            {
              "system": "http://hl7.org/fhir/sid/icd-10",
              "code": "H25.13",
              "display": "Cataract, nuclear sclerotic senile, bilateral"
            }
          ]
        }
      ],
      "count": 132
    },
    {
      "code": [
        {
          "coding": [
            {
              "system": "http://hl7.org/fhir/sid/icd-10",
              "code": "N13.8",
              "display": "BPH (benign prostatic hypertrophy) with urinary obstruction"
            }
          ]
        }
      ],
      "count": 131
    },
    {
      "code": [
        {
          "coding": [
            {
              "system": "http://hl7.org/fhir/sid/icd-10",
              "code": "M10.9",
              "display": "Gout, unspecified"
            }
          ]
        }
      ],
      "count": 127
    },
    {
      "code": [
        {
          "coding": [
            {
              "system": "http://hl7.org/fhir/sid/icd-10",
              "code": "D12.6",
              "display": "Benign neoplasm of colon"
            }
          ]
        }
      ],
      "count": 126
    },
    {
      "code": [
        {
          "coding": [
            {
              "system": "http://hl7.org/fhir/sid/icd-10",
              "code": "R07.9",
              "display": "Chest pain at rest"
            }
          ]
        }
      ],
      "count": 125
    },
    {
      "code": [
        {
          "coding": [
            {
              "system": "http://hl7.org/fhir/sid/icd-10",
              "code": "R06.09",
              "display": "Other dyspnea and respiratory abnormality"
            }
          ]
        }
      ],
      "count": 123
    },
    {
      "code": [
        {
          "coding": [
            {
              "system": "http://hl7.org/fhir/sid/icd-10",
              "code": "N20.0",
              "display": "Nephrolithiasis"
            }
          ]
        }
      ],
      "count": 122
    },
    {
      "code": [
        {
          "coding": [
            {
              "system": "http://hl7.org/fhir/sid/icd-10",
              "code": "M54.9",
              "display": "Back pain"
            }
          ]
        }
      ],
      "count": 118
    },
    {
      "code": [
        {
          "coding": [
            {
              "system": "http://hl7.org/fhir/sid/icd-10",
              "code": "Z99.89",
              "display": "OSA on CPAP"
            }
          ]
        }
      ],
      "count": 117
    },
    {
      "code": [
        {
          "coding": [
            {
              "system": "http://hl7.org/fhir/sid/icd-10",
              "code": "I48.0",
              "display": "Paroxysmal atrial fibrillation"
            }
          ]
        }
      ],
      "count": 114
    },
    {
      "code": [
        {
          "coding": [
            {
              "system": "http://hl7.org/fhir/sid/icd-10",
              "code": "R42",
              "display": "Dizziness"
            }
          ]
        }
      ],
      "count": 112
    },
    {
      "code": [
        {
          "coding": [
            {
              "system": "http://hl7.org/fhir/sid/icd-10",
              "code": "R53.83",
              "display": "Fatigue"
            }
          ]
        }
      ],
      "count": 112
    },
    {
      "code": [
        {
          "coding": [
            {
              "system": "http://hl7.org/fhir/sid/icd-10",
              "code": "R97.20",
              "display": "Increased prostate specific antigen (PSA) velocity"
            }
          ]
        }
      ],
      "count": 111
    },
    {
      "code": [
        {
          "coding": [
            {
              "system": "http://hl7.org/fhir/sid/icd-10",
              "code": "H52.00",
              "display": "Hyperopia with astigmatism and presbyopia"
            }
          ]
        }
      ],
      "count": 109
    },
    {
      "code": [
        {
          "coding": [
            {
              "system": "http://hl7.org/fhir/sid/icd-10",
              "code": "R06.02",
              "display": "Shortness of breath"
            }
          ]
        }
      ],
      "count": 108
    },
    {
      "code": [
        {
          "coding": [
            {
              "system": "http://hl7.org/fhir/sid/icd-10",
              "code": "H52.203",
              "display": "Myopia with astigmatism, bilateral"
            }
          ]
        }
      ],
      "count": 107
    },
    {
      "code": [
        {
          "coding": [
            {
              "system": "http://hl7.org/fhir/sid/icd-10",
              "code": "R73.01",
              "display": "Impaired fasting glucose"
            }
          ]
        }
      ],
      "count": 107
    },
    {
      "code": [
        {
          "coding": [
            {
              "system": "http://hl7.org/fhir/sid/icd-10",
              "code": "IMO0002",
              "display": "Other tear of cartilage or meniscus of knee, current"
            }
          ]
        }
      ],
      "count": 106
    },
    {
      "code": [
        {
          "coding": [
            {
              "system": "http://hl7.org/fhir/sid/icd-10",
              "code": "J32.9",
              "display": "Chronic sinusitis"
            }
          ]
        }
      ],
      "count": 105
    },
    {
      "code": [
        {
          "coding": [
            {
              "system": "http://hl7.org/fhir/sid/icd-10",
              "code": "L57.0",
              "display": "AK (actinic keratosis)"
            }
          ]
        }
      ],
      "count": 104
    },
    {
      "code": [
        {
          "coding": [
            {
              "system": "http://hl7.org/fhir/sid/icd-10",
              "code": "J18.9",
              "display": "Pneumonia due to infectious organism"
            }
          ]
        }
      ],
      "count": 104
    },
    {
      "code": [
        {
          "coding": [
            {
              "system": "http://hl7.org/fhir/sid/icd-10",
              "code": "Z01.818",
              "display": "Preop examination"
            }
          ]
        }
      ],
      "count": 101
    },
    {
      "code": [
        {
          "coding": [
            {
              "system": "http://hl7.org/fhir/sid/icd-10",
              "code": "G62.9",
              "display": "Peripheral neuropathy"
            }
          ]
        }
      ],
      "count": 100
    },
    {
      "code": [
        {
          "coding": [
            {
              "system": "http://hl7.org/fhir/sid/icd-10",
              "code": "F41.9",
              "display": "Anxiety disorder"
            }
          ]
        }
      ],
      "count": 97
    },
    {
      "code": [
        {
          "coding": [
            {
              "system": "http://hl7.org/fhir/sid/icd-10",
              "code": "N18.3",
              "display": "Stage 3 chronic kidney disease"
            }
          ]
        }
      ],
      "count": 96
    },
    {
      "code": [
        {
          "coding": [
            {
              "system": "http://hl7.org/fhir/sid/icd-10",
              "code": "R60.9",
              "display": "Edema"
            }
          ]
        }
      ],
      "count": 94
    },
    {
      "code": [
        {
          "coding": [
            {
              "system": "http://hl7.org/fhir/sid/icd-10",
              "code": "R55",
              "display": "Syncope"
            }
          ]
        }
      ],
      "count": 90
    },
    {
      "code": [
        {
          "coding": [
            {
              "system": "http://hl7.org/fhir/sid/icd-10",
              "code": "G47.00",
              "display": "Insomnia"
            }
          ]
        }
      ],
      "count": 88
    },
    {
      "code": [
        {
          "coding": [
            {
              "system": "http://hl7.org/fhir/sid/icd-10",
              "code": "Z79.01",
              "display": "Long term current use of anticoagulant therapy"
            }
          ]
        }
      ],
      "count": 88
    },
    {
      "code": [
        {
          "coding": [
            {
              "system": "http://hl7.org/fhir/sid/icd-10",
              "code": "Z79.4",
              "display": "Controlled type 2 diabetes mellitus with complication, with long-term current use of insulin"
            }
          ]
        }
      ],
      "count": 87
    },
    {
      "code": [
        {
          "coding": [
            {
              "system": "http://hl7.org/fhir/sid/icd-10",
              "code": "J31.0",
              "display": "Nonallergic rhinitis"
            }
          ]
        }
      ],
      "count": 85
    },
    {
      "code": [
        {
          "coding": [
            {
              "system": "http://hl7.org/fhir/sid/icd-10",
              "code": "J30.1",
              "display": "Allergic rhinitis due to pollen"
            }
          ]
        }
      ],
      "count": 84
    },
    {
      "code": [
        {
          "coding": [
            {
              "system": "http://hl7.org/fhir/sid/icd-10",
              "code": "R06.00",
              "display": "Dyspnea, unspecified type"
            }
          ]
        }
      ],
      "count": 81
    },
    {
      "code": [
        {
          "coding": [
            {
              "system": "http://hl7.org/fhir/sid/icd-10",
              "code": "Z86.010",
              "display": "History of colonoscopy with polypectomy"
            }
          ]
        }
      ],
      "count": 80
    },
    {
      "code": [
        {
          "coding": [
            {
              "system": "http://hl7.org/fhir/sid/icd-10",
              "code": "Z95.1",
              "display": "S/P CABG (coronary artery bypass graft)"
            }
          ]
        }
      ],
      "count": 79
    },
    {
      "code": [
        {
          "coding": [
            {
              "system": "http://hl7.org/fhir/sid/icd-10",
              "code": "J45.30",
              "display": "Mild persistent asthma without complication"
            }
          ]
        }
      ],
      "count": 79
    },
    {
      "code": [
        {
          "coding": [
            {
              "system": "http://hl7.org/fhir/sid/icd-10",
              "code": "Z87.19",
              "display": "History of left inguinal hernia repair"
            }
          ]
        }
      ],
      "count": 77
    },
    {
      "code": [
        {
          "coding": [
            {
              "system": "http://hl7.org/fhir/sid/icd-10",
              "code": "I50.9",
              "display": "CHF (congestive heart failure)"
            }
          ]
        }
      ],
      "count": 74
    },
    {
      "code": [
        {
          "coding": [
            {
              "system": "http://hl7.org/fhir/sid/icd-10",
              "code": "H52.10",
              "display": "Myopia with astigmatism and presbyopia"
            }
          ]
        }
      ],
      "count": 72
    },
    {
      "code": [
        {
          "coding": [
            {
              "system": "http://hl7.org/fhir/sid/icd-10",
              "code": "N18.9",
              "display": "Acute on chronic renal failure"
            }
          ]
        }
      ],
      "count": 72
    },
    {
      "code": [
        {
          "coding": [
            {
              "system": "http://hl7.org/fhir/sid/icd-10",
              "code": "I35.0",
              "display": "Aortic stenosis"
            }
          ]
        }
      ],
      "count": 71
    },
    {
      "code": [
        {
          "coding": [
            {
              "system": "http://hl7.org/fhir/sid/icd-10",
              "code": "Z79.899",
              "display": "Long-term use of immunosuppressant medication"
            }
          ]
        }
      ],
      "count": 71
    },
    {
      "code": [
        {
          "coding": [
            {
              "system": "http://hl7.org/fhir/sid/icd-10",
              "code": "K63.5",
              "display": "Colon polyps"
            }
          ]
        }
      ],
      "count": 70
    },
    {
      "code": [
        {
          "coding": [
            {
              "system": "http://hl7.org/fhir/sid/icd-10",
              "code": "R53.81",
              "display": "Other malaise and fatigue"
            }
          ]
        }
      ],
      "count": 69
    },
    {
      "code": [
        {
          "coding": [
            {
              "system": "http://hl7.org/fhir/sid/icd-10",
              "code": "H43.813",
              "display": "Vitreous degeneration of both eyes"
            }
          ]
        }
      ],
      "count": 69
    },
    {
      "code": [
        {
          "coding": [
            {
              "system": "http://hl7.org/fhir/sid/icd-10",
              "code": "K40.90",
              "display": "Unilateral inguinal hernia without obstruction or gangrene, recurrence not specified"
            }
          ]
        }
      ],
      "count": 68
    },
    {
      "code": [
        {
          "coding": [
            {
              "system": "http://hl7.org/fhir/sid/icd-10",
              "code": "N17.9",
              "display": "Acute-on-chronic kidney injury"
            }
          ]
        }
      ],
      "count": 67
    },
    {
      "code": [
        {
          "coding": [
            {
              "system": "http://hl7.org/fhir/sid/icd-10",
              "code": "I73.9",
              "display": "Peripheral arterial disease"
            }
          ]
        }
      ],
      "count": 65
    },
    {
      "code": [
        {
          "coding": [
            {
              "system": "http://hl7.org/fhir/sid/icd-10",
              "code": "M54.2",
              "display": "Cervicalgia"
            }
          ]
        }
      ],
      "count": 65
    },
    {
      "code": [
        {
          "coding": [
            {
              "system": "http://hl7.org/fhir/sid/icd-10",
              "code": "R73.03",
              "display": "Prediabetes"
            }
          ]
        }
      ],
      "count": 65
    },
    {
      "code": [
        {
          "coding": [
            {
              "system": "http://hl7.org/fhir/sid/icd-10",
              "code": "H52.13",
              "display": "Myopia with astigmatism, bilateral"
            }
          ]
        }
      ],
      "count": 64
    },
    {
      "code": [
        {
          "coding": [
            {
              "system": "http://hl7.org/fhir/sid/icd-10",
              "code": "K57.30",
              "display": "Diverticulosis of colon (without mention of hemorrhage)"
            }
          ]
        }
      ],
      "count": 64
    },
    {
      "code": [
        {
          "coding": [
            {
              "system": "http://hl7.org/fhir/sid/icd-10",
              "code": "B35.1",
              "display": "Onychomycosis"
            }
          ]
        }
      ],
      "count": 64
    },
    {
      "code": [
        {
          "coding": [
            {
              "system": "http://hl7.org/fhir/sid/icd-10",
              "code": "Z87.891",
              "display": "History of tobacco use"
            }
          ]
        }
      ],
      "count": 63
    },
    {
      "code": [
        {
          "coding": [
            {
              "system": "http://hl7.org/fhir/sid/icd-10",
              "code": "H04.123",
              "display": "Dry eyes, bilateral"
            }
          ]
        }
      ],
      "count": 63
    },
    {
      "code": [
        {
          "coding": [
            {
              "system": "http://hl7.org/fhir/sid/icd-10",
              "code": "H52.03",
              "display": "Hyperopia of both eyes with astigmatism and presbyopia"
            }
          ]
        }
      ],
      "count": 63
    },
    {
      "code": [
        {
          "coding": [
            {
              "system": "http://hl7.org/fhir/sid/icd-10",
              "code": "M25.519",
              "display": "Pain in joint, shoulder region"
            }
          ]
        }
      ],
      "count": 62
    },
    {
      "code": [
        {
          "coding": [
            {
              "system": "http://hl7.org/fhir/sid/icd-10",
              "code": "L98.9",
              "display": "Benign skin lesion"
            }
          ]
        }
      ],
      "count": 61
    },
    {
      "code": [
        {
          "coding": [
            {
              "system": "http://hl7.org/fhir/sid/icd-10",
              "code": "Z23",
              "display": "Need for prophylactic vaccination and inoculation against influenza"
            }
          ]
        }
      ],
      "count": 61
    },
    {
      "code": [
        {
          "coding": [
            {
              "system": "http://hl7.org/fhir/sid/icd-10",
              "code": "J45.40",
              "display": "Moderate persistent asthma"
            }
          ]
        }
      ],
      "count": 61
    },
    {
      "code": [
        {
          "coding": [
            {
              "system": "http://hl7.org/fhir/sid/icd-10",
              "code": "A41.9",
              "display": "Sepsis"
            }
          ]
        }
      ],
      "count": 61
    },
    {
      "code": [
        {
          "coding": [
            {
              "system": "http://hl7.org/fhir/sid/icd-10",
              "code": "E11.42",
              "display": "Diabetes mellitus with diabetic polyneuropathy"
            }
          ]
        }
      ],
      "count": 60
    },
    {
      "code": [
        {
          "coding": [
            {
              "system": "http://hl7.org/fhir/sid/icd-10",
              "code": "M25.511",
              "display": "Chronic right shoulder pain"
            }
          ]
        }
      ],
      "count": 60
    },
    {
      "code": [
        {
          "coding": [
            {
              "system": "http://hl7.org/fhir/sid/icd-10",
              "code": "R09.82",
              "display": "Postnasal drip"
            }
          ]
        }
      ],
      "count": 60
    },
    {
      "code": [
        {
          "coding": [
            {
              "system": "http://hl7.org/fhir/sid/icd-10",
              "code": "R60.0",
              "display": "Edema extremities"
            }
          ]
        }
      ],
      "count": 59
    },
    {
      "code": [
        {
          "coding": [
            {
              "system": "http://hl7.org/fhir/sid/icd-10",
              "code": "N28.9",
              "display": "Renal insufficiency"
            }
          ]
        }
      ],
      "count": 58
    },
    {
      "code": [
        {
          "coding": [
            {
              "system": "http://hl7.org/fhir/sid/icd-10",
              "code": "H40.9",
              "display": "Glaucoma, left eye"
            }
          ]
        }
      ],
      "count": 58
    },
    {
      "code": [
        {
          "coding": [
            {
              "system": "http://hl7.org/fhir/sid/icd-10",
              "code": "R91.8",
              "display": "Lung mass"
            }
          ]
        }
      ],
      "count": 58
    },
    {
      "code": [
        {
          "coding": [
            {
              "system": "http://hl7.org/fhir/sid/icd-10",
              "code": "N39.0",
              "display": "UTI (lower urinary tract infection)"
            }
          ]
        }
      ],
      "count": 57
    },
    {
      "code": [
        {
          "coding": [
            {
              "system": "http://hl7.org/fhir/sid/icd-10",
              "code": "Z86.79",
              "display": "Hx of cardiac murmur"
            }
          ]
        }
      ],
      "count": 57
    },
    {
      "code": [
        {
          "coding": [
            {
              "system": "http://hl7.org/fhir/sid/icd-10",
              "code": "I63.9",
              "display": "Stroke"
            }
          ]
        }
      ],
      "count": 57
    },
    {
      "code": [
        {
          "coding": [
            {
              "system": "http://hl7.org/fhir/sid/icd-10",
              "code": "Z12.5",
              "display": "Screening for prostate cancer"
            }
          ]
        }
      ],
      "count": 57
    },
    {
      "code": [
        {
          "coding": [
            {
              "system": "http://hl7.org/fhir/sid/icd-10",
              "code": "K22.70",
              "display": "Barrett\u0027s esophagus"
            }
          ]
        }
      ],
      "count": 57
    },
    {
      "code": [
        {
          "coding": [
            {
              "system": "http://hl7.org/fhir/sid/icd-10",
              "code": "J30.2",
              "display": "Seasonal allergies"
            }
          ]
        }
      ],
      "count": 57
    },
    {
      "code": [
        {
          "coding": [
            {
              "system": "http://hl7.org/fhir/sid/icd-10",
              "code": "K64.9",
              "display": "Hemorrhoids"
            }
          ]
        }
      ],
      "count": 56
    },
    {
      "code": [
        {
          "coding": [
            {
              "system": "http://hl7.org/fhir/sid/icd-10",
              "code": "H25.9",
              "display": "Senile cataract, unspecified"
            }
          ]
        }
      ],
      "count": 56
    },
    {
      "code": [
        {
          "coding": [
            {
              "system": "http://hl7.org/fhir/sid/icd-10",
              "code": "R91.1",
              "display": "Pulmonary nodule"
            }
          ]
        }
      ],
      "count": 56
    },
    {
      "code": [
        {
          "coding": [
            {
              "system": "http://hl7.org/fhir/sid/icd-10",
              "code": "R10.9",
              "display": "Abdominal pain"
            }
          ]
        }
      ],
      "count": 55
    },
    {
      "code": [
        {
          "coding": [
            {
              "system": "http://hl7.org/fhir/sid/icd-10",
              "code": "K44.9",
              "display": "Hiatal hernia"
            }
          ]
        }
      ],
      "count": 55
    },
    {
      "code": [
        {
          "coding": [
            {
              "system": "http://hl7.org/fhir/sid/icd-10",
              "code": "R79.89",
              "display": "Elevated liver function tests"
            }
          ]
        }
      ],
      "count": 55
    },
    {
      "code": [
        {
          "coding": [
            {
              "system": "http://hl7.org/fhir/sid/icd-10",
              "code": "I87.2",
              "display": "Chronic venous insufficiency"
            }
          ]
        }
      ],
      "count": 55
    },
    {
      "code": [
        {
          "coding": [
            {
              "system": "http://hl7.org/fhir/sid/icd-10",
              "code": "R07.89",
              "display": "Atypical chest pain"
            }
          ]
        }
      ],
      "count": 54
    },
    {
      "code": [
        {
          "coding": [
            {
              "system": "http://hl7.org/fhir/sid/icd-10",
              "code": "M79.609",
              "display": "Pain in limb"
            }
          ]
        }
      ],
      "count": 54
    },
    {
      "code": [
        {
          "coding": [
            {
              "system": "http://hl7.org/fhir/sid/icd-10",
              "code": "R09.89",
              "display": "Other dyspnea and respiratory abnormality"
            }
          ]
        }
      ],
      "count": 53
    },
    {
      "code": [
        {
          "coding": [
            {
              "system": "http://hl7.org/fhir/sid/icd-10",
              "code": "M81.0",
              "display": "Osteoporosis"
            }
          ]
        }
      ],
      "count": 53
    },
    {
      "code": [
        {
          "coding": [
            {
              "system": "http://hl7.org/fhir/sid/icd-10",
              "code": "Z85.46",
              "display": "H/O prostate cancer"
            }
          ]
        }
      ],
      "count": 53
    },
    {
      "code": [
        {
          "coding": [
            {
              "system": "http://hl7.org/fhir/sid/icd-10",
              "code": "M25.569",
              "display": "Pain in joint, lower leg"
            }
          ]
        }
      ],
      "count": 53
    },
    {
      "code": [
        {
          "coding": [
            {
              "system": "http://hl7.org/fhir/sid/icd-10",
              "code": "M17.10",
              "display": "Osteoarthrosis, unspecified whether generalized or localized, lower leg"
            }
          ]
        }
      ],
      "count": 53
    },
    {
      "code": [
        {
          "coding": [
            {
              "system": "http://hl7.org/fhir/sid/icd-10",
              "code": "Z12.11",
              "display": "Special screening for malignant neoplasms, colon"
            }
          ]
        }
      ],
      "count": 52
    },
    {
      "code": [
        {
          "coding": [
            {
              "system": "http://hl7.org/fhir/sid/icd-10",
              "code": "Z95.5",
              "display": "History of placement of stent in LAD coronary artery"
            }
          ]
        }
      ],
      "count": 52
    },
    {
      "code": [
        {
          "coding": [
            {
              "system": "http://hl7.org/fhir/sid/icd-10",
              "code": "E53.8",
              "display": "B12 deficiency"
            }
          ]
        }
      ],
      "count": 52
    },
    {
      "code": [
        {
          "coding": [
            {
              "system": "http://hl7.org/fhir/sid/icd-10",
              "code": "M48.061",
              "display": "Lumbar spinal stenosis"
            }
          ]
        }
      ],
      "count": 52
    },
    {
      "code": [
        {
          "coding": [
            {
              "system": "http://hl7.org/fhir/sid/icd-10",
              "code": "R41.3",
              "display": "Memory deficit"
            }
          ]
        }
      ],
      "count": 51
    },
    {
      "code": [
        {
          "coding": [
            {
              "system": "http://hl7.org/fhir/sid/icd-10",
              "code": "I48.92",
              "display": "Atrial flutter, unspecified type"
            }
          ]
        }
      ],
      "count": 51
    },
    {
      "code": [
        {
          "coding": [
            {
              "system": "http://hl7.org/fhir/sid/icd-10",
              "code": "C44.91",
              "display": "Basal cell carcinoma"
            }
          ]
        }
      ],
      "count": 50
    },
    {
      "code": [
        {
          "coding": [
            {
              "system": "http://hl7.org/fhir/sid/icd-10",
              "code": "E87.1",
              "display": "Hyponatremia"
            }
          ]
        }
      ],
      "count": 49
    },
    {
      "code": [
        {
          "coding": [
            {
              "system": "http://hl7.org/fhir/sid/icd-10",
              "code": "F52.8",
              "display": "Psychosexual dysfunction with inhibited sexual excitement"
            }
          ]
        }
      ],
      "count": 49
    },
    {
      "code": [
        {
          "coding": [
            {
              "system": "http://hl7.org/fhir/sid/icd-10",
              "code": "E11.65",
              "display": "Diabetes mellitus with neurological manifestations, uncontrolled"
            }
          ]
        }
      ],
      "count": 48
    },
    {
      "code": [
        {
          "coding": [
            {
              "system": "http://hl7.org/fhir/sid/icd-10",
              "code": "R80.9",
              "display": "Microalbuminuria"
            }
          ]
        }
      ],
      "count": 48
    },
    {
      "code": [
        {
          "coding": [
            {
              "system": "http://hl7.org/fhir/sid/icd-10",
              "code": "E29.1",
              "display": "Hypogonadism male"
            }
          ]
        }
      ],
      "count": 48
    },
    {
      "code": [
        {
          "coding": [
            {
              "system": "http://hl7.org/fhir/sid/icd-10",
              "code": "Z95.0",
              "display": "Status post biventricular pacemaker"
            }
          ]
        }
      ],
      "count": 47
    },
    {
      "code": [
        {
          "coding": [
            {
              "system": "http://hl7.org/fhir/sid/icd-10",
              "code": "K59.00",
              "display": "Constipation"
            }
          ]
        }
      ],
      "count": 47
    },
    {
      "code": [
        {
          "coding": [
            {
              "system": "http://hl7.org/fhir/sid/icd-10",
              "code": "I49.3",
              "display": "PVC\u0027s (premature ventricular contractions)"
            }
          ]
        }
      ],
      "count": 47
    },
    {
      "code": [
        {
          "coding": [
            {
              "system": "http://hl7.org/fhir/sid/icd-10",
              "code": "R13.10",
              "display": "Dysphagia, unspecified type"
            }
          ]
        }
      ],
      "count": 47
    },
    {
      "code": [
        {
          "coding": [
            {
              "system": "http://hl7.org/fhir/sid/icd-10",
              "code": "R74.8",
              "display": "Elevated liver enzymes"
            }
          ]
        }
      ],
      "count": 47
    },
    {
      "code": [
        {
          "coding": [
            {
              "system": "http://hl7.org/fhir/sid/icd-10",
              "code": "G25.81",
              "display": "Restless leg syndrome"
            }
          ]
        }
      ],
      "count": 46
    },
    {
      "code": [
        {
          "coding": [
            {
              "system": "http://hl7.org/fhir/sid/icd-10",
              "code": "J45.901",
              "display": "Acute asthma exacerbation"
            }
          ]
        }
      ],
      "count": 46
    },
    {
      "code": [
        {
          "coding": [
            {
              "system": "http://hl7.org/fhir/sid/icd-10",
              "code": "Z85.828",
              "display": "H/O squamous cell carcinoma of skin"
            }
          ]
        }
      ],
      "count": 45
    },
    {
      "code": [
        {
          "coding": [
            {
              "system": "http://hl7.org/fhir/sid/icd-10",
              "code": "R31.9",
              "display": "Hematuria"
            }
          ]
        }
      ],
      "count": 45
    },
    {
      "code": [
        {
          "coding": [
            {
              "system": "http://hl7.org/fhir/sid/icd-10",
              "code": "E66.01",
              "display": "Morbid obesity due to excess calories"
            }
          ]
        }
      ],
      "count": 44
    },
    {
      "code": [
        {
          "coding": [
            {
              "system": "http://hl7.org/fhir/sid/icd-10",
              "code": "J33.9",
              "display": "Nasal polyposis"
            }
          ]
        }
      ],
      "count": 43
    },
    {
      "code": [
        {
          "coding": [
            {
              "system": "http://hl7.org/fhir/sid/icd-10",
              "code": "I71.4",
              "display": "Aneurysm of abdominal vessel"
            }
          ]
        }
      ],
      "count": 43
    },
    {
      "code": [
        {
          "coding": [
            {
              "system": "http://hl7.org/fhir/sid/icd-10",
              "code": "D50.9",
              "display": "Iron deficiency anemia"
            }
          ]
        }
      ],
      "count": 43
    },
    {
      "code": [
        {
          "coding": [
            {
              "system": "http://hl7.org/fhir/sid/icd-10",
              "code": "I45.10",
              "display": "Right bundle branch block"
            }
          ]
        }
      ],
      "count": 42
    },
    {
      "code": [
        {
          "coding": [
            {
              "system": "http://hl7.org/fhir/sid/icd-10",
              "code": "M85.80",
              "display": "Osteopenia"
            }
          ]
        }
      ],
      "count": 42
    },
    {
      "code": [
        {
          "coding": [
            {
              "system": "http://hl7.org/fhir/sid/icd-10",
              "code": "R00.2",
              "display": "Heart palpitations"
            }
          ]
        }
      ],
      "count": 41
    },
    {
      "code": [
        {
          "coding": [
            {
              "system": "http://hl7.org/fhir/sid/icd-10",
              "code": "R73.9",
              "display": "Hyperglycemia"
            }
          ]
        }
      ],
      "count": 41
    },
    {
      "code": [
        {
          "coding": [
            {
              "system": "http://hl7.org/fhir/sid/icd-10",
              "code": "J20.9",
              "display": "Acute bronchitis"
            }
          ]
        }
      ],
      "count": 41
    },
    {
      "code": [
        {
          "coding": [
            {
              "system": "http://hl7.org/fhir/sid/icd-10",
              "code": "G20",
              "display": "Dementia in Parkinson\u0027s disease"
            }
          ]
        }
      ],
      "count": 40
    },
    {
      "code": [
        {
          "coding": [
            {
              "system": "http://hl7.org/fhir/sid/icd-10",
              "code": "F02.80",
              "display": "Dementia in Parkinson\u0027s disease"
            }
          ]
        }
      ],
      "count": 40
    },
    {
      "code": [
        {
          "coding": [
            {
              "system": "http://hl7.org/fhir/sid/icd-10",
              "code": "R51",
              "display": "Headache(784.0)"
            }
          ]
        }
      ],
      "count": 40
    },
    {
      "code": [
        {
          "coding": [
            {
              "system": "http://hl7.org/fhir/sid/icd-10",
              "code": "K80.20",
              "display": "Gall stones"
            }
          ]
        }
      ],
      "count": 40
    },
    {
      "code": [
        {
          "coding": [
            {
              "system": "http://hl7.org/fhir/sid/icd-10",
              "code": "R63.4",
              "display": "Weight loss, abnormal"
            }
          ]
        }
      ],
      "count": 40
    },
    {
      "code": [
        {
          "coding": [
            {
              "system": "http://hl7.org/fhir/sid/icd-10",
              "code": "E66.3",
              "display": "Overweight"
            }
          ]
        }
      ],
      "count": 39
    },
    {
      "code": [
        {
          "coding": [
            {
              "system": "http://hl7.org/fhir/sid/icd-10",
              "code": "R49.0",
              "display": "Dysphonia"
            }
          ]
        }
      ],
      "count": 39
    },
    {
      "code": [
        {
          "coding": [
            {
              "system": "http://hl7.org/fhir/sid/icd-10",
              "code": "I34.0",
              "display": "Mitral regurgitation"
            }
          ]
        }
      ],
      "count": 38
    },
    {
      "code": [
        {
          "coding": [
            {
              "system": "http://hl7.org/fhir/sid/icd-10",
              "code": "R94.31",
              "display": "Nonspecific abnormal electrocardiogram (ECG) (EKG)"
            }
          ]
        }
      ],
      "count": 38
    },
    {
      "code": [
        {
          "coding": [
            {
              "system": "http://hl7.org/fhir/sid/icd-10",
              "code": "F41.1",
              "display": "Anxiety state"
            }
          ]
        }
      ],
      "count": 38
    },
    {
      "code": [
        {
          "coding": [
            {
              "system": "http://hl7.org/fhir/sid/icd-10",
              "code": "J40",
              "display": "Bronchitis"
            }
          ]
        }
      ],
      "count": 38
    },
    {
      "code": [
        {
          "coding": [
            {
              "system": "http://hl7.org/fhir/sid/icd-10",
              "code": "I48.2",
              "display": "Chronic atrial fibrillation"
            }
          ]
        }
      ],
      "count": 38
    },
    {
      "code": [
        {
          "coding": [
            {
              "system": "http://hl7.org/fhir/sid/icd-10",
              "code": "R35.1",
              "display": "Benign prostatic hyperplasia with nocturia"
            }
          ]
        }
      ],
      "count": 38
    },
    {
      "code": [
        {
          "coding": [
            {
              "system": "http://hl7.org/fhir/sid/icd-10",
              "code": "H04.129",
              "display": "Dry eye"
            }
          ]
        }
      ],
      "count": 37
    },
    {
      "code": [
        {
          "coding": [
            {
              "system": "http://hl7.org/fhir/sid/icd-10",
              "code": "N28.1",
              "display": "Acquired cyst of kidney"
            }
          ]
        }
      ],
      "count": 37
    },
    {
      "code": [
        {
          "coding": [
            {
              "system": "http://hl7.org/fhir/sid/icd-10",
              "code": "D69.6",
              "display": "Thrombocytopenia"
            }
          ]
        }
      ],
      "count": 37
    },
    {
      "code": [
        {
          "coding": [
            {
              "system": "http://hl7.org/fhir/sid/icd-10",
              "code": "M50.30",
              "display": "DDD (degenerative disc disease), cervical"
            }
          ]
        }
      ],
      "count": 37
    },
    {
      "code": [
        {
          "coding": [
            {
              "system": "http://hl7.org/fhir/sid/icd-10",
              "code": "Z90.89",
              "display": "S/P tonsillectomy and adenoidectomy"
            }
          ]
        }
      ],
      "count": 36
    },
    {
      "code": [
        {
          "coding": [
            {
              "system": "http://hl7.org/fhir/sid/icd-10",
              "code": "K57.90",
              "display": "Diverticulosis"
            }
          ]
        }
      ],
      "count": 36
    },
    {
      "code": [
        {
          "coding": [
            {
              "system": "http://hl7.org/fhir/sid/icd-10",
              "code": "G56.00",
              "display": "Carpal tunnel syndrome"
            }
          ]
        }
      ],
      "count": 36
    },
    {
      "code": [
        {
          "coding": [
            {
              "system": "http://hl7.org/fhir/sid/icd-10",
              "code": "I65.29",
              "display": "Carotid artery stenosis"
            }
          ]
        }
      ],
      "count": 36
    },
    {
      "code": [
        {
          "coding": [
            {
              "system": "http://hl7.org/fhir/sid/icd-10",
              "code": "Z82.49",
              "display": "Family history of congestive cardiomyopathy"
            }
          ]
        }
      ],
      "count": 36
    },
    {
      "code": [
        {
          "coding": [
            {
              "system": "http://hl7.org/fhir/sid/icd-10",
              "code": "R00.1",
              "display": "Sinus bradycardia"
            }
          ]
        }
      ],
      "count": 36
    },
    {
      "code": [
        {
          "coding": [
            {
              "system": "http://hl7.org/fhir/sid/icd-10",
              "code": "M25.512",
              "display": "Acute pain of left shoulder"
            }
          ]
        }
      ],
      "count": 35
    },
    {
      "code": [
        {
          "coding": [
            {
              "system": "http://hl7.org/fhir/sid/icd-10",
              "code": "L82.1",
              "display": "Other seborrheic keratosis"
            }
          ]
        }
      ],
      "count": 35
    },
    {
      "code": [
        {
          "coding": [
            {
              "system": "http://hl7.org/fhir/sid/icd-10",
              "code": "I25.84",
              "display": "Coronary artery disease due to calcified coronary lesion"
            }
          ]
        }
      ],
      "count": 35
    },
    {
      "code": [
        {
          "coding": [
            {
              "system": "http://hl7.org/fhir/sid/icd-10",
              "code": "M25.562",
              "display": "Bilateral chronic knee pain"
            }
          ]
        }
      ],
      "count": 35
    },
    {
      "code": [
        {
          "coding": [
            {
              "system": "http://hl7.org/fhir/sid/icd-10",
              "code": "R74.0",
              "display": "Nonspecific elevation of levels of transaminase or lactic acid dehydrogenase (LDH)"
            }
          ]
        }
      ],
      "count": 35
    },
    {
      "code": [
        {
          "coding": [
            {
              "system": "http://hl7.org/fhir/sid/icd-10",
              "code": "M51.37",
              "display": "Degeneration of lumbar or lumbosacral intervertebral disc"
            }
          ]
        }
      ],
      "count": 34
    },
    {
      "code": [
        {
          "coding": [
            {
              "system": "http://hl7.org/fhir/sid/icd-10",
              "code": "Z86.19",
              "display": "History of gonorrhea"
            }
          ]
        }
      ],
      "count": 34
    },
    {
      "code": [
        {
          "coding": [
            {
              "system": "http://hl7.org/fhir/sid/icd-10",
              "code": "R01.1",
              "display": "Murmur"
            }
          ]
        }
      ],
      "count": 33
    },
    {
      "code": [
        {
          "coding": [
            {
              "system": "http://hl7.org/fhir/sid/icd-10",
              "code": "H01.003",
              "display": "Blepharitis of both eyes"
            }
          ]
        }
      ],
      "count": 33
    },
    {
      "code": [
        {
          "coding": [
            {
              "system": "http://hl7.org/fhir/sid/icd-10",
              "code": "M15.9",
              "display": "Generalized osteoarthrosis, unspecified site"
            }
          ]
        }
      ],
      "count": 33
    },
    {
      "code": [
        {
          "coding": [
            {
              "system": "http://hl7.org/fhir/sid/icd-10",
              "code": "G60.9",
              "display": "Unspecified hereditary and idiopathic peripheral neuropathy"
            }
          ]
        }
      ],
      "count": 33
    },
    {
      "code": [
        {
          "coding": [
            {
              "system": "http://hl7.org/fhir/sid/icd-10",
              "code": "I26.99",
              "display": "Pulmonary embolism"
            }
          ]
        }
      ],
      "count": 33
    },
    {
      "code": [
        {
          "coding": [
            {
              "system": "http://hl7.org/fhir/sid/icd-10",
              "code": "B02.9",
              "display": "Herpes zoster"
            }
          ]
        }
      ],
      "count": 33
    },
    {
      "code": [
        {
          "coding": [
            {
              "system": "http://hl7.org/fhir/sid/icd-10",
              "code": "G45.9",
              "display": "Unspecified transient cerebral ischemia"
            }
          ]
        }
      ],
      "count": 33
    },
    {
      "code": [
        {
          "coding": [
            {
              "system": "http://hl7.org/fhir/sid/icd-10",
              "code": "K43.9",
              "display": "Ventral hernia, unspecified, without mention of obstruction or gangrene"
            }
          ]
        }
      ],
      "count": 33
    },
    {
      "code": [
        {
          "coding": [
            {
              "system": "http://hl7.org/fhir/sid/icd-10",
              "code": "H01.006",
              "display": "Blepharitis of both eyes"
            }
          ]
        }
      ],
      "count": 33
    },
    {
      "code": [
        {
          "coding": [
            {
              "system": "http://hl7.org/fhir/sid/icd-10",
              "code": "I82.409",
              "display": "Acute venous embolism and thrombosis of unspecified deep vessels of lower extremity"
            }
          ]
        }
      ],
      "count": 32
    },
    {
      "code": [
        {
          "coding": [
            {
              "system": "http://hl7.org/fhir/sid/icd-10",
              "code": "Z91.89",
              "display": "H/O multiple allergies"
            }
          ]
        }
      ],
      "count": 32
    },
    {
      "code": [
        {
          "coding": [
            {
              "system": "http://hl7.org/fhir/sid/icd-10",
              "code": "I42.9",
              "display": "Cardiomyopathy"
            }
          ]
        }
      ],
      "count": 32
    },
    {
      "code": [
        {
          "coding": [
            {
              "system": "http://hl7.org/fhir/sid/icd-10",
              "code": "G31.84",
              "display": "Mild cognitive impairment"
            }
          ]
        }
      ],
      "count": 32
    },
    {
      "code": [
        {
          "coding": [
            {
              "system": "http://hl7.org/fhir/sid/icd-10",
              "code": "L30.9",
              "display": "Dermatitis"
            }
          ]
        }
      ],
      "count": 32
    },
    {
      "code": [
        {
          "coding": [
            {
              "system": "http://hl7.org/fhir/sid/icd-10",
              "code": "M54.12",
              "display": "Radiculitis of left cervical region"
            }
          ]
        }
      ],
      "count": 32
    },
    {
      "code": [
        {
          "coding": [
            {
              "system": "http://hl7.org/fhir/sid/icd-10",
              "code": "L25.9",
              "display": "Contact dermatitis and eczema"
            }
          ]
        }
      ],
      "count": 32
    },
    {
      "code": [
        {
          "coding": [
            {
              "system": "http://hl7.org/fhir/sid/icd-10",
              "code": "D48.5",
              "display": "Neoplasm of uncertain behavior of skin"
            }
          ]
        }
      ],
      "count": 31
    },
    {
      "code": [
        {
          "coding": [
            {
              "system": "http://hl7.org/fhir/sid/icd-10",
              "code": "M54.16",
              "display": "Lumbar radiculopathy"
            }
          ]
        }
      ],
      "count": 31
    },
    {
      "code": [
        {
          "coding": [
            {
              "system": "http://hl7.org/fhir/sid/icd-10",
              "code": "E11.8",
              "display": "Type 2 diabetes mellitus with complication, without long-term current use of insulin"
            }
          ]
        }
      ],
      "count": 31
    },
    {
      "code": [
        {
          "coding": [
            {
              "system": "http://hl7.org/fhir/sid/icd-10",
              "code": "W19.XXXA",
              "display": "Fall"
            }
          ]
        }
      ],
      "count": 31
    },
    {
      "code": [
        {
          "coding": [
            {
              "system": "http://hl7.org/fhir/sid/icd-10",
              "code": "R25.2",
              "display": "Cramp of limb"
            }
          ]
        }
      ],
      "count": 31
    },
    {
      "code": [
        {
          "coding": [
            {
              "system": "http://hl7.org/fhir/sid/icd-10",
              "code": "Z87.898",
              "display": "History of wheezing"
            }
          ]
        }
      ],
      "count": 31
    },
    {
      "code": [
        {
          "coding": [
            {
              "system": "http://hl7.org/fhir/sid/icd-10",
              "code": "R06.83",
              "display": "Snoring"
            }
          ]
        }
      ],
      "count": 31
    },
    {
      "code": [
        {
          "coding": [
            {
              "system": "http://hl7.org/fhir/sid/icd-10",
              "code": "L71.9",
              "display": "Rosacea"
            }
          ]
        }
      ],
      "count": 31
    },
    {
      "code": [
        {
          "coding": [
            {
              "system": "http://hl7.org/fhir/sid/icd-10",
              "code": "E87.6",
              "display": "Hypopotassemia"
            }
          ]
        }
      ],
      "count": 31
    },
    {
      "code": [
        {
          "coding": [
            {
              "system": "http://hl7.org/fhir/sid/icd-10",
              "code": "N18.4",
              "display": "Chronic kidney disease, stage IV (severe)"
            }
          ]
        }
      ],
      "count": 31
    },
    {
      "code": [
        {
          "coding": [
            {
              "system": "http://hl7.org/fhir/sid/icd-10",
              "code": "Z95.2",
              "display": "History of prosthetic aortic valve"
            }
          ]
        }
      ],
      "count": 30
    },
    {
      "code": [
        {
          "coding": [
            {
              "system": "http://hl7.org/fhir/sid/icd-10",
              "code": "R19.7",
              "display": "Diarrhea"
            }
          ]
        }
      ],
      "count": 30
    },
    {
      "code": [
        {
          "coding": [
            {
              "system": "http://hl7.org/fhir/sid/icd-10",
              "code": "I21.9",
              "display": "Myocardial infarction"
            }
          ]
        }
      ],
      "count": 30
    },
    {
      "code": [
        {
          "coding": [
            {
              "system": "http://hl7.org/fhir/sid/icd-10",
              "code": "J30.89",
              "display": "Seasonal and perennial allergic rhinitis"
            }
          ]
        }
      ],
      "count": 30
    },
    {
      "code": [
        {
          "coding": [
            {
              "system": "http://hl7.org/fhir/sid/icd-10",
              "code": "C67.9",
              "display": "Bladder cancer"
            }
          ]
        }
      ],
      "count": 30
    },
    {
      "code": [
        {
          "coding": [
            {
              "system": "http://hl7.org/fhir/sid/icd-10",
              "code": "E87.5",
              "display": "Hyperkalemia"
            }
          ]
        }
      ],
      "count": 30
    },
    {
      "code": [
        {
          "coding": [
            {
              "system": "http://hl7.org/fhir/sid/icd-10",
              "code": "G43.909",
              "display": "Migraine"
            }
          ]
        }
      ],
      "count": 30
    },
    {
      "code": [
        {
          "coding": [
            {
              "system": "http://hl7.org/fhir/sid/icd-10",
              "code": "D47.2",
              "display": "Neuropathy with IgA monoclonal gammopathy"
            }
          ]
        }
      ],
      "count": 30
    },
    {
      "code": [
        {
          "coding": [
            {
              "system": "http://hl7.org/fhir/sid/icd-10",
              "code": "M72.2",
              "display": "Plantar fasciitis of right foot"
            }
          ]
        }
      ],
      "count": 30
    },
    {
      "code": [
        {
          "coding": [
            {
              "system": "http://hl7.org/fhir/sid/icd-10",
              "code": "Z86.69",
              "display": "History of retinal detachment"
            }
          ]
        }
      ],
      "count": 30
    },
    {
      "code": [
        {
          "coding": [
            {
              "system": "http://hl7.org/fhir/sid/icd-10",
              "code": "H40.1132",
              "display": "Primary open angle glaucoma of both eyes, moderate stage"
            }
          ]
        }
      ],
      "count": 30
    },
    {
      "code": [
        {
          "coding": [
            {
              "system": "http://hl7.org/fhir/sid/icd-10",
              "code": "R21",
              "display": "Skin rash"
            }
          ]
        }
      ],
      "count": 30
    },
    {
      "code": [
        {
          "coding": [
            {
              "system": "http://hl7.org/fhir/sid/icd-10",
              "code": "R33.9",
              "display": "Urinary retention"
            }
          ]
        }
      ],
      "count": 29
    },
    {
      "code": [
        {
          "coding": [
            {
              "system": "http://hl7.org/fhir/sid/icd-10",
              "code": "I50.22",
              "display": "Chronic systolic congestive heart failure"
            }
          ]
        }
      ],
      "count": 29
    },
    {
      "code": [
        {
          "coding": [
            {
              "system": "http://hl7.org/fhir/sid/icd-10",
              "code": "H93.19",
              "display": "Unspecified tinnitus"
            }
          ]
        }
      ],
      "count": 29
    },
    {
      "code": [
        {
          "coding": [
            {
              "system": "http://hl7.org/fhir/sid/icd-10",
              "code": "F17.200",
              "display": "Current smoker"
            }
          ]
        }
      ],
      "count": 29
    },
    {
      "code": [
        {
          "coding": [
            {
              "system": "http://hl7.org/fhir/sid/icd-10",
              "code": "J44.1",
              "display": "COPD exacerbation"
            }
          ]
        }
      ],
      "count": 29
    },
    {
      "code": [
        {
          "coding": [
            {
              "system": "http://hl7.org/fhir/sid/icd-10",
              "code": "Z78.9",
              "display": "Vegetarian diet"
            }
          ]
        }
      ],
      "count": 29
    },
    {
      "code": [
        {
          "coding": [
            {
              "system": "http://hl7.org/fhir/sid/icd-10",
              "code": "Z80.0",
              "display": "Family history of colon cancer"
            }
          ]
        }
      ],
      "count": 29
    },
    {
      "code": [
        {
          "coding": [
            {
              "system": "http://hl7.org/fhir/sid/icd-10",
              "code": "I47.2",
              "display": "Ventricular tachycardia (paroxysmal)"
            }
          ]
        }
      ],
      "count": 29
    },
    {
      "code": [
        {
          "coding": [
            {
              "system": "http://hl7.org/fhir/sid/icd-10",
              "code": "M25.561",
              "display": "Chronic pain of right knee"
            }
          ]
        }
      ],
      "count": 29
    },
    {
      "code": [
        {
          "coding": [
            {
              "system": "http://hl7.org/fhir/sid/icd-10",
              "code": "I49.9",
              "display": "Cardiac dysrhythmia, unspecified"
            }
          ]
        }
      ],
      "count": 29
    },
    {
      "code": [
        {
          "coding": [
            {
              "system": "http://hl7.org/fhir/sid/icd-10",
              "code": "Z01.810",
              "display": "Pre-operative cardiovascular examination"
            }
          ]
        }
      ],
      "count": 29
    },
    {
      "code": [
        {
          "coding": [
            {
              "system": "http://hl7.org/fhir/sid/icd-10",
              "code": "I65.23",
              "display": "Carotid stenosis, bilateral"
            }
          ]
        }
      ],
      "count": 29
    },
    {
      "code": [
        {
          "coding": [
            {
              "system": "http://hl7.org/fhir/sid/icd-10",
              "code": "G25.0",
              "display": "Essential tremor"
            }
          ]
        }
      ],
      "count": 28
    },
    {
      "code": [
        {
          "coding": [
            {
              "system": "http://hl7.org/fhir/sid/icd-10",
              "code": "R20.2",
              "display": "Paresthesias in right hand"
            }
          ]
        }
      ],
      "count": 28
    },
    {
      "code": [
        {
          "coding": [
            {
              "system": "http://hl7.org/fhir/sid/icd-10",
              "code": "H35.30",
              "display": "Macular degeneration"
            }
          ]
        }
      ],
      "count": 28
    },
    {
      "code": [
        {
          "coding": [
            {
              "system": "http://hl7.org/fhir/sid/icd-10",
              "code": "H40.10X0",
              "display": "Open-angle glaucoma"
            }
          ]
        }
      ],
      "count": 28
    },
    {
      "code": [
        {
          "coding": [
            {
              "system": "http://hl7.org/fhir/sid/icd-10",
              "code": "I47.1",
              "display": "AV nodal re-entry tachycardia"
            }
          ]
        }
      ],
      "count": 28
    },
    {
      "code": [
        {
          "coding": [
            {
              "system": "http://hl7.org/fhir/sid/icd-10",
              "code": "E66.09",
              "display": "Obesity due to excess calories without serious comorbidity with body mass index (BMI) greater than 99th percentile for age in pediatric patient"
            }
          ]
        }
      ],
      "count": 28
    },
    {
      "code": [
        {
          "coding": [
            {
              "system": "http://hl7.org/fhir/sid/icd-10",
              "code": "R73.09",
              "display": "Other abnormal glucose"
            }
          ]
        }
      ],
      "count": 28
    },
    {
      "code": [
        {
          "coding": [
            {
              "system": "http://hl7.org/fhir/sid/icd-10",
              "code": "R35.0",
              "display": "Urinary frequency"
            }
          ]
        }
      ],
      "count": 27
    },
    {
      "code": [
        {
          "coding": [
            {
              "system": "http://hl7.org/fhir/sid/icd-10",
              "code": "D72.829",
              "display": "Leukocytosis"
            }
          ]
        }
      ],
      "count": 27
    },
    {
      "code": [
        {
          "coding": [
            {
              "system": "http://hl7.org/fhir/sid/icd-10",
              "code": "J06.9",
              "display": "Acute upper respiratory infections of unspecified site"
            }
          ]
        }
      ],
      "count": 27
    },
    {
      "code": [
        {
          "coding": [
            {
              "system": "http://hl7.org/fhir/sid/icd-10",
              "code": "Z98.61",
              "display": "Postsurgical percutaneous transluminal coronary angioplasty status"
            }
          ]
        }
      ],
      "count": 27
    },
    {
      "code": [
        {
          "coding": [
            {
              "system": "http://hl7.org/fhir/sid/icd-10",
              "code": "R06.2",
              "display": "Wheezing"
            }
          ]
        }
      ],
      "count": 27
    },
    {
      "code": [
        {
          "coding": [
            {
              "system": "http://hl7.org/fhir/sid/icd-10",
              "code": "I95.1",
              "display": "Orthostasis"
            }
          ]
        }
      ],
      "count": 27
    },
    {
      "code": [
        {
          "coding": [
            {
              "system": "http://hl7.org/fhir/sid/icd-10",
              "code": "R09.02",
              "display": "Hypoxia"
            }
          ]
        }
      ],
      "count": 27
    },
    {
      "code": [
        {
          "coding": [
            {
              "system": "http://hl7.org/fhir/sid/icd-10",
              "code": "R50.9",
              "display": "Fever and chills"
            }
          ]
        }
      ],
      "count": 27
    },
    {
      "code": [
        {
          "coding": [
            {
              "system": "http://hl7.org/fhir/sid/icd-10",
              "code": "I49.5",
              "display": "Sinoatrial node dysfunction"
            }
          ]
        }
      ],
      "count": 27
    },
    {
      "code": [
        {
          "coding": [
            {
              "system": "http://hl7.org/fhir/sid/icd-10",
              "code": "K58.9",
              "display": "Irritable bowel syndrome (IBS)"
            }
          ]
        }
      ],
      "count": 27
    },
    {
      "code": [
        {
          "coding": [
            {
              "system": "http://hl7.org/fhir/sid/icd-10",
              "code": "M25.50",
              "display": "Arthralgia"
            }
          ]
        }
      ],
      "count": 27
    },
    {
      "code": [
        {
          "coding": [
            {
              "system": "http://hl7.org/fhir/sid/icd-10",
              "code": "H18.51",
              "display": "Fuchs\u0027 corneal dystrophy"
            }
          ]
        }
      ],
      "count": 27
    },
    {
      "code": [
        {
          "coding": [
            {
              "system": "http://hl7.org/fhir/sid/icd-10",
              "code": "IMO0001",
              "display": "Elevated blood pressure"
            }
          ]
        }
      ],
      "count": 27
    },
    {
      "code": [
        {
          "coding": [
            {
              "system": "http://hl7.org/fhir/sid/icd-10",
              "code": "R94.39",
              "display": "Abnormal nuclear stress test"
            }
          ]
        }
      ],
      "count": 27
    }
  ],
  "meta": {
    "tag": [
      {
        "system": "http://hl7.org/fhir/v3/ActReason",
        "code": "HTEST",
        "display": "test health data"
      }
    ]
  }
}