{
  "resourceType": "ClinicalProfile",
  "id": "jhu-diabetes-profile-31-diagnoses",
  "text": {
    "status": "generated",
    "div": "\u003cdiv xmlns\u003d\"http://www.w3.org/1999/xhtml\"\u003e\n\t\t\t\u003cp\u003eSelected diagnoses for Male, Black or African American patients aged 0-80+ seen as either outpatients or inpatients at Johns Hopkins Hospital, JHCP, and Bayview between 3/1/2016 and 3/1/2018 having a diagnosis of diabetes recorded on the problem list or as an encounter diagnosis.\n\t\t\t\u003c/p\u003e\n\t\t\u003c/div\u003e"
  },
  "identifier": [
    {
      "value": "urn:uuid:3D01AC5B-A496-A055-7CA9A38C2F562E12"
    }
  ],
  "status": "draft",
  "population": {
    "reference": "Group/diabetes-population-jhu2"
  },
  "cohort": {
    "reference": "Group/diabetes-sample-31-cohort-jhu2",
    "display": "Black or African American Male aged 0-80+"
  },
  "date": "2018-09-13T08:28:00Z",
  "source": [
    {
      "value": "http://ictrweb.johnshopkins.edu/ictr/synthetic/includes/clinical_profiles.cfm"
    }
  ],
  "reporter": {
    "reference": "Organization/JHM",
    "type": "Organization",
    "display": "Johns Hopkins School of Medicine"
  },
  "diagnosis": [
    {
      "code": [
        {
          "coding": [
            {
              "system": "http://hl7.org/fhir/sid/icd-10",
              "code": "J45.909",
              "display": "Asthma"
            }
          ]
        }
      ],
      "count": 4648
    },
    {
      "code": [
        {
          "coding": [
            {
              "system": "http://hl7.org/fhir/sid/icd-10",
              "code": "Z00.00",
              "display": "Routine general medical examination at a health care facility"
            }
          ]
        }
      ],
      "count": 2374
    },
    {
      "code": [
        {
          "coding": [
            {
              "system": "http://hl7.org/fhir/sid/icd-10",
              "code": "I10",
              "display": "Essential hypertension, benign"
            }
          ]
        }
      ],
      "count": 2122
    },
    {
      "code": [
        {
          "coding": [
            {
              "system": "http://hl7.org/fhir/sid/icd-10",
              "code": "J30.9",
              "display": "Allergic rhinitis, cause unspecified"
            }
          ]
        }
      ],
      "count": 2078
    },
    {
      "code": [
        {
          "coding": [
            {
              "system": "http://hl7.org/fhir/sid/icd-10",
              "code": "J45.20",
              "display": "Mild intermittent asthma without complication"
            }
          ]
        }
      ],
      "count": 1981
    },
    {
      "code": [
        {
          "coding": [
            {
              "system": "http://hl7.org/fhir/sid/icd-10",
              "code": "K21.9",
              "display": "Gastroesophageal reflux disease, esophagitis presence not specified"
            }
          ]
        }
      ],
      "count": 1680
    },
    {
      "code": [
        {
          "coding": [
            {
              "system": "http://hl7.org/fhir/sid/icd-10",
              "code": "Z00.129",
              "display": "Routine infant or child health check"
            }
          ]
        }
      ],
      "count": 1483
    },
    {
      "code": [
        {
          "coding": [
            {
              "system": "http://hl7.org/fhir/sid/icd-10",
              "code": "E66.9",
              "display": "Obesity, unspecified"
            }
          ]
        }
      ],
      "count": 1120
    },
    {
      "code": [
        {
          "coding": [
            {
              "system": "http://hl7.org/fhir/sid/icd-10",
              "code": "E55.9",
              "display": "Vitamin D deficiency"
            }
          ]
        }
      ],
      "count": 1077
    },
    {
      "code": [
        {
          "coding": [
            {
              "system": "http://hl7.org/fhir/sid/icd-10",
              "code": "F32.9",
              "display": "Single current episode of major depressive disorder, unspecified depression episode severity"
            }
          ]
        }
      ],
      "count": 1031
    },
    {
      "code": [
        {
          "coding": [
            {
              "system": "http://hl7.org/fhir/sid/icd-10",
              "code": "E78.5",
              "display": "Dyslipidemia"
            }
          ]
        }
      ],
      "count": 857
    },
    {
      "code": [
        {
          "coding": [
            {
              "system": "http://hl7.org/fhir/sid/icd-10",
              "code": "E11.9",
              "display": "Type II or unspecified type diabetes mellitus without mention of complication, not stated as uncontrolled"
            }
          ]
        }
      ],
      "count": 745
    },
    {
      "code": [
        {
          "coding": [
            {
              "system": "http://hl7.org/fhir/sid/icd-10",
              "code": "F41.9",
              "display": "Anxiety"
            }
          ]
        }
      ],
      "count": 663
    },
    {
      "code": [
        {
          "coding": [
            {
              "system": "http://hl7.org/fhir/sid/icd-10",
              "code": "L30.9",
              "display": "Eczema"
            }
          ]
        }
      ],
      "count": 629
    },
    {
      "code": [
        {
          "coding": [
            {
              "system": "http://hl7.org/fhir/sid/icd-10",
              "code": "G89.29",
              "display": "Chronic chest pain"
            }
          ]
        }
      ],
      "count": 622
    },
    {
      "code": [
        {
          "coding": [
            {
              "system": "http://hl7.org/fhir/sid/icd-10",
              "code": "J45.30",
              "display": "Mild persistent asthma without complication"
            }
          ]
        }
      ],
      "count": 613
    },
    {
      "code": [
        {
          "coding": [
            {
              "system": "http://hl7.org/fhir/sid/icd-10",
              "code": "E03.9",
              "display": "Acquired hypothyroidism"
            }
          ]
        }
      ],
      "count": 597
    },
    {
      "code": [
        {
          "coding": [
            {
              "system": "http://hl7.org/fhir/sid/icd-10",
              "code": "G47.33",
              "display": "OSA on CPAP"
            }
          ]
        }
      ],
      "count": 594
    },
    {
      "code": [
        {
          "coding": [
            {
              "system": "http://hl7.org/fhir/sid/icd-10",
              "code": "E78.00",
              "display": "Pure hypercholesterolemia"
            }
          ]
        }
      ],
      "count": 581
    },
    {
      "code": [
        {
          "coding": [
            {
              "system": "http://hl7.org/fhir/sid/icd-10",
              "code": "IMO0002",
              "display": "Sprain and strain of knee and leg"
            }
          ]
        }
      ],
      "count": 576
    },
    {
      "code": [
        {
          "coding": [
            {
              "system": "http://hl7.org/fhir/sid/icd-10",
              "code": "D64.9",
              "display": "Anemia, unspecified"
            }
          ]
        }
      ],
      "count": 563
    },
    {
      "code": [
        {
          "coding": [
            {
              "system": "http://hl7.org/fhir/sid/icd-10",
              "code": "J30.1",
              "display": "Allergic rhinitis due to pollen"
            }
          ]
        }
      ],
      "count": 546
    },
    {
      "code": [
        {
          "coding": [
            {
              "system": "http://hl7.org/fhir/sid/icd-10",
              "code": "J30.2",
              "display": "Seasonal allergies"
            }
          ]
        }
      ],
      "count": 528
    },
    {
      "code": [
        {
          "coding": [
            {
              "system": "http://hl7.org/fhir/sid/icd-10",
              "code": "R51",
              "display": "Recurrent headache"
            }
          ]
        }
      ],
      "count": 473
    },
    {
      "code": [
        {
          "coding": [
            {
              "system": "http://hl7.org/fhir/sid/icd-10",
              "code": "K59.00",
              "display": "Constipation"
            }
          ]
        }
      ],
      "count": 468
    },
    {
      "code": [
        {
          "coding": [
            {
              "system": "http://hl7.org/fhir/sid/icd-10",
              "code": "R05",
              "display": "Cough"
            }
          ]
        }
      ],
      "count": 463
    },
    {
      "code": [
        {
          "coding": [
            {
              "system": "http://hl7.org/fhir/sid/icd-10",
              "code": "M54.5",
              "display": "Midline low back pain without sciatica"
            }
          ]
        }
      ],
      "count": 457
    },
    {
      "code": [
        {
          "coding": [
            {
              "system": "http://hl7.org/fhir/sid/icd-10",
              "code": "R10.9",
              "display": "Right sided abdominal pain"
            }
          ]
        }
      ],
      "count": 449
    },
    {
      "code": [
        {
          "coding": [
            {
              "system": "http://hl7.org/fhir/sid/icd-10",
              "code": "M54.9",
              "display": "Backache, unspecified"
            }
          ]
        }
      ],
      "count": 445
    },
    {
      "code": [
        {
          "coding": [
            {
              "system": "http://hl7.org/fhir/sid/icd-10",
              "code": "E66.01",
              "display": "Morbid obesity with BMI of 40.0-44.9, adult"
            }
          ]
        }
      ],
      "count": 442
    },
    {
      "code": [
        {
          "coding": [
            {
              "system": "http://hl7.org/fhir/sid/icd-10",
              "code": "G43.909",
              "display": "Migraine"
            }
          ]
        }
      ],
      "count": 395
    },
    {
      "code": [
        {
          "coding": [
            {
              "system": "http://hl7.org/fhir/sid/icd-10",
              "code": "E78.2",
              "display": "Mixed hyperlipidemia"
            }
          ]
        }
      ],
      "count": 384
    },
    {
      "code": [
        {
          "coding": [
            {
              "system": "http://hl7.org/fhir/sid/icd-10",
              "code": "Z98.890",
              "display": "S/P carpal tunnel release"
            }
          ]
        }
      ],
      "count": 382
    },
    {
      "code": [
        {
          "coding": [
            {
              "system": "http://hl7.org/fhir/sid/icd-10",
              "code": "H52.4",
              "display": "Astigmatism with presbyopia"
            }
          ]
        }
      ],
      "count": 377
    },
    {
      "code": [
        {
          "coding": [
            {
              "system": "http://hl7.org/fhir/sid/icd-10",
              "code": "R07.9",
              "display": "Chest pain, unspecified"
            }
          ]
        }
      ],
      "count": 368
    },
    {
      "code": [
        {
          "coding": [
            {
              "system": "http://hl7.org/fhir/sid/icd-10",
              "code": "F17.200",
              "display": "Tobacco use disorder"
            }
          ]
        }
      ],
      "count": 362
    },
    {
      "code": [
        {
          "coding": [
            {
              "system": "http://hl7.org/fhir/sid/icd-10",
              "code": "G47.30",
              "display": "Sleep apnea in adult"
            }
          ]
        }
      ],
      "count": 360
    },
    {
      "code": [
        {
          "coding": [
            {
              "system": "http://hl7.org/fhir/sid/icd-10",
              "code": "Z91.018",
              "display": "Food allergy"
            }
          ]
        }
      ],
      "count": 342
    },
    {
      "code": [
        {
          "coding": [
            {
              "system": "http://hl7.org/fhir/sid/icd-10",
              "code": "G47.00",
              "display": "Insomnia"
            }
          ]
        }
      ],
      "count": 340
    },
    {
      "code": [
        {
          "coding": [
            {
              "system": "http://hl7.org/fhir/sid/icd-10",
              "code": "Z01.818",
              "display": "Preop examination"
            }
          ]
        }
      ],
      "count": 336
    },
    {
      "code": [
        {
          "coding": [
            {
              "system": "http://hl7.org/fhir/sid/icd-10",
              "code": "J32.9",
              "display": "Unspecified sinusitis (chronic)"
            }
          ]
        }
      ],
      "count": 335
    },
    {
      "code": [
        {
          "coding": [
            {
              "system": "http://hl7.org/fhir/sid/icd-10",
              "code": "M19.90",
              "display": "Osteoarthritis"
            }
          ]
        }
      ],
      "count": 332
    },
    {
      "code": [
        {
          "coding": [
            {
              "system": "http://hl7.org/fhir/sid/icd-10",
              "code": "J45.40",
              "display": "Asthma, moderate persistent"
            }
          ]
        }
      ],
      "count": 327
    },
    {
      "code": [
        {
          "coding": [
            {
              "system": "http://hl7.org/fhir/sid/icd-10",
              "code": "R53.83",
              "display": "Fatigue"
            }
          ]
        }
      ],
      "count": 322
    },
    {
      "code": [
        {
          "coding": [
            {
              "system": "http://hl7.org/fhir/sid/icd-10",
              "code": "J45.901",
              "display": "Asthma exacerbation"
            }
          ]
        }
      ],
      "count": 308
    },
    {
      "code": [
        {
          "coding": [
            {
              "system": "http://hl7.org/fhir/sid/icd-10",
              "code": "L25.9",
              "display": "Contact dermatitis and other eczema, due to unspecified cause"
            }
          ]
        }
      ],
      "count": 306
    },
    {
      "code": [
        {
          "coding": [
            {
              "system": "http://hl7.org/fhir/sid/icd-10",
              "code": "J44.9",
              "display": "COPD (chronic obstructive pulmonary disease)"
            }
          ]
        }
      ],
      "count": 305
    },
    {
      "code": [
        {
          "coding": [
            {
              "system": "http://hl7.org/fhir/sid/icd-10",
              "code": "I25.10",
              "display": "Coronary atherosclerosis of unspecified type of vessel, native or graft"
            }
          ]
        }
      ],
      "count": 302
    },
    {
      "code": [
        {
          "coding": [
            {
              "system": "http://hl7.org/fhir/sid/icd-10",
              "code": "N39.0",
              "display": "Urinary tract infection, site not specified"
            }
          ]
        }
      ],
      "count": 298
    },
    {
      "code": [
        {
          "coding": [
            {
              "system": "http://hl7.org/fhir/sid/icd-10",
              "code": "J45.990",
              "display": "Exercise induced bronchospasm"
            }
          ]
        }
      ],
      "count": 297
    },
    {
      "code": [
        {
          "coding": [
            {
              "system": "http://hl7.org/fhir/sid/icd-10",
              "code": "F41.1",
              "display": "Generalized anxiety disorder"
            }
          ]
        }
      ],
      "count": 296
    },
    {
      "code": [
        {
          "coding": [
            {
              "system": "http://hl7.org/fhir/sid/icd-10",
              "code": "F90.9",
              "display": "ADHD (attention deficit hyperactivity disorder)"
            }
          ]
        }
      ],
      "count": 283
    },
    {
      "code": [
        {
          "coding": [
            {
              "system": "http://hl7.org/fhir/sid/icd-10",
              "code": "J18.9",
              "display": "Pneumonia of left lung due to infectious organism"
            }
          ]
        }
      ],
      "count": 277
    },
    {
      "code": [
        {
          "coding": [
            {
              "system": "http://hl7.org/fhir/sid/icd-10",
              "code": "R42",
              "display": "Dizziness and giddiness"
            }
          ]
        }
      ],
      "count": 277
    },
    {
      "code": [
        {
          "coding": [
            {
              "system": "http://hl7.org/fhir/sid/icd-10",
              "code": "H52.13",
              "display": "Myopia, bilateral"
            }
          ]
        }
      ],
      "count": 275
    },
    {
      "code": [
        {
          "coding": [
            {
              "system": "http://hl7.org/fhir/sid/icd-10",
              "code": "R06.09",
              "display": "Dyspnea on exertion"
            }
          ]
        }
      ],
      "count": 266
    },
    {
      "code": [
        {
          "coding": [
            {
              "system": "http://hl7.org/fhir/sid/icd-10",
              "code": "R73.03",
              "display": "Prediabetes"
            }
          ]
        }
      ],
      "count": 263
    },
    {
      "code": [
        {
          "coding": [
            {
              "system": "http://hl7.org/fhir/sid/icd-10",
              "code": "R00.2",
              "display": "Palpitations"
            }
          ]
        }
      ],
      "count": 258
    },
    {
      "code": [
        {
          "coding": [
            {
              "system": "http://hl7.org/fhir/sid/icd-10",
              "code": "M54.2",
              "display": "Cervicalgia"
            }
          ]
        }
      ],
      "count": 245
    },
    {
      "code": [
        {
          "coding": [
            {
              "system": "http://hl7.org/fhir/sid/icd-10",
              "code": "M25.569",
              "display": "Pain in joint, lower leg"
            }
          ]
        }
      ],
      "count": 244
    },
    {
      "code": [
        {
          "coding": [
            {
              "system": "http://hl7.org/fhir/sid/icd-10",
              "code": "J06.9",
              "display": "URI (upper respiratory infection)"
            }
          ]
        }
      ],
      "count": 232
    },
    {
      "code": [
        {
          "coding": [
            {
              "system": "http://hl7.org/fhir/sid/icd-10",
              "code": "D50.9",
              "display": "Iron deficiency anemia"
            }
          ]
        }
      ],
      "count": 227
    },
    {
      "code": [
        {
          "coding": [
            {
              "system": "http://hl7.org/fhir/sid/icd-10",
              "code": "E66.3",
              "display": "Overweight (BMI 25.0-29.9)"
            }
          ]
        }
      ],
      "count": 226
    },
    {
      "code": [
        {
          "coding": [
            {
              "system": "http://hl7.org/fhir/sid/icd-10",
              "code": "Z96.1",
              "display": "Pseudophakia of both eyes"
            }
          ]
        }
      ],
      "count": 224
    },
    {
      "code": [
        {
          "coding": [
            {
              "system": "http://hl7.org/fhir/sid/icd-10",
              "code": "J31.0",
              "display": "Chronic rhinitis"
            }
          ]
        }
      ],
      "count": 218
    },
    {
      "code": [
        {
          "coding": [
            {
              "system": "http://hl7.org/fhir/sid/icd-10",
              "code": "R07.89",
              "display": "Other chest pain"
            }
          ]
        }
      ],
      "count": 209
    },
    {
      "code": [
        {
          "coding": [
            {
              "system": "http://hl7.org/fhir/sid/icd-10",
              "code": "R03.0",
              "display": "Elevated blood pressure reading without diagnosis of hypertension"
            }
          ]
        }
      ],
      "count": 208
    },
    {
      "code": [
        {
          "coding": [
            {
              "system": "http://hl7.org/fhir/sid/icd-10",
              "code": "R06.02",
              "display": "Shortness of breath"
            }
          ]
        }
      ],
      "count": 208
    },
    {
      "code": [
        {
          "coding": [
            {
              "system": "http://hl7.org/fhir/sid/icd-10",
              "code": "Z23",
              "display": "Need for prophylactic vaccination and inoculation against unspecified single disease"
            }
          ]
        }
      ],
      "count": 206
    },
    {
      "code": [
        {
          "coding": [
            {
              "system": "http://hl7.org/fhir/sid/icd-10",
              "code": "M79.609",
              "display": "Pain in limb"
            }
          ]
        }
      ],
      "count": 204
    },
    {
      "code": [
        {
          "coding": [
            {
              "system": "http://hl7.org/fhir/sid/icd-10",
              "code": "R53.81",
              "display": "Other malaise and fatigue"
            }
          ]
        }
      ],
      "count": 200
    },
    {
      "code": [
        {
          "coding": [
            {
              "system": "http://hl7.org/fhir/sid/icd-10",
              "code": "N20.0",
              "display": "Kidney stones, calcium oxalate"
            }
          ]
        }
      ],
      "count": 197
    },
    {
      "code": [
        {
          "coding": [
            {
              "system": "http://hl7.org/fhir/sid/icd-10",
              "code": "R60.9",
              "display": "Edema"
            }
          ]
        }
      ],
      "count": 195
    },
    {
      "code": [
        {
          "coding": [
            {
              "system": "http://hl7.org/fhir/sid/icd-10",
              "code": "H52.209",
              "display": "Astigmatism with presbyopia"
            }
          ]
        }
      ],
      "count": 194
    },
    {
      "code": [
        {
          "coding": [
            {
              "system": "http://hl7.org/fhir/sid/icd-10",
              "code": "G43.009",
              "display": "Migraine without aura, without mention of intractable migraine without mention of status migrainosus"
            }
          ]
        }
      ],
      "count": 193
    },
    {
      "code": [
        {
          "coding": [
            {
              "system": "http://hl7.org/fhir/sid/icd-10",
              "code": "R73.01",
              "display": "Impaired fasting glucose"
            }
          ]
        }
      ],
      "count": 193
    },
    {
      "code": [
        {
          "coding": [
            {
              "system": "http://hl7.org/fhir/sid/icd-10",
              "code": "H91.90",
              "display": "Unspecified hearing loss"
            }
          ]
        }
      ],
      "count": 193
    },
    {
      "code": [
        {
          "coding": [
            {
              "system": "http://hl7.org/fhir/sid/icd-10",
              "code": "H26.9",
              "display": "Cortical cataract of both eyes"
            }
          ]
        }
      ],
      "count": 191
    },
    {
      "code": [
        {
          "coding": [
            {
              "system": "http://hl7.org/fhir/sid/icd-10",
              "code": "H52.10",
              "display": "Myopia"
            }
          ]
        }
      ],
      "count": 190
    },
    {
      "code": [
        {
          "coding": [
            {
              "system": "http://hl7.org/fhir/sid/icd-10",
              "code": "H52.203",
              "display": "Myopic astigmatism, bilateral"
            }
          ]
        }
      ],
      "count": 190
    },
    {
      "code": [
        {
          "coding": [
            {
              "system": "http://hl7.org/fhir/sid/icd-10",
              "code": "L20.9",
              "display": "Atopic dermatitis"
            }
          ]
        }
      ],
      "count": 189
    },
    {
      "code": [
        {
          "coding": [
            {
              "system": "http://hl7.org/fhir/sid/icd-10",
              "code": "R55",
              "display": "Neurocardiogenic syncope"
            }
          ]
        }
      ],
      "count": 189
    },
    {
      "code": [
        {
          "coding": [
            {
              "system": "http://hl7.org/fhir/sid/icd-10",
              "code": "Z68.54",
              "display": "Body mass index, pediatric, greater than or equal to 95th percentile for age"
            }
          ]
        }
      ],
      "count": 188
    },
    {
      "code": [
        {
          "coding": [
            {
              "system": "http://hl7.org/fhir/sid/icd-10",
              "code": "H66.90",
              "display": "Otitis media in pediatric patient"
            }
          ]
        }
      ],
      "count": 188
    },
    {
      "code": [
        {
          "coding": [
            {
              "system": "http://hl7.org/fhir/sid/icd-10",
              "code": "J30.89",
              "display": "Chronic non-seasonal allergic rhinitis"
            }
          ]
        }
      ],
      "count": 186
    },
    {
      "code": [
        {
          "coding": [
            {
              "system": "http://hl7.org/fhir/sid/icd-10",
              "code": "Z79.899",
              "display": "Polypharmacy"
            }
          ]
        }
      ],
      "count": 186
    },
    {
      "code": [
        {
          "coding": [
            {
              "system": "http://hl7.org/fhir/sid/icd-10",
              "code": "R06.83",
              "display": "Snoring"
            }
          ]
        }
      ],
      "count": 186
    },
    {
      "code": [
        {
          "coding": [
            {
              "system": "http://hl7.org/fhir/sid/icd-10",
              "code": "J01.90",
              "display": "Acute sinusitis, unspecified"
            }
          ]
        }
      ],
      "count": 186
    },
    {
      "code": [
        {
          "coding": [
            {
              "system": "http://hl7.org/fhir/sid/icd-10",
              "code": "K58.9",
              "display": "IBS (irritable bowel syndrome)"
            }
          ]
        }
      ],
      "count": 184
    },
    {
      "code": [
        {
          "coding": [
            {
              "system": "http://hl7.org/fhir/sid/icd-10",
              "code": "Z34.90",
              "display": "Pregnancy"
            }
          ]
        }
      ],
      "count": 180
    },
    {
      "code": [
        {
          "coding": [
            {
              "system": "http://hl7.org/fhir/sid/icd-10",
              "code": "Z01.419",
              "display": "Routine gynecological examination"
            }
          ]
        }
      ],
      "count": 177
    },
    {
      "code": [
        {
          "coding": [
            {
              "system": "http://hl7.org/fhir/sid/icd-10",
              "code": "R09.89",
              "display": "Reactive airway disease that is not asthma"
            }
          ]
        }
      ],
      "count": 174
    },
    {
      "code": [
        {
          "coding": [
            {
              "system": "http://hl7.org/fhir/sid/icd-10",
              "code": "F98.8",
              "display": "ADD (attention deficit disorder)"
            }
          ]
        }
      ],
      "count": 174
    },
    {
      "code": [
        {
          "coding": [
            {
              "system": "http://hl7.org/fhir/sid/icd-10",
              "code": "M85.80",
              "display": "Osteopenia"
            }
          ]
        }
      ],
      "count": 173
    },
    {
      "code": [
        {
          "coding": [
            {
              "system": "http://hl7.org/fhir/sid/icd-10",
              "code": "M25.561",
              "display": "Chronic pain of both knees"
            }
          ]
        }
      ],
      "count": 171
    },
    {
      "code": [
        {
          "coding": [
            {
              "system": "http://hl7.org/fhir/sid/icd-10",
              "code": "Z72.0",
              "display": "Tobacco abuse"
            }
          ]
        }
      ],
      "count": 167
    },
    {
      "code": [
        {
          "coding": [
            {
              "system": "http://hl7.org/fhir/sid/icd-10",
              "code": "N52.9",
              "display": "Erectile dysfunction"
            }
          ]
        }
      ],
      "count": 166
    },
    {
      "code": [
        {
          "coding": [
            {
              "system": "http://hl7.org/fhir/sid/icd-10",
              "code": "Z91.09",
              "display": "Environmental allergies"
            }
          ]
        }
      ],
      "count": 163
    },
    {
      "code": [
        {
          "coding": [
            {
              "system": "http://hl7.org/fhir/sid/icd-10",
              "code": "D25.9",
              "display": "Leiomyoma of uterus, unspecified"
            }
          ]
        }
      ],
      "count": 162
    },
    {
      "code": [
        {
          "coding": [
            {
              "system": "http://hl7.org/fhir/sid/icd-10",
              "code": "M81.0",
              "display": "Osteoporosis"
            }
          ]
        }
      ],
      "count": 161
    },
    {
      "code": [
        {
          "coding": [
            {
              "system": "http://hl7.org/fhir/sid/icd-10",
              "code": "R01.1",
              "display": "Cardiac murmur"
            }
          ]
        }
      ],
      "count": 160
    },
    {
      "code": [
        {
          "coding": [
            {
              "system": "http://hl7.org/fhir/sid/icd-10",
              "code": "M25.562",
              "display": "Arthralgia of both knees"
            }
          ]
        }
      ],
      "count": 160
    },
    {
      "code": [
        {
          "coding": [
            {
              "system": "http://hl7.org/fhir/sid/icd-10",
              "code": "R21",
              "display": "Rash and other nonspecific skin eruption"
            }
          ]
        }
      ],
      "count": 158
    },
    {
      "code": [
        {
          "coding": [
            {
              "system": "http://hl7.org/fhir/sid/icd-10",
              "code": "H04.123",
              "display": "Tear film insufficiency, bilateral"
            }
          ]
        }
      ],
      "count": 158
    },
    {
      "code": [
        {
          "coding": [
            {
              "system": "http://hl7.org/fhir/sid/icd-10",
              "code": "M25.519",
              "display": "Pain in joint, shoulder region"
            }
          ]
        }
      ],
      "count": 156
    },
    {
      "code": [
        {
          "coding": [
            {
              "system": "http://hl7.org/fhir/sid/icd-10",
              "code": "IMO0001",
              "display": "Elevated blood pressure"
            }
          ]
        }
      ],
      "count": 156
    },
    {
      "code": [
        {
          "coding": [
            {
              "system": "http://hl7.org/fhir/sid/icd-10",
              "code": "J02.9",
              "display": "Acute pharyngitis"
            }
          ]
        }
      ],
      "count": 155
    },
    {
      "code": [
        {
          "coding": [
            {
              "system": "http://hl7.org/fhir/sid/icd-10",
              "code": "Z82.49",
              "display": "Family history of early CAD"
            }
          ]
        }
      ],
      "count": 153
    },
    {
      "code": [
        {
          "coding": [
            {
              "system": "http://hl7.org/fhir/sid/icd-10",
              "code": "F31.9",
              "display": "Bipolar disorder"
            }
          ]
        }
      ],
      "count": 153
    }
  ],
  "meta": {
    "tag": [
      {
        "system": "http://hl7.org/fhir/v3/ActReason",
        "code": "HTEST",
        "display": "test health data"
      }
    ]
  }
}