{
  "resourceType": "Group",
  "id": "diabetes-sample-49-cohort-jhu2",
  "text": {
    "status": "additional",
    "div": "\u003cdiv xmlns\u003d\"http://www.w3.org/1999/xhtml\"\u003e\n\t\t\t\u003cp\u003ediabetes patients aged 65-74, White or Caucasian, Female\u003c/p\u003e\n\t\t\u003c/div\u003e"
  },
  "identifier": [
    {
      "system": "http://ncats.org/clinicalprofile/",
      "value": "sample-49"
    }
  ],
  "type": "person",
  "actual": true,
  "name": "diabetes patients aged 65-74, White or Caucasian, Female",
  "quantity": 5055,
  "characteristic": [
    {
      "code": {
        "text": "ageGroup"
      },
      "valueRange": {
        "low": {
          "value": 65
        },
        "high": {
          "value": 74
        }
      },
      "exclude": false
    },
    {
      "code": {
        "text": "race"
      },
      "valueCodeableConcept": {
        "coding": [
          {
            "system": "urn:oid:2.16.840.1.114222.4.11.836",
            "code": "2054-5",
            "display": "White or Caucasian"
          }
        ]
      },
      "exclude": false
    },
    {
      "code": {
        "text": "gender"
      },
      "valueCodeableConcept": {
        "coding": [
          {
            "system": "http://hl7.org/fhir/administrative-gender",
            "code": "female",
            "display": "Female"
          }
        ]
      },
      "exclude": false
    }
  ],
  "meta": {
    "tag": [
      {
        "system": "http://hl7.org/fhir/v3/ActReason",
        "code": "HTEST",
        "display": "test health data"
      }
    ]
  }
}