{
  "resourceType": "ClinicalProfile",
  "id": "jhu-eds-profile-5-diagnoses",
  "text": {
    "status": "generated",
    "div": "\u003cdiv xmlns\u003d\"http://www.w3.org/1999/xhtml\"\u003e\n\t\t\t\u003cp\u003eSelected diagnoses for Male,Female, White or Caucasian,Black or African American,Asian,Unknown,Declined to Answer,American Indian or Alaska Native,Other patients aged 30-39 seen as either outpatients or inpatients at Johns Hopkins Hospital, JHCP, and Bayview between 3/1/2016 and 3/1/2018 having a diagnosis of Ehlers-Danlos syndromes recorded on the problem list or as an encounter diagnosis.\n\t\t\t\u003c/p\u003e\n\t\t\u003c/div\u003e"
  },
  "identifier": [
    {
      "value": "urn:uuid:445ABBDB-CAE6-0FC4-097907C0B4FC87A0"
    }
  ],
  "status": "draft",
  "population": {
    "reference": "Group/eds-population-jhu3"
  },
  "cohort": {
    "reference": "Group/eds-sample-5-cohort-jhu3",
    "display": "White or Caucasian,Black or African American,Asian,Unknown,Declined to Answer,American Indian or Alaska Native,Other Male,Female aged 30-39"
  },
  "date": "2018-09-13T11:53:00Z",
  "source": [
    {
      "value": "http://ictrweb.johnshopkins.edu/ictr/synthetic/includes/clinical_profiles.cfm"
    }
  ],
  "reporter": {
    "reference": "Organization/JHM",
    "type": "Organization",
    "display": "Johns Hopkins School of Medicine"
  },
  "diagnosis": [
    {
      "code": [
        {
          "coding": [
            {
              "system": "http://hl7.org/fhir/sid/icd-10",
              "code": "Q79.6",
              "display": "Ehlers-Danlos syndrome"
            }
          ]
        }
      ],
      "count": 227
    },
    {
      "code": [
        {
          "coding": [
            {
              "system": "http://hl7.org/fhir/sid/icd-10",
              "code": "Z00.00",
              "display": "Routine general medical examination at a health care facility"
            }
          ]
        }
      ],
      "count": 40
    },
    {
      "code": [
        {
          "coding": [
            {
              "system": "http://hl7.org/fhir/sid/icd-10",
              "code": "G43.909",
              "display": "Migraine"
            }
          ]
        }
      ],
      "count": 39
    },
    {
      "code": [
        {
          "coding": [
            {
              "system": "http://hl7.org/fhir/sid/icd-10",
              "code": "I95.1",
              "display": "POTS (postural orthostatic tachycardia syndrome)"
            }
          ]
        }
      ],
      "count": 38
    },
    {
      "code": [
        {
          "coding": [
            {
              "system": "http://hl7.org/fhir/sid/icd-10",
              "code": "K21.9",
              "display": "GERD (gastroesophageal reflux disease)"
            }
          ]
        }
      ],
      "count": 37
    },
    {
      "code": [
        {
          "coding": [
            {
              "system": "http://hl7.org/fhir/sid/icd-10",
              "code": "G89.29",
              "display": "Chronic pain"
            }
          ]
        }
      ],
      "count": 37
    },
    {
      "code": [
        {
          "coding": [
            {
              "system": "http://hl7.org/fhir/sid/icd-10",
              "code": "E55.9",
              "display": "Vitamin D deficiency"
            }
          ]
        }
      ],
      "count": 36
    },
    {
      "code": [
        {
          "coding": [
            {
              "system": "http://hl7.org/fhir/sid/icd-10",
              "code": "J45.909",
              "display": "Asthma"
            }
          ]
        }
      ],
      "count": 36
    },
    {
      "code": [
        {
          "coding": [
            {
              "system": "http://hl7.org/fhir/sid/icd-10",
              "code": "R00.0",
              "display": "POTS (postural orthostatic tachycardia syndrome)"
            }
          ]
        }
      ],
      "count": 35
    },
    {
      "code": [
        {
          "coding": [
            {
              "system": "http://hl7.org/fhir/sid/icd-10",
              "code": "M79.7",
              "display": "Fibromyalgia"
            }
          ]
        }
      ],
      "count": 32
    },
    {
      "code": [
        {
          "coding": [
            {
              "system": "http://hl7.org/fhir/sid/icd-10",
              "code": "F32.9",
              "display": "Depression"
            }
          ]
        }
      ],
      "count": 28
    },
    {
      "code": [
        {
          "coding": [
            {
              "system": "http://hl7.org/fhir/sid/icd-10",
              "code": "F41.9",
              "display": "Anxiety"
            }
          ]
        }
      ],
      "count": 26
    },
    {
      "code": [
        {
          "coding": [
            {
              "system": "http://hl7.org/fhir/sid/icd-10",
              "code": "R51",
              "display": "Pressure in head"
            }
          ]
        }
      ],
      "count": 25
    },
    {
      "code": [
        {
          "coding": [
            {
              "system": "http://hl7.org/fhir/sid/icd-10",
              "code": "Z79.899",
              "display": "Long-term use of immunosuppressant medication"
            }
          ]
        }
      ],
      "count": 21
    },
    {
      "code": [
        {
          "coding": [
            {
              "system": "http://hl7.org/fhir/sid/icd-10",
              "code": "R53.83",
              "display": "Fatigue"
            }
          ]
        }
      ],
      "count": 19
    },
    {
      "code": [
        {
          "coding": [
            {
              "system": "http://hl7.org/fhir/sid/icd-10",
              "code": "G93.5",
              "display": "Arnold-Chiari malformation, type I"
            }
          ]
        }
      ],
      "count": 19
    },
    {
      "code": [
        {
          "coding": [
            {
              "system": "http://hl7.org/fhir/sid/icd-10",
              "code": "G54.0",
              "display": "Neurogenic thoracic outlet syndrome"
            }
          ]
        }
      ],
      "count": 19
    },
    {
      "code": [
        {
          "coding": [
            {
              "system": "http://hl7.org/fhir/sid/icd-10",
              "code": "H51.11",
              "display": "Convergence insufficiency"
            }
          ]
        }
      ],
      "count": 19
    },
    {
      "code": [
        {
          "coding": [
            {
              "system": "http://hl7.org/fhir/sid/icd-10",
              "code": "IMO0002",
              "display": "Glaucoma suspect with open angle"
            }
          ]
        }
      ],
      "count": 19
    },
    {
      "code": [
        {
          "coding": [
            {
              "system": "http://hl7.org/fhir/sid/icd-10",
              "code": "J30.9",
              "display": "Allergic rhinitis, cause unspecified"
            }
          ]
        }
      ],
      "count": 17
    },
    {
      "code": [
        {
          "coding": [
            {
              "system": "http://hl7.org/fhir/sid/icd-10",
              "code": "R53.82",
              "display": "Chronic fatigue syndrome"
            }
          ]
        }
      ],
      "count": 17
    },
    {
      "code": [
        {
          "coding": [
            {
              "system": "http://hl7.org/fhir/sid/icd-10",
              "code": "R55",
              "display": "Vasovagal syncope"
            }
          ]
        }
      ],
      "count": 16
    },
    {
      "code": [
        {
          "coding": [
            {
              "system": "http://hl7.org/fhir/sid/icd-10",
              "code": "F98.8",
              "display": "ADD (attention deficit disorder)"
            }
          ]
        }
      ],
      "count": 16
    },
    {
      "code": [
        {
          "coding": [
            {
              "system": "http://hl7.org/fhir/sid/icd-10",
              "code": "G90.9",
              "display": "Autonomic dysfunction"
            }
          ]
        }
      ],
      "count": 16
    },
    {
      "code": [
        {
          "coding": [
            {
              "system": "http://hl7.org/fhir/sid/icd-10",
              "code": "E03.9",
              "display": "Hypothyroidism"
            }
          ]
        }
      ],
      "count": 16
    },
    {
      "code": [
        {
          "coding": [
            {
              "system": "http://hl7.org/fhir/sid/icd-10",
              "code": "R42",
              "display": "Dizziness"
            }
          ]
        }
      ],
      "count": 15
    },
    {
      "code": [
        {
          "coding": [
            {
              "system": "http://hl7.org/fhir/sid/icd-10",
              "code": "Z34.90",
              "display": "Pregnancy"
            }
          ]
        }
      ],
      "count": 14
    },
    {
      "code": [
        {
          "coding": [
            {
              "system": "http://hl7.org/fhir/sid/icd-10",
              "code": "H04.123",
              "display": "Dry eye syndrome, bilateral"
            }
          ]
        }
      ],
      "count": 14
    },
    {
      "code": [
        {
          "coding": [
            {
              "system": "http://hl7.org/fhir/sid/icd-10",
              "code": "K58.9",
              "display": "Irritable bowel syndrome"
            }
          ]
        }
      ],
      "count": 14
    },
    {
      "code": [
        {
          "coding": [
            {
              "system": "http://hl7.org/fhir/sid/icd-10",
              "code": "M54.5",
              "display": "Lumbar back pain"
            }
          ]
        }
      ],
      "count": 14
    },
    {
      "code": [
        {
          "coding": [
            {
              "system": "http://hl7.org/fhir/sid/icd-10",
              "code": "M54.2",
              "display": "Neck pain"
            }
          ]
        }
      ],
      "count": 13
    },
    {
      "code": [
        {
          "coding": [
            {
              "system": "http://hl7.org/fhir/sid/icd-10",
              "code": "M24.80",
              "display": "Generalized hypermobility of joints"
            }
          ]
        }
      ],
      "count": 13
    },
    {
      "code": [
        {
          "coding": [
            {
              "system": "http://hl7.org/fhir/sid/icd-10",
              "code": "M25.50",
              "display": "Joint pain"
            }
          ]
        }
      ],
      "count": 13
    },
    {
      "code": [
        {
          "coding": [
            {
              "system": "http://hl7.org/fhir/sid/icd-10",
              "code": "I10",
              "display": "Hypertension"
            }
          ]
        }
      ],
      "count": 13
    },
    {
      "code": [
        {
          "coding": [
            {
              "system": "http://hl7.org/fhir/sid/icd-10",
              "code": "G89.4",
              "display": "Chronic pain disorder"
            }
          ]
        }
      ],
      "count": 13
    },
    {
      "code": [
        {
          "coding": [
            {
              "system": "http://hl7.org/fhir/sid/icd-10",
              "code": "F31.9",
              "display": "Bipolar 1 disorder"
            }
          ]
        }
      ],
      "count": 13
    },
    {
      "code": [
        {
          "coding": [
            {
              "system": "http://hl7.org/fhir/sid/icd-10",
              "code": "E66.9",
              "display": "Obesity"
            }
          ]
        }
      ],
      "count": 12
    },
    {
      "code": [
        {
          "coding": [
            {
              "system": "http://hl7.org/fhir/sid/icd-10",
              "code": "G47.00",
              "display": "Insomnia, unspecified"
            }
          ]
        }
      ],
      "count": 11
    },
    {
      "code": [
        {
          "coding": [
            {
              "system": "http://hl7.org/fhir/sid/icd-10",
              "code": "E06.3",
              "display": "Hashimoto\u0027s thyroiditis"
            }
          ]
        }
      ],
      "count": 10
    },
    {
      "code": [
        {
          "coding": [
            {
              "system": "http://hl7.org/fhir/sid/icd-10",
              "code": "I73.00",
              "display": "Raynaud\u0027s disease without gangrene"
            }
          ]
        }
      ],
      "count": 10
    },
    {
      "code": [
        {
          "coding": [
            {
              "system": "http://hl7.org/fhir/sid/icd-10",
              "code": "K59.00",
              "display": "Constipation"
            }
          ]
        }
      ],
      "count": 10
    },
    {
      "code": [
        {
          "coding": [
            {
              "system": "http://hl7.org/fhir/sid/icd-10",
              "code": "M54.9",
              "display": "Backache, unspecified"
            }
          ]
        }
      ],
      "count": 10
    },
    {
      "code": [
        {
          "coding": [
            {
              "system": "http://hl7.org/fhir/sid/icd-10",
              "code": "R00.2",
              "display": "Palpitations"
            }
          ]
        }
      ],
      "count": 10
    },
    {
      "code": [
        {
          "coding": [
            {
              "system": "http://hl7.org/fhir/sid/icd-10",
              "code": "R10.9",
              "display": "Abdominal pain, other specified site"
            }
          ]
        }
      ],
      "count": 10
    },
    {
      "code": [
        {
          "coding": [
            {
              "system": "http://hl7.org/fhir/sid/icd-10",
              "code": "Z98.890",
              "display": "PONV (postoperative nausea and vomiting)"
            }
          ]
        }
      ],
      "count": 10
    },
    {
      "code": [
        {
          "coding": [
            {
              "system": "http://hl7.org/fhir/sid/icd-10",
              "code": "N80.9",
              "display": "Endometriosis"
            }
          ]
        }
      ],
      "count": 9
    },
    {
      "code": [
        {
          "coding": [
            {
              "system": "http://hl7.org/fhir/sid/icd-10",
              "code": "R53.81",
              "display": "Other malaise and fatigue"
            }
          ]
        }
      ],
      "count": 9
    },
    {
      "code": [
        {
          "coding": [
            {
              "system": "http://hl7.org/fhir/sid/icd-10",
              "code": "J32.9",
              "display": "Sinusitis"
            }
          ]
        }
      ],
      "count": 9
    },
    {
      "code": [
        {
          "coding": [
            {
              "system": "http://hl7.org/fhir/sid/icd-10",
              "code": "D64.9",
              "display": "Anemia"
            }
          ]
        }
      ],
      "count": 9
    },
    {
      "code": [
        {
          "coding": [
            {
              "system": "http://hl7.org/fhir/sid/icd-10",
              "code": "E78.00",
              "display": "Hypercholesterolemia"
            }
          ]
        }
      ],
      "count": 9
    },
    {
      "code": [
        {
          "coding": [
            {
              "system": "http://hl7.org/fhir/sid/icd-10",
              "code": "F41.1",
              "display": "Anxiety state"
            }
          ]
        }
      ],
      "count": 9
    },
    {
      "code": [
        {
          "coding": [
            {
              "system": "http://hl7.org/fhir/sid/icd-10",
              "code": "G43.109",
              "display": "Migraine with aura and without status migrainosus, not intractable"
            }
          ]
        }
      ],
      "count": 9
    },
    {
      "code": [
        {
          "coding": [
            {
              "system": "http://hl7.org/fhir/sid/icd-10",
              "code": "G93.2",
              "display": "Pseudotumor cerebri"
            }
          ]
        }
      ],
      "count": 9
    },
    {
      "code": [
        {
          "coding": [
            {
              "system": "http://hl7.org/fhir/sid/icd-10",
              "code": "G43.009",
              "display": "Migraine without aura"
            }
          ]
        }
      ],
      "count": 8
    },
    {
      "code": [
        {
          "coding": [
            {
              "system": "http://hl7.org/fhir/sid/icd-10",
              "code": "F41.8",
              "display": "Depression with anxiety"
            }
          ]
        }
      ],
      "count": 8
    },
    {
      "code": [
        {
          "coding": [
            {
              "system": "http://hl7.org/fhir/sid/icd-10",
              "code": "D47.09",
              "display": "Mast cell disease"
            }
          ]
        }
      ],
      "count": 8
    },
    {
      "code": [
        {
          "coding": [
            {
              "system": "http://hl7.org/fhir/sid/icd-10",
              "code": "K31.84",
              "display": "Gastroparesis"
            }
          ]
        }
      ],
      "count": 8
    },
    {
      "code": [
        {
          "coding": [
            {
              "system": "http://hl7.org/fhir/sid/icd-10",
              "code": "M35.7",
              "display": "Benign joint hypermobility"
            }
          ]
        }
      ],
      "count": 8
    },
    {
      "code": [
        {
          "coding": [
            {
              "system": "http://hl7.org/fhir/sid/icd-10",
              "code": "M35.9",
              "display": "Connective tissue disorder"
            }
          ]
        }
      ],
      "count": 8
    },
    {
      "code": [
        {
          "coding": [
            {
              "system": "http://hl7.org/fhir/sid/icd-10",
              "code": "M25.511",
              "display": "Chronic right shoulder pain"
            }
          ]
        }
      ],
      "count": 7
    },
    {
      "code": [
        {
          "coding": [
            {
              "system": "http://hl7.org/fhir/sid/icd-10",
              "code": "M26.609",
              "display": "Temporomandibular dysfunction syndrome"
            }
          ]
        }
      ],
      "count": 7
    },
    {
      "code": [
        {
          "coding": [
            {
              "system": "http://hl7.org/fhir/sid/icd-10",
              "code": "M79.1",
              "display": "Myalgia"
            }
          ]
        }
      ],
      "count": 7
    },
    {
      "code": [
        {
          "coding": [
            {
              "system": "http://hl7.org/fhir/sid/icd-10",
              "code": "M79.609",
              "display": "Pain in limb"
            }
          ]
        }
      ],
      "count": 7
    },
    {
      "code": [
        {
          "coding": [
            {
              "system": "http://hl7.org/fhir/sid/icd-10",
              "code": "L30.9",
              "display": "Eczema"
            }
          ]
        }
      ],
      "count": 7
    },
    {
      "code": [
        {
          "coding": [
            {
              "system": "http://hl7.org/fhir/sid/icd-10",
              "code": "E04.1",
              "display": "Thyroid nodule"
            }
          ]
        }
      ],
      "count": 7
    },
    {
      "code": [
        {
          "coding": [
            {
              "system": "http://hl7.org/fhir/sid/icd-10",
              "code": "E66.09",
              "display": "Non morbid obesity due to excess calories"
            }
          ]
        }
      ],
      "count": 7
    },
    {
      "code": [
        {
          "coding": [
            {
              "system": "http://hl7.org/fhir/sid/icd-10",
              "code": "H52.13",
              "display": "Myopia, bilateral"
            }
          ]
        }
      ],
      "count": 7
    },
    {
      "code": [
        {
          "coding": [
            {
              "system": "http://hl7.org/fhir/sid/icd-10",
              "code": "N94.89",
              "display": "Pelvic congestion syndrome"
            }
          ]
        }
      ],
      "count": 7
    },
    {
      "code": [
        {
          "coding": [
            {
              "system": "http://hl7.org/fhir/sid/icd-10",
              "code": "O09.90",
              "display": "High-risk pregnancy"
            }
          ]
        }
      ],
      "count": 7
    },
    {
      "code": [
        {
          "coding": [
            {
              "system": "http://hl7.org/fhir/sid/icd-10",
              "code": "R11.0",
              "display": "Chronic nausea"
            }
          ]
        }
      ],
      "count": 7
    },
    {
      "code": [
        {
          "coding": [
            {
              "system": "http://hl7.org/fhir/sid/icd-10",
              "code": "R20.2",
              "display": "Tingling"
            }
          ]
        }
      ],
      "count": 7
    },
    {
      "code": [
        {
          "coding": [
            {
              "system": "http://hl7.org/fhir/sid/icd-10",
              "code": "Z91.09",
              "display": "Environmental allergies"
            }
          ]
        }
      ],
      "count": 7
    },
    {
      "code": [
        {
          "coding": [
            {
              "system": "http://hl7.org/fhir/sid/icd-10",
              "code": "N92.6",
              "display": "Irregular menstrual cycle"
            }
          ]
        }
      ],
      "count": 6
    },
    {
      "code": [
        {
          "coding": [
            {
              "system": "http://hl7.org/fhir/sid/icd-10",
              "code": "R76.8",
              "display": "Positive ANA (antinuclear antibody)"
            }
          ]
        }
      ],
      "count": 6
    },
    {
      "code": [
        {
          "coding": [
            {
              "system": "http://hl7.org/fhir/sid/icd-10",
              "code": "H52.10",
              "display": "Myopia with astigmatism"
            }
          ]
        }
      ],
      "count": 6
    },
    {
      "code": [
        {
          "coding": [
            {
              "system": "http://hl7.org/fhir/sid/icd-10",
              "code": "H04.129",
              "display": "Tear film insufficiency"
            }
          ]
        }
      ],
      "count": 6
    },
    {
      "code": [
        {
          "coding": [
            {
              "system": "http://hl7.org/fhir/sid/icd-10",
              "code": "F90.9",
              "display": "ADHD (attention deficit hyperactivity disorder)"
            }
          ]
        }
      ],
      "count": 6
    },
    {
      "code": [
        {
          "coding": [
            {
              "system": "http://hl7.org/fhir/sid/icd-10",
              "code": "E28.2",
              "display": "Polycystic ovaries"
            }
          ]
        }
      ],
      "count": 6
    },
    {
      "code": [
        {
          "coding": [
            {
              "system": "http://hl7.org/fhir/sid/icd-10",
              "code": "D50.9",
              "display": "Iron deficiency anemia"
            }
          ]
        }
      ],
      "count": 6
    },
    {
      "code": [
        {
          "coding": [
            {
              "system": "http://hl7.org/fhir/sid/icd-10",
              "code": "K90.49",
              "display": "Milk protein intolerance"
            }
          ]
        }
      ],
      "count": 6
    },
    {
      "code": [
        {
          "coding": [
            {
              "system": "http://hl7.org/fhir/sid/icd-10",
              "code": "J30.89",
              "display": "Perennial allergic rhinitis"
            }
          ]
        }
      ],
      "count": 6
    },
    {
      "code": [
        {
          "coding": [
            {
              "system": "http://hl7.org/fhir/sid/icd-10",
              "code": "J45.20",
              "display": "Asthma, mild intermittent"
            }
          ]
        }
      ],
      "count": 6
    },
    {
      "code": [
        {
          "coding": [
            {
              "system": "http://hl7.org/fhir/sid/icd-10",
              "code": "J30.1",
              "display": "Allergic rhinitis due to pollen"
            }
          ]
        }
      ],
      "count": 6
    },
    {
      "code": [
        {
          "coding": [
            {
              "system": "http://hl7.org/fhir/sid/icd-10",
              "code": "H55.89",
              "display": "Deficiencies of smooth pursuit movements"
            }
          ]
        }
      ],
      "count": 6
    },
    {
      "code": [
        {
          "coding": [
            {
              "system": "http://hl7.org/fhir/sid/icd-10",
              "code": "M94.0",
              "display": "Slipped rib syndrome"
            }
          ]
        }
      ],
      "count": 6
    },
    {
      "code": [
        {
          "coding": [
            {
              "system": "http://hl7.org/fhir/sid/icd-10",
              "code": "M54.81",
              "display": "Bilateral occipital neuralgia"
            }
          ]
        }
      ],
      "count": 6
    },
    {
      "code": [
        {
          "coding": [
            {
              "system": "http://hl7.org/fhir/sid/icd-10",
              "code": "M35.00",
              "display": "Sjogren\u0027s syndrome"
            }
          ]
        }
      ],
      "count": 6
    },
    {
      "code": [
        {
          "coding": [
            {
              "system": "http://hl7.org/fhir/sid/icd-10",
              "code": "M41.9",
              "display": "Scoliosis"
            }
          ]
        }
      ],
      "count": 6
    },
    {
      "code": [
        {
          "coding": [
            {
              "system": "http://hl7.org/fhir/sid/icd-10",
              "code": "M24.9",
              "display": "Hypermobility of joint"
            }
          ]
        }
      ],
      "count": 6
    },
    {
      "code": [
        {
          "coding": [
            {
              "system": "http://hl7.org/fhir/sid/icd-10",
              "code": "L65.9",
              "display": "Alopecia"
            }
          ]
        }
      ],
      "count": 5
    },
    {
      "code": [
        {
          "coding": [
            {
              "system": "http://hl7.org/fhir/sid/icd-10",
              "code": "L71.9",
              "display": "Rosacea"
            }
          ]
        }
      ],
      "count": 5
    },
    {
      "code": [
        {
          "coding": [
            {
              "system": "http://hl7.org/fhir/sid/icd-10",
              "code": "M25.561",
              "display": "Knee pain, bilateral"
            }
          ]
        }
      ],
      "count": 5
    },
    {
      "code": [
        {
          "coding": [
            {
              "system": "http://hl7.org/fhir/sid/icd-10",
              "code": "M25.562",
              "display": "Left knee pain"
            }
          ]
        }
      ],
      "count": 5
    },
    {
      "code": [
        {
          "coding": [
            {
              "system": "http://hl7.org/fhir/sid/icd-10",
              "code": "M62.838",
              "display": "Levator spasm"
            }
          ]
        }
      ],
      "count": 5
    },
    {
      "code": [
        {
          "coding": [
            {
              "system": "http://hl7.org/fhir/sid/icd-10",
              "code": "M53.3",
              "display": "Pain of both sacroiliac joints"
            }
          ]
        }
      ],
      "count": 5
    },
    {
      "code": [
        {
          "coding": [
            {
              "system": "http://hl7.org/fhir/sid/icd-10",
              "code": "M85.80",
              "display": "Osteopenia"
            }
          ]
        }
      ],
      "count": 5
    },
    {
      "code": [
        {
          "coding": [
            {
              "system": "http://hl7.org/fhir/sid/icd-10",
              "code": "I72.8",
              "display": "Aneurysm of hepatic artery"
            }
          ]
        }
      ],
      "count": 5
    },
    {
      "code": [
        {
          "coding": [
            {
              "system": "http://hl7.org/fhir/sid/icd-10",
              "code": "I77.810",
              "display": "Aortic root dilatation"
            }
          ]
        }
      ],
      "count": 5
    },
    {
      "code": [
        {
          "coding": [
            {
              "system": "http://hl7.org/fhir/sid/icd-10",
              "code": "K90.0",
              "display": "Celiac disease"
            }
          ]
        }
      ],
      "count": 5
    },
    {
      "code": [
        {
          "coding": [
            {
              "system": "http://hl7.org/fhir/sid/icd-10",
              "code": "K90.41",
              "display": "Gluten intolerance"
            }
          ]
        }
      ],
      "count": 5
    },
    {
      "code": [
        {
          "coding": [
            {
              "system": "http://hl7.org/fhir/sid/icd-10",
              "code": "K58.2",
              "display": "Irritable bowel syndrome with constipation and diarrhea"
            }
          ]
        }
      ],
      "count": 5
    },
    {
      "code": [
        {
          "coding": [
            {
              "system": "http://hl7.org/fhir/sid/icd-10",
              "code": "D80.3",
              "display": "IgG2 deficiency"
            }
          ]
        }
      ],
      "count": 5
    },
    {
      "code": [
        {
          "coding": [
            {
              "system": "http://hl7.org/fhir/sid/icd-10",
              "code": "B00.9",
              "display": "HSV infection"
            }
          ]
        }
      ],
      "count": 5
    },
    {
      "code": [
        {
          "coding": [
            {
              "system": "http://hl7.org/fhir/sid/icd-10",
              "code": "F17.200",
              "display": "Smoking"
            }
          ]
        }
      ],
      "count": 5
    },
    {
      "code": [
        {
          "coding": [
            {
              "system": "http://hl7.org/fhir/sid/icd-10",
              "code": "G43.719",
              "display": "Intractable chronic migraine without aura"
            }
          ]
        }
      ],
      "count": 5
    },
    {
      "code": [
        {
          "coding": [
            {
              "system": "http://hl7.org/fhir/sid/icd-10",
              "code": "H53.2",
              "display": "Diplopia"
            }
          ]
        }
      ],
      "count": 5
    },
    {
      "code": [
        {
          "coding": [
            {
              "system": "http://hl7.org/fhir/sid/icd-10",
              "code": "R74.0",
              "display": "Elevated AST (SGOT)"
            }
          ]
        }
      ],
      "count": 5
    },
    {
      "code": [
        {
          "coding": [
            {
              "system": "http://hl7.org/fhir/sid/icd-10",
              "code": "Z01.818",
              "display": "Preoperative examination, unspecified"
            }
          ]
        }
      ],
      "count": 5
    },
    {
      "code": [
        {
          "coding": [
            {
              "system": "http://hl7.org/fhir/sid/icd-10",
              "code": "Z78.9",
              "display": "Alcohol use"
            }
          ]
        }
      ],
      "count": 5
    },
    {
      "code": [
        {
          "coding": [
            {
              "system": "http://hl7.org/fhir/sid/icd-10",
              "code": "N94.6",
              "display": "Dysmenorrhea"
            }
          ]
        }
      ],
      "count": 5
    },
    {
      "code": [
        {
          "coding": [
            {
              "system": "http://hl7.org/fhir/sid/icd-10",
              "code": "R11.2",
              "display": "Non-intractable vomiting with nausea, unspecified vomiting type"
            }
          ]
        }
      ],
      "count": 5
    },
    {
      "code": [
        {
          "coding": [
            {
              "system": "http://hl7.org/fhir/sid/icd-10",
              "code": "R07.9",
              "display": "Chest pain"
            }
          ]
        }
      ],
      "count": 5
    }
  ],
  "meta": {
    "tag": [
      {
        "system": "http://terminology.hl7.org/CodeSystem/v3-ActReason",
        "code": "HTEST",
        "display": "test health data"
      }
    ]
  }
}