{
  "resourceType": "ClinicalProfile",
  "id": "jhu-asthma-profile-10-labs",
  "text": {
    "status": "generated",
    "div": "\u003cdiv xmlns\u003d\"http://www.w3.org/1999/xhtml\"\u003e\n\t\t\t\t\t\u003cp\u003eSelected laboratory tests for Male,Female, White or Caucasian patients aged 0-4 seen as either outpatients or inpatients at Johns Hopkins Hospital, JHCP, and Bayview between 3/1/2016 and 3/1/2018 having a diagnosis of asthma recorded on the problem list or as an encounter diagnosis.\n\t\t\t\t\t\u003c/p\u003e\n\t\t\t\t\u003c/div\u003e"
  },
  "identifier": [
    {
      "value": "urn:uuid:E2FF5EC4-C118-531B-46936761CC42045F"
    }
  ],
  "status": "draft",
  "population": {
    "reference": "Group/asthma-population-jhu1"
  },
  "cohort": {
    "reference": "Group/asthma-sample-10-cohort-jhu1"
  },
  "date": "2018-09-11T14:32:00Z",
  "source": [
    {
      "value": "http://ictrweb.johnshopkins.edu/ictr/synthetic/includes/clinical_profiles.cfm"
    }
  ],
  "reporter": {
    "reference": "Organization/JHM",
    "type": "Organization",
    "display": "Johns Hopkins School of Medicine"
  },
  "lab": [
    {
      "code": [
        {
          "coding": [
            {
              "system": "http://loinc.org",
              "code": "777-3",
              "display": "Platelets [#/volume] in Blood by Automated count"
            }
          ]
        }
      ],
      "count": 1552,
      "frequencyPerYear": 0.4902,
      "fractionOfSubjects": 0.3418,
      "scalarDistribution": {
        "units": {
          "unit": "x10E3/uL",
          "system": "http://unitsofmeasure.org",
          "code": "x10E3/uL"
        },
        "min": 1,
        "max": 818,
        "mean": 242.33,
        "median": 276,
        "stdDev": 175.12,
        "decile": [
          {
            "nth": 10,
            "value": 9
          },
          {
            "nth": 20,
            "value": 22
          },
          {
            "nth": 30,
            "value": 90
          },
          {
            "nth": 40,
            "value": 218
          },
          {
            "nth": 50,
            "value": 276
          },
          {
            "nth": 60,
            "value": 311
          },
          {
            "nth": 70,
            "value": 346
          },
          {
            "nth": 80,
            "value": 384
          },
          {
            "nth": 90,
            "value": 451
          }
        ],
        "normalizedHigh": 396,
        "normalizedLow": 140,
        "fractionAboveNormal": 0.18,
        "fractionBelowNormal": 0.32
      }
    },
    {
      "code": [
        {
          "coding": [
            {
              "system": "http://loinc.org",
              "code": "718-7",
              "display": "Hemoglobin [Mass/volume] in Blood"
            }
          ]
        }
      ],
      "count": 1438,
      "frequencyPerYear": 0.4542,
      "fractionOfSubjects": 0.3525,
      "scalarDistribution": {
        "units": {
          "unit": "g/dL",
          "system": "http://unitsofmeasure.org",
          "code": "g/dL"
        },
        "min": 4.70,
        "max": 21.30,
        "mean": 11.39,
        "median": 11.60,
        "stdDev": 2.08,
        "decile": [
          {
            "nth": 10,
            "value": 8.70
          },
          {
            "nth": 20,
            "value": 9.60
          },
          {
            "nth": 30,
            "value": 10.50
          },
          {
            "nth": 40,
            "value": 11.20
          },
          {
            "nth": 50,
            "value": 11.60
          },
          {
            "nth": 60,
            "value": 12
          },
          {
            "nth": 70,
            "value": 12.40
          },
          {
            "nth": 80,
            "value": 12.80
          },
          {
            "nth": 90,
            "value": 13.40
          }
        ],
        "normalizedHigh": 16.0,
        "normalizedLow": 12.0,
        "fractionAboveNormal": 0.02,
        "fractionBelowNormal": 0.59
      }
    },
    {
      "code": [
        {
          "coding": [
            {
              "system": "http://loinc.org",
              "code": "4544-3",
              "display": "Hematocrit [Volume Fraction] of Blood by Automated count"
            }
          ]
        }
      ],
      "count": 1436,
      "frequencyPerYear": 0.4536,
      "fractionOfSubjects": 0.3462,
      "scalarDistribution": {
        "units": {
          "unit": "%",
          "system": "http://unitsofmeasure.org",
          "code": "%"
        },
        "min": 14.20,
        "max": 60.60,
        "mean": 33.90,
        "median": 34.80,
        "stdDev": 6.08,
        "decile": [
          {
            "nth": 10,
            "value": 25.50
          },
          {
            "nth": 20,
            "value": 28.80
          },
          {
            "nth": 30,
            "value": 31.70
          },
          {
            "nth": 40,
            "value": 33.50
          },
          {
            "nth": 50,
            "value": 34.80
          },
          {
            "nth": 60,
            "value": 35.80
          },
          {
            "nth": 70,
            "value": 36.90
          },
          {
            "nth": 80,
            "value": 38
          },
          {
            "nth": 90,
            "value": 40.20
          }
        ],
        "normalizedHigh": 46.6,
        "normalizedLow": 34.0,
        "fractionAboveNormal": 0.02,
        "fractionBelowNormal": 0.43
      }
    },
    {
      "code": [
        {
          "coding": [
            {
              "system": "http://loinc.org",
              "code": "33256-9",
              "display": "Leukocytes [#/volume] corrected for nucleated erythrocytes in Blood by Automated count"
            }
          ]
        }
      ],
      "count": 1127,
      "frequencyPerYear": 0.3560,
      "fractionOfSubjects": 0.2350,
      "scalarDistribution": {
        "units": {
          "unit": "K/cu mm",
          "system": "http://unitsofmeasure.org",
          "code": "K/cu mm"
        },
        "min": 0.05,
        "max": 40.23,
        "mean": 8.85,
        "median": 8,
        "stdDev": 5.96,
        "decile": [
          {
            "nth": 10,
            "value": 1.81
          },
          {
            "nth": 20,
            "value": 3.74
          },
          {
            "nth": 30,
            "value": 5.70
          },
          {
            "nth": 40,
            "value": 6.85
          },
          {
            "nth": 50,
            "value": 8
          },
          {
            "nth": 60,
            "value": 9.32
          },
          {
            "nth": 70,
            "value": 10.71
          },
          {
            "nth": 80,
            "value": 12.72
          },
          {
            "nth": 90,
            "value": 16.82
          }
        ]
      }
    },
    {
      "code": [
        {
          "coding": [
            {
              "system": "http://loinc.org",
              "code": "6690-2",
              "display": "Leukocytes [#/volume] in Blood by Automated count"
            }
          ]
        }
      ],
      "count": 293,
      "frequencyPerYear": 0.0925,
      "fractionOfSubjects": 0.1390,
      "scalarDistribution": {
        "units": {
          "unit": "x10E3/uL",
          "system": "http://unitsofmeasure.org",
          "code": "x10E3/uL"
        },
        "min": 2.50,
        "max": 35.46,
        "mean": 9.91,
        "median": 9.50,
        "stdDev": 3.94,
        "decile": [
          {
            "nth": 10,
            "value": 5.70
          },
          {
            "nth": 20,
            "value": 7
          },
          {
            "nth": 30,
            "value": 7.70
          },
          {
            "nth": 40,
            "value": 8.70
          },
          {
            "nth": 50,
            "value": 9.50
          },
          {
            "nth": 60,
            "value": 10.10
          },
          {
            "nth": 70,
            "value": 11.20
          },
          {
            "nth": 80,
            "value": 12.40
          },
          {
            "nth": 90,
            "value": 14.64
          }
        ],
        "normalizedHigh": 10.8,
        "normalizedLow": 3.4,
        "fractionAboveNormal": 0.35,
        "fractionBelowNormal": 0.02
      }
    },
    {
      "code": [
        {
          "coding": [
            {
              "system": "http://loinc.org",
              "code": "789-8",
              "display": "Erythrocytes [#/volume] in Blood by Automated count"
            }
          ]
        }
      ],
      "count": 1419,
      "frequencyPerYear": 0.4482,
      "fractionOfSubjects": 0.3443,
      "scalarDistribution": {
        "units": {
          "unit": "x10E6/uL",
          "system": "http://unitsofmeasure.org",
          "code": "x10E6/uL"
        },
        "min": 1.69,
        "max": 6.37,
        "mean": 4.09,
        "median": 4.30,
        "stdDev": 0.81,
        "decile": [
          {
            "nth": 10,
            "value": 2.86
          },
          {
            "nth": 20,
            "value": 3.21
          },
          {
            "nth": 30,
            "value": 3.73
          },
          {
            "nth": 40,
            "value": 4.11
          },
          {
            "nth": 50,
            "value": 4.30
          },
          {
            "nth": 60,
            "value": 4.45
          },
          {
            "nth": 70,
            "value": 4.59
          },
          {
            "nth": 80,
            "value": 4.71
          },
          {
            "nth": 90,
            "value": 4.92
          }
        ],
        "normalizedHigh": 5.28,
        "normalizedLow": 3.77,
        "fractionAboveNormal": 0.04,
        "fractionBelowNormal": 0.30
      }
    },
    {
      "code": [
        {
          "coding": [
            {
              "system": "http://loinc.org",
              "code": "787-2",
              "display": "Erythrocyte mean corpuscular volume [Entitic volume] by Automated count"
            }
          ]
        }
      ],
      "count": 1419,
      "frequencyPerYear": 0.4482,
      "fractionOfSubjects": 0.3443,
      "scalarDistribution": {
        "units": {
          "unit": "fL",
          "system": "http://unitsofmeasure.org",
          "code": "fL"
        },
        "min": 61.70,
        "max": 118.90,
        "mean": 83.76,
        "median": 82.30,
        "stdDev": 7.66,
        "decile": [
          {
            "nth": 10,
            "value": 76
          },
          {
            "nth": 20,
            "value": 78
          },
          {
            "nth": 30,
            "value": 79.50
          },
          {
            "nth": 40,
            "value": 81
          },
          {
            "nth": 50,
            "value": 82.30
          },
          {
            "nth": 60,
            "value": 83.80
          },
          {
            "nth": 70,
            "value": 85.60
          },
          {
            "nth": 80,
            "value": 88.40
          },
          {
            "nth": 90,
            "value": 94
          }
        ],
        "normalizedHigh": 97,
        "normalizedLow": 79,
        "fractionAboveNormal": 0.07,
        "fractionBelowNormal": 0.25
      }
    },
    {
      "code": [
        {
          "coding": [
            {
              "system": "http://loinc.org",
              "code": "786-4",
              "display": "Erythrocyte mean corpuscular hemoglobin concentration [Mass/volume] by Automated count"
            }
          ]
        }
      ],
      "count": 1417,
      "frequencyPerYear": 0.4476,
      "fractionOfSubjects": 0.3443,
      "scalarDistribution": {
        "units": {
          "unit": "g/dL",
          "system": "http://unitsofmeasure.org",
          "code": "g/dL"
        },
        "min": 27,
        "max": 37.80,
        "mean": 33.54,
        "median": 33.50,
        "stdDev": 1.52,
        "decile": [
          {
            "nth": 10,
            "value": 31.80
          },
          {
            "nth": 20,
            "value": 32.50
          },
          {
            "nth": 30,
            "value": 32.90
          },
          {
            "nth": 40,
            "value": 33.20
          },
          {
            "nth": 50,
            "value": 33.50
          },
          {
            "nth": 60,
            "value": 33.80
          },
          {
            "nth": 70,
            "value": 34.20
          },
          {
            "nth": 80,
            "value": 34.80
          },
          {
            "nth": 90,
            "value": 35.40
          }
        ],
        "normalizedHigh": 35.7,
        "normalizedLow": 31.5,
        "fractionAboveNormal": 0.08,
        "fractionBelowNormal": 0.07
      }
    },
    {
      "code": [
        {
          "coding": [
            {
              "system": "http://loinc.org",
              "code": "785-6",
              "display": "Erythrocyte mean corpuscular hemoglobin [Entitic mass] by Automated count"
            }
          ]
        }
      ],
      "count": 1416,
      "frequencyPerYear": 0.4473,
      "fractionOfSubjects": 0.3443,
      "scalarDistribution": {
        "units": {
          "unit": "pg",
          "system": "http://unitsofmeasure.org",
          "code": "pg"
        },
        "min": 18.90,
        "max": 41.30,
        "mean": 28.08,
        "median": 27.90,
        "stdDev": 2.80,
        "decile": [
          {
            "nth": 10,
            "value": 25.10
          },
          {
            "nth": 20,
            "value": 26
          },
          {
            "nth": 30,
            "value": 26.70
          },
          {
            "nth": 40,
            "value": 27.30
          },
          {
            "nth": 50,
            "value": 27.90
          },
          {
            "nth": 60,
            "value": 28.50
          },
          {
            "nth": 70,
            "value": 29
          },
          {
            "nth": 80,
            "value": 29.70
          },
          {
            "nth": 90,
            "value": 31.50
          }
        ],
        "normalizedHigh": 33.0,
        "normalizedLow": 26.6,
        "fractionAboveNormal": 0.05,
        "fractionBelowNormal": 0.27
      }
    },
    {
      "code": [
        {
          "coding": [
            {
              "system": "http://loinc.org",
              "code": "788-0",
              "display": "Erythrocyte distribution width [Ratio] by Automated count"
            }
          ]
        }
      ],
      "count": 1412,
      "frequencyPerYear": 0.4460,
      "fractionOfSubjects": 0.3430,
      "scalarDistribution": {
        "units": {
          "unit": "%",
          "system": "http://unitsofmeasure.org",
          "code": "%"
        },
        "min": 11.30,
        "max": 25.40,
        "mean": 14.66,
        "median": 13.90,
        "stdDev": 2.44,
        "decile": [
          {
            "nth": 10,
            "value": 12.40
          },
          {
            "nth": 20,
            "value": 12.90
          },
          {
            "nth": 30,
            "value": 13.20
          },
          {
            "nth": 40,
            "value": 13.60
          },
          {
            "nth": 50,
            "value": 13.90
          },
          {
            "nth": 60,
            "value": 14.40
          },
          {
            "nth": 70,
            "value": 15
          },
          {
            "nth": 80,
            "value": 16.10
          },
          {
            "nth": 90,
            "value": 17.80
          }
        ],
        "normalizedHigh": 15.4,
        "normalizedLow": 12.3,
        "fractionAboveNormal": 0.25,
        "fractionBelowNormal": 0.07
      }
    },
    {
      "code": [
        {
          "coding": [
            {
              "system": "http://loinc.org",
              "code": "17861-6",
              "display": "Calcium [Mass/volume] in Serum or Plasma"
            }
          ]
        }
      ],
      "count": 865,
      "frequencyPerYear": 0.2732,
      "fractionOfSubjects": 0.1320,
      "scalarDistribution": {
        "units": {
          "unit": "mg/dL",
          "system": "http://unitsofmeasure.org",
          "code": "mg/dL"
        },
        "min": 6,
        "max": 11.40,
        "mean": 9.18,
        "median": 9.20,
        "stdDev": 0.81,
        "decile": [
          {
            "nth": 10,
            "value": 8.30
          },
          {
            "nth": 20,
            "value": 8.60
          },
          {
            "nth": 30,
            "value": 8.80
          },
          {
            "nth": 40,
            "value": 9
          },
          {
            "nth": 50,
            "value": 9.20
          },
          {
            "nth": 60,
            "value": 9.40
          },
          {
            "nth": 70,
            "value": 9.60
          },
          {
            "nth": 80,
            "value": 9.90
          },
          {
            "nth": 90,
            "value": 10.20
          }
        ],
        "normalizedHigh": 10.5,
        "normalizedLow": 9,
        "fractionAboveNormal": 0.03,
        "fractionBelowNormal": 0.38
      }
    },
    {
      "code": [
        {
          "coding": [
            {
              "system": "http://loinc.org",
              "code": "2000-8",
              "display": "Calcium [Moles/volume] in Serum or Plasma"
            }
          ]
        }
      ],
      "count": 21,
      "frequencyPerYear": 0.0066,
      "fractionOfSubjects": 0.0069,
      "scalarDistribution": {
        "units": {
          "unit": "mg/dL",
          "system": "http://unitsofmeasure.org",
          "code": "mg/dL"
        },
        "min": 8,
        "max": 10.40,
        "mean": 9.48,
        "median": 9.50,
        "stdDev": 0.58,
        "decile": [
          {
            "nth": 10,
            "value": 8.10
          },
          {
            "nth": 20,
            "value": 9.20
          },
          {
            "nth": 30,
            "value": 9.30
          },
          {
            "nth": 40,
            "value": 9.40
          },
          {
            "nth": 50,
            "value": 9.50
          },
          {
            "nth": 60,
            "value": 9.70
          },
          {
            "nth": 70,
            "value": 9.80
          },
          {
            "nth": 80,
            "value": 9.90
          },
          {
            "nth": 90,
            "value": 10
          }
        ],
        "normalizedHigh": 10.4,
        "normalizedLow": 8.5,
        "fractionAboveNormal": 0,
        "fractionBelowNormal": 0.10
      }
    },
    {
      "code": [
        {
          "coding": [
            {
              "system": "http://loinc.org",
              "code": "2951-2",
              "display": "Sodium [Moles/volume] in Serum or Plasma"
            }
          ]
        }
      ],
      "count": 879,
      "frequencyPerYear": 0.2776,
      "fractionOfSubjects": 0.1346,
      "scalarDistribution": {
        "units": {
          "unit": "mmol/L",
          "system": "http://unitsofmeasure.org",
          "code": "mmol/L"
        },
        "min": 123,
        "max": 162,
        "mean": 139.37,
        "median": 139,
        "stdDev": 3.80,
        "decile": [
          {
            "nth": 10,
            "value": 135
          },
          {
            "nth": 20,
            "value": 137
          },
          {
            "nth": 30,
            "value": 138
          },
          {
            "nth": 40,
            "value": 139
          },
          {
            "nth": 50,
            "value": 139
          },
          {
            "nth": 60,
            "value": 140
          },
          {
            "nth": 70,
            "value": 141
          },
          {
            "nth": 80,
            "value": 141
          },
          {
            "nth": 90,
            "value": 143
          }
        ],
        "normalizedHigh": 145,
        "normalizedLow": 136,
        "fractionAboveNormal": 0.05,
        "fractionBelowNormal": 0.11
      }
    },
    {
      "code": [
        {
          "coding": [
            {
              "system": "http://loinc.org",
              "code": "39789-3",
              "display": "Potassium [Moles/volume] in Venous blood"
            }
          ]
        }
      ],
      "count": 770,
      "frequencyPerYear": 0.2432,
      "fractionOfSubjects": 0.1087,
      "scalarDistribution": {
        "units": {
          "unit": "mmol/L",
          "system": "http://unitsofmeasure.org",
          "code": "mmol/L"
        },
        "min": 2.20,
        "max": 7.40,
        "mean": 4.22,
        "median": 4.20,
        "stdDev": 0.68,
        "decile": [
          {
            "nth": 10,
            "value": 3.40
          },
          {
            "nth": 20,
            "value": 3.70
          },
          {
            "nth": 30,
            "value": 3.90
          },
          {
            "nth": 40,
            "value": 4.10
          },
          {
            "nth": 50,
            "value": 4.20
          },
          {
            "nth": 60,
            "value": 4.30
          },
          {
            "nth": 70,
            "value": 4.50
          },
          {
            "nth": 80,
            "value": 4.70
          },
          {
            "nth": 90,
            "value": 5.10
          }
        ]
      }
    },
    {
      "code": [
        {
          "coding": [
            {
              "system": "http://loinc.org",
              "code": "2823-3",
              "display": "Potassium [Moles/volume] in Serum or Plasma"
            }
          ]
        }
      ],
      "count": 67,
      "frequencyPerYear": 0.0212,
      "fractionOfSubjects": 0.0303,
      "scalarDistribution": {
        "units": {
          "unit": "mmol/L",
          "system": "http://unitsofmeasure.org",
          "code": "mmol/L"
        },
        "min": 3.30,
        "max": 6.20,
        "mean": 4.52,
        "median": 4.50,
        "stdDev": 0.52,
        "decile": [
          {
            "nth": 10,
            "value": 3.80
          },
          {
            "nth": 20,
            "value": 4.10
          },
          {
            "nth": 30,
            "value": 4.30
          },
          {
            "nth": 40,
            "value": 4.40
          },
          {
            "nth": 50,
            "value": 4.50
          },
          {
            "nth": 60,
            "value": 4.60
          },
          {
            "nth": 70,
            "value": 4.70
          },
          {
            "nth": 80,
            "value": 4.90
          },
          {
            "nth": 90,
            "value": 5.10
          }
        ],
        "normalizedHigh": 5.2,
        "normalizedLow": 3.5,
        "fractionAboveNormal": 0.07,
        "fractionBelowNormal": 0.01
      }
    },
    {
      "code": [
        {
          "coding": [
            {
              "system": "http://loinc.org",
              "code": "2345-7",
              "display": "Glucose [Mass/volume] in Serum or Plasma"
            }
          ]
        }
      ],
      "count": 809,
      "frequencyPerYear": 0.2555,
      "fractionOfSubjects": 0.1175,
      "scalarDistribution": {
        "units": {
          "unit": "mg/dL",
          "system": "http://unitsofmeasure.org",
          "code": "mg/dL"
        },
        "min": 33,
        "max": 421,
        "mean": 100.10,
        "median": 92,
        "stdDev": 39.79,
        "decile": [
          {
            "nth": 10,
            "value": 74
          },
          {
            "nth": 20,
            "value": 80
          },
          {
            "nth": 30,
            "value": 85
          },
          {
            "nth": 40,
            "value": 88
          },
          {
            "nth": 50,
            "value": 92
          },
          {
            "nth": 60,
            "value": 95
          },
          {
            "nth": 70,
            "value": 100
          },
          {
            "nth": 80,
            "value": 108
          },
          {
            "nth": 90,
            "value": 128
          }
        ],
        "normalizedHigh": 106,
        "normalizedLow": 74,
        "fractionAboveNormal": 0.22,
        "fractionBelowNormal": 0.10
      }
    },
    {
      "code": [
        {
          "coding": [
            {
              "system": "http://loinc.org",
              "code": "2339-0",
              "display": "Glucose [Mass/volume] in Blood"
            }
          ]
        }
      ],
      "count": 48,
      "frequencyPerYear": 0.0152,
      "fractionOfSubjects": 0.0158,
      "scalarDistribution": {
        "units": {
          "unit": "mg/dL",
          "system": "http://unitsofmeasure.org",
          "code": "mg/dL"
        },
        "min": 60,
        "max": 179,
        "mean": 99.96,
        "median": 95,
        "stdDev": 26.78,
        "decile": [
          {
            "nth": 10,
            "value": 69
          },
          {
            "nth": 20,
            "value": 76
          },
          {
            "nth": 30,
            "value": 85
          },
          {
            "nth": 40,
            "value": 90
          },
          {
            "nth": 50,
            "value": 95
          },
          {
            "nth": 60,
            "value": 102
          },
          {
            "nth": 70,
            "value": 109
          },
          {
            "nth": 80,
            "value": 121
          },
          {
            "nth": 90,
            "value": 130
          }
        ]
      }
    },
    {
      "code": [
        {
          "coding": [
            {
              "system": "http://loinc.org",
              "code": "14749-6",
              "display": "Glucose [Moles/volume] in Serum or Plasma"
            }
          ]
        }
      ],
      "count": 20,
      "frequencyPerYear": 0.0063,
      "fractionOfSubjects": 0.0069,
      "scalarDistribution": {
        "units": {
          "unit": "mg/dL",
          "system": "http://unitsofmeasure.org",
          "code": "mg/dL"
        },
        "min": 66,
        "max": 288,
        "mean": 114.35,
        "median": 87,
        "stdDev": 61.80,
        "decile": [
          {
            "nth": 10,
            "value": 76
          },
          {
            "nth": 20,
            "value": 78
          },
          {
            "nth": 30,
            "value": 79
          },
          {
            "nth": 40,
            "value": 83
          },
          {
            "nth": 50,
            "value": 87
          },
          {
            "nth": 60,
            "value": 92
          },
          {
            "nth": 70,
            "value": 107
          },
          {
            "nth": 80,
            "value": 130
          },
          {
            "nth": 90,
            "value": 153
          }
        ],
        "normalizedHigh": 99,
        "normalizedLow": 60,
        "fractionAboveNormal": 0.40,
        "fractionBelowNormal": 0
      }
    },
    {
      "code": [
        {
          "coding": [
            {
              "system": "http://loinc.org",
              "code": "12962-7",
              "display": "Urea nitrogen [Mass/volume] in Venous blood"
            }
          ]
        }
      ],
      "count": 797,
      "frequencyPerYear": 0.2517,
      "fractionOfSubjects": 0.1124,
      "scalarDistribution": {
        "units": {
          "unit": "mg/dL",
          "system": "http://unitsofmeasure.org",
          "code": "mg/dL"
        },
        "min": 1,
        "max": 85,
        "mean": 12.67,
        "median": 10,
        "stdDev": 9.96,
        "decile": [
          {
            "nth": 10,
            "value": 5
          },
          {
            "nth": 20,
            "value": 7
          },
          {
            "nth": 30,
            "value": 8
          },
          {
            "nth": 40,
            "value": 9
          },
          {
            "nth": 50,
            "value": 10
          },
          {
            "nth": 60,
            "value": 11
          },
          {
            "nth": 70,
            "value": 13
          },
          {
            "nth": 80,
            "value": 16
          },
          {
            "nth": 90,
            "value": 22
          }
        ]
      }
    },
    {
      "code": [
        {
          "coding": [
            {
              "system": "http://loinc.org",
              "code": "3094-0",
              "display": "Urea nitrogen [Mass/volume] in Serum or Plasma"
            }
          ]
        }
      ],
      "count": 71,
      "frequencyPerYear": 0.0224,
      "fractionOfSubjects": 0.0310,
      "scalarDistribution": {
        "units": {
          "unit": "mg/dL",
          "system": "http://unitsofmeasure.org",
          "code": "mg/dL"
        },
        "min": 4,
        "max": 45,
        "mean": 14.86,
        "median": 13,
        "stdDev": 7.25,
        "decile": [
          {
            "nth": 10,
            "value": 8
          },
          {
            "nth": 20,
            "value": 10
          },
          {
            "nth": 30,
            "value": 11
          },
          {
            "nth": 40,
            "value": 12
          },
          {
            "nth": 50,
            "value": 13
          },
          {
            "nth": 60,
            "value": 14
          },
          {
            "nth": 70,
            "value": 16
          },
          {
            "nth": 80,
            "value": 20
          },
          {
            "nth": 90,
            "value": 24
          }
        ],
        "normalizedHigh": 25,
        "normalizedLow": 7,
        "fractionAboveNormal": 0.08,
        "fractionBelowNormal": 0.06
      }
    },
    {
      "code": [
        {
          "coding": [
            {
              "system": "http://loinc.org",
              "code": "1975-2",
              "display": "Bilirubin.total [Mass/volume] in Serum or Plasma"
            }
          ]
        }
      ],
      "count": 608,
      "frequencyPerYear": 0.1920,
      "fractionOfSubjects": 0.1105,
      "scalarDistribution": {
        "units": {
          "unit": "mg/dL",
          "system": "http://unitsofmeasure.org",
          "code": "mg/dL"
        },
        "min": 0.10,
        "max": 18.40,
        "mean": 2.57,
        "median": 0.60,
        "stdDev": 3.87,
        "decile": [
          {
            "nth": 10,
            "value": 0.20
          },
          {
            "nth": 20,
            "value": 0.30
          },
          {
            "nth": 30,
            "value": 0.40
          },
          {
            "nth": 40,
            "value": 0.50
          },
          {
            "nth": 50,
            "value": 0.60
          },
          {
            "nth": 60,
            "value": 0.70
          },
          {
            "nth": 70,
            "value": 1.40
          },
          {
            "nth": 80,
            "value": 5.10
          },
          {
            "nth": 90,
            "value": 8.90
          }
        ],
        "normalizedHigh": 1.2,
        "normalizedLow": 0.2,
        "fractionAboveNormal": 0.31,
        "fractionBelowNormal": 0.01
      }
    },
    {
      "code": [
        {
          "coding": [
            {
              "system": "http://loinc.org",
              "code": "6768-6",
              "display": "Alkaline phosphatase [Enzymatic activity/volume] in Serum or Plasma"
            }
          ]
        }
      ],
      "count": 590,
      "frequencyPerYear": 0.1864,
      "fractionOfSubjects": 0.1131,
      "scalarDistribution": {
        "units": {
          "unit": "U/L",
          "system": "http://unitsofmeasure.org",
          "code": "U/L"
        },
        "min": 41,
        "max": 1082,
        "mean": 208.43,
        "median": 188,
        "stdDev": 107.44,
        "decile": [
          {
            "nth": 10,
            "value": 114
          },
          {
            "nth": 20,
            "value": 135
          },
          {
            "nth": 30,
            "value": 152
          },
          {
            "nth": 40,
            "value": 170
          },
          {
            "nth": 50,
            "value": 188
          },
          {
            "nth": 60,
            "value": 205
          },
          {
            "nth": 70,
            "value": 226
          },
          {
            "nth": 80,
            "value": 248
          },
          {
            "nth": 90,
            "value": 324
          }
        ],
        "normalizedHigh": 120,
        "normalizedLow": 30,
        "fractionAboveNormal": 0.88,
        "fractionBelowNormal": 0
      }
    },
    {
      "code": [
        {
          "coding": [
            {
              "system": "http://loinc.org",
              "code": "1742-6",
              "display": "Alanine aminotransferase [Enzymatic activity/volume] in Serum or Plasma"
            }
          ]
        }
      ],
      "count": 584,
      "frequencyPerYear": 0.1845,
      "fractionOfSubjects": 0.1131,
      "scalarDistribution": {
        "units": {
          "unit": "U/L",
          "system": "http://unitsofmeasure.org",
          "code": "U/L"
        },
        "min": 5,
        "max": 653,
        "mean": 35.50,
        "median": 19,
        "stdDev": 56.45,
        "decile": [
          {
            "nth": 10,
            "value": 11
          },
          {
            "nth": 20,
            "value": 13
          },
          {
            "nth": 30,
            "value": 15
          },
          {
            "nth": 40,
            "value": 17
          },
          {
            "nth": 50,
            "value": 19
          },
          {
            "nth": 60,
            "value": 23
          },
          {
            "nth": 70,
            "value": 30
          },
          {
            "nth": 80,
            "value": 42
          },
          {
            "nth": 90,
            "value": 66
          }
        ],
        "normalizedHigh": 25,
        "normalizedLow": 0,
        "fractionAboveNormal": 0.36,
        "fractionBelowNormal": 0
      }
    },
    {
      "code": [
        {
          "coding": [
            {
              "system": "http://loinc.org",
              "code": "1920-8",
              "display": "Aspartate aminotransferase [Enzymatic activity/volume] in Serum or Plasma"
            }
          ]
        }
      ],
      "count": 537,
      "frequencyPerYear": 0.1696,
      "fractionOfSubjects": 0.1061,
      "scalarDistribution": {
        "units": {
          "unit": "IU/L",
          "system": "http://unitsofmeasure.org",
          "code": "IU/L"
        },
        "min": 10,
        "max": 378,
        "mean": 40.72,
        "median": 33,
        "stdDev": 31.57,
        "decile": [
          {
            "nth": 10,
            "value": 21
          },
          {
            "nth": 20,
            "value": 25
          },
          {
            "nth": 30,
            "value": 28
          },
          {
            "nth": 40,
            "value": 30
          },
          {
            "nth": 50,
            "value": 33
          },
          {
            "nth": 60,
            "value": 36
          },
          {
            "nth": 70,
            "value": 41
          },
          {
            "nth": 80,
            "value": 49
          },
          {
            "nth": 90,
            "value": 65
          }
        ],
        "normalizedHigh": 40,
        "normalizedLow": 0,
        "fractionAboveNormal": 0.32,
        "fractionBelowNormal": 0
      }
    },
    {
      "code": [
        {
          "coding": [
            {
              "system": "http://loinc.org",
              "code": "713-8",
              "display": "Eosinophils/100 leukocytes in Blood by Automated count"
            }
          ]
        }
      ],
      "count": 509,
      "frequencyPerYear": 0.1608,
      "fractionOfSubjects": 0.1655,
      "scalarDistribution": {
        "units": {
          "unit": "%",
          "system": "http://unitsofmeasure.org",
          "code": "%"
        },
        "min": 0,
        "max": 36.50,
        "mean": 3.07,
        "median": 2,
        "stdDev": 3.61,
        "decile": [
          {
            "nth": 10,
            "value": 0
          },
          {
            "nth": 20,
            "value": 0.40
          },
          {
            "nth": 30,
            "value": 1
          },
          {
            "nth": 40,
            "value": 1.50
          },
          {
            "nth": 50,
            "value": 2
          },
          {
            "nth": 60,
            "value": 2.80
          },
          {
            "nth": 70,
            "value": 3.50
          },
          {
            "nth": 80,
            "value": 4.80
          },
          {
            "nth": 90,
            "value": 7.50
          }
        ],
        "normalizedHigh": 7,
        "normalizedLow": 0,
        "fractionAboveNormal": 0.11,
        "fractionBelowNormal": 0
      }
    },
    {
      "code": [
        {
          "coding": [
            {
              "system": "http://loinc.org",
              "code": "737-7",
              "display": "Lymphocytes/100 leukocytes in Blood by Manual count"
            }
          ]
        }
      ],
      "count": 492,
      "frequencyPerYear": 0.1554,
      "fractionOfSubjects": 0.0670,
      "scalarDistribution": {
        "units": {
          "unit": "%",
          "system": "http://unitsofmeasure.org",
          "code": "%"
        },
        "min": 1,
        "max": 94,
        "mean": 44.51,
        "median": 44,
        "stdDev": 19.61,
        "decile": [
          {
            "nth": 10,
            "value": 17
          },
          {
            "nth": 20,
            "value": 26
          },
          {
            "nth": 30,
            "value": 32
          },
          {
            "nth": 40,
            "value": 38
          },
          {
            "nth": 50,
            "value": 44
          },
          {
            "nth": 60,
            "value": 51
          },
          {
            "nth": 70,
            "value": 56
          },
          {
            "nth": 80,
            "value": 63
          },
          {
            "nth": 90,
            "value": 71
          }
        ],
        "normalizedHigh": 44,
        "normalizedLow": 24,
        "fractionAboveNormal": 0.49,
        "fractionBelowNormal": 0.16
      }
    },
    {
      "code": [
        {
          "coding": [
            {
              "system": "http://loinc.org",
              "code": "744-3",
              "display": "Monocytes/100 leukocytes in Blood by Manual count"
            }
          ]
        }
      ],
      "count": 492,
      "frequencyPerYear": 0.1554,
      "fractionOfSubjects": 0.0670,
      "scalarDistribution": {
        "units": {
          "unit": "%",
          "system": "http://unitsofmeasure.org",
          "code": "%"
        },
        "min": 0,
        "max": 79,
        "mean": 16.90,
        "median": 12,
        "stdDev": 13.93,
        "decile": [
          {
            "nth": 10,
            "value": 4
          },
          {
            "nth": 20,
            "value": 6
          },
          {
            "nth": 30,
            "value": 8
          },
          {
            "nth": 40,
            "value": 9
          },
          {
            "nth": 50,
            "value": 12
          },
          {
            "nth": 60,
            "value": 16
          },
          {
            "nth": 70,
            "value": 21
          },
          {
            "nth": 80,
            "value": 28
          },
          {
            "nth": 90,
            "value": 38
          }
        ],
        "normalizedHigh": 12,
        "normalizedLow": 1,
        "fractionAboveNormal": 0.48,
        "fractionBelowNormal": 0.02
      }
    },
    {
      "code": [
        {
          "coding": [
            {
              "system": "http://loinc.org",
              "code": "714-6",
              "display": "Eosinophils/100 leukocytes in Blood by Manual count"
            }
          ]
        }
      ],
      "count": 474,
      "frequencyPerYear": 0.1497,
      "fractionOfSubjects": 0.0644,
      "scalarDistribution": {
        "units": {
          "unit": "%",
          "system": "http://unitsofmeasure.org",
          "code": "%"
        },
        "min": 0,
        "max": 38,
        "mean": 2.16,
        "median": 0,
        "stdDev": 4.92,
        "decile": [
          {
            "nth": 10,
            "value": 0
          },
          {
            "nth": 20,
            "value": 0
          },
          {
            "nth": 30,
            "value": 0
          },
          {
            "nth": 40,
            "value": 0
          },
          {
            "nth": 50,
            "value": 0
          },
          {
            "nth": 60,
            "value": 1
          },
          {
            "nth": 70,
            "value": 1
          },
          {
            "nth": 80,
            "value": 3
          },
          {
            "nth": 90,
            "value": 6
          }
        ],
        "normalizedHigh": 7,
        "normalizedLow": 0,
        "fractionAboveNormal": 0.08,
        "fractionBelowNormal": 0
      }
    },
    {
      "code": [
        {
          "coding": [
            {
              "system": "http://loinc.org",
              "code": "706-2",
              "display": "Basophils/100 leukocytes in Blood by Automated count"
            }
          ]
        }
      ],
      "count": 426,
      "frequencyPerYear": 0.1346,
      "fractionOfSubjects": 0.1358,
      "scalarDistribution": {
        "units": {
          "unit": "%",
          "system": "http://unitsofmeasure.org",
          "code": "%"
        },
        "min": 0,
        "max": 1.80,
        "mean": 0.46,
        "median": 0.40,
        "stdDev": 0.30,
        "decile": [
          {
            "nth": 10,
            "value": 0.20
          },
          {
            "nth": 20,
            "value": 0.20
          },
          {
            "nth": 30,
            "value": 0.30
          },
          {
            "nth": 40,
            "value": 0.30
          },
          {
            "nth": 50,
            "value": 0.40
          },
          {
            "nth": 60,
            "value": 0.50
          },
          {
            "nth": 70,
            "value": 0.60
          },
          {
            "nth": 80,
            "value": 0.70
          },
          {
            "nth": 90,
            "value": 0.90
          }
        ],
        "normalizedHigh": 1.0,
        "normalizedLow": 0.0,
        "fractionAboveNormal": 0.04,
        "fractionBelowNormal": 0
      }
    },
    {
      "code": [
        {
          "coding": [
            {
              "system": "http://loinc.org",
              "code": "5905-5",
              "display": "Monocytes/100 leukocytes in Blood by Automated count"
            }
          ]
        }
      ],
      "count": 384,
      "frequencyPerYear": 0.1213,
      "fractionOfSubjects": 0.1156,
      "scalarDistribution": {
        "units": {
          "unit": "%",
          "system": "http://unitsofmeasure.org",
          "code": "%"
        },
        "min": 0.60,
        "max": 61,
        "mean": 9.48,
        "median": 8,
        "stdDev": 6.51,
        "decile": [
          {
            "nth": 10,
            "value": 4.60
          },
          {
            "nth": 20,
            "value": 5.70
          },
          {
            "nth": 30,
            "value": 6.50
          },
          {
            "nth": 40,
            "value": 7.20
          },
          {
            "nth": 50,
            "value": 8
          },
          {
            "nth": 60,
            "value": 8.90
          },
          {
            "nth": 70,
            "value": 10.10
          },
          {
            "nth": 80,
            "value": 11.40
          },
          {
            "nth": 90,
            "value": 15
          }
        ],
        "normalizedHigh": 12,
        "normalizedLow": 0,
        "fractionAboveNormal": 0.17,
        "fractionBelowNormal": 0
      }
    },
    {
      "code": [
        {
          "coding": [
            {
              "system": "http://loinc.org",
              "code": "2777-1",
              "display": "Phosphate [Mass/volume] in Serum or Plasma"
            }
          ]
        }
      ],
      "count": 329,
      "frequencyPerYear": 0.1039,
      "fractionOfSubjects": 0.0291,
      "scalarDistribution": {
        "units": {
          "unit": "mg/dL",
          "system": "http://unitsofmeasure.org",
          "code": "mg/dL"
        },
        "min": 1.50,
        "max": 7.80,
        "mean": 4.49,
        "median": 4.40,
        "stdDev": 1.13,
        "decile": [
          {
            "nth": 10,
            "value": 2.90
          },
          {
            "nth": 20,
            "value": 3.60
          },
          {
            "nth": 30,
            "value": 4.10
          },
          {
            "nth": 40,
            "value": 4.30
          },
          {
            "nth": 50,
            "value": 4.40
          },
          {
            "nth": 60,
            "value": 4.70
          },
          {
            "nth": 70,
            "value": 4.90
          },
          {
            "nth": 80,
            "value": 5.30
          },
          {
            "nth": 90,
            "value": 5.90
          }
        ],
        "normalizedHigh": 4.5,
        "normalizedLow": 2.5,
        "fractionAboveNormal": 0.46,
        "fractionBelowNormal": 0.03
      }
    },
    {
      "code": [
        {
          "coding": [
            {
              "system": "http://loinc.org",
              "code": "19123-9",
              "display": "Magnesium [Mass/volume] in Serum or Plasma"
            }
          ]
        }
      ],
      "count": 221,
      "frequencyPerYear": 0.0698,
      "fractionOfSubjects": 0.0272,
      "scalarDistribution": {
        "units": {
          "unit": "mg/dL",
          "system": "http://unitsofmeasure.org",
          "code": "mg/dL"
        },
        "min": 1.50,
        "max": 3.70,
        "mean": 2.08,
        "median": 2.10,
        "stdDev": 0.30,
        "decile": [
          {
            "nth": 10,
            "value": 1.80
          },
          {
            "nth": 20,
            "value": 1.90
          },
          {
            "nth": 30,
            "value": 1.90
          },
          {
            "nth": 40,
            "value": 2
          },
          {
            "nth": 50,
            "value": 2.10
          },
          {
            "nth": 60,
            "value": 2.10
          },
          {
            "nth": 70,
            "value": 2.20
          },
          {
            "nth": 80,
            "value": 2.20
          },
          {
            "nth": 90,
            "value": 2.40
          }
        ],
        "normalizedHigh": 2.3,
        "normalizedLow": 1.6,
        "fractionAboveNormal": 0.10,
        "fractionBelowNormal": 0.02
      }
    },
    {
      "code": [
        {
          "coding": [
            {
              "system": "http://loinc.org",
              "code": "19254-2",
              "display": "Oxygen [Partial pressure] adjusted to patient\u0027s actual temperature in Blood"
            }
          ]
        }
      ],
      "count": 124,
      "frequencyPerYear": 0.0392,
      "fractionOfSubjects": 0.0095,
      "scalarDistribution": {
        "units": {
          "unit": "mmHg",
          "system": "http://unitsofmeasure.org",
          "code": "mmHg"
        },
        "min": 38,
        "max": 502,
        "mean": 161.77,
        "median": 122,
        "stdDev": 109.26,
        "decile": [
          {
            "nth": 10,
            "value": 62
          },
          {
            "nth": 20,
            "value": 75
          },
          {
            "nth": 30,
            "value": 89
          },
          {
            "nth": 40,
            "value": 101
          },
          {
            "nth": 50,
            "value": 122
          },
          {
            "nth": 60,
            "value": 154
          },
          {
            "nth": 70,
            "value": 186
          },
          {
            "nth": 80,
            "value": 222
          },
          {
            "nth": 90,
            "value": 323
          }
        ],
        "normalizedHigh": 100,
        "normalizedLow": 75,
        "fractionAboveNormal": 0.60,
        "fractionBelowNormal": 0.18
      }
    },
    {
      "code": [
        {
          "coding": [
            {
              "system": "http://loinc.org",
              "code": "34705-4",
              "display": "Carbon dioxide [Partial pressure] adjusted to patient\u0027s actual temperature in Blood"
            }
          ]
        }
      ],
      "count": 114,
      "frequencyPerYear": 0.0360,
      "fractionOfSubjects": 0.0095,
      "scalarDistribution": {
        "units": {
          "unit": "mmHg",
          "system": "http://unitsofmeasure.org",
          "code": "mmHg"
        },
        "min": 28,
        "max": 116,
        "mean": 46.89,
        "median": 44,
        "stdDev": 12.69,
        "decile": [
          {
            "nth": 10,
            "value": 33
          },
          {
            "nth": 20,
            "value": 38
          },
          {
            "nth": 30,
            "value": 39
          },
          {
            "nth": 40,
            "value": 41
          },
          {
            "nth": 50,
            "value": 44
          },
          {
            "nth": 60,
            "value": 47
          },
          {
            "nth": 70,
            "value": 50
          },
          {
            "nth": 80,
            "value": 53
          },
          {
            "nth": 90,
            "value": 61
          }
        ],
        "normalizedHigh": 45,
        "normalizedLow": 35,
        "fractionAboveNormal": 0.47,
        "fractionBelowNormal": 0.11
      }
    },
    {
      "code": [
        {
          "coding": [
            {
              "system": "http://loinc.org",
              "code": "49701-6",
              "display": "pH of Blood adjusted to patient\u0027s actual temperature"
            }
          ]
        }
      ],
      "count": 112,
      "frequencyPerYear": 0.0354,
      "fractionOfSubjects": 0.0095,
      "scalarDistribution": {
        "units": {
          "system": "http://unitsofmeasure.org"
        },
        "min": 6.97,
        "max": 7.55,
        "mean": 7.33,
        "median": 7.34,
        "stdDev": 0.10,
        "decile": [
          {
            "nth": 10,
            "value": 7.19
          },
          {
            "nth": 20,
            "value": 7.28
          },
          {
            "nth": 30,
            "value": 7.30
          },
          {
            "nth": 40,
            "value": 7.33
          },
          {
            "nth": 50,
            "value": 7.34
          },
          {
            "nth": 60,
            "value": 7.36
          },
          {
            "nth": 70,
            "value": 7.37
          },
          {
            "nth": 80,
            "value": 7.40
          },
          {
            "nth": 90,
            "value": 7.43
          }
        ],
        "normalizedHigh": 7.45,
        "normalizedLow": 7.35,
        "fractionAboveNormal": 0.06,
        "fractionBelowNormal": 0.54
      }
    },
    {
      "code": [
        {
          "coding": [
            {
              "system": "http://loinc.org",
              "code": "1959-6",
              "display": "Bicarbonate [Moles/volume] in Blood"
            }
          ]
        }
      ],
      "count": 97,
      "frequencyPerYear": 0.0306,
      "fractionOfSubjects": 0.0095,
      "scalarDistribution": {
        "units": {
          "unit": "mmol/L",
          "system": "http://unitsofmeasure.org",
          "code": "mmol/L"
        },
        "min": 16,
        "max": 33,
        "mean": 24,
        "median": 24,
        "stdDev": 3.44,
        "decile": [
          {
            "nth": 10,
            "value": 20
          },
          {
            "nth": 20,
            "value": 21
          },
          {
            "nth": 30,
            "value": 22
          },
          {
            "nth": 40,
            "value": 23
          },
          {
            "nth": 50,
            "value": 24
          },
          {
            "nth": 60,
            "value": 25
          },
          {
            "nth": 70,
            "value": 25
          },
          {
            "nth": 80,
            "value": 27
          },
          {
            "nth": 90,
            "value": 28
          }
        ],
        "normalizedHigh": 26,
        "normalizedLow": 22,
        "fractionAboveNormal": 0.25,
        "fractionBelowNormal": 0.24
      }
    },
    {
      "code": [
        {
          "coding": [
            {
              "system": "http://loinc.org",
              "code": "706-2",
              "display": "Basophils/100 leukocytes in Blood by Automated count"
            }
          ]
        }
      ],
      "count": 82,
      "frequencyPerYear": 0.0259,
      "fractionOfSubjects": 0.0373,
      "scalarDistribution": {
        "units": {
          "unit": "%",
          "system": "http://unitsofmeasure.org",
          "code": "%"
        },
        "min": 0,
        "max": 2,
        "mean": 0.39,
        "median": 0,
        "stdDev": 0.56,
        "decile": [
          {
            "nth": 10,
            "value": 0
          },
          {
            "nth": 20,
            "value": 0
          },
          {
            "nth": 30,
            "value": 0
          },
          {
            "nth": 40,
            "value": 0
          },
          {
            "nth": 50,
            "value": 0
          },
          {
            "nth": 60,
            "value": 0
          },
          {
            "nth": 70,
            "value": 1
          },
          {
            "nth": 80,
            "value": 1
          },
          {
            "nth": 90,
            "value": 1
          }
        ],
        "normalizedHigh": 1.0,
        "normalizedLow": 0.0,
        "fractionAboveNormal": 0.04,
        "fractionBelowNormal": 0
      }
    },
    {
      "code": [
        {
          "coding": [
            {
              "system": "http://loinc.org",
              "code": "5964-2",
              "display": "Prothrombin time (PT) in Blood by Coagulation assay"
            }
          ]
        }
      ],
      "count": 66,
      "frequencyPerYear": 0.0208,
      "fractionOfSubjects": 0.0202,
      "scalarDistribution": {
        "units": {
          "unit": "Seconds",
          "system": "http://unitsofmeasure.org",
          "code": "Seconds"
        },
        "min": 10,
        "max": 23.20,
        "mean": 11.79,
        "median": 11.50,
        "stdDev": 1.77,
        "decile": [
          {
            "nth": 10,
            "value": 10.70
          },
          {
            "nth": 20,
            "value": 10.90
          },
          {
            "nth": 30,
            "value": 11.10
          },
          {
            "nth": 40,
            "value": 11.20
          },
          {
            "nth": 50,
            "value": 11.50
          },
          {
            "nth": 60,
            "value": 11.60
          },
          {
            "nth": 70,
            "value": 11.70
          },
          {
            "nth": 80,
            "value": 12
          },
          {
            "nth": 90,
            "value": 13.10
          }
        ]
      }
    },
    {
      "code": [
        {
          "coding": [
            {
              "system": "http://loinc.org",
              "code": "19996-8",
              "display": "Oxygen/Inspired gas Respiratory system --on ventilator"
            }
          ]
        }
      ],
      "count": 51,
      "frequencyPerYear": 0.0161,
      "fractionOfSubjects": 0.0095,
      "scalarDistribution": {
        "units": {
          "unit": "%",
          "system": "http://unitsofmeasure.org",
          "code": "%"
        },
        "min": 21,
        "max": 100,
        "mean": 56.10,
        "median": 50,
        "stdDev": 30.51,
        "decile": [
          {
            "nth": 10,
            "value": 21
          },
          {
            "nth": 20,
            "value": 21
          },
          {
            "nth": 30,
            "value": 21
          },
          {
            "nth": 40,
            "value": 40
          },
          {
            "nth": 50,
            "value": 50
          },
          {
            "nth": 60,
            "value": 60
          },
          {
            "nth": 70,
            "value": 80
          },
          {
            "nth": 80,
            "value": 93
          },
          {
            "nth": 90,
            "value": 100
          }
        ]
      }
    },
    {
      "code": [
        {
          "coding": [
            {
              "system": "http://loinc.org",
              "code": "2077-6",
              "display": "Chloride [Moles/volume] in Sweat"
            }
          ]
        }
      ],
      "count": 24,
      "frequencyPerYear": 0.0076,
      "fractionOfSubjects": 0.0126,
      "scalarDistribution": {
        "units": {
          "unit": "mmol/L",
          "system": "http://unitsofmeasure.org",
          "code": "mmol/L"
        },
        "min": 10,
        "max": 26,
        "mean": 12.96,
        "median": 11,
        "stdDev": 4.01,
        "decile": [
          {
            "nth": 10,
            "value": 10
          },
          {
            "nth": 20,
            "value": 10
          },
          {
            "nth": 30,
            "value": 10
          },
          {
            "nth": 40,
            "value": 11
          },
          {
            "nth": 50,
            "value": 11
          },
          {
            "nth": 60,
            "value": 12
          },
          {
            "nth": 70,
            "value": 13
          },
          {
            "nth": 80,
            "value": 14
          },
          {
            "nth": 90,
            "value": 18
          }
        ]
      }
    },
    {
      "code": [
        {
          "coding": [
            {
              "system": "http://loinc.org",
              "code": "2571-8",
              "display": "Triglyceride [Mass/volume] in Serum or Plasma"
            }
          ]
        }
      ],
      "count": 43,
      "frequencyPerYear": 0.0136,
      "fractionOfSubjects": 0.0152,
      "scalarDistribution": {
        "units": {
          "unit": "mg/dL",
          "system": "http://unitsofmeasure.org",
          "code": "mg/dL"
        },
        "min": 29,
        "max": 456,
        "mean": 146.53,
        "median": 104,
        "stdDev": 111.14,
        "decile": [
          {
            "nth": 10,
            "value": 43
          },
          {
            "nth": 20,
            "value": 58
          },
          {
            "nth": 30,
            "value": 73
          },
          {
            "nth": 40,
            "value": 90
          },
          {
            "nth": 50,
            "value": 109
          },
          {
            "nth": 60,
            "value": 126
          },
          {
            "nth": 70,
            "value": 161
          },
          {
            "nth": 80,
            "value": 216
          },
          {
            "nth": 90,
            "value": 322
          }
        ],
        "normalizedHigh": 149,
        "normalizedLow": 0,
        "fractionAboveNormal": 0.33,
        "fractionBelowNormal": 0
      }
    },
    {
      "code": [
        {
          "coding": [
            {
              "system": "http://loinc.org",
              "code": "736-9",
              "display": "Lymphocytes/100 leukocytes in Blood by Automated count"
            }
          ]
        }
      ],
      "count": 43,
      "frequencyPerYear": 0.0136,
      "fractionOfSubjects": 0.0240,
      "scalarDistribution": {
        "units": {
          "unit": "%",
          "system": "http://unitsofmeasure.org",
          "code": "%"
        },
        "min": 23.50,
        "max": 86,
        "mean": 47.60,
        "median": 46,
        "stdDev": 13.23,
        "decile": [
          {
            "nth": 10,
            "value": 28.60
          },
          {
            "nth": 20,
            "value": 37
          },
          {
            "nth": 30,
            "value": 39.90
          },
          {
            "nth": 40,
            "value": 42.60
          },
          {
            "nth": 50,
            "value": 46.80
          },
          {
            "nth": 60,
            "value": 51.80
          },
          {
            "nth": 70,
            "value": 55.80
          },
          {
            "nth": 80,
            "value": 59.50
          },
          {
            "nth": 90,
            "value": 62.20
          }
        ]
      }
    },
    {
      "code": [
        {
          "coding": [
            {
              "system": "http://loinc.org",
              "code": "2093-3",
              "display": "Cholesterol [Mass/volume] in Serum or Plasma"
            }
          ]
        }
      ],
      "count": 23,
      "frequencyPerYear": 0.0073,
      "fractionOfSubjects": 0.0114,
      "scalarDistribution": {
        "units": {
          "unit": "mg/dL",
          "system": "http://unitsofmeasure.org",
          "code": "mg/dL"
        },
        "min": 109,
        "max": 207,
        "mean": 160.26,
        "median": 154.50,
        "stdDev": 29.11,
        "decile": [
          {
            "nth": 10,
            "value": 111
          },
          {
            "nth": 20,
            "value": 135
          },
          {
            "nth": 30,
            "value": 143
          },
          {
            "nth": 40,
            "value": 147
          },
          {
            "nth": 50,
            "value": 157
          },
          {
            "nth": 60,
            "value": 169
          },
          {
            "nth": 70,
            "value": 180
          },
          {
            "nth": 80,
            "value": 190
          },
          {
            "nth": 90,
            "value": 197
          }
        ],
        "normalizedHigh": 199,
        "normalizedLow": 100,
        "fractionAboveNormal": 0.04,
        "fractionBelowNormal": 0
      }
    },
    {
      "code": [
        {
          "coding": [
            {
              "system": "http://loinc.org",
              "code": "2085-9",
              "display": "Cholesterol in HDL [Mass/volume] in Serum or Plasma"
            }
          ]
        }
      ],
      "count": 19,
      "frequencyPerYear": 0.0060,
      "fractionOfSubjects": 0.0088,
      "scalarDistribution": {
        "units": {
          "unit": "mg/dL",
          "system": "http://unitsofmeasure.org",
          "code": "mg/dL"
        },
        "min": 21,
        "max": 82,
        "mean": 52.53,
        "median": 48,
        "stdDev": 16.98,
        "decile": [
          {
            "nth": 10,
            "value": 30
          },
          {
            "nth": 20,
            "value": 39
          },
          {
            "nth": 30,
            "value": 44
          },
          {
            "nth": 40,
            "value": 47
          },
          {
            "nth": 50,
            "value": 49
          },
          {
            "nth": 60,
            "value": 50
          },
          {
            "nth": 70,
            "value": 50
          },
          {
            "nth": 80,
            "value": 70
          },
          {
            "nth": 90,
            "value": 77
          }
        ],
        "normalizedHigh": 76,
        "normalizedLow": 36,
        "fractionAboveNormal": 0.16,
        "fractionBelowNormal": 0.11
      }
    }
  ],
  "meta": {
    "tag": [
      {
        "system": "http://hl7.org/fhir/v3/ActReason",
        "code": "HTEST",
        "display": "test health data"
      }
    ]
  }
}