{
  "resourceType": "ClinicalProfile",
  "id": "jhu-eds-profile-9-diagnoses",
  "text": {
    "status": "generated",
    "div": "\u003cdiv xmlns\u003d\"http://www.w3.org/1999/xhtml\"\u003e\n\t\t\t\u003cp\u003eSelected diagnoses for Male,Female, White or Caucasian patients aged 0-80+ seen as either outpatients or inpatients at Johns Hopkins Hospital, JHCP, and Bayview between 3/1/2016 and 3/1/2018 having a diagnosis of Ehlers-Danlos syndromes recorded on the problem list or as an encounter diagnosis.\n\t\t\t\u003c/p\u003e\n\t\t\u003c/div\u003e"
  },
  "identifier": [
    {
      "value": "urn:uuid:451B2068-DE12-6F39-B082C353838BE088"
    }
  ],
  "status": "draft",
  "population": {
    "reference": "Group/eds-population-jhu3"
  },
  "cohort": {
    "reference": "Group/eds-sample-9-cohort-jhu3",
    "display": "White or Caucasian Male,Female aged 0-80+"
  },
  "date": "2018-09-13T12:14:00Z",
  "source": [
    {
      "value": "http://ictrweb.johnshopkins.edu/ictr/synthetic/includes/clinical_profiles.cfm"
    }
  ],
  "reporter": {
    "reference": "Organization/JHM",
    "type": "Organization",
    "display": "Johns Hopkins School of Medicine"
  },
  "diagnosis": [
    {
      "code": [
        {
          "coding": [
            {
              "system": "http://hl7.org/fhir/sid/icd-10",
              "code": "J45.909",
              "display": "Unspecified asthma(493.90)"
            }
          ]
        }
      ],
      "count": 794
    },
    {
      "code": [
        {
          "coding": [
            {
              "system": "http://hl7.org/fhir/sid/icd-10",
              "code": "I10",
              "display": "Essential hypertension, benign"
            }
          ]
        }
      ],
      "count": 571
    },
    {
      "code": [
        {
          "coding": [
            {
              "system": "http://hl7.org/fhir/sid/icd-10",
              "code": "Z00.00",
              "display": "Routine general medical examination at a health care facility"
            }
          ]
        }
      ],
      "count": 553
    },
    {
      "code": [
        {
          "coding": [
            {
              "system": "http://hl7.org/fhir/sid/icd-10",
              "code": "K21.9",
              "display": "Esophageal reflux"
            }
          ]
        }
      ],
      "count": 329
    },
    {
      "code": [
        {
          "coding": [
            {
              "system": "http://hl7.org/fhir/sid/icd-10",
              "code": "J30.9",
              "display": "Allergic rhinitis, unspecified allergic rhinitis type"
            }
          ]
        }
      ],
      "count": 311
    },
    {
      "code": [
        {
          "coding": [
            {
              "system": "http://hl7.org/fhir/sid/icd-10",
              "code": "E66.9",
              "display": "Obesity, unspecified"
            }
          ]
        }
      ],
      "count": 227
    },
    {
      "code": [
        {
          "coding": [
            {
              "system": "http://hl7.org/fhir/sid/icd-10",
              "code": "E11.9",
              "display": "Type 2 diabetes mellitus without complication"
            }
          ]
        }
      ],
      "count": 223
    },
    {
      "code": [
        {
          "coding": [
            {
              "system": "http://hl7.org/fhir/sid/icd-10",
              "code": "F32.9",
              "display": "Major depressive disorder"
            }
          ]
        }
      ],
      "count": 216
    },
    {
      "code": [
        {
          "coding": [
            {
              "system": "http://hl7.org/fhir/sid/icd-10",
              "code": "E55.9",
              "display": "Vitamin D deficiency"
            }
          ]
        }
      ],
      "count": 207
    },
    {
      "code": [
        {
          "coding": [
            {
              "system": "http://hl7.org/fhir/sid/icd-10",
              "code": "E78.5",
              "display": "Hyperlipidemia"
            }
          ]
        }
      ],
      "count": 181
    },
    {
      "code": [
        {
          "coding": [
            {
              "system": "http://hl7.org/fhir/sid/icd-10",
              "code": "J45.20",
              "display": "Mild intermittent asthma"
            }
          ]
        }
      ],
      "count": 163
    },
    {
      "code": [
        {
          "coding": [
            {
              "system": "http://hl7.org/fhir/sid/icd-10",
              "code": "D64.9",
              "display": "Anemia"
            }
          ]
        }
      ],
      "count": 147
    },
    {
      "code": [
        {
          "coding": [
            {
              "system": "http://hl7.org/fhir/sid/icd-10",
              "code": "E78.00",
              "display": "High cholesterol"
            }
          ]
        }
      ],
      "count": 147
    },
    {
      "code": [
        {
          "coding": [
            {
              "system": "http://hl7.org/fhir/sid/icd-10",
              "code": "G89.29",
              "display": "Chronic pain"
            }
          ]
        }
      ],
      "count": 146
    },
    {
      "code": [
        {
          "coding": [
            {
              "system": "http://hl7.org/fhir/sid/icd-10",
              "code": "IMO0002",
              "display": "Hemorrhage complicating a procedure"
            }
          ]
        }
      ],
      "count": 128
    },
    {
      "code": [
        {
          "coding": [
            {
              "system": "http://hl7.org/fhir/sid/icd-10",
              "code": "F17.200",
              "display": "Tobacco use disorder"
            }
          ]
        }
      ],
      "count": 123
    },
    {
      "code": [
        {
          "coding": [
            {
              "system": "http://hl7.org/fhir/sid/icd-10",
              "code": "E03.9",
              "display": "Hypothyroidism, unspecified type"
            }
          ]
        }
      ],
      "count": 121
    },
    {
      "code": [
        {
          "coding": [
            {
              "system": "http://hl7.org/fhir/sid/icd-10",
              "code": "E66.01",
              "display": "Severe obesity (BMI \u003e\u003d 40)"
            }
          ]
        }
      ],
      "count": 112
    },
    {
      "code": [
        {
          "coding": [
            {
              "system": "http://hl7.org/fhir/sid/icd-10",
              "code": "M54.9",
              "display": "Back pain"
            }
          ]
        }
      ],
      "count": 111
    },
    {
      "code": [
        {
          "coding": [
            {
              "system": "http://hl7.org/fhir/sid/icd-10",
              "code": "G47.33",
              "display": "Obstructive apnea"
            }
          ]
        }
      ],
      "count": 110
    },
    {
      "code": [
        {
          "coding": [
            {
              "system": "http://hl7.org/fhir/sid/icd-10",
              "code": "R07.9",
              "display": "Chest pain, unspecified type"
            }
          ]
        }
      ],
      "count": 102
    },
    {
      "code": [
        {
          "coding": [
            {
              "system": "http://hl7.org/fhir/sid/icd-10",
              "code": "Z98.890",
              "display": "Other postprocedural status(V45.89)"
            }
          ]
        }
      ],
      "count": 96
    },
    {
      "code": [
        {
          "coding": [
            {
              "system": "http://hl7.org/fhir/sid/icd-10",
              "code": "I25.10",
              "display": "CAD in native artery"
            }
          ]
        }
      ],
      "count": 95
    },
    {
      "code": [
        {
          "coding": [
            {
              "system": "http://hl7.org/fhir/sid/icd-10",
              "code": "R10.9",
              "display": "Abdominal pain"
            }
          ]
        }
      ],
      "count": 93
    },
    {
      "code": [
        {
          "coding": [
            {
              "system": "http://hl7.org/fhir/sid/icd-10",
              "code": "H52.4",
              "display": "Presbyopia"
            }
          ]
        }
      ],
      "count": 92
    },
    {
      "code": [
        {
          "coding": [
            {
              "system": "http://hl7.org/fhir/sid/icd-10",
              "code": "M19.90",
              "display": "Inflammatory arthritis"
            }
          ]
        }
      ],
      "count": 91
    },
    {
      "code": [
        {
          "coding": [
            {
              "system": "http://hl7.org/fhir/sid/icd-10",
              "code": "M54.5",
              "display": "Low back pain"
            }
          ]
        }
      ],
      "count": 91
    },
    {
      "code": [
        {
          "coding": [
            {
              "system": "http://hl7.org/fhir/sid/icd-10",
              "code": "R05",
              "display": "Post-viral cough syndrome"
            }
          ]
        }
      ],
      "count": 85
    },
    {
      "code": [
        {
          "coding": [
            {
              "system": "http://hl7.org/fhir/sid/icd-10",
              "code": "E78.2",
              "display": "Mixed hyperlipidemia"
            }
          ]
        }
      ],
      "count": 83
    },
    {
      "code": [
        {
          "coding": [
            {
              "system": "http://hl7.org/fhir/sid/icd-10",
              "code": "R51",
              "display": "Headache(784.0)"
            }
          ]
        }
      ],
      "count": 83
    },
    {
      "code": [
        {
          "coding": [
            {
              "system": "http://hl7.org/fhir/sid/icd-10",
              "code": "J44.9",
              "display": "COPD (chronic obstructive pulmonary disease)"
            }
          ]
        }
      ],
      "count": 81
    },
    {
      "code": [
        {
          "coding": [
            {
              "system": "http://hl7.org/fhir/sid/icd-10",
              "code": "F41.9",
              "display": "Anxiety"
            }
          ]
        }
      ],
      "count": 79
    },
    {
      "code": [
        {
          "coding": [
            {
              "system": "http://hl7.org/fhir/sid/icd-10",
              "code": "J30.1",
              "display": "Allergic rhinitis due to pollen"
            }
          ]
        }
      ],
      "count": 72
    },
    {
      "code": [
        {
          "coding": [
            {
              "system": "http://hl7.org/fhir/sid/icd-10",
              "code": "Z01.419",
              "display": "Routine gynecological examination"
            }
          ]
        }
      ],
      "count": 69
    },
    {
      "code": [
        {
          "coding": [
            {
              "system": "http://hl7.org/fhir/sid/icd-10",
              "code": "H26.9",
              "display": "Cataract of both eyes"
            }
          ]
        }
      ],
      "count": 69
    },
    {
      "code": [
        {
          "coding": [
            {
              "system": "http://hl7.org/fhir/sid/icd-10",
              "code": "R53.83",
              "display": "Fatigue"
            }
          ]
        }
      ],
      "count": 66
    },
    {
      "code": [
        {
          "coding": [
            {
              "system": "http://hl7.org/fhir/sid/icd-10",
              "code": "G47.30",
              "display": "Sleep apnea"
            }
          ]
        }
      ],
      "count": 64
    },
    {
      "code": [
        {
          "coding": [
            {
              "system": "http://hl7.org/fhir/sid/icd-10",
              "code": "R60.9",
              "display": "Edema"
            }
          ]
        }
      ],
      "count": 63
    },
    {
      "code": [
        {
          "coding": [
            {
              "system": "http://hl7.org/fhir/sid/icd-10",
              "code": "J18.9",
              "display": "Pneumonia, organism unspecified(486)"
            }
          ]
        }
      ],
      "count": 63
    },
    {
      "code": [
        {
          "coding": [
            {
              "system": "http://hl7.org/fhir/sid/icd-10",
              "code": "D50.9",
              "display": "Iron deficiency anemia"
            }
          ]
        }
      ],
      "count": 62
    },
    {
      "code": [
        {
          "coding": [
            {
              "system": "http://hl7.org/fhir/sid/icd-10",
              "code": "Z96.1",
              "display": "Pseudophakia"
            }
          ]
        }
      ],
      "count": 61
    },
    {
      "code": [
        {
          "coding": [
            {
              "system": "http://hl7.org/fhir/sid/icd-10",
              "code": "H04.123",
              "display": "Dry eyes, bilateral"
            }
          ]
        }
      ],
      "count": 60
    },
    {
      "code": [
        {
          "coding": [
            {
              "system": "http://hl7.org/fhir/sid/icd-10",
              "code": "L30.9",
              "display": "Eczema, unspecified type"
            }
          ]
        }
      ],
      "count": 60
    },
    {
      "code": [
        {
          "coding": [
            {
              "system": "http://hl7.org/fhir/sid/icd-10",
              "code": "B20",
              "display": "HIV infection"
            }
          ]
        }
      ],
      "count": 59
    },
    {
      "code": [
        {
          "coding": [
            {
              "system": "http://hl7.org/fhir/sid/icd-10",
              "code": "R42",
              "display": "Vertigo"
            }
          ]
        }
      ],
      "count": 59
    },
    {
      "code": [
        {
          "coding": [
            {
              "system": "http://hl7.org/fhir/sid/icd-10",
              "code": "M79.609",
              "display": "Pain in limb"
            }
          ]
        }
      ],
      "count": 58
    },
    {
      "code": [
        {
          "coding": [
            {
              "system": "http://hl7.org/fhir/sid/icd-10",
              "code": "N39.0",
              "display": "UTI (lower urinary tract infection)"
            }
          ]
        }
      ],
      "count": 58
    },
    {
      "code": [
        {
          "coding": [
            {
              "system": "http://hl7.org/fhir/sid/icd-10",
              "code": "Z01.818",
              "display": "Preoperative examination, unspecified"
            }
          ]
        }
      ],
      "count": 57
    },
    {
      "code": [
        {
          "coding": [
            {
              "system": "http://hl7.org/fhir/sid/icd-10",
              "code": "J32.9",
              "display": "Chronic sinusitis"
            }
          ]
        }
      ],
      "count": 55
    },
    {
      "code": [
        {
          "coding": [
            {
              "system": "http://hl7.org/fhir/sid/icd-10",
              "code": "G47.00",
              "display": "Insomnia"
            }
          ]
        }
      ],
      "count": 54
    },
    {
      "code": [
        {
          "coding": [
            {
              "system": "http://hl7.org/fhir/sid/icd-10",
              "code": "K59.00",
              "display": "Constipation"
            }
          ]
        }
      ],
      "count": 53
    },
    {
      "code": [
        {
          "coding": [
            {
              "system": "http://hl7.org/fhir/sid/icd-10",
              "code": "M25.569",
              "display": "Pain in joint, lower leg"
            }
          ]
        }
      ],
      "count": 52
    },
    {
      "code": [
        {
          "coding": [
            {
              "system": "http://hl7.org/fhir/sid/icd-10",
              "code": "G43.909",
              "display": "Migraine, unspecified, without mention of intractable migraine without mention of status migrainosus"
            }
          ]
        }
      ],
      "count": 51
    },
    {
      "code": [
        {
          "coding": [
            {
              "system": "http://hl7.org/fhir/sid/icd-10",
              "code": "Z00.129",
              "display": "Routine infant or child health check"
            }
          ]
        }
      ],
      "count": 51
    },
    {
      "code": [
        {
          "coding": [
            {
              "system": "http://hl7.org/fhir/sid/icd-10",
              "code": "R06.09",
              "display": "DOE (dyspnea on exertion)"
            }
          ]
        }
      ],
      "count": 51
    },
    {
      "code": [
        {
          "coding": [
            {
              "system": "http://hl7.org/fhir/sid/icd-10",
              "code": "Z79.01",
              "display": "Long term (current) use of anticoagulants"
            }
          ]
        }
      ],
      "count": 51
    },
    {
      "code": [
        {
          "coding": [
            {
              "system": "http://hl7.org/fhir/sid/icd-10",
              "code": "J45.901",
              "display": "Asthma exacerbation"
            }
          ]
        }
      ],
      "count": 50
    },
    {
      "code": [
        {
          "coding": [
            {
              "system": "http://hl7.org/fhir/sid/icd-10",
              "code": "B35.1",
              "display": "Dermatophytosis of nail"
            }
          ]
        }
      ],
      "count": 49
    },
    {
      "code": [
        {
          "coding": [
            {
              "system": "http://hl7.org/fhir/sid/icd-10",
              "code": "H52.13",
              "display": "Myopia of both eyes"
            }
          ]
        }
      ],
      "count": 48
    },
    {
      "code": [
        {
          "coding": [
            {
              "system": "http://hl7.org/fhir/sid/icd-10",
              "code": "R73.01",
              "display": "Fasting hyperglycemia"
            }
          ]
        }
      ],
      "count": 48
    },
    {
      "code": [
        {
          "coding": [
            {
              "system": "http://hl7.org/fhir/sid/icd-10",
              "code": "D12.6",
              "display": "Benign neoplasm of colon"
            }
          ]
        }
      ],
      "count": 48
    },
    {
      "code": [
        {
          "coding": [
            {
              "system": "http://hl7.org/fhir/sid/icd-10",
              "code": "G56.00",
              "display": "Carpal tunnel syndrome"
            }
          ]
        }
      ],
      "count": 48
    },
    {
      "code": [
        {
          "coding": [
            {
              "system": "http://hl7.org/fhir/sid/icd-10",
              "code": "R06.02",
              "display": "Shortness of breath"
            }
          ]
        }
      ],
      "count": 47
    },
    {
      "code": [
        {
          "coding": [
            {
              "system": "http://hl7.org/fhir/sid/icd-10",
              "code": "Z72.0",
              "display": "Tobacco abuse"
            }
          ]
        }
      ],
      "count": 46
    },
    {
      "code": [
        {
          "coding": [
            {
              "system": "http://hl7.org/fhir/sid/icd-10",
              "code": "M10.9",
              "display": "Gout"
            }
          ]
        }
      ],
      "count": 46
    },
    {
      "code": [
        {
          "coding": [
            {
              "system": "http://hl7.org/fhir/sid/icd-10",
              "code": "R73.03",
              "display": "Prediabetes"
            }
          ]
        }
      ],
      "count": 46
    },
    {
      "code": [
        {
          "coding": [
            {
              "system": "http://hl7.org/fhir/sid/icd-10",
              "code": "H91.90",
              "display": "Hearing loss"
            }
          ]
        }
      ],
      "count": 45
    },
    {
      "code": [
        {
          "coding": [
            {
              "system": "http://hl7.org/fhir/sid/icd-10",
              "code": "J45.30",
              "display": "Asthma, mild persistent, uncomplicated"
            }
          ]
        }
      ],
      "count": 45
    },
    {
      "code": [
        {
          "coding": [
            {
              "system": "http://hl7.org/fhir/sid/icd-10",
              "code": "M25.561",
              "display": "Right knee pain"
            }
          ]
        }
      ],
      "count": 45
    },
    {
      "code": [
        {
          "coding": [
            {
              "system": "http://hl7.org/fhir/sid/icd-10",
              "code": "M54.2",
              "display": "Cervicalgia"
            }
          ]
        }
      ],
      "count": 45
    },
    {
      "code": [
        {
          "coding": [
            {
              "system": "http://hl7.org/fhir/sid/icd-10",
              "code": "R03.0",
              "display": "Elevated blood pressure reading without diagnosis of hypertension"
            }
          ]
        }
      ],
      "count": 44
    },
    {
      "code": [
        {
          "coding": [
            {
              "system": "http://hl7.org/fhir/sid/icd-10",
              "code": "M25.519",
              "display": "Shoulder pain"
            }
          ]
        }
      ],
      "count": 44
    },
    {
      "code": [
        {
          "coding": [
            {
              "system": "http://hl7.org/fhir/sid/icd-10",
              "code": "Z79.899",
              "display": "Immunosuppressed due to chemotherapy"
            }
          ]
        }
      ],
      "count": 44
    },
    {
      "code": [
        {
          "coding": [
            {
              "system": "http://hl7.org/fhir/sid/icd-10",
              "code": "H52.7",
              "display": "Refractive error"
            }
          ]
        }
      ],
      "count": 44
    },
    {
      "code": [
        {
          "coding": [
            {
              "system": "http://hl7.org/fhir/sid/icd-10",
              "code": "F41.1",
              "display": "Generalized anxiety disorder"
            }
          ]
        }
      ],
      "count": 44
    },
    {
      "code": [
        {
          "coding": [
            {
              "system": "http://hl7.org/fhir/sid/icd-10",
              "code": "R00.2",
              "display": "Palpitations"
            }
          ]
        }
      ],
      "count": 44
    },
    {
      "code": [
        {
          "coding": [
            {
              "system": "http://hl7.org/fhir/sid/icd-10",
              "code": "R21",
              "display": "Rash"
            }
          ]
        }
      ],
      "count": 43
    },
    {
      "code": [
        {
          "coding": [
            {
              "system": "http://hl7.org/fhir/sid/icd-10",
              "code": "N20.0",
              "display": "Calculus of kidney"
            }
          ]
        }
      ],
      "count": 43
    },
    {
      "code": [
        {
          "coding": [
            {
              "system": "http://hl7.org/fhir/sid/icd-10",
              "code": "M81.0",
              "display": "Osteoporosis"
            }
          ]
        }
      ],
      "count": 42
    },
    {
      "code": [
        {
          "coding": [
            {
              "system": "http://hl7.org/fhir/sid/icd-10",
              "code": "H25.13",
              "display": "Nuclear sclerosis of both eyes"
            }
          ]
        }
      ],
      "count": 41
    },
    {
      "code": [
        {
          "coding": [
            {
              "system": "http://hl7.org/fhir/sid/icd-10",
              "code": "R53.81",
              "display": "Other malaise and fatigue"
            }
          ]
        }
      ],
      "count": 41
    },
    {
      "code": [
        {
          "coding": [
            {
              "system": "http://hl7.org/fhir/sid/icd-10",
              "code": "J45.40",
              "display": "Moderate persistent asthma without complication"
            }
          ]
        }
      ],
      "count": 40
    },
    {
      "code": [
        {
          "coding": [
            {
              "system": "http://hl7.org/fhir/sid/icd-10",
              "code": "I50.9",
              "display": "Acute heart failure, unspecified heart failure type"
            }
          ]
        }
      ],
      "count": 40
    },
    {
      "code": [
        {
          "coding": [
            {
              "system": "http://hl7.org/fhir/sid/icd-10",
              "code": "J06.9",
              "display": "Viral upper respiratory tract infection"
            }
          ]
        }
      ],
      "count": 39
    },
    {
      "code": [
        {
          "coding": [
            {
              "system": "http://hl7.org/fhir/sid/icd-10",
              "code": "I48.91",
              "display": "Atrial fibrillation"
            }
          ]
        }
      ],
      "count": 39
    },
    {
      "code": [
        {
          "coding": [
            {
              "system": "http://hl7.org/fhir/sid/icd-10",
              "code": "E04.1",
              "display": "Thyroid nodule"
            }
          ]
        }
      ],
      "count": 39
    },
    {
      "code": [
        {
          "coding": [
            {
              "system": "http://hl7.org/fhir/sid/icd-10",
              "code": "D25.9",
              "display": "Leiomyoma of uterus, unspecified"
            }
          ]
        }
      ],
      "count": 39
    },
    {
      "code": [
        {
          "coding": [
            {
              "system": "http://hl7.org/fhir/sid/icd-10",
              "code": "N52.9",
              "display": "Erectile dysfunction"
            }
          ]
        }
      ],
      "count": 39
    },
    {
      "code": [
        {
          "coding": [
            {
              "system": "http://hl7.org/fhir/sid/icd-10",
              "code": "I26.99",
              "display": "Pulmonary embolism"
            }
          ]
        }
      ],
      "count": 38
    },
    {
      "code": [
        {
          "coding": [
            {
              "system": "http://hl7.org/fhir/sid/icd-10",
              "code": "R55",
              "display": "Syncope and collapse"
            }
          ]
        }
      ],
      "count": 38
    },
    {
      "code": [
        {
          "coding": [
            {
              "system": "http://hl7.org/fhir/sid/icd-10",
              "code": "M25.562",
              "display": "Knee joint pain, left"
            }
          ]
        }
      ],
      "count": 38
    },
    {
      "code": [
        {
          "coding": [
            {
              "system": "http://hl7.org/fhir/sid/icd-10",
              "code": "J30.2",
              "display": "Seasonal allergies"
            }
          ]
        }
      ],
      "count": 38
    },
    {
      "code": [
        {
          "coding": [
            {
              "system": "http://hl7.org/fhir/sid/icd-10",
              "code": "L25.9",
              "display": "Contact dermatitis and other eczema, due to unspecified cause"
            }
          ]
        }
      ],
      "count": 38
    },
    {
      "code": [
        {
          "coding": [
            {
              "system": "http://hl7.org/fhir/sid/icd-10",
              "code": "Z86.19",
              "display": "Frequent infections"
            }
          ]
        }
      ],
      "count": 38
    },
    {
      "code": [
        {
          "coding": [
            {
              "system": "http://hl7.org/fhir/sid/icd-10",
              "code": "H52.203",
              "display": "Myopia with astigmatism and presbyopia, bilateral"
            }
          ]
        }
      ],
      "count": 37
    },
    {
      "code": [
        {
          "coding": [
            {
              "system": "http://hl7.org/fhir/sid/icd-10",
              "code": "R80.9",
              "display": "Proteinuria"
            }
          ]
        }
      ],
      "count": 37
    },
    {
      "code": [
        {
          "coding": [
            {
              "system": "http://hl7.org/fhir/sid/icd-10",
              "code": "N92.0",
              "display": "Menorrhagia with regular cycle"
            }
          ]
        }
      ],
      "count": 37
    },
    {
      "code": [
        {
          "coding": [
            {
              "system": "http://hl7.org/fhir/sid/icd-10",
              "code": "F19.10",
              "display": "Polysubstance abuse"
            }
          ]
        }
      ],
      "count": 37
    },
    {
      "code": [
        {
          "coding": [
            {
              "system": "http://hl7.org/fhir/sid/icd-10",
              "code": "F31.9",
              "display": "Bipolar disorder"
            }
          ]
        }
      ],
      "count": 37
    },
    {
      "code": [
        {
          "coding": [
            {
              "system": "http://hl7.org/fhir/sid/icd-10",
              "code": "H52.209",
              "display": "Hyperopia with astigmatism and presbyopia"
            }
          ]
        }
      ],
      "count": 36
    },
    {
      "code": [
        {
          "coding": [
            {
              "system": "http://hl7.org/fhir/sid/icd-10",
              "code": "R91.1",
              "display": "Pulmonary nodule"
            }
          ]
        }
      ],
      "count": 36
    },
    {
      "code": [
        {
          "coding": [
            {
              "system": "http://hl7.org/fhir/sid/icd-10",
              "code": "Z30.09",
              "display": "Other general counseling and advice for contraceptive management"
            }
          ]
        }
      ],
      "count": 36
    },
    {
      "code": [
        {
          "coding": [
            {
              "system": "http://hl7.org/fhir/sid/icd-10",
              "code": "M85.80",
              "display": "Osteopenia"
            }
          ]
        }
      ],
      "count": 36
    },
    {
      "code": [
        {
          "coding": [
            {
              "system": "http://hl7.org/fhir/sid/icd-10",
              "code": "Z34.90",
              "display": "Pregnancy, obstetrical care, unspecified trimester"
            }
          ]
        }
      ],
      "count": 35
    },
    {
      "code": [
        {
          "coding": [
            {
              "system": "http://hl7.org/fhir/sid/icd-10",
              "code": "R07.89",
              "display": "Atypical chest pain"
            }
          ]
        }
      ],
      "count": 35
    },
    {
      "code": [
        {
          "coding": [
            {
              "system": "http://hl7.org/fhir/sid/icd-10",
              "code": "R92.8",
              "display": "Abnormal mammogram of left breast"
            }
          ]
        }
      ],
      "count": 35
    },
    {
      "code": [
        {
          "coding": [
            {
              "system": "http://hl7.org/fhir/sid/icd-10",
              "code": "F10.10",
              "display": "Alcohol abuse, continuous"
            }
          ]
        }
      ],
      "count": 34
    },
    {
      "code": [
        {
          "coding": [
            {
              "system": "http://hl7.org/fhir/sid/icd-10",
              "code": "M25.50",
              "display": "Pain in joint, site unspecified"
            }
          ]
        }
      ],
      "count": 34
    },
    {
      "code": [
        {
          "coding": [
            {
              "system": "http://hl7.org/fhir/sid/icd-10",
              "code": "E66.3",
              "display": "Overweight(278.02)"
            }
          ]
        }
      ],
      "count": 34
    },
    {
      "code": [
        {
          "coding": [
            {
              "system": "http://hl7.org/fhir/sid/icd-10",
              "code": "R09.89",
              "display": "Other dyspnea and respiratory abnormality"
            }
          ]
        }
      ],
      "count": 34
    },
    {
      "code": [
        {
          "coding": [
            {
              "system": "http://hl7.org/fhir/sid/icd-10",
              "code": "G62.9",
              "display": "Peripheral neuropathy"
            }
          ]
        }
      ],
      "count": 34
    },
    {
      "code": [
        {
          "coding": [
            {
              "system": "http://hl7.org/fhir/sid/icd-10",
              "code": "N76.0",
              "display": "Vaginitis and vulvovaginitis, unspecified"
            }
          ]
        }
      ],
      "count": 33
    },
    {
      "code": [
        {
          "coding": [
            {
              "system": "http://hl7.org/fhir/sid/icd-10",
              "code": "R63.4",
              "display": "Loss of weight"
            }
          ]
        }
      ],
      "count": 33
    },
    {
      "code": [
        {
          "coding": [
            {
              "system": "http://hl7.org/fhir/sid/icd-10",
              "code": "Z90.710",
              "display": "Acquired absence of both cervix and uterus"
            }
          ]
        }
      ],
      "count": 32
    },
    {
      "code": [
        {
          "coding": [
            {
              "system": "http://hl7.org/fhir/sid/icd-10",
              "code": "Z23",
              "display": "Need for prophylactic vaccination and inoculation against other viral diseases(V04.89)"
            }
          ]
        }
      ],
      "count": 32
    },
    {
      "code": [
        {
          "coding": [
            {
              "system": "http://hl7.org/fhir/sid/icd-10",
              "code": "K64.9",
              "display": "Hemorrhoid"
            }
          ]
        }
      ],
      "count": 32
    },
    {
      "code": [
        {
          "coding": [
            {
              "system": "http://hl7.org/fhir/sid/icd-10",
              "code": "K63.5",
              "display": "Colon polyps"
            }
          ]
        }
      ],
      "count": 32
    },
    {
      "code": [
        {
          "coding": [
            {
              "system": "http://hl7.org/fhir/sid/icd-10",
              "code": "N91.2",
              "display": "Absence of menstruation"
            }
          ]
        }
      ],
      "count": 32
    },
    {
      "code": [
        {
          "coding": [
            {
              "system": "http://hl7.org/fhir/sid/icd-10",
              "code": "R32",
              "display": "Unspecified urinary incontinence"
            }
          ]
        }
      ],
      "count": 32
    },
    {
      "code": [
        {
          "coding": [
            {
              "system": "http://hl7.org/fhir/sid/icd-10",
              "code": "H52.10",
              "display": "Myopia with astigmatism and presbyopia"
            }
          ]
        }
      ],
      "count": 32
    },
    {
      "code": [
        {
          "coding": [
            {
              "system": "http://hl7.org/fhir/sid/icd-10",
              "code": "H40.003",
              "display": "Glaucoma suspect of both eyes"
            }
          ]
        }
      ],
      "count": 31
    },
    {
      "code": [
        {
          "coding": [
            {
              "system": "http://hl7.org/fhir/sid/icd-10",
              "code": "R74.8",
              "display": "Elevated liver enzymes"
            }
          ]
        }
      ],
      "count": 31
    },
    {
      "code": [
        {
          "coding": [
            {
              "system": "http://hl7.org/fhir/sid/icd-10",
              "code": "R73.9",
              "display": "Hyperglycemia"
            }
          ]
        }
      ],
      "count": 31
    },
    {
      "code": [
        {
          "coding": [
            {
              "system": "http://hl7.org/fhir/sid/icd-10",
              "code": "R09.02",
              "display": "Hypoxia"
            }
          ]
        }
      ],
      "count": 31
    },
    {
      "code": [
        {
          "coding": [
            {
              "system": "http://hl7.org/fhir/sid/icd-10",
              "code": "K58.9",
              "display": "Irritable bowel syndrome"
            }
          ]
        }
      ],
      "count": 30
    },
    {
      "code": [
        {
          "coding": [
            {
              "system": "http://hl7.org/fhir/sid/icd-10",
              "code": "N17.9",
              "display": "Acute renal failure, unspecified acute renal failure type"
            }
          ]
        }
      ],
      "count": 30
    },
    {
      "code": [
        {
          "coding": [
            {
              "system": "http://hl7.org/fhir/sid/icd-10",
              "code": "R60.0",
              "display": "Localized edema"
            }
          ]
        }
      ],
      "count": 29
    },
    {
      "code": [
        {
          "coding": [
            {
              "system": "http://hl7.org/fhir/sid/icd-10",
              "code": "L70.8",
              "display": "Other acne"
            }
          ]
        }
      ],
      "count": 29
    },
    {
      "code": [
        {
          "coding": [
            {
              "system": "http://hl7.org/fhir/sid/icd-10",
              "code": "F11.20",
              "display": "Opiate dependence, continuous"
            }
          ]
        }
      ],
      "count": 29
    },
    {
      "code": [
        {
          "coding": [
            {
              "system": "http://hl7.org/fhir/sid/icd-10",
              "code": "R20.9",
              "display": "Disturbance of skin sensation"
            }
          ]
        }
      ],
      "count": 29
    },
    {
      "code": [
        {
          "coding": [
            {
              "system": "http://hl7.org/fhir/sid/icd-10",
              "code": "M17.10",
              "display": "Knee osteoarthritis"
            }
          ]
        }
      ],
      "count": 29
    },
    {
      "code": [
        {
          "coding": [
            {
              "system": "http://hl7.org/fhir/sid/icd-10",
              "code": "R35.0",
              "display": "Urinary frequency"
            }
          ]
        }
      ],
      "count": 29
    },
    {
      "code": [
        {
          "coding": [
            {
              "system": "http://hl7.org/fhir/sid/icd-10",
              "code": "R01.1",
              "display": "Undiagnosed cardiac murmurs"
            }
          ]
        }
      ],
      "count": 28
    },
    {
      "code": [
        {
          "coding": [
            {
              "system": "http://hl7.org/fhir/sid/icd-10",
              "code": "E53.8",
              "display": "B12 deficiency"
            }
          ]
        }
      ],
      "count": 28
    },
    {
      "code": [
        {
          "coding": [
            {
              "system": "http://hl7.org/fhir/sid/icd-10",
              "code": "R76.8",
              "display": "Positive ANA (antinuclear antibody)"
            }
          ]
        }
      ],
      "count": 28
    },
    {
      "code": [
        {
          "coding": [
            {
              "system": "http://hl7.org/fhir/sid/icd-10",
              "code": "Z87.898",
              "display": "History of chest pain"
            }
          ]
        }
      ],
      "count": 28
    },
    {
      "code": [
        {
          "coding": [
            {
              "system": "http://hl7.org/fhir/sid/icd-10",
              "code": "IMO0001",
              "display": "Adopted child"
            }
          ]
        }
      ],
      "count": 28
    },
    {
      "code": [
        {
          "coding": [
            {
              "system": "http://hl7.org/fhir/sid/icd-10",
              "code": "Z87.19",
              "display": "History of esophageal stricture"
            }
          ]
        }
      ],
      "count": 28
    },
    {
      "code": [
        {
          "coding": [
            {
              "system": "http://hl7.org/fhir/sid/icd-10",
              "code": "R19.7",
              "display": "Diarrhea"
            }
          ]
        }
      ],
      "count": 28
    },
    {
      "code": [
        {
          "coding": [
            {
              "system": "http://hl7.org/fhir/sid/icd-10",
              "code": "K57.30",
              "display": "Diverticulosis of large intestine without hemorrhage"
            }
          ]
        }
      ],
      "count": 28
    },
    {
      "code": [
        {
          "coding": [
            {
              "system": "http://hl7.org/fhir/sid/icd-10",
              "code": "M72.2",
              "display": "Plantar fascial fibromatosis"
            }
          ]
        }
      ],
      "count": 27
    },
    {
      "code": [
        {
          "coding": [
            {
              "system": "http://hl7.org/fhir/sid/icd-10",
              "code": "R74.0",
              "display": "Nonspecific elevation of levels of transaminase or lactic acid dehydrogenase (LDH)"
            }
          ]
        }
      ],
      "count": 27
    },
    {
      "code": [
        {
          "coding": [
            {
              "system": "http://hl7.org/fhir/sid/icd-10",
              "code": "N18.6",
              "display": "CKD (chronic kidney disease) stage V requiring chronic dialysis"
            }
          ]
        }
      ],
      "count": 27
    },
    {
      "code": [
        {
          "coding": [
            {
              "system": "http://hl7.org/fhir/sid/icd-10",
              "code": "M17.0",
              "display": "Osteoarthritis of both knees"
            }
          ]
        }
      ],
      "count": 27
    },
    {
      "code": [
        {
          "coding": [
            {
              "system": "http://hl7.org/fhir/sid/icd-10",
              "code": "Z87.891",
              "display": "Personal history of tobacco use, presenting hazards to health"
            }
          ]
        }
      ],
      "count": 27
    },
    {
      "code": [
        {
          "coding": [
            {
              "system": "http://hl7.org/fhir/sid/icd-10",
              "code": "E11.65",
              "display": "Diabetes mellitus type 2 with complications, uncontrolled"
            }
          ]
        }
      ],
      "count": 27
    },
    {
      "code": [
        {
          "coding": [
            {
              "system": "http://hl7.org/fhir/sid/icd-10",
              "code": "N95.1",
              "display": "Symptomatic menopausal or female climacteric states"
            }
          ]
        }
      ],
      "count": 26
    },
    {
      "code": [
        {
          "coding": [
            {
              "system": "http://hl7.org/fhir/sid/icd-10",
              "code": "B19.20",
              "display": "Hepatitis C"
            }
          ]
        }
      ],
      "count": 26
    },
    {
      "code": [
        {
          "coding": [
            {
              "system": "http://hl7.org/fhir/sid/icd-10",
              "code": "N18.3",
              "display": "Chronic kidney disease, stage III (moderate)"
            }
          ]
        }
      ],
      "count": 26
    },
    {
      "code": [
        {
          "coding": [
            {
              "system": "http://hl7.org/fhir/sid/icd-10",
              "code": "H40.9",
              "display": "Glaucoma"
            }
          ]
        }
      ],
      "count": 25
    },
    {
      "code": [
        {
          "coding": [
            {
              "system": "http://hl7.org/fhir/sid/icd-10",
              "code": "R94.31",
              "display": "Prolonged Q-T interval on ECG"
            }
          ]
        }
      ],
      "count": 25
    },
    {
      "code": [
        {
          "coding": [
            {
              "system": "http://hl7.org/fhir/sid/icd-10",
              "code": "K29.70",
              "display": "Gastritis"
            }
          ]
        }
      ],
      "count": 25
    },
    {
      "code": [
        {
          "coding": [
            {
              "system": "http://hl7.org/fhir/sid/icd-10",
              "code": "M79.7",
              "display": "Fibromyalgia"
            }
          ]
        }
      ],
      "count": 25
    },
    {
      "code": [
        {
          "coding": [
            {
              "system": "http://hl7.org/fhir/sid/icd-10",
              "code": "Z83.3",
              "display": "Family history of diabetes mellitus"
            }
          ]
        }
      ],
      "count": 25
    },
    {
      "code": [
        {
          "coding": [
            {
              "system": "http://hl7.org/fhir/sid/icd-10",
              "code": "J40",
              "display": "Bronchitis"
            }
          ]
        }
      ],
      "count": 25
    },
    {
      "code": [
        {
          "coding": [
            {
              "system": "http://hl7.org/fhir/sid/icd-10",
              "code": "M48.061",
              "display": "Lumbar stenosis without neurogenic claudication"
            }
          ]
        }
      ],
      "count": 25
    },
    {
      "code": [
        {
          "coding": [
            {
              "system": "http://hl7.org/fhir/sid/icd-10",
              "code": "J02.9",
              "display": "Acute pharyngitis"
            }
          ]
        }
      ],
      "count": 25
    },
    {
      "code": [
        {
          "coding": [
            {
              "system": "http://hl7.org/fhir/sid/icd-10",
              "code": "E66.09",
              "display": "Non morbid obesity due to excess calories"
            }
          ]
        }
      ],
      "count": 24
    },
    {
      "code": [
        {
          "coding": [
            {
              "system": "http://hl7.org/fhir/sid/icd-10",
              "code": "Z82.49",
              "display": "Family history of ischemic heart disease"
            }
          ]
        }
      ],
      "count": 24
    },
    {
      "code": [
        {
          "coding": [
            {
              "system": "http://hl7.org/fhir/sid/icd-10",
              "code": "M25.511",
              "display": "Acute pain of right shoulder"
            }
          ]
        }
      ],
      "count": 24
    },
    {
      "code": [
        {
          "coding": [
            {
              "system": "http://hl7.org/fhir/sid/icd-10",
              "code": "R06.00",
              "display": "Dyspnea"
            }
          ]
        }
      ],
      "count": 24
    },
    {
      "code": [
        {
          "coding": [
            {
              "system": "http://hl7.org/fhir/sid/icd-10",
              "code": "R06.83",
              "display": "Snoring"
            }
          ]
        }
      ],
      "count": 24
    },
    {
      "code": [
        {
          "coding": [
            {
              "system": "http://hl7.org/fhir/sid/icd-10",
              "code": "I73.9",
              "display": "PVD (peripheral vascular disease)"
            }
          ]
        }
      ],
      "count": 24
    },
    {
      "code": [
        {
          "coding": [
            {
              "system": "http://hl7.org/fhir/sid/icd-10",
              "code": "N92.6",
              "display": "Unspecified disorder of menstruation and other abnormal bleeding from female genital tract"
            }
          ]
        }
      ],
      "count": 23
    },
    {
      "code": [
        {
          "coding": [
            {
              "system": "http://hl7.org/fhir/sid/icd-10",
              "code": "N18.9",
              "display": "Anemia in CKD (chronic kidney disease)"
            }
          ]
        }
      ],
      "count": 23
    },
    {
      "code": [
        {
          "coding": [
            {
              "system": "http://hl7.org/fhir/sid/icd-10",
              "code": "N28.9",
              "display": "Mild renal insufficiency"
            }
          ]
        }
      ],
      "count": 23
    },
    {
      "code": [
        {
          "coding": [
            {
              "system": "http://hl7.org/fhir/sid/icd-10",
              "code": "L84",
              "display": "Corns and callosities"
            }
          ]
        }
      ],
      "count": 23
    },
    {
      "code": [
        {
          "coding": [
            {
              "system": "http://hl7.org/fhir/sid/icd-10",
              "code": "E87.6",
              "display": "Hypokalemia"
            }
          ]
        }
      ],
      "count": 23
    },
    {
      "code": [
        {
          "coding": [
            {
              "system": "http://hl7.org/fhir/sid/icd-10",
              "code": "M25.559",
              "display": "Pain in joint, pelvic region and thigh"
            }
          ]
        }
      ],
      "count": 23
    },
    {
      "code": [
        {
          "coding": [
            {
              "system": "http://hl7.org/fhir/sid/icd-10",
              "code": "B00.9",
              "display": "Herpes simplex without mention of complication"
            }
          ]
        }
      ],
      "count": 23
    },
    {
      "code": [
        {
          "coding": [
            {
              "system": "http://hl7.org/fhir/sid/icd-10",
              "code": "Z91.19",
              "display": "Personal history of noncompliance with medical treatment, presenting hazards to health"
            }
          ]
        }
      ],
      "count": 23
    },
    {
      "code": [
        {
          "coding": [
            {
              "system": "http://hl7.org/fhir/sid/icd-10",
              "code": "M15.9",
              "display": "Generalized osteoarthrosis, involving multiple sites"
            }
          ]
        }
      ],
      "count": 23
    },
    {
      "code": [
        {
          "coding": [
            {
              "system": "http://hl7.org/fhir/sid/icd-10",
              "code": "G43.109",
              "display": "Migraine with aura and without status migrainosus, not intractable"
            }
          ]
        }
      ],
      "count": 23
    },
    {
      "code": [
        {
          "coding": [
            {
              "system": "http://hl7.org/fhir/sid/icd-10",
              "code": "Z79.4",
              "display": "Insulin dependent type 2 diabetes mellitus"
            }
          ]
        }
      ],
      "count": 23
    },
    {
      "code": [
        {
          "coding": [
            {
              "system": "http://hl7.org/fhir/sid/icd-10",
              "code": "I50.30",
              "display": "Heart failure with preserved left ventricular function (HFpEF)"
            }
          ]
        }
      ],
      "count": 23
    },
    {
      "code": [
        {
          "coding": [
            {
              "system": "http://hl7.org/fhir/sid/icd-10",
              "code": "R79.89",
              "display": "Low testosterone"
            }
          ]
        }
      ],
      "count": 22
    },
    {
      "code": [
        {
          "coding": [
            {
              "system": "http://hl7.org/fhir/sid/icd-10",
              "code": "M25.512",
              "display": "Acute pain of left shoulder"
            }
          ]
        }
      ],
      "count": 22
    },
    {
      "code": [
        {
          "coding": [
            {
              "system": "http://hl7.org/fhir/sid/icd-10",
              "code": "J31.0",
              "display": "Rhinitis medicamentosa"
            }
          ]
        }
      ],
      "count": 22
    },
    {
      "code": [
        {
          "coding": [
            {
              "system": "http://hl7.org/fhir/sid/icd-10",
              "code": "C50.919",
              "display": "Breast cancer"
            }
          ]
        }
      ],
      "count": 22
    },
    {
      "code": [
        {
          "coding": [
            {
              "system": "http://hl7.org/fhir/sid/icd-10",
              "code": "H04.129",
              "display": "Tear film insufficiency, unspecified"
            }
          ]
        }
      ],
      "count": 22
    },
    {
      "code": [
        {
          "coding": [
            {
              "system": "http://hl7.org/fhir/sid/icd-10",
              "code": "Z11.3",
              "display": "Screen for sexually transmitted diseases"
            }
          ]
        }
      ],
      "count": 22
    },
    {
      "code": [
        {
          "coding": [
            {
              "system": "http://hl7.org/fhir/sid/icd-10",
              "code": "Z86.79",
              "display": "Personal history of other diseases of circulatory system"
            }
          ]
        }
      ],
      "count": 22
    },
    {
      "code": [
        {
          "coding": [
            {
              "system": "http://hl7.org/fhir/sid/icd-10",
              "code": "I27.20",
              "display": "Mild pulmonary hypertension"
            }
          ]
        }
      ],
      "count": 22
    },
    {
      "code": [
        {
          "coding": [
            {
              "system": "http://hl7.org/fhir/sid/icd-10",
              "code": "A60.00",
              "display": "Genital herpes"
            }
          ]
        }
      ],
      "count": 22
    },
    {
      "code": [
        {
          "coding": [
            {
              "system": "http://hl7.org/fhir/sid/icd-10",
              "code": "B18.2",
              "display": "Chronic hepatitis C without hepatic coma"
            }
          ]
        }
      ],
      "count": 22
    },
    {
      "code": [
        {
          "coding": [
            {
              "system": "http://hl7.org/fhir/sid/icd-10",
              "code": "H25.9",
              "display": "Senile cataracts of both eyes"
            }
          ]
        }
      ],
      "count": 22
    },
    {
      "code": [
        {
          "coding": [
            {
              "system": "http://hl7.org/fhir/sid/icd-10",
              "code": "R10.13",
              "display": "Dyspepsia and other specified disorders of function of stomach"
            }
          ]
        }
      ],
      "count": 21
    },
    {
      "code": [
        {
          "coding": [
            {
              "system": "http://hl7.org/fhir/sid/icd-10",
              "code": "L65.9",
              "display": "Alopecia, unspecified"
            }
          ]
        }
      ],
      "count": 21
    },
    {
      "code": [
        {
          "coding": [
            {
              "system": "http://hl7.org/fhir/sid/icd-10",
              "code": "Z90.89",
              "display": "Other acquired absence of organ"
            }
          ]
        }
      ],
      "count": 21
    },
    {
      "code": [
        {
          "coding": [
            {
              "system": "http://hl7.org/fhir/sid/icd-10",
              "code": "Z90.49",
              "display": "S/P cholecystectomy"
            }
          ]
        }
      ],
      "count": 21
    },
    {
      "code": [
        {
          "coding": [
            {
              "system": "http://hl7.org/fhir/sid/icd-10",
              "code": "K44.9",
              "display": "Hiatal hernia"
            }
          ]
        }
      ],
      "count": 21
    },
    {
      "code": [
        {
          "coding": [
            {
              "system": "http://hl7.org/fhir/sid/icd-10",
              "code": "R41.3",
              "display": "Memory loss"
            }
          ]
        }
      ],
      "count": 21
    },
    {
      "code": [
        {
          "coding": [
            {
              "system": "http://hl7.org/fhir/sid/icd-10",
              "code": "M54.12",
              "display": "Brachial neuritis or radiculitis NOS"
            }
          ]
        }
      ],
      "count": 21
    },
    {
      "code": [
        {
          "coding": [
            {
              "system": "http://hl7.org/fhir/sid/icd-10",
              "code": "J44.1",
              "display": "COPD exacerbation"
            }
          ]
        }
      ],
      "count": 20
    },
    {
      "code": [
        {
          "coding": [
            {
              "system": "http://hl7.org/fhir/sid/icd-10",
              "code": "R73.09",
              "display": "Other abnormal glucose"
            }
          ]
        }
      ],
      "count": 20
    },
    {
      "code": [
        {
          "coding": [
            {
              "system": "http://hl7.org/fhir/sid/icd-10",
              "code": "Z80.0",
              "display": "FHx: colon cancer"
            }
          ]
        }
      ],
      "count": 20
    },
    {
      "code": [
        {
          "coding": [
            {
              "system": "http://hl7.org/fhir/sid/icd-10",
              "code": "N94.6",
              "display": "Dysmenorrhea"
            }
          ]
        }
      ],
      "count": 20
    },
    {
      "code": [
        {
          "coding": [
            {
              "system": "http://hl7.org/fhir/sid/icd-10",
              "code": "R30.0",
              "display": "Dysuria"
            }
          ]
        }
      ],
      "count": 20
    },
    {
      "code": [
        {
          "coding": [
            {
              "system": "http://hl7.org/fhir/sid/icd-10",
              "code": "Z12.31",
              "display": "Screening for breast cancer"
            }
          ]
        }
      ],
      "count": 20
    },
    {
      "code": [
        {
          "coding": [
            {
              "system": "http://hl7.org/fhir/sid/icd-10",
              "code": "I87.2",
              "display": "Venous stasis dermatitis of right lower extremity"
            }
          ]
        }
      ],
      "count": 20
    },
    {
      "code": [
        {
          "coding": [
            {
              "system": "http://hl7.org/fhir/sid/icd-10",
              "code": "F43.10",
              "display": "PTSD (post-traumatic stress disorder)"
            }
          ]
        }
      ],
      "count": 20
    },
    {
      "code": [
        {
          "coding": [
            {
              "system": "http://hl7.org/fhir/sid/icd-10",
              "code": "J01.90",
              "display": "Acute sinusitis, unspecified"
            }
          ]
        }
      ],
      "count": 20
    },
    {
      "code": [
        {
          "coding": [
            {
              "system": "http://hl7.org/fhir/sid/icd-10",
              "code": "R20.0",
              "display": "Right leg numbness"
            }
          ]
        }
      ],
      "count": 20
    },
    {
      "code": [
        {
          "coding": [
            {
              "system": "http://hl7.org/fhir/sid/icd-10",
              "code": "J98.4",
              "display": "Lung disease"
            }
          ]
        }
      ],
      "count": 20
    },
    {
      "code": [
        {
          "coding": [
            {
              "system": "http://hl7.org/fhir/sid/icd-10",
              "code": "G40.909",
              "display": "Seizure disorder"
            }
          ]
        }
      ],
      "count": 19
    },
    {
      "code": [
        {
          "coding": [
            {
              "system": "http://hl7.org/fhir/sid/icd-10",
              "code": "K02.9",
              "display": "Dental caries"
            }
          ]
        }
      ],
      "count": 19
    },
    {
      "code": [
        {
          "coding": [
            {
              "system": "http://hl7.org/fhir/sid/icd-10",
              "code": "L98.9",
              "display": "Skin lesion of right arm"
            }
          ]
        }
      ],
      "count": 19
    },
    {
      "code": [
        {
          "coding": [
            {
              "system": "http://hl7.org/fhir/sid/icd-10",
              "code": "Z80.3",
              "display": "Family history of malignant neoplasm of breast"
            }
          ]
        }
      ],
      "count": 19
    },
    {
      "code": [
        {
          "coding": [
            {
              "system": "http://hl7.org/fhir/sid/icd-10",
              "code": "N63.0",
              "display": "Subcutaneous nodule of breast"
            }
          ]
        }
      ],
      "count": 19
    },
    {
      "code": [
        {
          "coding": [
            {
              "system": "http://hl7.org/fhir/sid/icd-10",
              "code": "M54.16",
              "display": "Lumbar radiculopathy"
            }
          ]
        }
      ],
      "count": 19
    },
    {
      "code": [
        {
          "coding": [
            {
              "system": "http://hl7.org/fhir/sid/icd-10",
              "code": "A41.9",
              "display": "Sepsis"
            }
          ]
        }
      ],
      "count": 19
    },
    {
      "code": [
        {
          "coding": [
            {
              "system": "http://hl7.org/fhir/sid/icd-10",
              "code": "E05.90",
              "display": "Hyperthyroidism"
            }
          ]
        }
      ],
      "count": 19
    },
    {
      "code": [
        {
          "coding": [
            {
              "system": "http://hl7.org/fhir/sid/icd-10",
              "code": "R13.10",
              "display": "Dysphagia"
            }
          ]
        }
      ],
      "count": 19
    },
    {
      "code": [
        {
          "coding": [
            {
              "system": "http://hl7.org/fhir/sid/icd-10",
              "code": "G25.81",
              "display": "Restless leg syndrome"
            }
          ]
        }
      ],
      "count": 19
    },
    {
      "code": [
        {
          "coding": [
            {
              "system": "http://hl7.org/fhir/sid/icd-10",
              "code": "N40.0",
              "display": "BPH (benign prostatic hypertrophy)"
            }
          ]
        }
      ],
      "count": 18
    },
    {
      "code": [
        {
          "coding": [
            {
              "system": "http://hl7.org/fhir/sid/icd-10",
              "code": "R91.8",
              "display": "Lung mass"
            }
          ]
        }
      ],
      "count": 18
    },
    {
      "code": [
        {
          "coding": [
            {
              "system": "http://hl7.org/fhir/sid/icd-10",
              "code": "Z91.89",
              "display": "High risk of ovarian cancer"
            }
          ]
        }
      ],
      "count": 18
    },
    {
      "code": [
        {
          "coding": [
            {
              "system": "http://hl7.org/fhir/sid/icd-10",
              "code": "R00.0",
              "display": "Tachycardia"
            }
          ]
        }
      ],
      "count": 18
    },
    {
      "code": [
        {
          "coding": [
            {
              "system": "http://hl7.org/fhir/sid/icd-10",
              "code": "K92.2",
              "display": "Acute GI bleeding"
            }
          ]
        }
      ],
      "count": 18
    },
    {
      "code": [
        {
          "coding": [
            {
              "system": "http://hl7.org/fhir/sid/icd-10",
              "code": "I48.0",
              "display": "PAF (paroxysmal atrial fibrillation)"
            }
          ]
        }
      ],
      "count": 18
    },
    {
      "code": [
        {
          "coding": [
            {
              "system": "http://hl7.org/fhir/sid/icd-10",
              "code": "Z12.11",
              "display": "Special screening for malignant neoplasms, colon"
            }
          ]
        }
      ],
      "count": 18
    },
    {
      "code": [
        {
          "coding": [
            {
              "system": "http://hl7.org/fhir/sid/icd-10",
              "code": "N39.41",
              "display": "Urge incontinence"
            }
          ]
        }
      ],
      "count": 18
    },
    {
      "code": [
        {
          "coding": [
            {
              "system": "http://hl7.org/fhir/sid/icd-10",
              "code": "M17.11",
              "display": "Primary osteoarthritis of right knee"
            }
          ]
        }
      ],
      "count": 18
    },
    {
      "code": [
        {
          "coding": [
            {
              "system": "http://hl7.org/fhir/sid/icd-10",
              "code": "N39.46",
              "display": "Urinary incontinence, mixed"
            }
          ]
        }
      ],
      "count": 18
    },
    {
      "code": [
        {
          "coding": [
            {
              "system": "http://hl7.org/fhir/sid/icd-10",
              "code": "R31.9",
              "display": "Hematuria"
            }
          ]
        }
      ],
      "count": 18
    },
    {
      "code": [
        {
          "coding": [
            {
              "system": "http://hl7.org/fhir/sid/icd-10",
              "code": "N83.209",
              "display": "Other and unspecified ovarian cyst"
            }
          ]
        }
      ],
      "count": 18
    }
  ],
  "meta": {
    "tag": [
      {
        "system": "http://hl7.org/fhir/v3/ActReason",
        "code": "HTEST",
        "display": "test health data"
      }
    ]
  }
}