{
  "resourceType": "ClinicalProfile",
  "id": "jhu-diabetes-profile-33-labs",
  "text": {
    "status": "generated",
    "div": "\u003cdiv xmlns\u003d\"http://www.w3.org/1999/xhtml\"\u003e\n\t\t\t\u003cp\u003eSelected laboratory tests for Male, Black or African American patients aged 45-64 seen as either outpatients or inpatients at Johns Hopkins Hospital, JHCP, and Bayview between 3/1/2016 and 3/1/2018 having a diagnosis of diabetes recorded on the problem list or as an encounter diagnosis.\n\t\t\t\u003c/p\u003e\n\t\t\u003c/div\u003e"
  },
  "identifier": [
    {
      "value": "urn:uuid:3D67E405-D2E1-F2DE-2FB3BDE146B6BC6C"
    }
  ],
  "status": "draft",
  "population": {
    "reference": "Group/diabetes-population-jhu2"
  },
  "cohort": {
    "reference": "Group/diabetes-sample-33-cohort-jhu2"
  },
  "date": "2018-09-13T08:39:00Z",
  "source": [
    {
      "value": "http://ictrweb.johnshopkins.edu/ictr/synthetic/includes/clinical_profiles.cfm"
    }
  ],
  "reporter": {
    "reference": "Organization/JHM",
    "type": "Organization",
    "display": "Johns Hopkins School of Medicine"
  },
  "lab": [
    {
      "code": [
        {
          "coding": [
            {
              "system": "http://loinc.org",
              "code": "41653-7",
              "display": "Glucose [Mass/volume] in Capillary blood by Glucometer"
            }
          ]
        }
      ],
      "count": 70143,
      "frequencyPerYear": 6.5542,
      "fractionOfSubjects": 0.3508,
      "scalarDistribution": {
        "units": {
          "unit": "mg/dL",
          "system": "http://unitsofmeasure.org",
          "code": "mg/dL"
        },
        "min": 10,
        "max": 599,
        "mean": 176.21,
        "median": 159,
        "stdDev": 76.87,
        "decile": [
          {
            "nth": 10,
            "value": 98
          },
          {
            "nth": 20,
            "value": 115
          },
          {
            "nth": 30,
            "value": 130
          },
          {
            "nth": 40,
            "value": 144
          },
          {
            "nth": 50,
            "value": 159
          },
          {
            "nth": 60,
            "value": 176
          },
          {
            "nth": 70,
            "value": 198
          },
          {
            "nth": 80,
            "value": 228
          },
          {
            "nth": 90,
            "value": 277
          }
        ],
        "normalizedHigh": 106,
        "normalizedLow": 74,
        "fractionAboveNormal": 0.85,
        "fractionBelowNormal": 0.02
      }
    },
    {
      "code": [
        {
          "coding": [
            {
              "system": "http://loinc.org",
              "code": "2341-6",
              "display": "Glucose [Mass/volume] in Blood by Test strip manual"
            }
          ]
        }
      ],
      "count": 6400,
      "frequencyPerYear": 0.5980,
      "fractionOfSubjects": 0.0387,
      "scalarDistribution": {
        "units": {
          "unit": "mg/dL",
          "system": "http://unitsofmeasure.org",
          "code": "mg/dL"
        },
        "min": 15,
        "max": 597,
        "mean": 175.75,
        "median": 157,
        "stdDev": 82.54,
        "decile": [
          {
            "nth": 10,
            "value": 92
          },
          {
            "nth": 20,
            "value": 110
          },
          {
            "nth": 30,
            "value": 126
          },
          {
            "nth": 40,
            "value": 142
          },
          {
            "nth": 50,
            "value": 157
          },
          {
            "nth": 60,
            "value": 176
          },
          {
            "nth": 70,
            "value": 199
          },
          {
            "nth": 80,
            "value": 231
          },
          {
            "nth": 90,
            "value": 285
          }
        ]
      }
    },
    {
      "code": [
        {
          "coding": [
            {
              "system": "http://loinc.org",
              "code": "2345-7",
              "display": "Glucose [Mass/volume] in Serum or Plasma"
            }
          ]
        }
      ],
      "count": 40566,
      "frequencyPerYear": 3.7905,
      "fractionOfSubjects": 0.7514,
      "scalarDistribution": {
        "units": {
          "unit": "mg/dL",
          "system": "http://unitsofmeasure.org",
          "code": "mg/dL"
        },
        "min": 8,
        "max": 1813,
        "mean": 163.71,
        "median": 140,
        "stdDev": 87.34,
        "decile": [
          {
            "nth": 10,
            "value": 89
          },
          {
            "nth": 20,
            "value": 102
          },
          {
            "nth": 30,
            "value": 114
          },
          {
            "nth": 40,
            "value": 126
          },
          {
            "nth": 50,
            "value": 140
          },
          {
            "nth": 60,
            "value": 158
          },
          {
            "nth": 70,
            "value": 179
          },
          {
            "nth": 80,
            "value": 210
          },
          {
            "nth": 90,
            "value": 264
          }
        ],
        "normalizedHigh": 106,
        "normalizedLow": 74,
        "fractionAboveNormal": 0.76,
        "fractionBelowNormal": 0.03
      }
    },
    {
      "code": [
        {
          "coding": [
            {
              "system": "http://loinc.org",
              "code": "2339-0",
              "display": "Glucose [Mass/volume] in Blood"
            }
          ]
        }
      ],
      "count": 1024,
      "frequencyPerYear": 0.0957,
      "fractionOfSubjects": 0.0338,
      "scalarDistribution": {
        "units": {
          "unit": "mg/dL",
          "system": "http://unitsofmeasure.org",
          "code": "mg/dL"
        },
        "min": 45,
        "max": 978,
        "mean": 185.18,
        "median": 155,
        "stdDev": 108.34,
        "decile": [
          {
            "nth": 10,
            "value": 92
          },
          {
            "nth": 20,
            "value": 109
          },
          {
            "nth": 30,
            "value": 123
          },
          {
            "nth": 40,
            "value": 138
          },
          {
            "nth": 50,
            "value": 155
          },
          {
            "nth": 60,
            "value": 172
          },
          {
            "nth": 70,
            "value": 197
          },
          {
            "nth": 80,
            "value": 243
          },
          {
            "nth": 90,
            "value": 317
          }
        ]
      }
    },
    {
      "code": [
        {
          "coding": [
            {
              "system": "http://loinc.org",
              "code": "14749-6",
              "display": "Glucose [Moles/volume] in Serum or Plasma"
            }
          ]
        }
      ],
      "count": 369,
      "frequencyPerYear": 0.0345,
      "fractionOfSubjects": 0.0127,
      "scalarDistribution": {
        "units": {
          "unit": "mg/dL",
          "system": "http://unitsofmeasure.org",
          "code": "mg/dL"
        },
        "min": 38,
        "max": 741,
        "mean": 189.69,
        "median": 164.50,
        "stdDev": 102.40,
        "decile": [
          {
            "nth": 10,
            "value": 92
          },
          {
            "nth": 20,
            "value": 112
          },
          {
            "nth": 30,
            "value": 124
          },
          {
            "nth": 40,
            "value": 138
          },
          {
            "nth": 50,
            "value": 165
          },
          {
            "nth": 60,
            "value": 194
          },
          {
            "nth": 70,
            "value": 222
          },
          {
            "nth": 80,
            "value": 260
          },
          {
            "nth": 90,
            "value": 310
          }
        ],
        "normalizedHigh": 99,
        "normalizedLow": 60,
        "fractionAboveNormal": 0.86,
        "fractionBelowNormal": 0.01
      }
    },
    {
      "code": [
        {
          "coding": [
            {
              "system": "http://loinc.org",
              "code": "39789-3",
              "display": "Potassium [Moles/volume] in Venous blood"
            }
          ]
        }
      ],
      "count": 36013,
      "frequencyPerYear": 3.3651,
      "fractionOfSubjects": 0.6302,
      "scalarDistribution": {
        "units": {
          "unit": "mmol/L",
          "system": "http://unitsofmeasure.org",
          "code": "mmol/L"
        },
        "min": 2.20,
        "max": 9.80,
        "mean": 4.32,
        "median": 4.30,
        "stdDev": 0.59,
        "decile": [
          {
            "nth": 10,
            "value": 3.60
          },
          {
            "nth": 20,
            "value": 3.80
          },
          {
            "nth": 30,
            "value": 4
          },
          {
            "nth": 40,
            "value": 4.10
          },
          {
            "nth": 50,
            "value": 4.30
          },
          {
            "nth": 60,
            "value": 4.40
          },
          {
            "nth": 70,
            "value": 4.60
          },
          {
            "nth": 80,
            "value": 4.80
          },
          {
            "nth": 90,
            "value": 5.10
          }
        ]
      }
    },
    {
      "code": [
        {
          "coding": [
            {
              "system": "http://loinc.org",
              "code": "2823-3",
              "display": "Potassium [Moles/volume] in Serum or Plasma"
            }
          ]
        }
      ],
      "count": 4263,
      "frequencyPerYear": 0.3983,
      "fractionOfSubjects": 0.2170,
      "scalarDistribution": {
        "units": {
          "unit": "mmol/L",
          "system": "http://unitsofmeasure.org",
          "code": "mmol/L"
        },
        "min": 2.70,
        "max": 7,
        "mean": 4.32,
        "median": 4.30,
        "stdDev": 0.50,
        "decile": [
          {
            "nth": 10,
            "value": 3.70
          },
          {
            "nth": 20,
            "value": 3.90
          },
          {
            "nth": 30,
            "value": 4.10
          },
          {
            "nth": 40,
            "value": 4.20
          },
          {
            "nth": 50,
            "value": 4.30
          },
          {
            "nth": 60,
            "value": 4.40
          },
          {
            "nth": 70,
            "value": 4.60
          },
          {
            "nth": 80,
            "value": 4.70
          },
          {
            "nth": 90,
            "value": 4.90
          }
        ],
        "normalizedHigh": 5.2,
        "normalizedLow": 3.5,
        "fractionAboveNormal": 0.05,
        "fractionBelowNormal": 0.04
      }
    },
    {
      "code": [
        {
          "coding": [
            {
              "system": "http://loinc.org",
              "code": "6298-4",
              "display": "Potassium [Moles/volume] in Blood"
            }
          ]
        }
      ],
      "count": 52,
      "frequencyPerYear": 0.0049,
      "fractionOfSubjects": 0.0039,
      "scalarDistribution": {
        "units": {
          "unit": "MEQ/L",
          "system": "http://unitsofmeasure.org",
          "code": "MEQ/L"
        },
        "min": 3.60,
        "max": 4.80,
        "mean": 4.26,
        "median": 4.30,
        "stdDev": 0.30,
        "decile": [
          {
            "nth": 10,
            "value": 3.80
          },
          {
            "nth": 20,
            "value": 4
          },
          {
            "nth": 30,
            "value": 4.10
          },
          {
            "nth": 40,
            "value": 4.20
          },
          {
            "nth": 50,
            "value": 4.30
          },
          {
            "nth": 60,
            "value": 4.40
          },
          {
            "nth": 70,
            "value": 4.40
          },
          {
            "nth": 80,
            "value": 4.50
          },
          {
            "nth": 90,
            "value": 4.60
          }
        ],
        "normalizedHigh": 5.4,
        "normalizedLow": 3.7,
        "fractionAboveNormal": 0,
        "fractionBelowNormal": 0.04
      }
    },
    {
      "code": [
        {
          "coding": [
            {
              "system": "http://loinc.org",
              "code": "17861-6",
              "display": "Calcium [Mass/volume] in Serum or Plasma"
            }
          ]
        }
      ],
      "count": 40999,
      "frequencyPerYear": 3.8310,
      "fractionOfSubjects": 0.7630,
      "scalarDistribution": {
        "units": {
          "unit": "mg/dL",
          "system": "http://unitsofmeasure.org",
          "code": "mg/dL"
        },
        "min": 5.10,
        "max": 15.60,
        "mean": 8.81,
        "median": 8.90,
        "stdDev": 0.76,
        "decile": [
          {
            "nth": 10,
            "value": 7.80
          },
          {
            "nth": 20,
            "value": 8.20
          },
          {
            "nth": 30,
            "value": 8.50
          },
          {
            "nth": 40,
            "value": 8.70
          },
          {
            "nth": 50,
            "value": 8.90
          },
          {
            "nth": 60,
            "value": 9.10
          },
          {
            "nth": 70,
            "value": 9.20
          },
          {
            "nth": 80,
            "value": 9.40
          },
          {
            "nth": 90,
            "value": 9.70
          }
        ],
        "normalizedHigh": 10.5,
        "normalizedLow": 9,
        "fractionAboveNormal": 0.01,
        "fractionBelowNormal": 0.54
      }
    },
    {
      "code": [
        {
          "coding": [
            {
              "system": "http://loinc.org",
              "code": "2000-8",
              "display": "Calcium [Moles/volume] in Serum or Plasma"
            }
          ]
        }
      ],
      "count": 365,
      "frequencyPerYear": 0.0341,
      "fractionOfSubjects": 0.0127,
      "scalarDistribution": {
        "units": {
          "unit": "mg/dL",
          "system": "http://unitsofmeasure.org",
          "code": "mg/dL"
        },
        "min": 5.60,
        "max": 11.50,
        "mean": 8.62,
        "median": 8.60,
        "stdDev": 0.87,
        "decile": [
          {
            "nth": 10,
            "value": 7.60
          },
          {
            "nth": 20,
            "value": 8
          },
          {
            "nth": 30,
            "value": 8.20
          },
          {
            "nth": 40,
            "value": 8.50
          },
          {
            "nth": 50,
            "value": 8.60
          },
          {
            "nth": 60,
            "value": 8.80
          },
          {
            "nth": 70,
            "value": 9.10
          },
          {
            "nth": 80,
            "value": 9.30
          },
          {
            "nth": 90,
            "value": 9.60
          }
        ],
        "normalizedHigh": 10.4,
        "normalizedLow": 8.5,
        "fractionAboveNormal": 0.01,
        "fractionBelowNormal": 0.39
      }
    },
    {
      "code": [
        {
          "coding": [
            {
              "system": "http://loinc.org",
              "code": "2951-2",
              "display": "Sodium [Moles/volume] in Serum or Plasma"
            }
          ]
        }
      ],
      "count": 41035,
      "frequencyPerYear": 3.8343,
      "fractionOfSubjects": 0.7657,
      "scalarDistribution": {
        "units": {
          "unit": "mmol/L",
          "system": "http://unitsofmeasure.org",
          "code": "mmol/L"
        },
        "min": 109,
        "max": 168,
        "mean": 138.73,
        "median": 139,
        "stdDev": 4.18,
        "decile": [
          {
            "nth": 10,
            "value": 134
          },
          {
            "nth": 20,
            "value": 136
          },
          {
            "nth": 30,
            "value": 137
          },
          {
            "nth": 40,
            "value": 138
          },
          {
            "nth": 50,
            "value": 139
          },
          {
            "nth": 60,
            "value": 140
          },
          {
            "nth": 70,
            "value": 141
          },
          {
            "nth": 80,
            "value": 142
          },
          {
            "nth": 90,
            "value": 143
          }
        ],
        "normalizedHigh": 145,
        "normalizedLow": 136,
        "fractionAboveNormal": 0.03,
        "fractionBelowNormal": 0.19
      }
    },
    {
      "code": [
        {
          "coding": [
            {
              "system": "http://loinc.org",
              "code": "12962-7",
              "display": "Urea nitrogen [Mass/volume] in Venous blood"
            }
          ]
        }
      ],
      "count": 36706,
      "frequencyPerYear": 3.4298,
      "fractionOfSubjects": 0.6335,
      "scalarDistribution": {
        "units": {
          "unit": "mg/dL",
          "system": "http://unitsofmeasure.org",
          "code": "mg/dL"
        },
        "min": 1,
        "max": 256,
        "mean": 28.53,
        "median": 21,
        "stdDev": 22.15,
        "decile": [
          {
            "nth": 10,
            "value": 10
          },
          {
            "nth": 20,
            "value": 13
          },
          {
            "nth": 30,
            "value": 15
          },
          {
            "nth": 40,
            "value": 18
          },
          {
            "nth": 50,
            "value": 21
          },
          {
            "nth": 60,
            "value": 25
          },
          {
            "nth": 70,
            "value": 32
          },
          {
            "nth": 80,
            "value": 42
          },
          {
            "nth": 90,
            "value": 58
          }
        ]
      }
    },
    {
      "code": [
        {
          "coding": [
            {
              "system": "http://loinc.org",
              "code": "3094-0",
              "display": "Urea nitrogen [Mass/volume] in Serum or Plasma"
            }
          ]
        }
      ],
      "count": 4259,
      "frequencyPerYear": 0.3980,
      "fractionOfSubjects": 0.2172,
      "scalarDistribution": {
        "units": {
          "unit": "mg/dL",
          "system": "http://unitsofmeasure.org",
          "code": "mg/dL"
        },
        "min": 3,
        "max": 104,
        "mean": 20.82,
        "median": 17,
        "stdDev": 12.82,
        "decile": [
          {
            "nth": 10,
            "value": 11
          },
          {
            "nth": 20,
            "value": 13
          },
          {
            "nth": 30,
            "value": 14
          },
          {
            "nth": 40,
            "value": 16
          },
          {
            "nth": 50,
            "value": 17
          },
          {
            "nth": 60,
            "value": 19
          },
          {
            "nth": 70,
            "value": 22
          },
          {
            "nth": 80,
            "value": 25
          },
          {
            "nth": 90,
            "value": 34
          }
        ],
        "normalizedHigh": 25,
        "normalizedLow": 7,
        "fractionAboveNormal": 0.20,
        "fractionBelowNormal": 0.01
      }
    },
    {
      "code": [
        {
          "coding": [
            {
              "system": "http://loinc.org",
              "code": "6299-2",
              "display": "Urea nitrogen [Mass/volume] in Blood"
            }
          ]
        }
      ],
      "count": 52,
      "frequencyPerYear": 0.0049,
      "fractionOfSubjects": 0.0039,
      "scalarDistribution": {
        "units": {
          "unit": "mg/dL",
          "system": "http://unitsofmeasure.org",
          "code": "mg/dL"
        },
        "min": 6,
        "max": 57,
        "mean": 17.69,
        "median": 16,
        "stdDev": 7.97,
        "decile": [
          {
            "nth": 10,
            "value": 11
          },
          {
            "nth": 20,
            "value": 13
          },
          {
            "nth": 30,
            "value": 14
          },
          {
            "nth": 40,
            "value": 14
          },
          {
            "nth": 50,
            "value": 16
          },
          {
            "nth": 60,
            "value": 17
          },
          {
            "nth": 70,
            "value": 19
          },
          {
            "nth": 80,
            "value": 21
          },
          {
            "nth": 90,
            "value": 23
          }
        ],
        "normalizedHigh": 23,
        "normalizedLow": 9,
        "fractionAboveNormal": 0.10,
        "fractionBelowNormal": 0.02
      }
    },
    {
      "code": [
        {
          "coding": [
            {
              "system": "http://loinc.org",
              "code": "48642-3",
              "display": "Glomerular filtration rate/1.73 sq M predicted among non-blacks [Volume Rate/Area] in Serum or Plasma by Creatinine-based formula (MDRD)"
            }
          ]
        }
      ],
      "count": 22603,
      "frequencyPerYear": 2.1120,
      "fractionOfSubjects": 0.4162,
      "scalarDistribution": {
        "units": {
          "unit": "mL/min/1.73 sqm",
          "system": "http://unitsofmeasure.org",
          "code": "mL/min/1.73 sqm"
        },
        "min": 1,
        "max": 133,
        "mean": 34.71,
        "median": 34,
        "stdDev": 20.93,
        "decile": [
          {
            "nth": 10,
            "value": 8
          },
          {
            "nth": 20,
            "value": 13
          },
          {
            "nth": 30,
            "value": 20
          },
          {
            "nth": 40,
            "value": 27
          },
          {
            "nth": 50,
            "value": 34
          },
          {
            "nth": 60,
            "value": 41
          },
          {
            "nth": 70,
            "value": 47
          },
          {
            "nth": 80,
            "value": 52
          },
          {
            "nth": 90,
            "value": 57
          }
        ]
      }
    },
    {
      "code": [
        {
          "coding": [
            {
              "system": "http://loinc.org",
              "code": "33914-3",
              "display": "Glomerular filtration rate/1.73 sq M.predicted [Volume Rate/Area] in Serum or Plasma by Creatinine-based formula (MDRD)"
            }
          ]
        }
      ],
      "count": 1312,
      "frequencyPerYear": 0.1226,
      "fractionOfSubjects": 0.0833,
      "scalarDistribution": {
        "units": {
          "unit": "mL/min/1.73m2",
          "system": "http://unitsofmeasure.org",
          "code": "mL/min/1.73m2"
        },
        "min": 3,
        "max": 116,
        "mean": 67.78,
        "median": 69,
        "stdDev": 22.10,
        "decile": [
          {
            "nth": 10,
            "value": 38
          },
          {
            "nth": 20,
            "value": 50
          },
          {
            "nth": 30,
            "value": 58
          },
          {
            "nth": 40,
            "value": 64
          },
          {
            "nth": 50,
            "value": 69
          },
          {
            "nth": 60,
            "value": 74
          },
          {
            "nth": 70,
            "value": 80
          },
          {
            "nth": 80,
            "value": 88
          },
          {
            "nth": 90,
            "value": 96
          }
        ]
      }
    },
    {
      "code": [
        {
          "coding": [
            {
              "system": "http://loinc.org",
              "code": "62238-1",
              "display": "Glomerular filtration rate/1.73 sq M.predicted [Volume Rate/Area] in Serum or Plasma by Creatinine-based formula (CKD-EPI)"
            }
          ]
        }
      ],
      "count": 311,
      "frequencyPerYear": 0.0291,
      "fractionOfSubjects": 0.0364,
      "scalarDistribution": {
        "units": {
          "unit": "mL/min/1.73m2",
          "system": "http://unitsofmeasure.org",
          "code": "mL/min/1.73m2"
        },
        "min": 19,
        "max": 115,
        "mean": 71.09,
        "median": 73,
        "stdDev": 19.78,
        "decile": [
          {
            "nth": 10,
            "value": 47
          },
          {
            "nth": 20,
            "value": 54
          },
          {
            "nth": 30,
            "value": 59
          },
          {
            "nth": 40,
            "value": 66
          },
          {
            "nth": 50,
            "value": 73
          },
          {
            "nth": 60,
            "value": 79
          },
          {
            "nth": 70,
            "value": 82
          },
          {
            "nth": 80,
            "value": 88
          },
          {
            "nth": 90,
            "value": 96
          }
        ]
      }
    },
    {
      "code": [
        {
          "coding": [
            {
              "system": "http://loinc.org",
              "code": "48643-1",
              "display": "Glomerular filtration rate/1.73 sq M predicted among blacks [Volume Rate/Area] in Serum or Plasma by Creatinine-based formula (MDRD)"
            }
          ]
        }
      ],
      "count": 20131,
      "frequencyPerYear": 1.8811,
      "fractionOfSubjects": 0.3975,
      "scalarDistribution": {
        "units": {
          "unit": "mL/min/1.73m2",
          "system": "http://unitsofmeasure.org",
          "code": "mL/min/1.73m2"
        },
        "min": 2,
        "max": 153,
        "mean": 39.26,
        "median": 37,
        "stdDev": 26.29,
        "decile": [
          {
            "nth": 10,
            "value": 9
          },
          {
            "nth": 20,
            "value": 14
          },
          {
            "nth": 30,
            "value": 21
          },
          {
            "nth": 40,
            "value": 28
          },
          {
            "nth": 50,
            "value": 37
          },
          {
            "nth": 60,
            "value": 44
          },
          {
            "nth": 70,
            "value": 50
          },
          {
            "nth": 80,
            "value": 57
          },
          {
            "nth": 90,
            "value": 76
          }
        ]
      }
    },
    {
      "code": [
        {
          "coding": [
            {
              "system": "http://loinc.org",
              "code": "62238-1",
              "display": "Glomerular filtration rate/1.73 sq M.predicted [Volume Rate/Area] in Serum or Plasma by Creatinine-based formula (CKD-EPI)"
            }
          ]
        }
      ],
      "count": 311,
      "frequencyPerYear": 0.0291,
      "fractionOfSubjects": 0.0364,
      "scalarDistribution": {
        "units": {
          "unit": "mL/min/1.73m2",
          "system": "http://unitsofmeasure.org",
          "code": "mL/min/1.73m2"
        },
        "min": 22,
        "max": 133,
        "mean": 82.18,
        "median": 84,
        "stdDev": 22.86,
        "decile": [
          {
            "nth": 10,
            "value": 54
          },
          {
            "nth": 20,
            "value": 62
          },
          {
            "nth": 30,
            "value": 69
          },
          {
            "nth": 40,
            "value": 76
          },
          {
            "nth": 50,
            "value": 84
          },
          {
            "nth": 60,
            "value": 91
          },
          {
            "nth": 70,
            "value": 95
          },
          {
            "nth": 80,
            "value": 102
          },
          {
            "nth": 90,
            "value": 111
          }
        ]
      }
    },
    {
      "code": [
        {
          "coding": [
            {
              "system": "http://loinc.org",
              "code": "4544-3",
              "display": "Hematocrit [Volume Fraction] of Blood by Automated count"
            }
          ]
        }
      ],
      "count": 33437,
      "frequencyPerYear": 3.1244,
      "fractionOfSubjects": 0.6758,
      "scalarDistribution": {
        "units": {
          "unit": "%",
          "system": "http://unitsofmeasure.org",
          "code": "%"
        },
        "min": 8.80,
        "max": 73.80,
        "mean": 33.97,
        "median": 34.40,
        "stdDev": 7.41,
        "decile": [
          {
            "nth": 10,
            "value": 23.90
          },
          {
            "nth": 20,
            "value": 26.50
          },
          {
            "nth": 30,
            "value": 29.20
          },
          {
            "nth": 40,
            "value": 31.90
          },
          {
            "nth": 50,
            "value": 34.40
          },
          {
            "nth": 60,
            "value": 36.60
          },
          {
            "nth": 70,
            "value": 38.70
          },
          {
            "nth": 80,
            "value": 40.80
          },
          {
            "nth": 90,
            "value": 43.50
          }
        ],
        "normalizedHigh": 46.6,
        "normalizedLow": 34.0,
        "fractionAboveNormal": 0.03,
        "fractionBelowNormal": 0.48
      }
    },
    {
      "code": [
        {
          "coding": [
            {
              "system": "http://loinc.org",
              "code": "33256-9",
              "display": "Leukocytes [#/volume] corrected for nucleated erythrocytes in Blood by Automated count"
            }
          ]
        }
      ],
      "count": 30049,
      "frequencyPerYear": 2.8078,
      "fractionOfSubjects": 0.5687,
      "scalarDistribution": {
        "units": {
          "unit": "K/cu mm",
          "system": "http://unitsofmeasure.org",
          "code": "K/cu mm"
        },
        "min": 0.05,
        "max": 342.86,
        "mean": 8.22,
        "median": 7.10,
        "stdDev": 6.70,
        "decile": [
          {
            "nth": 10,
            "value": 3.89
          },
          {
            "nth": 20,
            "value": 4.87
          },
          {
            "nth": 30,
            "value": 5.65
          },
          {
            "nth": 40,
            "value": 6.35
          },
          {
            "nth": 50,
            "value": 7.10
          },
          {
            "nth": 60,
            "value": 7.97
          },
          {
            "nth": 70,
            "value": 9.03
          },
          {
            "nth": 80,
            "value": 10.48
          },
          {
            "nth": 90,
            "value": 13.19
          }
        ]
      }
    },
    {
      "code": [
        {
          "coding": [
            {
              "system": "http://loinc.org",
              "code": "6690-2",
              "display": "Leukocytes [#/volume] in Blood by Automated count"
            }
          ]
        }
      ],
      "count": 3366,
      "frequencyPerYear": 0.3145,
      "fractionOfSubjects": 0.1721,
      "scalarDistribution": {
        "units": {
          "unit": "x10E3/uL",
          "system": "http://unitsofmeasure.org",
          "code": "x10E3/uL"
        },
        "min": 0.90,
        "max": 45.38,
        "mean": 6.40,
        "median": 5.80,
        "stdDev": 3.38,
        "decile": [
          {
            "nth": 10,
            "value": 3.40
          },
          {
            "nth": 20,
            "value": 4.10
          },
          {
            "nth": 30,
            "value": 4.70
          },
          {
            "nth": 40,
            "value": 5.20
          },
          {
            "nth": 50,
            "value": 5.80
          },
          {
            "nth": 60,
            "value": 6.50
          },
          {
            "nth": 70,
            "value": 7.30
          },
          {
            "nth": 80,
            "value": 8.20
          },
          {
            "nth": 90,
            "value": 9.70
          }
        ],
        "normalizedHigh": 10.8,
        "normalizedLow": 3.4,
        "fractionAboveNormal": 0.06,
        "fractionBelowNormal": 0.11
      }
    },
    {
      "code": [
        {
          "coding": [
            {
              "system": "http://loinc.org",
              "code": "777-3",
              "display": "Platelets [#/volume] in Blood by Automated count"
            }
          ]
        }
      ],
      "count": 33390,
      "frequencyPerYear": 3.1200,
      "fractionOfSubjects": 0.6756,
      "scalarDistribution": {
        "units": {
          "unit": "x10E3/uL",
          "system": "http://unitsofmeasure.org",
          "code": "x10E3/uL"
        },
        "min": 0,
        "max": 1064,
        "mean": 220.21,
        "median": 208,
        "stdDev": 101.78,
        "decile": [
          {
            "nth": 10,
            "value": 109
          },
          {
            "nth": 20,
            "value": 145
          },
          {
            "nth": 30,
            "value": 168
          },
          {
            "nth": 40,
            "value": 188
          },
          {
            "nth": 50,
            "value": 208
          },
          {
            "nth": 60,
            "value": 230
          },
          {
            "nth": 70,
            "value": 255
          },
          {
            "nth": 80,
            "value": 288
          },
          {
            "nth": 90,
            "value": 339
          }
        ],
        "normalizedHigh": 396,
        "normalizedLow": 140,
        "fractionAboveNormal": 0.05,
        "fractionBelowNormal": 0.18
      }
    },
    {
      "code": [
        {
          "coding": [
            {
              "system": "http://loinc.org",
              "code": "718-7",
              "display": "Hemoglobin [Mass/volume] in Blood"
            }
          ]
        }
      ],
      "count": 33330,
      "frequencyPerYear": 3.1144,
      "fractionOfSubjects": 0.6756,
      "scalarDistribution": {
        "units": {
          "unit": "g/dL",
          "system": "http://unitsofmeasure.org",
          "code": "g/dL"
        },
        "min": 2.80,
        "max": 23.70,
        "mean": 11.03,
        "median": 11.10,
        "stdDev": 2.51,
        "decile": [
          {
            "nth": 10,
            "value": 7.70
          },
          {
            "nth": 20,
            "value": 8.50
          },
          {
            "nth": 30,
            "value": 9.30
          },
          {
            "nth": 40,
            "value": 10.20
          },
          {
            "nth": 50,
            "value": 11.10
          },
          {
            "nth": 60,
            "value": 11.90
          },
          {
            "nth": 70,
            "value": 12.60
          },
          {
            "nth": 80,
            "value": 13.40
          },
          {
            "nth": 90,
            "value": 14.30
          }
        ],
        "normalizedHigh": 16.0,
        "normalizedLow": 12.0,
        "fractionAboveNormal": 0.01,
        "fractionBelowNormal": 0.61
      }
    },
    {
      "code": [
        {
          "coding": [
            {
              "system": "http://loinc.org",
              "code": "789-8",
              "display": "Erythrocytes [#/volume] in Blood by Automated count"
            }
          ]
        }
      ],
      "count": 33384,
      "frequencyPerYear": 3.1194,
      "fractionOfSubjects": 0.6756,
      "scalarDistribution": {
        "units": {
          "unit": "x10E6/uL",
          "system": "http://unitsofmeasure.org",
          "code": "x10E6/uL"
        },
        "min": 0.84,
        "max": 8.14,
        "mean": 3.91,
        "median": 3.92,
        "stdDev": 0.92,
        "decile": [
          {
            "nth": 10,
            "value": 2.68
          },
          {
            "nth": 20,
            "value": 3
          },
          {
            "nth": 30,
            "value": 3.32
          },
          {
            "nth": 40,
            "value": 3.63
          },
          {
            "nth": 50,
            "value": 3.92
          },
          {
            "nth": 60,
            "value": 4.20
          },
          {
            "nth": 70,
            "value": 4.46
          },
          {
            "nth": 80,
            "value": 4.74
          },
          {
            "nth": 90,
            "value": 5.08
          }
        ],
        "normalizedHigh": 5.28,
        "normalizedLow": 3.77,
        "fractionAboveNormal": 0.06,
        "fractionBelowNormal": 0.45
      }
    },
    {
      "code": [
        {
          "coding": [
            {
              "system": "http://loinc.org",
              "code": "787-2",
              "display": "Erythrocyte mean corpuscular volume [Entitic volume] by Automated count"
            }
          ]
        }
      ],
      "count": 33322,
      "frequencyPerYear": 3.1136,
      "fractionOfSubjects": 0.6756,
      "scalarDistribution": {
        "units": {
          "unit": "fL",
          "system": "http://unitsofmeasure.org",
          "code": "fL"
        },
        "min": 60.70,
        "max": 118.10,
        "mean": 87.61,
        "median": 87.70,
        "stdDev": 6.94,
        "decile": [
          {
            "nth": 10,
            "value": 79.10
          },
          {
            "nth": 20,
            "value": 82.30
          },
          {
            "nth": 30,
            "value": 84.40
          },
          {
            "nth": 40,
            "value": 86.10
          },
          {
            "nth": 50,
            "value": 87.70
          },
          {
            "nth": 60,
            "value": 89.30
          },
          {
            "nth": 70,
            "value": 91
          },
          {
            "nth": 80,
            "value": 93
          },
          {
            "nth": 90,
            "value": 96
          }
        ],
        "normalizedHigh": 97,
        "normalizedLow": 79,
        "fractionAboveNormal": 0.08,
        "fractionBelowNormal": 0.09
      }
    },
    {
      "code": [
        {
          "coding": [
            {
              "system": "http://loinc.org",
              "code": "786-4",
              "display": "Erythrocyte mean corpuscular hemoglobin concentration [Mass/volume] by Automated count"
            }
          ]
        }
      ],
      "count": 33224,
      "frequencyPerYear": 3.1045,
      "fractionOfSubjects": 0.6756,
      "scalarDistribution": {
        "units": {
          "unit": "g/dL",
          "system": "http://unitsofmeasure.org",
          "code": "g/dL"
        },
        "min": 25,
        "max": 38.50,
        "mean": 32.43,
        "median": 32.40,
        "stdDev": 1.50,
        "decile": [
          {
            "nth": 10,
            "value": 30.50
          },
          {
            "nth": 20,
            "value": 31.20
          },
          {
            "nth": 30,
            "value": 31.70
          },
          {
            "nth": 40,
            "value": 32.10
          },
          {
            "nth": 50,
            "value": 32.40
          },
          {
            "nth": 60,
            "value": 32.80
          },
          {
            "nth": 70,
            "value": 33.20
          },
          {
            "nth": 80,
            "value": 33.70
          },
          {
            "nth": 90,
            "value": 34.30
          }
        ],
        "normalizedHigh": 35.7,
        "normalizedLow": 31.5,
        "fractionAboveNormal": 0.02,
        "fractionBelowNormal": 0.25
      }
    },
    {
      "code": [
        {
          "coding": [
            {
              "system": "http://loinc.org",
              "code": "785-6",
              "display": "Erythrocyte mean corpuscular hemoglobin [Entitic mass] by Automated count"
            }
          ]
        }
      ],
      "count": 33140,
      "frequencyPerYear": 3.0966,
      "fractionOfSubjects": 0.6756,
      "scalarDistribution": {
        "units": {
          "unit": "pg",
          "system": "http://unitsofmeasure.org",
          "code": "pg"
        },
        "min": 15.40,
        "max": 40.20,
        "mean": 28.42,
        "median": 28.50,
        "stdDev": 2.67,
        "decile": [
          {
            "nth": 10,
            "value": 25.10
          },
          {
            "nth": 20,
            "value": 26.40
          },
          {
            "nth": 30,
            "value": 27.20
          },
          {
            "nth": 40,
            "value": 27.90
          },
          {
            "nth": 50,
            "value": 28.50
          },
          {
            "nth": 60,
            "value": 29.10
          },
          {
            "nth": 70,
            "value": 29.80
          },
          {
            "nth": 80,
            "value": 30.50
          },
          {
            "nth": 90,
            "value": 31.60
          }
        ],
        "normalizedHigh": 33.0,
        "normalizedLow": 26.6,
        "fractionAboveNormal": 0.03,
        "fractionBelowNormal": 0.21
      }
    },
    {
      "code": [
        {
          "coding": [
            {
              "system": "http://loinc.org",
              "code": "788-0",
              "display": "Erythrocyte distribution width [Ratio] by Automated count"
            }
          ]
        }
      ],
      "count": 32771,
      "frequencyPerYear": 3.0621,
      "fractionOfSubjects": 0.6756,
      "scalarDistribution": {
        "units": {
          "unit": "%",
          "system": "http://unitsofmeasure.org",
          "code": "%"
        },
        "min": 10.60,
        "max": 37.10,
        "mean": 15.42,
        "median": 14.80,
        "stdDev": 2.56,
        "decile": [
          {
            "nth": 10,
            "value": 12.90
          },
          {
            "nth": 20,
            "value": 13.40
          },
          {
            "nth": 30,
            "value": 13.90
          },
          {
            "nth": 40,
            "value": 14.40
          },
          {
            "nth": 50,
            "value": 14.80
          },
          {
            "nth": 60,
            "value": 15.40
          },
          {
            "nth": 70,
            "value": 16.10
          },
          {
            "nth": 80,
            "value": 17.10
          },
          {
            "nth": 90,
            "value": 18.70
          }
        ],
        "normalizedHigh": 15.4,
        "normalizedLow": 12.3,
        "fractionAboveNormal": 0.40,
        "fractionBelowNormal": 0.03
      }
    },
    {
      "code": [
        {
          "coding": [
            {
              "system": "http://loinc.org",
              "code": "6768-6",
              "display": "Alkaline phosphatase [Enzymatic activity/volume] in Serum or Plasma"
            }
          ]
        }
      ],
      "count": 27156,
      "frequencyPerYear": 2.5375,
      "fractionOfSubjects": 0.7223,
      "scalarDistribution": {
        "units": {
          "unit": "U/L",
          "system": "http://unitsofmeasure.org",
          "code": "U/L"
        },
        "min": 16,
        "max": 2326,
        "mean": 119.81,
        "median": 88,
        "stdDev": 121.92,
        "decile": [
          {
            "nth": 10,
            "value": 54
          },
          {
            "nth": 20,
            "value": 64
          },
          {
            "nth": 30,
            "value": 72
          },
          {
            "nth": 40,
            "value": 79
          },
          {
            "nth": 50,
            "value": 88
          },
          {
            "nth": 60,
            "value": 98
          },
          {
            "nth": 70,
            "value": 111
          },
          {
            "nth": 80,
            "value": 134
          },
          {
            "nth": 90,
            "value": 197
          }
        ],
        "normalizedHigh": 120,
        "normalizedLow": 30,
        "fractionAboveNormal": 0.25,
        "fractionBelowNormal": 0.00
      }
    },
    {
      "code": [
        {
          "coding": [
            {
              "system": "http://loinc.org",
              "code": "1920-8",
              "display": "Aspartate aminotransferase [Enzymatic activity/volume] in Serum or Plasma"
            }
          ]
        }
      ],
      "count": 25810,
      "frequencyPerYear": 2.4117,
      "fractionOfSubjects": 0.7182,
      "scalarDistribution": {
        "units": {
          "unit": "IU/L",
          "system": "http://unitsofmeasure.org",
          "code": "IU/L"
        },
        "min": 4,
        "max": 16765,
        "mean": 49.51,
        "median": 22,
        "stdDev": 301.27,
        "decile": [
          {
            "nth": 10,
            "value": 13
          },
          {
            "nth": 20,
            "value": 15
          },
          {
            "nth": 30,
            "value": 17
          },
          {
            "nth": 40,
            "value": 19
          },
          {
            "nth": 50,
            "value": 22
          },
          {
            "nth": 60,
            "value": 25
          },
          {
            "nth": 70,
            "value": 30
          },
          {
            "nth": 80,
            "value": 38
          },
          {
            "nth": 90,
            "value": 62
          }
        ],
        "normalizedHigh": 40,
        "normalizedLow": 0,
        "fractionAboveNormal": 0.18,
        "fractionBelowNormal": 0
      }
    },
    {
      "code": [
        {
          "coding": [
            {
              "system": "http://loinc.org",
              "code": "1742-6",
              "display": "Alanine aminotransferase [Enzymatic activity/volume] in Serum or Plasma"
            }
          ]
        }
      ],
      "count": 26844,
      "frequencyPerYear": 2.5083,
      "fractionOfSubjects": 0.7262,
      "scalarDistribution": {
        "units": {
          "unit": "U/L",
          "system": "http://unitsofmeasure.org",
          "code": "U/L"
        },
        "min": 3,
        "max": 4971,
        "mean": 42.26,
        "median": 22,
        "stdDev": 153.49,
        "decile": [
          {
            "nth": 10,
            "value": 10
          },
          {
            "nth": 20,
            "value": 13
          },
          {
            "nth": 30,
            "value": 16
          },
          {
            "nth": 40,
            "value": 18
          },
          {
            "nth": 50,
            "value": 22
          },
          {
            "nth": 60,
            "value": 25
          },
          {
            "nth": 70,
            "value": 31
          },
          {
            "nth": 80,
            "value": 40
          },
          {
            "nth": 90,
            "value": 62
          }
        ],
        "normalizedHigh": 25,
        "normalizedLow": 0,
        "fractionAboveNormal": 0.40,
        "fractionBelowNormal": 0
      }
    },
    {
      "code": [
        {
          "coding": [
            {
              "system": "http://loinc.org",
              "code": "2885-2",
              "display": "Protein [Mass/volume] in Serum or Plasma"
            }
          ]
        }
      ],
      "count": 27203,
      "frequencyPerYear": 2.5419,
      "fractionOfSubjects": 0.7227,
      "scalarDistribution": {
        "units": {
          "unit": "g/dL",
          "system": "http://unitsofmeasure.org",
          "code": "g/dL"
        },
        "min": 2.40,
        "max": 10.50,
        "mean": 6.79,
        "median": 6.90,
        "stdDev": 0.90,
        "decile": [
          {
            "nth": 10,
            "value": 5.60
          },
          {
            "nth": 20,
            "value": 6.10
          },
          {
            "nth": 30,
            "value": 6.40
          },
          {
            "nth": 40,
            "value": 6.70
          },
          {
            "nth": 50,
            "value": 6.90
          },
          {
            "nth": 60,
            "value": 7.10
          },
          {
            "nth": 70,
            "value": 7.30
          },
          {
            "nth": 80,
            "value": 7.50
          },
          {
            "nth": 90,
            "value": 7.80
          }
        ],
        "normalizedHigh": 8.5,
        "normalizedLow": 6,
        "fractionAboveNormal": 0.02,
        "fractionBelowNormal": 0.17
      }
    },
    {
      "code": [
        {
          "coding": [
            {
              "system": "http://loinc.org",
              "code": "1975-2",
              "display": "Bilirubin.total [Mass/volume] in Serum or Plasma"
            }
          ]
        }
      ],
      "count": 24353,
      "frequencyPerYear": 2.2756,
      "fractionOfSubjects": 0.7055,
      "scalarDistribution": {
        "units": {
          "unit": "mg/dL",
          "system": "http://unitsofmeasure.org",
          "code": "mg/dL"
        },
        "min": 0.10,
        "max": 48.20,
        "mean": 0.89,
        "median": 0.50,
        "stdDev": 2.66,
        "decile": [
          {
            "nth": 10,
            "value": 0.30
          },
          {
            "nth": 20,
            "value": 0.30
          },
          {
            "nth": 30,
            "value": 0.30
          },
          {
            "nth": 40,
            "value": 0.40
          },
          {
            "nth": 50,
            "value": 0.50
          },
          {
            "nth": 60,
            "value": 0.50
          },
          {
            "nth": 70,
            "value": 0.60
          },
          {
            "nth": 80,
            "value": 0.80
          },
          {
            "nth": 90,
            "value": 1.20
          }
        ],
        "normalizedHigh": 1.2,
        "normalizedLow": 0.2,
        "fractionAboveNormal": 0.10,
        "fractionBelowNormal": 0.00
      }
    },
    {
      "code": [
        {
          "coding": [
            {
              "system": "http://loinc.org",
              "code": "713-8",
              "display": "Eosinophils/100 leukocytes in Blood by Automated count"
            }
          ]
        }
      ],
      "count": 20594,
      "frequencyPerYear": 1.9243,
      "fractionOfSubjects": 0.5560,
      "scalarDistribution": {
        "units": {
          "unit": "%",
          "system": "http://unitsofmeasure.org",
          "code": "%"
        },
        "min": 0,
        "max": 47.90,
        "mean": 2.47,
        "median": 1.90,
        "stdDev": 2.65,
        "decile": [
          {
            "nth": 10,
            "value": 0.20
          },
          {
            "nth": 20,
            "value": 0.70
          },
          {
            "nth": 30,
            "value": 1
          },
          {
            "nth": 40,
            "value": 1.40
          },
          {
            "nth": 50,
            "value": 1.90
          },
          {
            "nth": 60,
            "value": 2.30
          },
          {
            "nth": 70,
            "value": 2.90
          },
          {
            "nth": 80,
            "value": 3.70
          },
          {
            "nth": 90,
            "value": 5.10
          }
        ],
        "normalizedHigh": 7,
        "normalizedLow": 0,
        "fractionAboveNormal": 0.05,
        "fractionBelowNormal": 0
      }
    },
    {
      "code": [
        {
          "coding": [
            {
              "system": "http://loinc.org",
              "code": "706-2",
              "display": "Basophils/100 leukocytes in Blood by Automated count"
            }
          ]
        }
      ],
      "count": 18789,
      "frequencyPerYear": 1.7557,
      "fractionOfSubjects": 0.5134,
      "scalarDistribution": {
        "units": {
          "unit": "%",
          "system": "http://unitsofmeasure.org",
          "code": "%"
        },
        "min": 0,
        "max": 6.40,
        "mean": 0.51,
        "median": 0.40,
        "stdDev": 0.36,
        "decile": [
          {
            "nth": 10,
            "value": 0.20
          },
          {
            "nth": 20,
            "value": 0.20
          },
          {
            "nth": 30,
            "value": 0.30
          },
          {
            "nth": 40,
            "value": 0.40
          },
          {
            "nth": 50,
            "value": 0.40
          },
          {
            "nth": 60,
            "value": 0.50
          },
          {
            "nth": 70,
            "value": 0.60
          },
          {
            "nth": 80,
            "value": 0.70
          },
          {
            "nth": 90,
            "value": 0.90
          }
        ],
        "normalizedHigh": 1.0,
        "normalizedLow": 0.0,
        "fractionAboveNormal": 0.06,
        "fractionBelowNormal": 0
      }
    },
    {
      "code": [
        {
          "coding": [
            {
              "system": "http://loinc.org",
              "code": "704-7",
              "display": "Basophils [#/volume] in Blood by Automated count"
            }
          ]
        }
      ],
      "count": 24,
      "frequencyPerYear": 0.0022,
      "fractionOfSubjects": 0.0024,
      "scalarDistribution": {
        "units": {
          "unit": "K/uL",
          "system": "http://unitsofmeasure.org",
          "code": "K/uL"
        },
        "min": 0,
        "max": 0.10,
        "mean": 0.02,
        "median": 0,
        "stdDev": 0.04,
        "decile": [
          {
            "nth": 10,
            "value": 0
          },
          {
            "nth": 20,
            "value": 0
          },
          {
            "nth": 30,
            "value": 0
          },
          {
            "nth": 40,
            "value": 0
          },
          {
            "nth": 50,
            "value": 0
          },
          {
            "nth": 60,
            "value": 0
          },
          {
            "nth": 70,
            "value": 0
          },
          {
            "nth": 80,
            "value": 0
          },
          {
            "nth": 90,
            "value": 0.10
          }
        ],
        "normalizedHigh": 0.1,
        "normalizedLow": 0,
        "fractionAboveNormal": 0,
        "fractionBelowNormal": 0
      }
    },
    {
      "code": [
        {
          "coding": [
            {
              "system": "http://loinc.org",
              "code": "19123-9",
              "display": "Magnesium [Mass/volume] in Serum or Plasma"
            }
          ]
        }
      ],
      "count": 17959,
      "frequencyPerYear": 1.6781,
      "fractionOfSubjects": 0.2514,
      "scalarDistribution": {
        "units": {
          "unit": "mg/dL",
          "system": "http://unitsofmeasure.org",
          "code": "mg/dL"
        },
        "min": 0.40,
        "max": 23.40,
        "mean": 2.04,
        "median": 2,
        "stdDev": 0.42,
        "decile": [
          {
            "nth": 10,
            "value": 1.60
          },
          {
            "nth": 20,
            "value": 1.70
          },
          {
            "nth": 30,
            "value": 1.80
          },
          {
            "nth": 40,
            "value": 1.90
          },
          {
            "nth": 50,
            "value": 2
          },
          {
            "nth": 60,
            "value": 2.10
          },
          {
            "nth": 70,
            "value": 2.20
          },
          {
            "nth": 80,
            "value": 2.30
          },
          {
            "nth": 90,
            "value": 2.50
          }
        ],
        "normalizedHigh": 2.3,
        "normalizedLow": 1.6,
        "fractionAboveNormal": 0.18,
        "fractionBelowNormal": 0.09
      }
    },
    {
      "code": [
        {
          "coding": [
            {
              "system": "http://loinc.org",
              "code": "2601-3",
              "display": "Magnesium [Moles/volume] in Serum or Plasma"
            }
          ]
        }
      ],
      "count": 87,
      "frequencyPerYear": 0.0081,
      "fractionOfSubjects": 0.0041,
      "scalarDistribution": {
        "units": {
          "unit": "mg/dL",
          "system": "http://unitsofmeasure.org",
          "code": "mg/dL"
        },
        "min": 1.30,
        "max": 2.70,
        "mean": 1.89,
        "median": 1.90,
        "stdDev": 0.29,
        "decile": [
          {
            "nth": 10,
            "value": 1.50
          },
          {
            "nth": 20,
            "value": 1.60
          },
          {
            "nth": 30,
            "value": 1.70
          },
          {
            "nth": 40,
            "value": 1.80
          },
          {
            "nth": 50,
            "value": 1.90
          },
          {
            "nth": 60,
            "value": 2
          },
          {
            "nth": 70,
            "value": 2.10
          },
          {
            "nth": 80,
            "value": 2.10
          },
          {
            "nth": 90,
            "value": 2.20
          }
        ],
        "normalizedHigh": 2.2,
        "normalizedLow": 1.2,
        "fractionAboveNormal": 0.16,
        "fractionBelowNormal": 0
      }
    },
    {
      "code": [
        {
          "coding": [
            {
              "system": "http://loinc.org",
              "code": "5905-5",
              "display": "Monocytes/100 leukocytes in Blood by Automated count"
            }
          ]
        }
      ],
      "count": 18390,
      "frequencyPerYear": 1.7184,
      "fractionOfSubjects": 0.4836,
      "scalarDistribution": {
        "units": {
          "unit": "%",
          "system": "http://unitsofmeasure.org",
          "code": "%"
        },
        "min": 0,
        "max": 50,
        "mean": 9.17,
        "median": 8.70,
        "stdDev": 3.68,
        "decile": [
          {
            "nth": 10,
            "value": 5.40
          },
          {
            "nth": 20,
            "value": 6.50
          },
          {
            "nth": 30,
            "value": 7.30
          },
          {
            "nth": 40,
            "value": 8
          },
          {
            "nth": 50,
            "value": 8.70
          },
          {
            "nth": 60,
            "value": 9.40
          },
          {
            "nth": 70,
            "value": 10.30
          },
          {
            "nth": 80,
            "value": 11.50
          },
          {
            "nth": 90,
            "value": 13.40
          }
        ],
        "normalizedHigh": 12,
        "normalizedLow": 0,
        "fractionAboveNormal": 0.16,
        "fractionBelowNormal": 0
      }
    },
    {
      "code": [
        {
          "coding": [
            {
              "system": "http://loinc.org",
              "code": "2777-1",
              "display": "Phosphate [Mass/volume] in Serum or Plasma"
            }
          ]
        }
      ],
      "count": 13012,
      "frequencyPerYear": 1.2158,
      "fractionOfSubjects": 0.2168,
      "scalarDistribution": {
        "units": {
          "unit": "mg/dL",
          "system": "http://unitsofmeasure.org",
          "code": "mg/dL"
        },
        "min": 0.60,
        "max": 23.70,
        "mean": 3.59,
        "median": 3.40,
        "stdDev": 1.32,
        "decile": [
          {
            "nth": 10,
            "value": 2.20
          },
          {
            "nth": 20,
            "value": 2.60
          },
          {
            "nth": 30,
            "value": 2.90
          },
          {
            "nth": 40,
            "value": 3.10
          },
          {
            "nth": 50,
            "value": 3.40
          },
          {
            "nth": 60,
            "value": 3.70
          },
          {
            "nth": 70,
            "value": 4
          },
          {
            "nth": 80,
            "value": 4.40
          },
          {
            "nth": 90,
            "value": 5.20
          }
        ],
        "normalizedHigh": 4.5,
        "normalizedLow": 2.5,
        "fractionAboveNormal": 0.17,
        "fractionBelowNormal": 0.16
      }
    },
    {
      "code": [
        {
          "coding": [
            {
              "system": "http://loinc.org",
              "code": "5964-2",
              "display": "Prothrombin time (PT) in Blood by Coagulation assay"
            }
          ]
        }
      ],
      "count": 10656,
      "frequencyPerYear": 0.9957,
      "fractionOfSubjects": 0.2874,
      "scalarDistribution": {
        "units": {
          "unit": "Seconds",
          "system": "http://unitsofmeasure.org",
          "code": "Seconds"
        },
        "min": 9.30,
        "max": 114.20,
        "mean": 14.87,
        "median": 12,
        "stdDev": 7.86,
        "decile": [
          {
            "nth": 10,
            "value": 10.40
          },
          {
            "nth": 20,
            "value": 10.70
          },
          {
            "nth": 30,
            "value": 11.10
          },
          {
            "nth": 40,
            "value": 11.50
          },
          {
            "nth": 50,
            "value": 12
          },
          {
            "nth": 60,
            "value": 12.80
          },
          {
            "nth": 70,
            "value": 14.40
          },
          {
            "nth": 80,
            "value": 17.10
          },
          {
            "nth": 90,
            "value": 23.10
          }
        ]
      }
    },
    {
      "code": [
        {
          "coding": [
            {
              "system": "http://loinc.org",
              "code": "5902-2",
              "display": "Prothrombin time (PT)"
            }
          ]
        }
      ],
      "count": 682,
      "frequencyPerYear": 0.0637,
      "fractionOfSubjects": 0.0314,
      "scalarDistribution": {
        "units": {
          "unit": "sec",
          "system": "http://unitsofmeasure.org",
          "code": "sec"
        },
        "min": 9.40,
        "max": 123.30,
        "mean": 15.37,
        "median": 11,
        "stdDev": 10.53,
        "decile": [
          {
            "nth": 10,
            "value": 9.90
          },
          {
            "nth": 20,
            "value": 10.30
          },
          {
            "nth": 30,
            "value": 10.50
          },
          {
            "nth": 40,
            "value": 10.70
          },
          {
            "nth": 50,
            "value": 11
          },
          {
            "nth": 60,
            "value": 11.50
          },
          {
            "nth": 70,
            "value": 13.50
          },
          {
            "nth": 80,
            "value": 19.80
          },
          {
            "nth": 90,
            "value": 26.30
          }
        ],
        "normalizedHigh": 12.0,
        "normalizedLow": 9.1,
        "fractionAboveNormal": 0.36,
        "fractionBelowNormal": 0
      }
    },
    {
      "code": [
        {
          "coding": [
            {
              "system": "http://loinc.org",
              "code": "4548-4",
              "display": "Hemoglobin A1c/Hemoglobin.total in Blood"
            }
          ]
        }
      ],
      "count": 5373,
      "frequencyPerYear": 0.5021,
      "fractionOfSubjects": 0.5100,
      "scalarDistribution": {
        "units": {
          "unit": "%",
          "system": "http://unitsofmeasure.org",
          "code": "%"
        },
        "min": 4,
        "max": 19,
        "mean": 7.82,
        "median": 7.10,
        "stdDev": 2.24,
        "decile": [
          {
            "nth": 10,
            "value": 5.70
          },
          {
            "nth": 20,
            "value": 6.10
          },
          {
            "nth": 30,
            "value": 6.50
          },
          {
            "nth": 40,
            "value": 6.80
          },
          {
            "nth": 50,
            "value": 7.10
          },
          {
            "nth": 60,
            "value": 7.60
          },
          {
            "nth": 70,
            "value": 8.30
          },
          {
            "nth": 80,
            "value": 9.40
          },
          {
            "nth": 90,
            "value": 11.20
          }
        ],
        "normalizedHigh": 5.6,
        "normalizedLow": 4.8,
        "fractionAboveNormal": 0.91,
        "fractionBelowNormal": 0.01
      }
    },
    {
      "code": [
        {
          "coding": [
            {
              "system": "http://loinc.org",
              "code": "4549-2",
              "display": "Hemoglobin A1c/Hemoglobin.total in Blood by Electrophoresis"
            }
          ]
        }
      ],
      "count": 58,
      "frequencyPerYear": 0.0054,
      "fractionOfSubjects": 0.0078,
      "scalarDistribution": {
        "units": {
          "unit": "%",
          "system": "http://unitsofmeasure.org",
          "code": "%"
        },
        "min": 5,
        "max": 20.30,
        "mean": 10.40,
        "median": 9.10,
        "stdDev": 3.75,
        "decile": [
          {
            "nth": 10,
            "value": 6.10
          },
          {
            "nth": 20,
            "value": 7.10
          },
          {
            "nth": 30,
            "value": 7.50
          },
          {
            "nth": 40,
            "value": 8.30
          },
          {
            "nth": 50,
            "value": 9.10
          },
          {
            "nth": 60,
            "value": 11.20
          },
          {
            "nth": 70,
            "value": 12.60
          },
          {
            "nth": 80,
            "value": 13.90
          },
          {
            "nth": 90,
            "value": 14.80
          }
        ]
      }
    },
    {
      "code": [
        {
          "coding": [
            {
              "system": "http://loinc.org",
              "code": "17856-6",
              "display": "Hemoglobin A1c/Hemoglobin.total in Blood by HPLC"
            }
          ]
        }
      ],
      "count": 33,
      "frequencyPerYear": 0.0031,
      "fractionOfSubjects": 0.0024,
      "scalarDistribution": {
        "units": {
          "unit": "% HGB",
          "system": "http://unitsofmeasure.org",
          "code": "% HGB"
        },
        "min": 5.20,
        "max": 13.50,
        "mean": 7.20,
        "median": 6.65,
        "stdDev": 1.65,
        "decile": [
          {
            "nth": 10,
            "value": 5.60
          },
          {
            "nth": 20,
            "value": 6.10
          },
          {
            "nth": 30,
            "value": 6.20
          },
          {
            "nth": 40,
            "value": 6.50
          },
          {
            "nth": 50,
            "value": 6.70
          },
          {
            "nth": 60,
            "value": 6.90
          },
          {
            "nth": 70,
            "value": 7.30
          },
          {
            "nth": 80,
            "value": 8.10
          },
          {
            "nth": 90,
            "value": 9
          }
        ]
      }
    },
    {
      "code": [
        {
          "coding": [
            {
              "system": "http://loinc.org",
              "code": "2093-3",
              "display": "Cholesterol [Mass/volume] in Serum or Plasma"
            }
          ]
        }
      ],
      "count": 5477,
      "frequencyPerYear": 0.5118,
      "fractionOfSubjects": 0.5606,
      "scalarDistribution": {
        "units": {
          "unit": "mg/dL",
          "system": "http://unitsofmeasure.org",
          "code": "mg/dL"
        },
        "min": 53,
        "max": 577,
        "mean": 168.81,
        "median": 163,
        "stdDev": 46.20,
        "decile": [
          {
            "nth": 10,
            "value": 116
          },
          {
            "nth": 20,
            "value": 131
          },
          {
            "nth": 30,
            "value": 142
          },
          {
            "nth": 40,
            "value": 152
          },
          {
            "nth": 50,
            "value": 163
          },
          {
            "nth": 60,
            "value": 174
          },
          {
            "nth": 70,
            "value": 188
          },
          {
            "nth": 80,
            "value": 204
          },
          {
            "nth": 90,
            "value": 227
          }
        ],
        "normalizedHigh": 199,
        "normalizedLow": 100,
        "fractionAboveNormal": 0.22,
        "fractionBelowNormal": 0.03
      }
    },
    {
      "code": [
        {
          "coding": [
            {
              "system": "http://loinc.org",
              "code": "2085-9",
              "display": "Cholesterol in HDL [Mass/volume] in Serum or Plasma"
            }
          ]
        }
      ],
      "count": 5466,
      "frequencyPerYear": 0.5107,
      "fractionOfSubjects": 0.5621,
      "scalarDistribution": {
        "units": {
          "unit": "mg/dL",
          "system": "http://unitsofmeasure.org",
          "code": "mg/dL"
        },
        "min": 3,
        "max": 252,
        "mean": 47,
        "median": 44,
        "stdDev": 15.97,
        "decile": [
          {
            "nth": 10,
            "value": 31
          },
          {
            "nth": 20,
            "value": 35
          },
          {
            "nth": 30,
            "value": 38
          },
          {
            "nth": 40,
            "value": 41
          },
          {
            "nth": 50,
            "value": 44
          },
          {
            "nth": 60,
            "value": 48
          },
          {
            "nth": 70,
            "value": 52
          },
          {
            "nth": 80,
            "value": 57
          },
          {
            "nth": 90,
            "value": 66
          }
        ],
        "normalizedHigh": 76,
        "normalizedLow": 36,
        "fractionAboveNormal": 0.05,
        "fractionBelowNormal": 0.21
      }
    },
    {
      "code": [
        {
          "coding": [
            {
              "system": "http://loinc.org",
              "code": "2571-8",
              "display": "Triglyceride [Mass/volume] in Serum or Plasma"
            }
          ]
        }
      ],
      "count": 5424,
      "frequencyPerYear": 0.5068,
      "fractionOfSubjects": 0.5522,
      "scalarDistribution": {
        "units": {
          "unit": "mg/dL",
          "system": "http://unitsofmeasure.org",
          "code": "mg/dL"
        },
        "min": 18,
        "max": 2245,
        "mean": 147.23,
        "median": 113,
        "stdDev": 133.78,
        "decile": [
          {
            "nth": 10,
            "value": 61
          },
          {
            "nth": 20,
            "value": 75
          },
          {
            "nth": 30,
            "value": 86
          },
          {
            "nth": 40,
            "value": 99
          },
          {
            "nth": 50,
            "value": 113
          },
          {
            "nth": 60,
            "value": 130
          },
          {
            "nth": 70,
            "value": 152
          },
          {
            "nth": 80,
            "value": 187
          },
          {
            "nth": 90,
            "value": 254
          }
        ],
        "normalizedHigh": 149,
        "normalizedLow": 0,
        "fractionAboveNormal": 0.31,
        "fractionBelowNormal": 0
      }
    },
    {
      "code": [
        {
          "coding": [
            {
              "system": "http://loinc.org",
              "code": "2339-0",
              "display": "Glucose [Mass/volume] in Blood"
            }
          ]
        }
      ],
      "count": 4200,
      "frequencyPerYear": 0.3925,
      "fractionOfSubjects": 0.0897,
      "scalarDistribution": {
        "units": {
          "unit": "mg/dL",
          "system": "http://unitsofmeasure.org",
          "code": "mg/dL"
        },
        "min": 6,
        "max": 1051,
        "mean": 172.01,
        "median": 150,
        "stdDev": 94.97,
        "decile": [
          {
            "nth": 10,
            "value": 98
          },
          {
            "nth": 20,
            "value": 114
          },
          {
            "nth": 30,
            "value": 127
          },
          {
            "nth": 40,
            "value": 139
          },
          {
            "nth": 50,
            "value": 150
          },
          {
            "nth": 60,
            "value": 164
          },
          {
            "nth": 70,
            "value": 182
          },
          {
            "nth": 80,
            "value": 208
          },
          {
            "nth": 90,
            "value": 254
          }
        ]
      }
    },
    {
      "code": [
        {
          "coding": [
            {
              "system": "http://loinc.org",
              "code": "737-7",
              "display": "Lymphocytes/100 leukocytes in Blood by Manual count"
            }
          ]
        }
      ],
      "count": 2556,
      "frequencyPerYear": 0.2388,
      "fractionOfSubjects": 0.0817,
      "scalarDistribution": {
        "units": {
          "unit": "%",
          "system": "http://unitsofmeasure.org",
          "code": "%"
        },
        "min": 0,
        "max": 100,
        "mean": 20.12,
        "median": 12,
        "stdDev": 22.55,
        "decile": [
          {
            "nth": 10,
            "value": 2
          },
          {
            "nth": 20,
            "value": 4
          },
          {
            "nth": 30,
            "value": 6
          },
          {
            "nth": 40,
            "value": 9
          },
          {
            "nth": 50,
            "value": 12
          },
          {
            "nth": 60,
            "value": 16
          },
          {
            "nth": 70,
            "value": 21
          },
          {
            "nth": 80,
            "value": 31
          },
          {
            "nth": 90,
            "value": 53
          }
        ],
        "normalizedHigh": 44,
        "normalizedLow": 24,
        "fractionAboveNormal": 0.13,
        "fractionBelowNormal": 0.72
      }
    },
    {
      "code": [
        {
          "coding": [
            {
              "system": "http://loinc.org",
              "code": "736-9",
              "display": "Lymphocytes/100 leukocytes in Blood by Automated count"
            }
          ]
        }
      ],
      "count": 124,
      "frequencyPerYear": 0.0116,
      "fractionOfSubjects": 0.0125,
      "scalarDistribution": {
        "units": {
          "unit": "%",
          "system": "http://unitsofmeasure.org",
          "code": "%"
        },
        "min": 4.70,
        "max": 67.20,
        "mean": 25.17,
        "median": 23.20,
        "stdDev": 12.70,
        "decile": [
          {
            "nth": 10,
            "value": 10.40
          },
          {
            "nth": 20,
            "value": 14
          },
          {
            "nth": 30,
            "value": 17.40
          },
          {
            "nth": 40,
            "value": 21.30
          },
          {
            "nth": 50,
            "value": 23.20
          },
          {
            "nth": 60,
            "value": 25.60
          },
          {
            "nth": 70,
            "value": 28.20
          },
          {
            "nth": 80,
            "value": 34
          },
          {
            "nth": 90,
            "value": 43.40
          }
        ]
      }
    },
    {
      "code": [
        {
          "coding": [
            {
              "system": "http://loinc.org",
              "code": "744-3",
              "display": "Monocytes/100 leukocytes in Blood by Manual count"
            }
          ]
        }
      ],
      "count": 2520,
      "frequencyPerYear": 0.2355,
      "fractionOfSubjects": 0.0817,
      "scalarDistribution": {
        "units": {
          "unit": "%",
          "system": "http://unitsofmeasure.org",
          "code": "%"
        },
        "min": 0,
        "max": 55,
        "mean": 7.39,
        "median": 6,
        "stdDev": 6.62,
        "decile": [
          {
            "nth": 10,
            "value": 1
          },
          {
            "nth": 20,
            "value": 2
          },
          {
            "nth": 30,
            "value": 4
          },
          {
            "nth": 40,
            "value": 5
          },
          {
            "nth": 50,
            "value": 6
          },
          {
            "nth": 60,
            "value": 7
          },
          {
            "nth": 70,
            "value": 9
          },
          {
            "nth": 80,
            "value": 11
          },
          {
            "nth": 90,
            "value": 15
          }
        ],
        "normalizedHigh": 12,
        "normalizedLow": 1,
        "fractionAboveNormal": 0.14,
        "fractionBelowNormal": 0.07
      }
    },
    {
      "code": [
        {
          "coding": [
            {
              "system": "http://loinc.org",
              "code": "5905-5",
              "display": "Monocytes/100 leukocytes in Blood by Automated count"
            }
          ]
        }
      ],
      "count": 124,
      "frequencyPerYear": 0.0116,
      "fractionOfSubjects": 0.0125,
      "scalarDistribution": {
        "units": {
          "unit": "%",
          "system": "http://unitsofmeasure.org",
          "code": "%"
        },
        "min": 3.10,
        "max": 21.60,
        "mean": 9.83,
        "median": 9.60,
        "stdDev": 3.14,
        "decile": [
          {
            "nth": 10,
            "value": 6.20
          },
          {
            "nth": 20,
            "value": 7.20
          },
          {
            "nth": 30,
            "value": 8
          },
          {
            "nth": 40,
            "value": 8.90
          },
          {
            "nth": 50,
            "value": 9.60
          },
          {
            "nth": 60,
            "value": 10.20
          },
          {
            "nth": 70,
            "value": 11
          },
          {
            "nth": 80,
            "value": 11.80
          },
          {
            "nth": 90,
            "value": 13.70
          }
        ],
        "normalizedHigh": 12,
        "normalizedLow": 0,
        "fractionAboveNormal": 0.19,
        "fractionBelowNormal": 0
      }
    },
    {
      "code": [
        {
          "coding": [
            {
              "system": "http://loinc.org",
              "code": "714-6",
              "display": "Eosinophils/100 leukocytes in Blood by Manual count"
            }
          ]
        }
      ],
      "count": 2351,
      "frequencyPerYear": 0.2197,
      "fractionOfSubjects": 0.0815,
      "scalarDistribution": {
        "units": {
          "unit": "%",
          "system": "http://unitsofmeasure.org",
          "code": "%"
        },
        "min": 0,
        "max": 39,
        "mean": 1.56,
        "median": 1,
        "stdDev": 2.68,
        "decile": [
          {
            "nth": 10,
            "value": 0
          },
          {
            "nth": 20,
            "value": 0
          },
          {
            "nth": 30,
            "value": 0
          },
          {
            "nth": 40,
            "value": 0
          },
          {
            "nth": 50,
            "value": 1
          },
          {
            "nth": 60,
            "value": 1
          },
          {
            "nth": 70,
            "value": 2
          },
          {
            "nth": 80,
            "value": 3
          },
          {
            "nth": 90,
            "value": 4
          }
        ],
        "normalizedHigh": 7,
        "normalizedLow": 0,
        "fractionAboveNormal": 0.03,
        "fractionBelowNormal": 0
      }
    },
    {
      "code": [
        {
          "coding": [
            {
              "system": "http://loinc.org",
              "code": "713-8",
              "display": "Eosinophils/100 leukocytes in Blood by Automated count"
            }
          ]
        }
      ],
      "count": 124,
      "frequencyPerYear": 0.0116,
      "fractionOfSubjects": 0.0125,
      "scalarDistribution": {
        "units": {
          "unit": "%",
          "system": "http://unitsofmeasure.org",
          "code": "%"
        },
        "min": 0,
        "max": 6.80,
        "mean": 2.09,
        "median": 1.80,
        "stdDev": 1.19,
        "decile": [
          {
            "nth": 10,
            "value": 0.80
          },
          {
            "nth": 20,
            "value": 1.10
          },
          {
            "nth": 30,
            "value": 1.30
          },
          {
            "nth": 40,
            "value": 1.60
          },
          {
            "nth": 50,
            "value": 1.80
          },
          {
            "nth": 60,
            "value": 2.10
          },
          {
            "nth": 70,
            "value": 2.60
          },
          {
            "nth": 80,
            "value": 3.10
          },
          {
            "nth": 90,
            "value": 3.70
          }
        ],
        "normalizedHigh": 7,
        "normalizedLow": 0,
        "fractionAboveNormal": 0,
        "fractionBelowNormal": 0
      }
    },
    {
      "code": [
        {
          "coding": [
            {
              "system": "http://loinc.org",
              "code": "706-2",
              "display": "Basophils/100 leukocytes in Blood by Automated count"
            }
          ]
        }
      ],
      "count": 1629,
      "frequencyPerYear": 0.1522,
      "fractionOfSubjects": 0.0748,
      "scalarDistribution": {
        "units": {
          "unit": "%",
          "system": "http://unitsofmeasure.org",
          "code": "%"
        },
        "min": 0,
        "max": 5,
        "mean": 0.46,
        "median": 0,
        "stdDev": 0.62,
        "decile": [
          {
            "nth": 10,
            "value": 0
          },
          {
            "nth": 20,
            "value": 0
          },
          {
            "nth": 30,
            "value": 0
          },
          {
            "nth": 40,
            "value": 0
          },
          {
            "nth": 50,
            "value": 0
          },
          {
            "nth": 60,
            "value": 1
          },
          {
            "nth": 70,
            "value": 1
          },
          {
            "nth": 80,
            "value": 1
          },
          {
            "nth": 90,
            "value": 1
          }
        ],
        "normalizedHigh": 1.0,
        "normalizedLow": 0.0,
        "fractionAboveNormal": 0.04,
        "fractionBelowNormal": 0
      }
    },
    {
      "code": [
        {
          "coding": [
            {
              "system": "http://loinc.org",
              "code": "736-9",
              "display": "Lymphocytes/100 leukocytes in Blood by Automated count"
            }
          ]
        }
      ],
      "count": 733,
      "frequencyPerYear": 0.0685,
      "fractionOfSubjects": 0.0426,
      "scalarDistribution": {
        "units": {
          "unit": "%",
          "system": "http://unitsofmeasure.org",
          "code": "%"
        },
        "min": 0,
        "max": 64.70,
        "mean": 24.42,
        "median": 23.30,
        "stdDev": 13.82,
        "decile": [
          {
            "nth": 10,
            "value": 6
          },
          {
            "nth": 20,
            "value": 12
          },
          {
            "nth": 30,
            "value": 15.90
          },
          {
            "nth": 40,
            "value": 19.50
          },
          {
            "nth": 50,
            "value": 23.30
          },
          {
            "nth": 60,
            "value": 27.30
          },
          {
            "nth": 70,
            "value": 30.90
          },
          {
            "nth": 80,
            "value": 36.60
          },
          {
            "nth": 90,
            "value": 44.10
          }
        ]
      }
    },
    {
      "code": [
        {
          "coding": [
            {
              "system": "http://loinc.org",
              "code": "731-0",
              "display": "Lymphocytes [#/volume] in Blood by Automated count"
            }
          ]
        }
      ],
      "count": 24,
      "frequencyPerYear": 0.0022,
      "fractionOfSubjects": 0.0024,
      "scalarDistribution": {
        "units": {
          "unit": "K/uL",
          "system": "http://unitsofmeasure.org",
          "code": "K/uL"
        },
        "min": 1,
        "max": 4.90,
        "mean": 2.48,
        "median": 2.50,
        "stdDev": 0.88,
        "decile": [
          {
            "nth": 10,
            "value": 1.40
          },
          {
            "nth": 20,
            "value": 1.70
          },
          {
            "nth": 30,
            "value": 2
          },
          {
            "nth": 40,
            "value": 2.30
          },
          {
            "nth": 50,
            "value": 2.50
          },
          {
            "nth": 60,
            "value": 2.50
          },
          {
            "nth": 70,
            "value": 2.70
          },
          {
            "nth": 80,
            "value": 2.90
          },
          {
            "nth": 90,
            "value": 3.60
          }
        ],
        "normalizedHigh": 2.8,
        "normalizedLow": 1.0,
        "fractionAboveNormal": 0.25,
        "fractionBelowNormal": 0
      }
    },
    {
      "code": [
        {
          "coding": [
            {
              "system": "http://loinc.org",
              "code": "1995-0",
              "display": "Calcium.ionized [Moles/volume] in Serum or Plasma"
            }
          ]
        }
      ],
      "count": 66,
      "frequencyPerYear": 0.0062,
      "fractionOfSubjects": 0.0041,
      "scalarDistribution": {
        "units": {
          "unit": "mmol/L",
          "system": "http://unitsofmeasure.org",
          "code": "mmol/L"
        },
        "min": 0.90,
        "max": 2.16,
        "mean": 1.14,
        "median": 1.10,
        "stdDev": 0.18,
        "decile": [
          {
            "nth": 10,
            "value": 0.96
          },
          {
            "nth": 20,
            "value": 0.98
          },
          {
            "nth": 30,
            "value": 1.04
          },
          {
            "nth": 40,
            "value": 1.08
          },
          {
            "nth": 50,
            "value": 1.10
          },
          {
            "nth": 60,
            "value": 1.18
          },
          {
            "nth": 70,
            "value": 1.21
          },
          {
            "nth": 80,
            "value": 1.26
          },
          {
            "nth": 90,
            "value": 1.28
          }
        ]
      }
    },
    {
      "code": [
        {
          "coding": [
            {
              "system": "http://loinc.org",
              "code": "13457-7",
              "display": "Cholesterol in LDL [Mass/volume] in Serum or Plasma by calculation"
            }
          ]
        }
      ],
      "count": 37,
      "frequencyPerYear": 0.0035,
      "fractionOfSubjects": 0.0030,
      "scalarDistribution": {
        "units": {
          "unit": "mg/dL",
          "system": "http://unitsofmeasure.org",
          "code": "mg/dL"
        },
        "min": 64,
        "max": 209,
        "mean": 102.27,
        "median": 93,
        "stdDev": 36.66,
        "decile": [
          {
            "nth": 10,
            "value": 67
          },
          {
            "nth": 20,
            "value": 69
          },
          {
            "nth": 30,
            "value": 73
          },
          {
            "nth": 40,
            "value": 84
          },
          {
            "nth": 50,
            "value": 94
          },
          {
            "nth": 60,
            "value": 100
          },
          {
            "nth": 70,
            "value": 108
          },
          {
            "nth": 80,
            "value": 123
          },
          {
            "nth": 90,
            "value": 159
          }
        ],
        "normalizedHigh": 99,
        "normalizedLow": 0,
        "fractionAboveNormal": 0.43,
        "fractionBelowNormal": 0
      }
    },
    {
      "code": [
        {
          "coding": [
            {
              "system": "http://loinc.org",
              "code": "1558-6",
              "display": "Fasting glucose [Mass/volume] in Serum or Plasma"
            }
          ]
        }
      ],
      "count": 25,
      "frequencyPerYear": 0.0023,
      "fractionOfSubjects": 0.0043,
      "scalarDistribution": {
        "units": {
          "unit": "mg/dL",
          "system": "http://unitsofmeasure.org",
          "code": "mg/dL"
        },
        "min": 75,
        "max": 533,
        "mean": 180.44,
        "median": 131.50,
        "stdDev": 117.50,
        "decile": [
          {
            "nth": 10,
            "value": 89
          },
          {
            "nth": 20,
            "value": 93
          },
          {
            "nth": 30,
            "value": 108
          },
          {
            "nth": 40,
            "value": 121
          },
          {
            "nth": 50,
            "value": 139
          },
          {
            "nth": 60,
            "value": 150
          },
          {
            "nth": 70,
            "value": 176
          },
          {
            "nth": 80,
            "value": 254
          },
          {
            "nth": 90,
            "value": 377
          }
        ],
        "normalizedHigh": 99,
        "normalizedLow": 65,
        "fractionAboveNormal": 0.72,
        "fractionBelowNormal": 0
      }
    }
  ],
  "meta": {
    "tag": [
      {
        "system": "http://hl7.org/fhir/v3/ActReason",
        "code": "HTEST",
        "display": "test health data"
      }
    ]
  }
}