{
  "resourceType": "ClinicalProfile",
  "id": "jhu-asthma-profile-69-labs",
  "text": {
    "status": "generated",
    "div": "\u003cdiv xmlns\u003d\"http://www.w3.org/1999/xhtml\"\u003e\n\t\t\t\u003cp\u003eSelected laboratory tests for Female, White or Caucasian,Native Hawaiian or Other Pacific Islander,Black or African American,Asian,Unknown,Hispanic,Declined to Answer,American Indian or Alaska Native,Other patients aged 20-24 seen as either outpatients or inpatients at Johns Hopkins Hospital, JHCP, and Bayview between 3/1/2016 and 3/1/2018 having a diagnosis of asthma recorded on the problem list or as an encounter diagnosis.\n\t\t\t\u003c/p\u003e\n\t\t\u003c/div\u003e"
  },
  "identifier": [
    {
      "value": "urn:uuid:EA922C8A-C93F-9174-5B4DF713C06DF7D2"
    }
  ],
  "status": "draft",
  "population": {
    "reference": "Group/asthma-population-jhu1"
  },
  "cohort": {
    "reference": "Group/asthma-sample-69-cohort-jhu1"
  },
  "date": "2018-09-11T18:03:00Z",
  "source": [
    {
      "value": "http://ictrweb.johnshopkins.edu/ictr/synthetic/includes/clinical_profiles.cfm"
    }
  ],
  "reporter": {
    "reference": "Organization/JHM",
    "type": "Organization",
    "display": "Johns Hopkins School of Medicine"
  },
  "lab": [
    {
      "code": [
        {
          "coding": [
            {
              "system": "http://loinc.org",
              "code": "4544-3",
              "display": "Hematocrit [Volume Fraction] of Blood by Automated count"
            }
          ]
        }
      ],
      "count": 6431,
      "frequencyPerYear": 1.3522,
      "fractionOfSubjects": 0.6207,
      "scalarDistribution": {
        "units": {
          "unit": "%",
          "system": "http://unitsofmeasure.org",
          "code": "%"
        },
        "min": 12.60,
        "max": 51.40,
        "mean": 33.76,
        "median": 35,
        "stdDev": 6.71,
        "decile": [
          {
            "nth": 10,
            "value": 23.60
          },
          {
            "nth": 20,
            "value": 27.70
          },
          {
            "nth": 30,
            "value": 30.90
          },
          {
            "nth": 40,
            "value": 33.10
          },
          {
            "nth": 50,
            "value": 35
          },
          {
            "nth": 60,
            "value": 36.70
          },
          {
            "nth": 70,
            "value": 38.20
          },
          {
            "nth": 80,
            "value": 39.60
          },
          {
            "nth": 90,
            "value": 41.30
          }
        ],
        "normalizedHigh": 46.6,
        "normalizedLow": 34.0,
        "fractionAboveNormal": 0.00,
        "fractionBelowNormal": 0.44
      }
    },
    {
      "code": [
        {
          "coding": [
            {
              "system": "http://loinc.org",
              "code": "33256-9",
              "display": "Leukocytes [#/volume] corrected for nucleated erythrocytes in Blood by Automated count"
            }
          ]
        }
      ],
      "count": 5761,
      "frequencyPerYear": 1.2113,
      "fractionOfSubjects": 0.5118,
      "scalarDistribution": {
        "units": {
          "unit": "K/cu mm",
          "system": "http://unitsofmeasure.org",
          "code": "K/cu mm"
        },
        "min": 1.13,
        "max": 45.98,
        "mean": 9.46,
        "median": 8.54,
        "stdDev": 4.53,
        "decile": [
          {
            "nth": 10,
            "value": 5.03
          },
          {
            "nth": 20,
            "value": 6.08
          },
          {
            "nth": 30,
            "value": 6.90
          },
          {
            "nth": 40,
            "value": 7.71
          },
          {
            "nth": 50,
            "value": 8.54
          },
          {
            "nth": 60,
            "value": 9.50
          },
          {
            "nth": 70,
            "value": 10.63
          },
          {
            "nth": 80,
            "value": 12.11
          },
          {
            "nth": 90,
            "value": 14.90
          }
        ]
      }
    },
    {
      "code": [
        {
          "coding": [
            {
              "system": "http://loinc.org",
              "code": "6690-2",
              "display": "Leukocytes [#/volume] in Blood by Automated count"
            }
          ]
        }
      ],
      "count": 667,
      "frequencyPerYear": 0.1402,
      "fractionOfSubjects": 0.1636,
      "scalarDistribution": {
        "units": {
          "unit": "x10E3/uL",
          "system": "http://unitsofmeasure.org",
          "code": "x10E3/uL"
        },
        "min": 2.40,
        "max": 21.20,
        "mean": 7.98,
        "median": 7.60,
        "stdDev": 2.84,
        "decile": [
          {
            "nth": 10,
            "value": 4.80
          },
          {
            "nth": 20,
            "value": 5.60
          },
          {
            "nth": 30,
            "value": 6.30
          },
          {
            "nth": 40,
            "value": 7
          },
          {
            "nth": 50,
            "value": 7.60
          },
          {
            "nth": 60,
            "value": 8.20
          },
          {
            "nth": 70,
            "value": 8.90
          },
          {
            "nth": 80,
            "value": 10
          },
          {
            "nth": 90,
            "value": 11.40
          }
        ],
        "normalizedHigh": 10.8,
        "normalizedLow": 3.4,
        "fractionAboveNormal": 0.14,
        "fractionBelowNormal": 0.01
      }
    },
    {
      "code": [
        {
          "coding": [
            {
              "system": "http://loinc.org",
              "code": "718-7",
              "display": "Hemoglobin [Mass/volume] in Blood"
            }
          ]
        }
      ],
      "count": 6419,
      "frequencyPerYear": 1.3497,
      "fractionOfSubjects": 0.6207,
      "scalarDistribution": {
        "units": {
          "unit": "g/dL",
          "system": "http://unitsofmeasure.org",
          "code": "g/dL"
        },
        "min": 3.80,
        "max": 17.10,
        "mean": 11.07,
        "median": 11.40,
        "stdDev": 2.25,
        "decile": [
          {
            "nth": 10,
            "value": 7.70
          },
          {
            "nth": 20,
            "value": 8.90
          },
          {
            "nth": 30,
            "value": 10
          },
          {
            "nth": 40,
            "value": 10.80
          },
          {
            "nth": 50,
            "value": 11.40
          },
          {
            "nth": 60,
            "value": 12
          },
          {
            "nth": 70,
            "value": 12.50
          },
          {
            "nth": 80,
            "value": 13
          },
          {
            "nth": 90,
            "value": 13.70
          }
        ],
        "normalizedHigh": 16.0,
        "normalizedLow": 12.0,
        "fractionAboveNormal": 0.00,
        "fractionBelowNormal": 0.58
      }
    },
    {
      "code": [
        {
          "coding": [
            {
              "system": "http://loinc.org",
              "code": "777-3",
              "display": "Platelets [#/volume] in Blood by Automated count"
            }
          ]
        }
      ],
      "count": 6403,
      "frequencyPerYear": 1.3463,
      "fractionOfSubjects": 0.6203,
      "scalarDistribution": {
        "units": {
          "unit": "x10E3/uL",
          "system": "http://unitsofmeasure.org",
          "code": "x10E3/uL"
        },
        "min": 44,
        "max": 1332,
        "mean": 286.17,
        "median": 268.50,
        "stdDev": 115.84,
        "decile": [
          {
            "nth": 10,
            "value": 169
          },
          {
            "nth": 20,
            "value": 203
          },
          {
            "nth": 30,
            "value": 227
          },
          {
            "nth": 40,
            "value": 248
          },
          {
            "nth": 50,
            "value": 269
          },
          {
            "nth": 60,
            "value": 290
          },
          {
            "nth": 70,
            "value": 314
          },
          {
            "nth": 80,
            "value": 348
          },
          {
            "nth": 90,
            "value": 419
          }
        ],
        "normalizedHigh": 396,
        "normalizedLow": 140,
        "fractionAboveNormal": 0.12,
        "fractionBelowNormal": 0.05
      }
    },
    {
      "code": [
        {
          "coding": [
            {
              "system": "http://loinc.org",
              "code": "789-8",
              "display": "Erythrocytes [#/volume] in Blood by Automated count"
            }
          ]
        }
      ],
      "count": 6429,
      "frequencyPerYear": 1.3518,
      "fractionOfSubjects": 0.6211,
      "scalarDistribution": {
        "units": {
          "unit": "x10E6/uL",
          "system": "http://unitsofmeasure.org",
          "code": "x10E6/uL"
        },
        "min": 1.26,
        "max": 6.53,
        "mean": 3.95,
        "median": 4.12,
        "stdDev": 0.85,
        "decile": [
          {
            "nth": 10,
            "value": 2.63
          },
          {
            "nth": 20,
            "value": 3.20
          },
          {
            "nth": 30,
            "value": 3.61
          },
          {
            "nth": 40,
            "value": 3.89
          },
          {
            "nth": 50,
            "value": 4.12
          },
          {
            "nth": 60,
            "value": 4.30
          },
          {
            "nth": 70,
            "value": 4.46
          },
          {
            "nth": 80,
            "value": 4.64
          },
          {
            "nth": 90,
            "value": 4.90
          }
        ],
        "normalizedHigh": 5.28,
        "normalizedLow": 3.77,
        "fractionAboveNormal": 0.03,
        "fractionBelowNormal": 0.35
      }
    },
    {
      "code": [
        {
          "coding": [
            {
              "system": "http://loinc.org",
              "code": "787-2",
              "display": "Erythrocyte mean corpuscular volume [Entitic volume] by Automated count"
            }
          ]
        }
      ],
      "count": 6412,
      "frequencyPerYear": 1.3482,
      "fractionOfSubjects": 0.6207,
      "scalarDistribution": {
        "units": {
          "unit": "fL",
          "system": "http://unitsofmeasure.org",
          "code": "fL"
        },
        "min": 58.30,
        "max": 114,
        "mean": 86.25,
        "median": 87.10,
        "stdDev": 7.16,
        "decile": [
          {
            "nth": 10,
            "value": 76
          },
          {
            "nth": 20,
            "value": 81
          },
          {
            "nth": 30,
            "value": 83.60
          },
          {
            "nth": 40,
            "value": 85.60
          },
          {
            "nth": 50,
            "value": 87.10
          },
          {
            "nth": 60,
            "value": 88.60
          },
          {
            "nth": 70,
            "value": 90.10
          },
          {
            "nth": 80,
            "value": 92
          },
          {
            "nth": 90,
            "value": 94.40
          }
        ],
        "normalizedHigh": 97,
        "normalizedLow": 79,
        "fractionAboveNormal": 0.04,
        "fractionBelowNormal": 0.15
      }
    },
    {
      "code": [
        {
          "coding": [
            {
              "system": "http://loinc.org",
              "code": "785-6",
              "display": "Erythrocyte mean corpuscular hemoglobin [Entitic mass] by Automated count"
            }
          ]
        }
      ],
      "count": 6398,
      "frequencyPerYear": 1.3452,
      "fractionOfSubjects": 0.6207,
      "scalarDistribution": {
        "units": {
          "unit": "pg",
          "system": "http://unitsofmeasure.org",
          "code": "pg"
        },
        "min": 15,
        "max": 39.50,
        "mean": 28.33,
        "median": 28.70,
        "stdDev": 2.99,
        "decile": [
          {
            "nth": 10,
            "value": 24
          },
          {
            "nth": 20,
            "value": 26.10
          },
          {
            "nth": 30,
            "value": 27.30
          },
          {
            "nth": 40,
            "value": 28.10
          },
          {
            "nth": 50,
            "value": 28.70
          },
          {
            "nth": 60,
            "value": 29.40
          },
          {
            "nth": 70,
            "value": 30
          },
          {
            "nth": 80,
            "value": 30.80
          },
          {
            "nth": 90,
            "value": 31.60
          }
        ],
        "normalizedHigh": 33.0,
        "normalizedLow": 26.6,
        "fractionAboveNormal": 0.03,
        "fractionBelowNormal": 0.24
      }
    },
    {
      "code": [
        {
          "coding": [
            {
              "system": "http://loinc.org",
              "code": "786-4",
              "display": "Erythrocyte mean corpuscular hemoglobin concentration [Mass/volume] by Automated count"
            }
          ]
        }
      ],
      "count": 6393,
      "frequencyPerYear": 1.3442,
      "fractionOfSubjects": 0.6207,
      "scalarDistribution": {
        "units": {
          "unit": "g/dL",
          "system": "http://unitsofmeasure.org",
          "code": "g/dL"
        },
        "min": 25.50,
        "max": 37.80,
        "mean": 32.79,
        "median": 32.90,
        "stdDev": 1.47,
        "decile": [
          {
            "nth": 10,
            "value": 30.90
          },
          {
            "nth": 20,
            "value": 31.60
          },
          {
            "nth": 30,
            "value": 32.10
          },
          {
            "nth": 40,
            "value": 32.50
          },
          {
            "nth": 50,
            "value": 32.90
          },
          {
            "nth": 60,
            "value": 33.20
          },
          {
            "nth": 70,
            "value": 33.60
          },
          {
            "nth": 80,
            "value": 34
          },
          {
            "nth": 90,
            "value": 34.60
          }
        ],
        "normalizedHigh": 35.7,
        "normalizedLow": 31.5,
        "fractionAboveNormal": 0.02,
        "fractionBelowNormal": 0.17
      }
    },
    {
      "code": [
        {
          "coding": [
            {
              "system": "http://loinc.org",
              "code": "788-0",
              "display": "Erythrocyte distribution width [Ratio] by Automated count"
            }
          ]
        }
      ],
      "count": 6346,
      "frequencyPerYear": 1.3343,
      "fractionOfSubjects": 0.6203,
      "scalarDistribution": {
        "units": {
          "unit": "%",
          "system": "http://unitsofmeasure.org",
          "code": "%"
        },
        "min": 11,
        "max": 30.50,
        "mean": 14.96,
        "median": 14,
        "stdDev": 2.80,
        "decile": [
          {
            "nth": 10,
            "value": 12.50
          },
          {
            "nth": 20,
            "value": 12.90
          },
          {
            "nth": 30,
            "value": 13.20
          },
          {
            "nth": 40,
            "value": 13.60
          },
          {
            "nth": 50,
            "value": 14
          },
          {
            "nth": 60,
            "value": 14.60
          },
          {
            "nth": 70,
            "value": 15.50
          },
          {
            "nth": 80,
            "value": 16.80
          },
          {
            "nth": 90,
            "value": 19
          }
        ],
        "normalizedHigh": 15.4,
        "normalizedLow": 12.3,
        "fractionAboveNormal": 0.30,
        "fractionBelowNormal": 0.07
      }
    },
    {
      "code": [
        {
          "coding": [
            {
              "system": "http://loinc.org",
              "code": "2345-7",
              "display": "Glucose [Mass/volume] in Serum or Plasma"
            }
          ]
        }
      ],
      "count": 4942,
      "frequencyPerYear": 1.0391,
      "fractionOfSubjects": 0.5559,
      "scalarDistribution": {
        "units": {
          "unit": "mg/dL",
          "system": "http://unitsofmeasure.org",
          "code": "mg/dL"
        },
        "min": 45,
        "max": 599,
        "mean": 96.97,
        "median": 90,
        "stdDev": 34.20,
        "decile": [
          {
            "nth": 10,
            "value": 75
          },
          {
            "nth": 20,
            "value": 80
          },
          {
            "nth": 30,
            "value": 83
          },
          {
            "nth": 40,
            "value": 86
          },
          {
            "nth": 50,
            "value": 90
          },
          {
            "nth": 60,
            "value": 94
          },
          {
            "nth": 70,
            "value": 99
          },
          {
            "nth": 80,
            "value": 106
          },
          {
            "nth": 90,
            "value": 121
          }
        ],
        "normalizedHigh": 106,
        "normalizedLow": 74,
        "fractionAboveNormal": 0.19,
        "fractionBelowNormal": 0.08
      }
    },
    {
      "code": [
        {
          "coding": [
            {
              "system": "http://loinc.org",
              "code": "2339-0",
              "display": "Glucose [Mass/volume] in Blood"
            }
          ]
        }
      ],
      "count": 260,
      "frequencyPerYear": 0.0547,
      "fractionOfSubjects": 0.0223,
      "scalarDistribution": {
        "units": {
          "unit": "mg/dL",
          "system": "http://unitsofmeasure.org",
          "code": "mg/dL"
        },
        "min": 72,
        "max": 261,
        "mean": 115.02,
        "median": 103,
        "stdDev": 36.20,
        "decile": [
          {
            "nth": 10,
            "value": 87
          },
          {
            "nth": 20,
            "value": 92
          },
          {
            "nth": 30,
            "value": 95
          },
          {
            "nth": 40,
            "value": 99
          },
          {
            "nth": 50,
            "value": 103
          },
          {
            "nth": 60,
            "value": 109
          },
          {
            "nth": 70,
            "value": 118
          },
          {
            "nth": 80,
            "value": 128
          },
          {
            "nth": 90,
            "value": 157
          }
        ]
      }
    },
    {
      "code": [
        {
          "coding": [
            {
              "system": "http://loinc.org",
              "code": "14749-6",
              "display": "Glucose [Moles/volume] in Serum or Plasma"
            }
          ]
        }
      ],
      "count": 116,
      "frequencyPerYear": 0.0244,
      "fractionOfSubjects": 0.0093,
      "scalarDistribution": {
        "units": {
          "unit": "mg/dL",
          "system": "http://unitsofmeasure.org",
          "code": "mg/dL"
        },
        "min": 64,
        "max": 565,
        "mean": 109.09,
        "median": 97,
        "stdDev": 62.37,
        "decile": [
          {
            "nth": 10,
            "value": 87
          },
          {
            "nth": 20,
            "value": 90
          },
          {
            "nth": 30,
            "value": 93
          },
          {
            "nth": 40,
            "value": 95
          },
          {
            "nth": 50,
            "value": 97
          },
          {
            "nth": 60,
            "value": 100
          },
          {
            "nth": 70,
            "value": 103
          },
          {
            "nth": 80,
            "value": 108
          },
          {
            "nth": 90,
            "value": 116
          }
        ],
        "normalizedHigh": 99,
        "normalizedLow": 60,
        "fractionAboveNormal": 0.42,
        "fractionBelowNormal": 0
      }
    },
    {
      "code": [
        {
          "coding": [
            {
              "system": "http://loinc.org",
              "code": "17861-6",
              "display": "Calcium [Mass/volume] in Serum or Plasma"
            }
          ]
        }
      ],
      "count": 5185,
      "frequencyPerYear": 1.0902,
      "fractionOfSubjects": 0.5660,
      "scalarDistribution": {
        "units": {
          "unit": "mg/dL",
          "system": "http://unitsofmeasure.org",
          "code": "mg/dL"
        },
        "min": 2.50,
        "max": 11.30,
        "mean": 8.92,
        "median": 9,
        "stdDev": 0.74,
        "decile": [
          {
            "nth": 10,
            "value": 8
          },
          {
            "nth": 20,
            "value": 8.40
          },
          {
            "nth": 30,
            "value": 8.70
          },
          {
            "nth": 40,
            "value": 8.90
          },
          {
            "nth": 50,
            "value": 9
          },
          {
            "nth": 60,
            "value": 9.20
          },
          {
            "nth": 70,
            "value": 9.30
          },
          {
            "nth": 80,
            "value": 9.50
          },
          {
            "nth": 90,
            "value": 9.70
          }
        ],
        "normalizedHigh": 10.5,
        "normalizedLow": 9,
        "fractionAboveNormal": 0.01,
        "fractionBelowNormal": 0.46
      }
    },
    {
      "code": [
        {
          "coding": [
            {
              "system": "http://loinc.org",
              "code": "2000-8",
              "display": "Calcium [Moles/volume] in Serum or Plasma"
            }
          ]
        }
      ],
      "count": 116,
      "frequencyPerYear": 0.0244,
      "fractionOfSubjects": 0.0093,
      "scalarDistribution": {
        "units": {
          "unit": "mg/dL",
          "system": "http://unitsofmeasure.org",
          "code": "mg/dL"
        },
        "min": 7.60,
        "max": 11.30,
        "mean": 9.51,
        "median": 9.40,
        "stdDev": 0.82,
        "decile": [
          {
            "nth": 10,
            "value": 8.60
          },
          {
            "nth": 20,
            "value": 8.70
          },
          {
            "nth": 30,
            "value": 8.90
          },
          {
            "nth": 40,
            "value": 9.10
          },
          {
            "nth": 50,
            "value": 9.40
          },
          {
            "nth": 60,
            "value": 9.60
          },
          {
            "nth": 70,
            "value": 10
          },
          {
            "nth": 80,
            "value": 10.30
          },
          {
            "nth": 90,
            "value": 10.70
          }
        ],
        "normalizedHigh": 10.4,
        "normalizedLow": 8.5,
        "fractionAboveNormal": 0.15,
        "fractionBelowNormal": 0.03
      }
    },
    {
      "code": [
        {
          "coding": [
            {
              "system": "http://loinc.org",
              "code": "39789-3",
              "display": "Potassium [Moles/volume] in Venous blood"
            }
          ]
        }
      ],
      "count": 4571,
      "frequencyPerYear": 0.9611,
      "fractionOfSubjects": 0.4558,
      "scalarDistribution": {
        "units": {
          "unit": "mmol/L",
          "system": "http://unitsofmeasure.org",
          "code": "mmol/L"
        },
        "min": 2.40,
        "max": 6.90,
        "mean": 4.16,
        "median": 4.10,
        "stdDev": 0.48,
        "decile": [
          {
            "nth": 10,
            "value": 3.60
          },
          {
            "nth": 20,
            "value": 3.80
          },
          {
            "nth": 30,
            "value": 3.90
          },
          {
            "nth": 40,
            "value": 4
          },
          {
            "nth": 50,
            "value": 4.10
          },
          {
            "nth": 60,
            "value": 4.20
          },
          {
            "nth": 70,
            "value": 4.40
          },
          {
            "nth": 80,
            "value": 4.50
          },
          {
            "nth": 90,
            "value": 4.70
          }
        ]
      }
    },
    {
      "code": [
        {
          "coding": [
            {
              "system": "http://loinc.org",
              "code": "2823-3",
              "display": "Potassium [Moles/volume] in Serum or Plasma"
            }
          ]
        }
      ],
      "count": 569,
      "frequencyPerYear": 0.1196,
      "fractionOfSubjects": 0.1384,
      "scalarDistribution": {
        "units": {
          "unit": "mmol/L",
          "system": "http://unitsofmeasure.org",
          "code": "mmol/L"
        },
        "min": 3.10,
        "max": 6.60,
        "mean": 4.30,
        "median": 4.30,
        "stdDev": 0.39,
        "decile": [
          {
            "nth": 10,
            "value": 3.90
          },
          {
            "nth": 20,
            "value": 4
          },
          {
            "nth": 30,
            "value": 4.10
          },
          {
            "nth": 40,
            "value": 4.20
          },
          {
            "nth": 50,
            "value": 4.30
          },
          {
            "nth": 60,
            "value": 4.40
          },
          {
            "nth": 70,
            "value": 4.50
          },
          {
            "nth": 80,
            "value": 4.60
          },
          {
            "nth": 90,
            "value": 4.80
          }
        ],
        "normalizedHigh": 5.2,
        "normalizedLow": 3.5,
        "fractionAboveNormal": 0.03,
        "fractionBelowNormal": 0.01
      }
    },
    {
      "code": [
        {
          "coding": [
            {
              "system": "http://loinc.org",
              "code": "2951-2",
              "display": "Sodium [Moles/volume] in Serum or Plasma"
            }
          ]
        }
      ],
      "count": 5253,
      "frequencyPerYear": 1.1045,
      "fractionOfSubjects": 0.5681,
      "scalarDistribution": {
        "units": {
          "unit": "mmol/L",
          "system": "http://unitsofmeasure.org",
          "code": "mmol/L"
        },
        "min": 113,
        "max": 162,
        "mean": 139.21,
        "median": 139,
        "stdDev": 3.22,
        "decile": [
          {
            "nth": 10,
            "value": 136
          },
          {
            "nth": 20,
            "value": 137
          },
          {
            "nth": 30,
            "value": 138
          },
          {
            "nth": 40,
            "value": 139
          },
          {
            "nth": 50,
            "value": 139
          },
          {
            "nth": 60,
            "value": 140
          },
          {
            "nth": 70,
            "value": 141
          },
          {
            "nth": 80,
            "value": 141
          },
          {
            "nth": 90,
            "value": 143
          }
        ],
        "normalizedHigh": 145,
        "normalizedLow": 136,
        "fractionAboveNormal": 0.02,
        "fractionBelowNormal": 0.09
      }
    },
    {
      "code": [
        {
          "coding": [
            {
              "system": "http://loinc.org",
              "code": "12962-7",
              "display": "Urea nitrogen [Mass/volume] in Venous blood"
            }
          ]
        }
      ],
      "count": 4651,
      "frequencyPerYear": 0.9779,
      "fractionOfSubjects": 0.4609,
      "scalarDistribution": {
        "units": {
          "unit": "mg/dL",
          "system": "http://unitsofmeasure.org",
          "code": "mg/dL"
        },
        "min": 1,
        "max": 294,
        "mean": 13.53,
        "median": 10,
        "stdDev": 18.89,
        "decile": [
          {
            "nth": 10,
            "value": 5
          },
          {
            "nth": 20,
            "value": 6
          },
          {
            "nth": 30,
            "value": 7
          },
          {
            "nth": 40,
            "value": 8
          },
          {
            "nth": 50,
            "value": 10
          },
          {
            "nth": 60,
            "value": 11
          },
          {
            "nth": 70,
            "value": 12
          },
          {
            "nth": 80,
            "value": 14
          },
          {
            "nth": 90,
            "value": 21
          }
        ]
      }
    },
    {
      "code": [
        {
          "coding": [
            {
              "system": "http://loinc.org",
              "code": "3094-0",
              "display": "Urea nitrogen [Mass/volume] in Serum or Plasma"
            }
          ]
        }
      ],
      "count": 568,
      "frequencyPerYear": 0.1194,
      "fractionOfSubjects": 0.1384,
      "scalarDistribution": {
        "units": {
          "unit": "mg/dL",
          "system": "http://unitsofmeasure.org",
          "code": "mg/dL"
        },
        "min": 3,
        "max": 68,
        "mean": 12.77,
        "median": 11,
        "stdDev": 8.45,
        "decile": [
          {
            "nth": 10,
            "value": 7
          },
          {
            "nth": 20,
            "value": 8
          },
          {
            "nth": 30,
            "value": 9
          },
          {
            "nth": 40,
            "value": 10
          },
          {
            "nth": 50,
            "value": 11
          },
          {
            "nth": 60,
            "value": 12
          },
          {
            "nth": 70,
            "value": 13
          },
          {
            "nth": 80,
            "value": 14
          },
          {
            "nth": 90,
            "value": 17
          }
        ],
        "normalizedHigh": 25,
        "normalizedLow": 7,
        "fractionAboveNormal": 0.07,
        "fractionBelowNormal": 0.08
      }
    },
    {
      "code": [
        {
          "coding": [
            {
              "system": "http://loinc.org",
              "code": "48642-3",
              "display": "Glomerular filtration rate/1.73 sq M predicted among non-blacks [Volume Rate/Area] in Serum or Plasma by Creatinine-based formula (MDRD)"
            }
          ]
        }
      ],
      "count": 707,
      "frequencyPerYear": 0.1487,
      "fractionOfSubjects": 0.0904,
      "scalarDistribution": {
        "units": {
          "unit": "mL/min/1.73 sqm",
          "system": "http://unitsofmeasure.org",
          "code": "mL/min/1.73 sqm"
        },
        "min": 5,
        "max": 164,
        "mean": 59.21,
        "median": 42,
        "stdDev": 39.63,
        "decile": [
          {
            "nth": 10,
            "value": 20
          },
          {
            "nth": 20,
            "value": 28
          },
          {
            "nth": 30,
            "value": 32
          },
          {
            "nth": 40,
            "value": 37
          },
          {
            "nth": 50,
            "value": 42
          },
          {
            "nth": 60,
            "value": 50
          },
          {
            "nth": 70,
            "value": 86
          },
          {
            "nth": 80,
            "value": 111
          },
          {
            "nth": 90,
            "value": 124
          }
        ]
      }
    },
    {
      "code": [
        {
          "coding": [
            {
              "system": "http://loinc.org",
              "code": "33914-3",
              "display": "Glomerular filtration rate/1.73 sq M.predicted [Volume Rate/Area] in Serum or Plasma by Creatinine-based formula (MDRD)"
            }
          ]
        }
      ],
      "count": 184,
      "frequencyPerYear": 0.0387,
      "fractionOfSubjects": 0.0488,
      "scalarDistribution": {
        "units": {
          "unit": "mL/min/1.73m2",
          "system": "http://unitsofmeasure.org",
          "code": "mL/min/1.73m2"
        },
        "min": 13,
        "max": 150,
        "mean": 95.37,
        "median": 109,
        "stdDev": 36.26,
        "decile": [
          {
            "nth": 10,
            "value": 27
          },
          {
            "nth": 20,
            "value": 60
          },
          {
            "nth": 30,
            "value": 93
          },
          {
            "nth": 40,
            "value": 104
          },
          {
            "nth": 50,
            "value": 109
          },
          {
            "nth": 60,
            "value": 115
          },
          {
            "nth": 70,
            "value": 119
          },
          {
            "nth": 80,
            "value": 123
          },
          {
            "nth": 90,
            "value": 127
          }
        ]
      }
    },
    {
      "code": [
        {
          "coding": [
            {
              "system": "http://loinc.org",
              "code": "62238-1",
              "display": "Glomerular filtration rate/1.73 sq M.predicted [Volume Rate/Area] in Serum or Plasma by Creatinine-based formula (CKD-EPI)"
            }
          ]
        }
      ],
      "count": 39,
      "frequencyPerYear": 0.0082,
      "fractionOfSubjects": 0.0151,
      "scalarDistribution": {
        "units": {
          "unit": "mL/min/1.73m2",
          "system": "http://unitsofmeasure.org",
          "code": "mL/min/1.73m2"
        },
        "min": 73,
        "max": 141,
        "mean": 117.18,
        "median": 119,
        "stdDev": 15.87,
        "decile": [
          {
            "nth": 10,
            "value": 91
          },
          {
            "nth": 20,
            "value": 107
          },
          {
            "nth": 30,
            "value": 114
          },
          {
            "nth": 40,
            "value": 117
          },
          {
            "nth": 50,
            "value": 119
          },
          {
            "nth": 60,
            "value": 122
          },
          {
            "nth": 70,
            "value": 125
          },
          {
            "nth": 80,
            "value": 130
          },
          {
            "nth": 90,
            "value": 135
          }
        ]
      }
    },
    {
      "code": [
        {
          "coding": [
            {
              "system": "http://loinc.org",
              "code": "48643-1",
              "display": "Glomerular filtration rate/1.73 sq M predicted among blacks [Volume Rate/Area] in Serum or Plasma by Creatinine-based formula (MDRD)"
            }
          ]
        }
      ],
      "count": 827,
      "frequencyPerYear": 0.1739,
      "fractionOfSubjects": 0.1278,
      "scalarDistribution": {
        "units": {
          "unit": "mL/min/1.73m2",
          "system": "http://unitsofmeasure.org",
          "code": "mL/min/1.73m2"
        },
        "min": 6,
        "max": 189,
        "mean": 78.85,
        "median": 52.50,
        "stdDev": 49.17,
        "decile": [
          {
            "nth": 10,
            "value": 24
          },
          {
            "nth": 20,
            "value": 34
          },
          {
            "nth": 30,
            "value": 40
          },
          {
            "nth": 40,
            "value": 45
          },
          {
            "nth": 50,
            "value": 53
          },
          {
            "nth": 60,
            "value": 105
          },
          {
            "nth": 70,
            "value": 124
          },
          {
            "nth": 80,
            "value": 138
          },
          {
            "nth": 90,
            "value": 144
          }
        ]
      }
    },
    {
      "code": [
        {
          "coding": [
            {
              "system": "http://loinc.org",
              "code": "62238-1",
              "display": "Glomerular filtration rate/1.73 sq M.predicted [Volume Rate/Area] in Serum or Plasma by Creatinine-based formula (CKD-EPI)"
            }
          ]
        }
      ],
      "count": 39,
      "frequencyPerYear": 0.0082,
      "fractionOfSubjects": 0.0151,
      "scalarDistribution": {
        "units": {
          "unit": "mL/min/1.73m2",
          "system": "http://unitsofmeasure.org",
          "code": "mL/min/1.73m2"
        },
        "min": 84,
        "max": 162,
        "mean": 135.18,
        "median": 137,
        "stdDev": 18.25,
        "decile": [
          {
            "nth": 10,
            "value": 105
          },
          {
            "nth": 20,
            "value": 124
          },
          {
            "nth": 30,
            "value": 131
          },
          {
            "nth": 40,
            "value": 135
          },
          {
            "nth": 50,
            "value": 137
          },
          {
            "nth": 60,
            "value": 141
          },
          {
            "nth": 70,
            "value": 144
          },
          {
            "nth": 80,
            "value": 150
          },
          {
            "nth": 90,
            "value": 156
          }
        ]
      }
    },
    {
      "code": [
        {
          "coding": [
            {
              "system": "http://loinc.org",
              "code": "1920-8",
              "display": "Aspartate aminotransferase [Enzymatic activity/volume] in Serum or Plasma"
            }
          ]
        }
      ],
      "count": 4092,
      "frequencyPerYear": 0.8604,
      "fractionOfSubjects": 0.5261,
      "scalarDistribution": {
        "units": {
          "unit": "IU/L",
          "system": "http://unitsofmeasure.org",
          "code": "IU/L"
        },
        "min": 5,
        "max": 1201,
        "mean": 27.25,
        "median": 18,
        "stdDev": 50.50,
        "decile": [
          {
            "nth": 10,
            "value": 12
          },
          {
            "nth": 20,
            "value": 14
          },
          {
            "nth": 30,
            "value": 15
          },
          {
            "nth": 40,
            "value": 16
          },
          {
            "nth": 50,
            "value": 18
          },
          {
            "nth": 60,
            "value": 20
          },
          {
            "nth": 70,
            "value": 23
          },
          {
            "nth": 80,
            "value": 28
          },
          {
            "nth": 90,
            "value": 41
          }
        ],
        "normalizedHigh": 40,
        "normalizedLow": 0,
        "fractionAboveNormal": 0.10,
        "fractionBelowNormal": 0
      }
    },
    {
      "code": [
        {
          "coding": [
            {
              "system": "http://loinc.org",
              "code": "1742-6",
              "display": "Alanine aminotransferase [Enzymatic activity/volume] in Serum or Plasma"
            }
          ]
        }
      ],
      "count": 4279,
      "frequencyPerYear": 0.8997,
      "fractionOfSubjects": 0.5332,
      "scalarDistribution": {
        "units": {
          "unit": "U/L",
          "system": "http://unitsofmeasure.org",
          "code": "U/L"
        },
        "min": 4,
        "max": 867,
        "mean": 26.19,
        "median": 16,
        "stdDev": 47.63,
        "decile": [
          {
            "nth": 10,
            "value": 8
          },
          {
            "nth": 20,
            "value": 10
          },
          {
            "nth": 30,
            "value": 12
          },
          {
            "nth": 40,
            "value": 14
          },
          {
            "nth": 50,
            "value": 16
          },
          {
            "nth": 60,
            "value": 18
          },
          {
            "nth": 70,
            "value": 22
          },
          {
            "nth": 80,
            "value": 28
          },
          {
            "nth": 90,
            "value": 42
          }
        ],
        "normalizedHigh": 25,
        "normalizedLow": 0,
        "fractionAboveNormal": 0.24,
        "fractionBelowNormal": 0
      }
    },
    {
      "code": [
        {
          "coding": [
            {
              "system": "http://loinc.org",
              "code": "6768-6",
              "display": "Alkaline phosphatase [Enzymatic activity/volume] in Serum or Plasma"
            }
          ]
        }
      ],
      "count": 4344,
      "frequencyPerYear": 0.9134,
      "fractionOfSubjects": 0.5328,
      "scalarDistribution": {
        "units": {
          "unit": "U/L",
          "system": "http://unitsofmeasure.org",
          "code": "U/L"
        },
        "min": 13,
        "max": 1829,
        "mean": 89.07,
        "median": 72,
        "stdDev": 100.28,
        "decile": [
          {
            "nth": 10,
            "value": 46
          },
          {
            "nth": 20,
            "value": 53
          },
          {
            "nth": 30,
            "value": 59
          },
          {
            "nth": 40,
            "value": 66
          },
          {
            "nth": 50,
            "value": 72
          },
          {
            "nth": 60,
            "value": 80
          },
          {
            "nth": 70,
            "value": 90
          },
          {
            "nth": 80,
            "value": 103
          },
          {
            "nth": 90,
            "value": 130
          }
        ],
        "normalizedHigh": 120,
        "normalizedLow": 30,
        "fractionAboveNormal": 0.12,
        "fractionBelowNormal": 0.01
      }
    },
    {
      "code": [
        {
          "coding": [
            {
              "system": "http://loinc.org",
              "code": "1975-2",
              "display": "Bilirubin.total [Mass/volume] in Serum or Plasma"
            }
          ]
        }
      ],
      "count": 3634,
      "frequencyPerYear": 0.7641,
      "fractionOfSubjects": 0.4954,
      "scalarDistribution": {
        "units": {
          "unit": "mg/dL",
          "system": "http://unitsofmeasure.org",
          "code": "mg/dL"
        },
        "min": 0.10,
        "max": 12.10,
        "mean": 0.79,
        "median": 0.40,
        "stdDev": 1.21,
        "decile": [
          {
            "nth": 10,
            "value": 0.20
          },
          {
            "nth": 20,
            "value": 0.30
          },
          {
            "nth": 30,
            "value": 0.30
          },
          {
            "nth": 40,
            "value": 0.40
          },
          {
            "nth": 50,
            "value": 0.40
          },
          {
            "nth": 60,
            "value": 0.50
          },
          {
            "nth": 70,
            "value": 0.60
          },
          {
            "nth": 80,
            "value": 0.80
          },
          {
            "nth": 90,
            "value": 1.80
          }
        ],
        "normalizedHigh": 1.2,
        "normalizedLow": 0.2,
        "fractionAboveNormal": 0.13,
        "fractionBelowNormal": 0.01
      }
    },
    {
      "code": [
        {
          "coding": [
            {
              "system": "http://loinc.org",
              "code": "713-8",
              "display": "Eosinophils/100 leukocytes in Blood by Automated count"
            }
          ]
        }
      ],
      "count": 4249,
      "frequencyPerYear": 0.8934,
      "fractionOfSubjects": 0.4937,
      "scalarDistribution": {
        "units": {
          "unit": "%",
          "system": "http://unitsofmeasure.org",
          "code": "%"
        },
        "min": 0,
        "max": 33,
        "mean": 2.12,
        "median": 1.40,
        "stdDev": 2.46,
        "decile": [
          {
            "nth": 10,
            "value": 0.10
          },
          {
            "nth": 20,
            "value": 0.50
          },
          {
            "nth": 30,
            "value": 0.80
          },
          {
            "nth": 40,
            "value": 1
          },
          {
            "nth": 50,
            "value": 1.40
          },
          {
            "nth": 60,
            "value": 1.90
          },
          {
            "nth": 70,
            "value": 2.40
          },
          {
            "nth": 80,
            "value": 3.20
          },
          {
            "nth": 90,
            "value": 4.70
          }
        ],
        "normalizedHigh": 7,
        "normalizedLow": 0,
        "fractionAboveNormal": 0.04,
        "fractionBelowNormal": 0
      }
    },
    {
      "code": [
        {
          "coding": [
            {
              "system": "http://loinc.org",
              "code": "706-2",
              "display": "Basophils/100 leukocytes in Blood by Automated count"
            }
          ]
        }
      ],
      "count": 4029,
      "frequencyPerYear": 0.8471,
      "fractionOfSubjects": 0.4474,
      "scalarDistribution": {
        "units": {
          "unit": "%",
          "system": "http://unitsofmeasure.org",
          "code": "%"
        },
        "min": 0,
        "max": 1.90,
        "mean": 0.42,
        "median": 0.40,
        "stdDev": 0.26,
        "decile": [
          {
            "nth": 10,
            "value": 0.10
          },
          {
            "nth": 20,
            "value": 0.20
          },
          {
            "nth": 30,
            "value": 0.30
          },
          {
            "nth": 40,
            "value": 0.30
          },
          {
            "nth": 50,
            "value": 0.40
          },
          {
            "nth": 60,
            "value": 0.40
          },
          {
            "nth": 70,
            "value": 0.50
          },
          {
            "nth": 80,
            "value": 0.60
          },
          {
            "nth": 90,
            "value": 0.80
          }
        ],
        "normalizedHigh": 1.0,
        "normalizedLow": 0.0,
        "fractionAboveNormal": 0.03,
        "fractionBelowNormal": 0
      }
    },
    {
      "code": [
        {
          "coding": [
            {
              "system": "http://loinc.org",
              "code": "5905-5",
              "display": "Monocytes/100 leukocytes in Blood by Automated count"
            }
          ]
        }
      ],
      "count": 3935,
      "frequencyPerYear": 0.8274,
      "fractionOfSubjects": 0.4197,
      "scalarDistribution": {
        "units": {
          "unit": "%",
          "system": "http://unitsofmeasure.org",
          "code": "%"
        },
        "min": 0.30,
        "max": 47.80,
        "mean": 7.17,
        "median": 6.90,
        "stdDev": 2.73,
        "decile": [
          {
            "nth": 10,
            "value": 4.40
          },
          {
            "nth": 20,
            "value": 5.30
          },
          {
            "nth": 30,
            "value": 5.90
          },
          {
            "nth": 40,
            "value": 6.40
          },
          {
            "nth": 50,
            "value": 6.90
          },
          {
            "nth": 60,
            "value": 7.40
          },
          {
            "nth": 70,
            "value": 8
          },
          {
            "nth": 80,
            "value": 8.90
          },
          {
            "nth": 90,
            "value": 10.20
          }
        ],
        "normalizedHigh": 12,
        "normalizedLow": 0,
        "fractionAboveNormal": 0.03,
        "fractionBelowNormal": 0
      }
    },
    {
      "code": [
        {
          "coding": [
            {
              "system": "http://loinc.org",
              "code": "19123-9",
              "display": "Magnesium [Mass/volume] in Serum or Plasma"
            }
          ]
        }
      ],
      "count": 1189,
      "frequencyPerYear": 0.2500,
      "fractionOfSubjects": 0.0929,
      "scalarDistribution": {
        "units": {
          "unit": "mg/dL",
          "system": "http://unitsofmeasure.org",
          "code": "mg/dL"
        },
        "min": 0.90,
        "max": 12.60,
        "mean": 2.13,
        "median": 2,
        "stdDev": 0.94,
        "decile": [
          {
            "nth": 10,
            "value": 1.50
          },
          {
            "nth": 20,
            "value": 1.70
          },
          {
            "nth": 30,
            "value": 1.80
          },
          {
            "nth": 40,
            "value": 1.90
          },
          {
            "nth": 50,
            "value": 2
          },
          {
            "nth": 60,
            "value": 2
          },
          {
            "nth": 70,
            "value": 2.10
          },
          {
            "nth": 80,
            "value": 2.20
          },
          {
            "nth": 90,
            "value": 2.70
          }
        ],
        "normalizedHigh": 2.3,
        "normalizedLow": 1.6,
        "fractionAboveNormal": 0.16,
        "fractionBelowNormal": 0.10
      }
    },
    {
      "code": [
        {
          "coding": [
            {
              "system": "http://loinc.org",
              "code": "2601-3",
              "display": "Magnesium [Moles/volume] in Serum or Plasma"
            }
          ]
        }
      ],
      "count": 26,
      "frequencyPerYear": 0.0055,
      "fractionOfSubjects": 0.0008,
      "scalarDistribution": {
        "units": {
          "unit": "mg/dL",
          "system": "http://unitsofmeasure.org",
          "code": "mg/dL"
        },
        "min": 1.90,
        "max": 2.70,
        "mean": 2.12,
        "median": 2.10,
        "stdDev": 0.20,
        "decile": [
          {
            "nth": 10,
            "value": 1.90
          },
          {
            "nth": 20,
            "value": 2
          },
          {
            "nth": 30,
            "value": 2
          },
          {
            "nth": 40,
            "value": 2
          },
          {
            "nth": 50,
            "value": 2.10
          },
          {
            "nth": 60,
            "value": 2.10
          },
          {
            "nth": 70,
            "value": 2.10
          },
          {
            "nth": 80,
            "value": 2.30
          },
          {
            "nth": 90,
            "value": 2.40
          }
        ],
        "normalizedHigh": 2.2,
        "normalizedLow": 1.2,
        "fractionAboveNormal": 0.27,
        "fractionBelowNormal": 0
      }
    },
    {
      "code": [
        {
          "coding": [
            {
              "system": "http://loinc.org",
              "code": "2777-1",
              "display": "Phosphate [Mass/volume] in Serum or Plasma"
            }
          ]
        }
      ],
      "count": 883,
      "frequencyPerYear": 0.1857,
      "fractionOfSubjects": 0.0627,
      "scalarDistribution": {
        "units": {
          "unit": "mg/dL",
          "system": "http://unitsofmeasure.org",
          "code": "mg/dL"
        },
        "min": 0.80,
        "max": 8.90,
        "mean": 3.49,
        "median": 3.50,
        "stdDev": 0.94,
        "decile": [
          {
            "nth": 10,
            "value": 2.40
          },
          {
            "nth": 20,
            "value": 2.80
          },
          {
            "nth": 30,
            "value": 3.10
          },
          {
            "nth": 40,
            "value": 3.20
          },
          {
            "nth": 50,
            "value": 3.50
          },
          {
            "nth": 60,
            "value": 3.60
          },
          {
            "nth": 70,
            "value": 3.90
          },
          {
            "nth": 80,
            "value": 4.10
          },
          {
            "nth": 90,
            "value": 4.50
          }
        ],
        "normalizedHigh": 4.5,
        "normalizedLow": 2.5,
        "fractionAboveNormal": 0.09,
        "fractionBelowNormal": 0.11
      }
    },
    {
      "code": [
        {
          "coding": [
            {
              "system": "http://loinc.org",
              "code": "5964-2",
              "display": "Prothrombin time (PT) in Blood by Coagulation assay"
            }
          ]
        }
      ],
      "count": 648,
      "frequencyPerYear": 0.1362,
      "fractionOfSubjects": 0.0950,
      "scalarDistribution": {
        "units": {
          "unit": "Seconds",
          "system": "http://unitsofmeasure.org",
          "code": "Seconds"
        },
        "min": 9.30,
        "max": 58.60,
        "mean": 11.91,
        "median": 10.90,
        "stdDev": 4.44,
        "decile": [
          {
            "nth": 10,
            "value": 9.90
          },
          {
            "nth": 20,
            "value": 10.20
          },
          {
            "nth": 30,
            "value": 10.40
          },
          {
            "nth": 40,
            "value": 10.60
          },
          {
            "nth": 50,
            "value": 10.90
          },
          {
            "nth": 60,
            "value": 11.20
          },
          {
            "nth": 70,
            "value": 11.60
          },
          {
            "nth": 80,
            "value": 12.10
          },
          {
            "nth": 90,
            "value": 13.10
          }
        ]
      }
    },
    {
      "code": [
        {
          "coding": [
            {
              "system": "http://loinc.org",
              "code": "5902-2",
              "display": "Prothrombin time (PT)"
            }
          ]
        }
      ],
      "count": 28,
      "frequencyPerYear": 0.0059,
      "fractionOfSubjects": 0.0071,
      "scalarDistribution": {
        "units": {
          "unit": "sec",
          "system": "http://unitsofmeasure.org",
          "code": "sec"
        },
        "min": 9.70,
        "max": 71.10,
        "mean": 16.83,
        "median": 10.80,
        "stdDev": 13.66,
        "decile": [
          {
            "nth": 10,
            "value": 10.20
          },
          {
            "nth": 20,
            "value": 10.40
          },
          {
            "nth": 30,
            "value": 10.40
          },
          {
            "nth": 40,
            "value": 10.70
          },
          {
            "nth": 50,
            "value": 10.80
          },
          {
            "nth": 60,
            "value": 11.10
          },
          {
            "nth": 70,
            "value": 13.90
          },
          {
            "nth": 80,
            "value": 16.20
          },
          {
            "nth": 90,
            "value": 29.10
          }
        ],
        "normalizedHigh": 12.0,
        "normalizedLow": 9.1,
        "fractionAboveNormal": 0.36,
        "fractionBelowNormal": 0
      }
    },
    {
      "code": [
        {
          "coding": [
            {
              "system": "http://loinc.org",
              "code": "2093-3",
              "display": "Cholesterol [Mass/volume] in Serum or Plasma"
            }
          ]
        }
      ],
      "count": 665,
      "frequencyPerYear": 0.1398,
      "fractionOfSubjects": 0.2325,
      "scalarDistribution": {
        "units": {
          "unit": "mg/dL",
          "system": "http://unitsofmeasure.org",
          "code": "mg/dL"
        },
        "min": 73,
        "max": 484,
        "mean": 174.40,
        "median": 166,
        "stdDev": 47.44,
        "decile": [
          {
            "nth": 10,
            "value": 128
          },
          {
            "nth": 20,
            "value": 140
          },
          {
            "nth": 30,
            "value": 149
          },
          {
            "nth": 40,
            "value": 158
          },
          {
            "nth": 50,
            "value": 166
          },
          {
            "nth": 60,
            "value": 176
          },
          {
            "nth": 70,
            "value": 187
          },
          {
            "nth": 80,
            "value": 201
          },
          {
            "nth": 90,
            "value": 221
          }
        ],
        "normalizedHigh": 199,
        "normalizedLow": 100,
        "fractionAboveNormal": 0.22,
        "fractionBelowNormal": 0.01
      }
    },
    {
      "code": [
        {
          "coding": [
            {
              "system": "http://loinc.org",
              "code": "2085-9",
              "display": "Cholesterol in HDL [Mass/volume] in Serum or Plasma"
            }
          ]
        }
      ],
      "count": 643,
      "frequencyPerYear": 0.1352,
      "fractionOfSubjects": 0.2279,
      "scalarDistribution": {
        "units": {
          "unit": "mg/dL",
          "system": "http://unitsofmeasure.org",
          "code": "mg/dL"
        },
        "min": 6,
        "max": 108,
        "mean": 56.17,
        "median": 55,
        "stdDev": 15.97,
        "decile": [
          {
            "nth": 10,
            "value": 38
          },
          {
            "nth": 20,
            "value": 42
          },
          {
            "nth": 30,
            "value": 46
          },
          {
            "nth": 40,
            "value": 51
          },
          {
            "nth": 50,
            "value": 55
          },
          {
            "nth": 60,
            "value": 59
          },
          {
            "nth": 70,
            "value": 63
          },
          {
            "nth": 80,
            "value": 69
          },
          {
            "nth": 90,
            "value": 77
          }
        ],
        "normalizedHigh": 76,
        "normalizedLow": 36,
        "fractionAboveNormal": 0.10,
        "fractionBelowNormal": 0.08
      }
    },
    {
      "code": [
        {
          "coding": [
            {
              "system": "http://loinc.org",
              "code": "2571-8",
              "display": "Triglyceride [Mass/volume] in Serum or Plasma"
            }
          ]
        }
      ],
      "count": 628,
      "frequencyPerYear": 0.1320,
      "fractionOfSubjects": 0.2183,
      "scalarDistribution": {
        "units": {
          "unit": "mg/dL",
          "system": "http://unitsofmeasure.org",
          "code": "mg/dL"
        },
        "min": 25,
        "max": 2970,
        "mean": 112.11,
        "median": 81,
        "stdDev": 148.31,
        "decile": [
          {
            "nth": 10,
            "value": 46
          },
          {
            "nth": 20,
            "value": 53
          },
          {
            "nth": 30,
            "value": 61
          },
          {
            "nth": 40,
            "value": 70
          },
          {
            "nth": 50,
            "value": 81
          },
          {
            "nth": 60,
            "value": 92
          },
          {
            "nth": 70,
            "value": 110
          },
          {
            "nth": 80,
            "value": 141
          },
          {
            "nth": 90,
            "value": 189
          }
        ],
        "normalizedHigh": 149,
        "normalizedLow": 0,
        "fractionAboveNormal": 0.18,
        "fractionBelowNormal": 0
      }
    },
    {
      "code": [
        {
          "coding": [
            {
              "system": "http://loinc.org",
              "code": "19996-8",
              "display": "Oxygen/Inspired gas Respiratory system --on ventilator"
            }
          ]
        }
      ],
      "count": 301,
      "frequencyPerYear": 0.0633,
      "fractionOfSubjects": 0.0269,
      "scalarDistribution": {
        "units": {
          "unit": "%",
          "system": "http://unitsofmeasure.org",
          "code": "%"
        },
        "min": 15,
        "max": 100,
        "mean": 39.95,
        "median": 30,
        "stdDev": 23.00,
        "decile": [
          {
            "nth": 10,
            "value": 21
          },
          {
            "nth": 20,
            "value": 21
          },
          {
            "nth": 30,
            "value": 28
          },
          {
            "nth": 40,
            "value": 30
          },
          {
            "nth": 50,
            "value": 30
          },
          {
            "nth": 60,
            "value": 40
          },
          {
            "nth": 70,
            "value": 40
          },
          {
            "nth": 80,
            "value": 40
          },
          {
            "nth": 90,
            "value": 90
          }
        ]
      }
    },
    {
      "code": [
        {
          "coding": [
            {
              "system": "http://loinc.org",
              "code": "737-7",
              "display": "Lymphocytes/100 leukocytes in Blood by Manual count"
            }
          ]
        }
      ],
      "count": 244,
      "frequencyPerYear": 0.0513,
      "fractionOfSubjects": 0.0412,
      "scalarDistribution": {
        "units": {
          "unit": "%",
          "system": "http://unitsofmeasure.org",
          "code": "%"
        },
        "min": 0,
        "max": 65,
        "mean": 19.74,
        "median": 18,
        "stdDev": 14.17,
        "decile": [
          {
            "nth": 10,
            "value": 3
          },
          {
            "nth": 20,
            "value": 5
          },
          {
            "nth": 30,
            "value": 9
          },
          {
            "nth": 40,
            "value": 14
          },
          {
            "nth": 50,
            "value": 18
          },
          {
            "nth": 60,
            "value": 21
          },
          {
            "nth": 70,
            "value": 26
          },
          {
            "nth": 80,
            "value": 32
          },
          {
            "nth": 90,
            "value": 40
          }
        ],
        "normalizedHigh": 44,
        "normalizedLow": 24,
        "fractionAboveNormal": 0.06,
        "fractionBelowNormal": 0.64
      }
    },
    {
      "code": [
        {
          "coding": [
            {
              "system": "http://loinc.org",
              "code": "744-3",
              "display": "Monocytes/100 leukocytes in Blood by Manual count"
            }
          ]
        }
      ],
      "count": 238,
      "frequencyPerYear": 0.0500,
      "fractionOfSubjects": 0.0412,
      "scalarDistribution": {
        "units": {
          "unit": "%",
          "system": "http://unitsofmeasure.org",
          "code": "%"
        },
        "min": 0,
        "max": 46,
        "mean": 8.22,
        "median": 6,
        "stdDev": 8.14,
        "decile": [
          {
            "nth": 10,
            "value": 2
          },
          {
            "nth": 20,
            "value": 3
          },
          {
            "nth": 30,
            "value": 4
          },
          {
            "nth": 40,
            "value": 5
          },
          {
            "nth": 50,
            "value": 6
          },
          {
            "nth": 60,
            "value": 7
          },
          {
            "nth": 70,
            "value": 9
          },
          {
            "nth": 80,
            "value": 11
          },
          {
            "nth": 90,
            "value": 16
          }
        ],
        "normalizedHigh": 12,
        "normalizedLow": 1,
        "fractionAboveNormal": 0.16,
        "fractionBelowNormal": 0.04
      }
    },
    {
      "code": [
        {
          "coding": [
            {
              "system": "http://loinc.org",
              "code": "19254-2",
              "display": "Oxygen [Partial pressure] adjusted to patient\u0027s actual temperature in Blood"
            }
          ]
        }
      ],
      "count": 243,
      "frequencyPerYear": 0.0511,
      "fractionOfSubjects": 0.0130,
      "scalarDistribution": {
        "units": {
          "unit": "mmHg",
          "system": "http://unitsofmeasure.org",
          "code": "mmHg"
        },
        "min": 20,
        "max": 489,
        "mean": 150.09,
        "median": 133.50,
        "stdDev": 85.43,
        "decile": [
          {
            "nth": 10,
            "value": 67
          },
          {
            "nth": 20,
            "value": 85
          },
          {
            "nth": 30,
            "value": 103
          },
          {
            "nth": 40,
            "value": 118
          },
          {
            "nth": 50,
            "value": 134
          },
          {
            "nth": 60,
            "value": 149
          },
          {
            "nth": 70,
            "value": 173
          },
          {
            "nth": 80,
            "value": 196
          },
          {
            "nth": 90,
            "value": 245
          }
        ],
        "normalizedHigh": 100,
        "normalizedLow": 75,
        "fractionAboveNormal": 0.72,
        "fractionBelowNormal": 0.13
      }
    },
    {
      "code": [
        {
          "coding": [
            {
              "system": "http://loinc.org",
              "code": "714-6",
              "display": "Eosinophils/100 leukocytes in Blood by Manual count"
            }
          ]
        }
      ],
      "count": 220,
      "frequencyPerYear": 0.0463,
      "fractionOfSubjects": 0.0412,
      "scalarDistribution": {
        "units": {
          "unit": "%",
          "system": "http://unitsofmeasure.org",
          "code": "%"
        },
        "min": 0,
        "max": 11,
        "mean": 1.55,
        "median": 1,
        "stdDev": 2.13,
        "decile": [
          {
            "nth": 10,
            "value": 0
          },
          {
            "nth": 20,
            "value": 0
          },
          {
            "nth": 30,
            "value": 0
          },
          {
            "nth": 40,
            "value": 0
          },
          {
            "nth": 50,
            "value": 1
          },
          {
            "nth": 60,
            "value": 1
          },
          {
            "nth": 70,
            "value": 2
          },
          {
            "nth": 80,
            "value": 3
          },
          {
            "nth": 90,
            "value": 4
          }
        ],
        "normalizedHigh": 7,
        "normalizedLow": 0,
        "fractionAboveNormal": 0.04,
        "fractionBelowNormal": 0
      }
    },
    {
      "code": [
        {
          "coding": [
            {
              "system": "http://loinc.org",
              "code": "49701-6",
              "display": "pH of Blood adjusted to patient\u0027s actual temperature"
            }
          ]
        }
      ],
      "count": 222,
      "frequencyPerYear": 0.0467,
      "fractionOfSubjects": 0.0130,
      "scalarDistribution": {
        "units": {
          "unit": "UNK",
          "system": "http://unitsofmeasure.org",
          "code": "UNK"
        },
        "min": 6.71,
        "max": 7.54,
        "mean": 7.35,
        "median": 7.38,
        "stdDev": 0.11,
        "decile": [
          {
            "nth": 10,
            "value": 7.21
          },
          {
            "nth": 20,
            "value": 7.28
          },
          {
            "nth": 30,
            "value": 7.33
          },
          {
            "nth": 40,
            "value": 7.35
          },
          {
            "nth": 50,
            "value": 7.38
          },
          {
            "nth": 60,
            "value": 7.40
          },
          {
            "nth": 70,
            "value": 7.42
          },
          {
            "nth": 80,
            "value": 7.44
          },
          {
            "nth": 90,
            "value": 7.46
          }
        ],
        "normalizedHigh": 7.45,
        "normalizedLow": 7.35,
        "fractionAboveNormal": 0.16,
        "fractionBelowNormal": 0.41
      }
    },
    {
      "code": [
        {
          "coding": [
            {
              "system": "http://loinc.org",
              "code": "34705-4",
              "display": "Carbon dioxide [Partial pressure] adjusted to patient\u0027s actual temperature in Blood"
            }
          ]
        }
      ],
      "count": 219,
      "frequencyPerYear": 0.0460,
      "fractionOfSubjects": 0.0130,
      "scalarDistribution": {
        "units": {
          "unit": "mmHg",
          "system": "http://unitsofmeasure.org",
          "code": "mmHg"
        },
        "min": 19,
        "max": 105,
        "mean": 45.79,
        "median": 41,
        "stdDev": 17.58,
        "decile": [
          {
            "nth": 10,
            "value": 27
          },
          {
            "nth": 20,
            "value": 31
          },
          {
            "nth": 30,
            "value": 33
          },
          {
            "nth": 40,
            "value": 36
          },
          {
            "nth": 50,
            "value": 41
          },
          {
            "nth": 60,
            "value": 48
          },
          {
            "nth": 70,
            "value": 52
          },
          {
            "nth": 80,
            "value": 62
          },
          {
            "nth": 90,
            "value": 69
          }
        ],
        "normalizedHigh": 45,
        "normalizedLow": 35,
        "fractionAboveNormal": 0.43,
        "fractionBelowNormal": 0.33
      }
    },
    {
      "code": [
        {
          "coding": [
            {
              "system": "http://loinc.org",
              "code": "706-2",
              "display": "Basophils/100 leukocytes in Blood by Automated count"
            }
          ]
        }
      ],
      "count": 203,
      "frequencyPerYear": 0.0427,
      "fractionOfSubjects": 0.0618,
      "scalarDistribution": {
        "units": {
          "unit": "%",
          "system": "http://unitsofmeasure.org",
          "code": "%"
        },
        "min": 0,
        "max": 2,
        "mean": 0.33,
        "median": 0,
        "stdDev": 0.49,
        "decile": [
          {
            "nth": 10,
            "value": 0
          },
          {
            "nth": 20,
            "value": 0
          },
          {
            "nth": 30,
            "value": 0
          },
          {
            "nth": 40,
            "value": 0
          },
          {
            "nth": 50,
            "value": 0
          },
          {
            "nth": 60,
            "value": 0
          },
          {
            "nth": 70,
            "value": 1
          },
          {
            "nth": 80,
            "value": 1
          },
          {
            "nth": 90,
            "value": 1
          }
        ],
        "normalizedHigh": 1.0,
        "normalizedLow": 0.0,
        "fractionAboveNormal": 0.01,
        "fractionBelowNormal": 0
      }
    },
    {
      "code": [
        {
          "coding": [
            {
              "system": "http://loinc.org",
              "code": "1959-6",
              "display": "Bicarbonate [Moles/volume] in Blood"
            }
          ]
        }
      ],
      "count": 189,
      "frequencyPerYear": 0.0397,
      "fractionOfSubjects": 0.0130,
      "scalarDistribution": {
        "units": {
          "unit": "mmol/L",
          "system": "http://unitsofmeasure.org",
          "code": "mmol/L"
        },
        "min": 8,
        "max": 42,
        "mean": 24.12,
        "median": 23,
        "stdDev": 7.00,
        "decile": [
          {
            "nth": 10,
            "value": 15
          },
          {
            "nth": 20,
            "value": 19
          },
          {
            "nth": 30,
            "value": 20
          },
          {
            "nth": 40,
            "value": 22
          },
          {
            "nth": 50,
            "value": 23
          },
          {
            "nth": 60,
            "value": 25
          },
          {
            "nth": 70,
            "value": 27
          },
          {
            "nth": 80,
            "value": 30
          },
          {
            "nth": 90,
            "value": 34
          }
        ],
        "normalizedHigh": 26,
        "normalizedLow": 22,
        "fractionAboveNormal": 0.34,
        "fractionBelowNormal": 0.37
      }
    },
    {
      "code": [
        {
          "coding": [
            {
              "system": "http://loinc.org",
              "code": "736-9",
              "display": "Lymphocytes/100 leukocytes in Blood by Automated count"
            }
          ]
        }
      ],
      "count": 139,
      "frequencyPerYear": 0.0292,
      "fractionOfSubjects": 0.0366,
      "scalarDistribution": {
        "units": {
          "unit": "%",
          "system": "http://unitsofmeasure.org",
          "code": "%"
        },
        "min": 3.80,
        "max": 57.10,
        "mean": 27.19,
        "median": 26.70,
        "stdDev": 11.58,
        "decile": [
          {
            "nth": 10,
            "value": 10.50
          },
          {
            "nth": 20,
            "value": 17.10
          },
          {
            "nth": 30,
            "value": 21.30
          },
          {
            "nth": 40,
            "value": 24.30
          },
          {
            "nth": 50,
            "value": 26.80
          },
          {
            "nth": 60,
            "value": 29.60
          },
          {
            "nth": 70,
            "value": 31.70
          },
          {
            "nth": 80,
            "value": 35.50
          },
          {
            "nth": 90,
            "value": 44.50
          }
        ]
      }
    },
    {
      "code": [
        {
          "coding": [
            {
              "system": "http://loinc.org",
              "code": "1995-0",
              "display": "Calcium.ionized [Moles/volume] in Serum or Plasma"
            }
          ]
        }
      ],
      "count": 16,
      "frequencyPerYear": 0.0034,
      "fractionOfSubjects": 0.0017,
      "scalarDistribution": {
        "units": {
          "unit": "mmol/L",
          "system": "http://unitsofmeasure.org",
          "code": "mmol/L"
        },
        "min": 1.11,
        "max": 1.32,
        "mean": 1.22,
        "median": 1.22,
        "stdDev": 0.05,
        "decile": [
          {
            "nth": 10,
            "value": 1.17
          },
          {
            "nth": 20,
            "value": 1.17
          },
          {
            "nth": 30,
            "value": 1.19
          },
          {
            "nth": 40,
            "value": 1.21
          },
          {
            "nth": 50,
            "value": 1.22
          },
          {
            "nth": 60,
            "value": 1.23
          },
          {
            "nth": 70,
            "value": 1.24
          },
          {
            "nth": 80,
            "value": 1.25
          },
          {
            "nth": 90,
            "value": 1.27
          }
        ]
      }
    }
  ],
  "meta": {
    "tag": [
      {
        "system": "http://hl7.org/fhir/v3/ActReason",
        "code": "HTEST",
        "display": "test health data"
      }
    ]
  }
}