{
  "resourceType": "Group",
  "id": "asthma-sample-41-cohort-jhu1",
  "text": {
    "status": "additional",
    "div": "\u003cdiv xmlns\u003d\"http://www.w3.org/1999/xhtml\"\u003e\n\t\t\t\u003cp\u003easthma patients aged 0 - 80+, White or Caucasian, Male\u003c/p\u003e\n\t\t\u003c/div\u003e"
  },
  "identifier": [
    {
      "system": "http://ncats.org/clinicalprofile/",
      "value": "sample-41"
    }
  ],
  "type": "person",
  "actual": true,
  "name": "asthma patients aged 0 - 80+, White or Caucasian, Male",
  "quantity": 11144,
  "characteristic": [
    {
      "code": {
        "text": "race"
      },
      "valueCodeableConcept": {
        "coding": [
          {
            "system": "urn:oid:2.16.840.1.114222.4.11.836",
            "code": "2054-5",
            "display": "White or Caucasian"
          }
        ]
      },
      "exclude": false
    },
    {
      "code": {
        "text": "gender"
      },
      "valueCodeableConcept": {
        "coding": [
          {
            "system": "http://hl7.org/fhir/administrative-gender",
            "code": "male",
            "display": "Male"
          }
        ]
      },
      "exclude": false
    }
  ],
  "meta": {
    "tag": [
      {
        "system": "http://hl7.org/fhir/v3/ActReason",
        "code": "HTEST",
        "display": "test health data"
      }
    ]
  }
}