{
  "resourceType": "ClinicalProfile",
  "id": "jhu-diabetes-profile-3-diagnoses",
  "text": {
    "status": "generated",
    "div": "\u003cdiv xmlns\u003d\"http://www.w3.org/1999/xhtml\"\u003e\n\t\t\t\u003cp\u003eSelected diagnoses for Male,Female, White or Caucasian,Native Hawaiian or Other Pacific Islander,Black or African American,Asian,Unknown,Hispanic,Declined to Answer,American Indian or Alaska Native,Other patients aged 45-64 seen as either outpatients or inpatients at Johns Hopkins Hospital, JHCP, and Bayview between 3/1/2016 and 3/1/2018 having a diagnosis of diabetes recorded on the problem list or as an encounter diagnosis.\n\t\t\t\u003c/p\u003e\n\t\t\u003c/div\u003e"
  },
  "identifier": [
    {
      "value": "urn:uuid:1D4014E6-DB0B-877E-7B0CA8C6805A9D11"
    }
  ],
  "status": "draft",
  "population": {
    "reference": "Group/diabetes-population-jhu2"
  },
  "cohort": {
    "reference": "Group/diabetes-sample-3-cohort-jhu2",
    "display": "White or Caucasian,Native Hawaiian or Other Pacific Islander,Black or African American,Asian,Unknown,Hispanic,Declined to Answer,American Indian or Alaska Native,Other Male,Female aged 45-64"
  },
  "date": "2018-09-12T17:40:00Z",
  "source": [
    {
      "value": "http://ictrweb.johnshopkins.edu/ictr/synthetic/includes/clinical_profiles.cfm"
    }
  ],
  "reporter": {
    "reference": "Organization/JHM",
    "type": "Organization",
    "display": "Johns Hopkins School of Medicine"
  },
  "diagnosis": [
    {
      "code": [
        {
          "coding": [
            {
              "system": "http://hl7.org/fhir/sid/icd-10",
              "code": "J45.909",
              "display": "Asthma"
            }
          ]
        }
      ],
      "count": 13831
    },
    {
      "code": [
        {
          "coding": [
            {
              "system": "http://hl7.org/fhir/sid/icd-10",
              "code": "Z00.00",
              "display": "Routine general medical examination at a health care facility"
            }
          ]
        }
      ],
      "count": 7249
    },
    {
      "code": [
        {
          "coding": [
            {
              "system": "http://hl7.org/fhir/sid/icd-10",
              "code": "I10",
              "display": "Essential hypertension, benign"
            }
          ]
        }
      ],
      "count": 6616
    },
    {
      "code": [
        {
          "coding": [
            {
              "system": "http://hl7.org/fhir/sid/icd-10",
              "code": "J30.9",
              "display": "Allergic rhinitis, cause unspecified"
            }
          ]
        }
      ],
      "count": 6146
    },
    {
      "code": [
        {
          "coding": [
            {
              "system": "http://hl7.org/fhir/sid/icd-10",
              "code": "J45.20",
              "display": "Mild intermittent asthma without complication"
            }
          ]
        }
      ],
      "count": 5978
    },
    {
      "code": [
        {
          "coding": [
            {
              "system": "http://hl7.org/fhir/sid/icd-10",
              "code": "K21.9",
              "display": "Gastroesophageal reflux disease, esophagitis presence not specified"
            }
          ]
        }
      ],
      "count": 5118
    },
    {
      "code": [
        {
          "coding": [
            {
              "system": "http://hl7.org/fhir/sid/icd-10",
              "code": "Z00.129",
              "display": "Routine infant or child health check"
            }
          ]
        }
      ],
      "count": 4284
    },
    {
      "code": [
        {
          "coding": [
            {
              "system": "http://hl7.org/fhir/sid/icd-10",
              "code": "E66.9",
              "display": "Obesity, unspecified"
            }
          ]
        }
      ],
      "count": 3476
    },
    {
      "code": [
        {
          "coding": [
            {
              "system": "http://hl7.org/fhir/sid/icd-10",
              "code": "E55.9",
              "display": "Vitamin D deficiency"
            }
          ]
        }
      ],
      "count": 3291
    },
    {
      "code": [
        {
          "coding": [
            {
              "system": "http://hl7.org/fhir/sid/icd-10",
              "code": "F32.9",
              "display": "Single current episode of major depressive disorder, unspecified depression episode severity"
            }
          ]
        }
      ],
      "count": 3056
    },
    {
      "code": [
        {
          "coding": [
            {
              "system": "http://hl7.org/fhir/sid/icd-10",
              "code": "E78.5",
              "display": "Dyslipidemia"
            }
          ]
        }
      ],
      "count": 2515
    },
    {
      "code": [
        {
          "coding": [
            {
              "system": "http://hl7.org/fhir/sid/icd-10",
              "code": "E11.9",
              "display": "Type II or unspecified type diabetes mellitus without mention of complication, not stated as uncontrolled"
            }
          ]
        }
      ],
      "count": 2334
    },
    {
      "code": [
        {
          "coding": [
            {
              "system": "http://hl7.org/fhir/sid/icd-10",
              "code": "F41.9",
              "display": "Anxiety"
            }
          ]
        }
      ],
      "count": 2015
    },
    {
      "code": [
        {
          "coding": [
            {
              "system": "http://hl7.org/fhir/sid/icd-10",
              "code": "J45.30",
              "display": "Mild persistent asthma without complication"
            }
          ]
        }
      ],
      "count": 2008
    },
    {
      "code": [
        {
          "coding": [
            {
              "system": "http://hl7.org/fhir/sid/icd-10",
              "code": "L30.9",
              "display": "Eczema"
            }
          ]
        }
      ],
      "count": 1884
    },
    {
      "code": [
        {
          "coding": [
            {
              "system": "http://hl7.org/fhir/sid/icd-10",
              "code": "G47.33",
              "display": "OSA on CPAP"
            }
          ]
        }
      ],
      "count": 1834
    },
    {
      "code": [
        {
          "coding": [
            {
              "system": "http://hl7.org/fhir/sid/icd-10",
              "code": "G89.29",
              "display": "Chronic chest pain"
            }
          ]
        }
      ],
      "count": 1811
    },
    {
      "code": [
        {
          "coding": [
            {
              "system": "http://hl7.org/fhir/sid/icd-10",
              "code": "D64.9",
              "display": "Anemia, unspecified"
            }
          ]
        }
      ],
      "count": 1738
    },
    {
      "code": [
        {
          "coding": [
            {
              "system": "http://hl7.org/fhir/sid/icd-10",
              "code": "E03.9",
              "display": "Acquired hypothyroidism"
            }
          ]
        }
      ],
      "count": 1733
    },
    {
      "code": [
        {
          "coding": [
            {
              "system": "http://hl7.org/fhir/sid/icd-10",
              "code": "E78.00",
              "display": "Pure hypercholesterolemia"
            }
          ]
        }
      ],
      "count": 1714
    },
    {
      "code": [
        {
          "coding": [
            {
              "system": "http://hl7.org/fhir/sid/icd-10",
              "code": "J30.1",
              "display": "Allergic rhinitis due to pollen"
            }
          ]
        }
      ],
      "count": 1710
    },
    {
      "code": [
        {
          "coding": [
            {
              "system": "http://hl7.org/fhir/sid/icd-10",
              "code": "J30.2",
              "display": "Seasonal allergies"
            }
          ]
        }
      ],
      "count": 1629
    },
    {
      "code": [
        {
          "coding": [
            {
              "system": "http://hl7.org/fhir/sid/icd-10",
              "code": "IMO0002",
              "display": "Sprain and strain of knee and leg"
            }
          ]
        }
      ],
      "count": 1617
    },
    {
      "code": [
        {
          "coding": [
            {
              "system": "http://hl7.org/fhir/sid/icd-10",
              "code": "E66.01",
              "display": "Morbid obesity with BMI of 40.0-44.9, adult"
            }
          ]
        }
      ],
      "count": 1520
    },
    {
      "code": [
        {
          "coding": [
            {
              "system": "http://hl7.org/fhir/sid/icd-10",
              "code": "M54.9",
              "display": "Backache, unspecified"
            }
          ]
        }
      ],
      "count": 1381
    },
    {
      "code": [
        {
          "coding": [
            {
              "system": "http://hl7.org/fhir/sid/icd-10",
              "code": "R05",
              "display": "Cough"
            }
          ]
        }
      ],
      "count": 1346
    },
    {
      "code": [
        {
          "coding": [
            {
              "system": "http://hl7.org/fhir/sid/icd-10",
              "code": "R51",
              "display": "Recurrent headache"
            }
          ]
        }
      ],
      "count": 1338
    },
    {
      "code": [
        {
          "coding": [
            {
              "system": "http://hl7.org/fhir/sid/icd-10",
              "code": "M54.5",
              "display": "Midline low back pain without sciatica"
            }
          ]
        }
      ],
      "count": 1336
    },
    {
      "code": [
        {
          "coding": [
            {
              "system": "http://hl7.org/fhir/sid/icd-10",
              "code": "R10.9",
              "display": "Right sided abdominal pain"
            }
          ]
        }
      ],
      "count": 1324
    },
    {
      "code": [
        {
          "coding": [
            {
              "system": "http://hl7.org/fhir/sid/icd-10",
              "code": "K59.00",
              "display": "Constipation"
            }
          ]
        }
      ],
      "count": 1251
    },
    {
      "code": [
        {
          "coding": [
            {
              "system": "http://hl7.org/fhir/sid/icd-10",
              "code": "Z98.890",
              "display": "S/P carpal tunnel release"
            }
          ]
        }
      ],
      "count": 1208
    },
    {
      "code": [
        {
          "coding": [
            {
              "system": "http://hl7.org/fhir/sid/icd-10",
              "code": "G43.909",
              "display": "Migraine"
            }
          ]
        }
      ],
      "count": 1208
    },
    {
      "code": [
        {
          "coding": [
            {
              "system": "http://hl7.org/fhir/sid/icd-10",
              "code": "H52.4",
              "display": "Astigmatism with presbyopia"
            }
          ]
        }
      ],
      "count": 1172
    },
    {
      "code": [
        {
          "coding": [
            {
              "system": "http://hl7.org/fhir/sid/icd-10",
              "code": "J45.40",
              "display": "Asthma, moderate persistent"
            }
          ]
        }
      ],
      "count": 1138
    },
    {
      "code": [
        {
          "coding": [
            {
              "system": "http://hl7.org/fhir/sid/icd-10",
              "code": "R07.9",
              "display": "Chest pain, unspecified"
            }
          ]
        }
      ],
      "count": 1131
    },
    {
      "code": [
        {
          "coding": [
            {
              "system": "http://hl7.org/fhir/sid/icd-10",
              "code": "E78.2",
              "display": "Mixed hyperlipidemia"
            }
          ]
        }
      ],
      "count": 1127
    },
    {
      "code": [
        {
          "coding": [
            {
              "system": "http://hl7.org/fhir/sid/icd-10",
              "code": "F17.200",
              "display": "Tobacco use disorder"
            }
          ]
        }
      ],
      "count": 1071
    },
    {
      "code": [
        {
          "coding": [
            {
              "system": "http://hl7.org/fhir/sid/icd-10",
              "code": "M19.90",
              "display": "Osteoarthritis"
            }
          ]
        }
      ],
      "count": 1065
    },
    {
      "code": [
        {
          "coding": [
            {
              "system": "http://hl7.org/fhir/sid/icd-10",
              "code": "J45.901",
              "display": "Asthma exacerbation"
            }
          ]
        }
      ],
      "count": 1037
    },
    {
      "code": [
        {
          "coding": [
            {
              "system": "http://hl7.org/fhir/sid/icd-10",
              "code": "G47.30",
              "display": "Sleep apnea in adult"
            }
          ]
        }
      ],
      "count": 1012
    },
    {
      "code": [
        {
          "coding": [
            {
              "system": "http://hl7.org/fhir/sid/icd-10",
              "code": "J32.9",
              "display": "Unspecified sinusitis (chronic)"
            }
          ]
        }
      ],
      "count": 994
    },
    {
      "code": [
        {
          "coding": [
            {
              "system": "http://hl7.org/fhir/sid/icd-10",
              "code": "R53.83",
              "display": "Fatigue"
            }
          ]
        }
      ],
      "count": 980
    },
    {
      "code": [
        {
          "coding": [
            {
              "system": "http://hl7.org/fhir/sid/icd-10",
              "code": "G47.00",
              "display": "Insomnia"
            }
          ]
        }
      ],
      "count": 972
    },
    {
      "code": [
        {
          "coding": [
            {
              "system": "http://hl7.org/fhir/sid/icd-10",
              "code": "Z01.818",
              "display": "Preop examination"
            }
          ]
        }
      ],
      "count": 942
    },
    {
      "code": [
        {
          "coding": [
            {
              "system": "http://hl7.org/fhir/sid/icd-10",
              "code": "Z91.018",
              "display": "Food allergy"
            }
          ]
        }
      ],
      "count": 918
    },
    {
      "code": [
        {
          "coding": [
            {
              "system": "http://hl7.org/fhir/sid/icd-10",
              "code": "F41.1",
              "display": "Generalized anxiety disorder"
            }
          ]
        }
      ],
      "count": 898
    },
    {
      "code": [
        {
          "coding": [
            {
              "system": "http://hl7.org/fhir/sid/icd-10",
              "code": "F90.9",
              "display": "ADHD (attention deficit hyperactivity disorder)"
            }
          ]
        }
      ],
      "count": 875
    },
    {
      "code": [
        {
          "coding": [
            {
              "system": "http://hl7.org/fhir/sid/icd-10",
              "code": "J45.990",
              "display": "Exercise induced bronchospasm"
            }
          ]
        }
      ],
      "count": 869
    },
    {
      "code": [
        {
          "coding": [
            {
              "system": "http://hl7.org/fhir/sid/icd-10",
              "code": "I25.10",
              "display": "Coronary atherosclerosis of unspecified type of vessel, native or graft"
            }
          ]
        }
      ],
      "count": 866
    },
    {
      "code": [
        {
          "coding": [
            {
              "system": "http://hl7.org/fhir/sid/icd-10",
              "code": "J18.9",
              "display": "Pneumonia of left lung due to infectious organism"
            }
          ]
        }
      ],
      "count": 858
    },
    {
      "code": [
        {
          "coding": [
            {
              "system": "http://hl7.org/fhir/sid/icd-10",
              "code": "L25.9",
              "display": "Contact dermatitis and other eczema, due to unspecified cause"
            }
          ]
        }
      ],
      "count": 848
    },
    {
      "code": [
        {
          "coding": [
            {
              "system": "http://hl7.org/fhir/sid/icd-10",
              "code": "H52.13",
              "display": "Myopia, bilateral"
            }
          ]
        }
      ],
      "count": 818
    },
    {
      "code": [
        {
          "coding": [
            {
              "system": "http://hl7.org/fhir/sid/icd-10",
              "code": "J44.9",
              "display": "COPD (chronic obstructive pulmonary disease)"
            }
          ]
        }
      ],
      "count": 811
    },
    {
      "code": [
        {
          "coding": [
            {
              "system": "http://hl7.org/fhir/sid/icd-10",
              "code": "R42",
              "display": "Dizziness and giddiness"
            }
          ]
        }
      ],
      "count": 799
    },
    {
      "code": [
        {
          "coding": [
            {
              "system": "http://hl7.org/fhir/sid/icd-10",
              "code": "N39.0",
              "display": "Urinary tract infection, site not specified"
            }
          ]
        }
      ],
      "count": 794
    },
    {
      "code": [
        {
          "coding": [
            {
              "system": "http://hl7.org/fhir/sid/icd-10",
              "code": "D50.9",
              "display": "Iron deficiency anemia"
            }
          ]
        }
      ],
      "count": 783
    },
    {
      "code": [
        {
          "coding": [
            {
              "system": "http://hl7.org/fhir/sid/icd-10",
              "code": "R06.09",
              "display": "Dyspnea on exertion"
            }
          ]
        }
      ],
      "count": 781
    },
    {
      "code": [
        {
          "coding": [
            {
              "system": "http://hl7.org/fhir/sid/icd-10",
              "code": "R00.2",
              "display": "Palpitations"
            }
          ]
        }
      ],
      "count": 745
    },
    {
      "code": [
        {
          "coding": [
            {
              "system": "http://hl7.org/fhir/sid/icd-10",
              "code": "M54.2",
              "display": "Cervicalgia"
            }
          ]
        }
      ],
      "count": 725
    },
    {
      "code": [
        {
          "coding": [
            {
              "system": "http://hl7.org/fhir/sid/icd-10",
              "code": "R73.03",
              "display": "Prediabetes"
            }
          ]
        }
      ],
      "count": 707
    },
    {
      "code": [
        {
          "coding": [
            {
              "system": "http://hl7.org/fhir/sid/icd-10",
              "code": "R03.0",
              "display": "Elevated blood pressure reading without diagnosis of hypertension"
            }
          ]
        }
      ],
      "count": 690
    },
    {
      "code": [
        {
          "coding": [
            {
              "system": "http://hl7.org/fhir/sid/icd-10",
              "code": "M25.569",
              "display": "Pain in joint, lower leg"
            }
          ]
        }
      ],
      "count": 689
    },
    {
      "code": [
        {
          "coding": [
            {
              "system": "http://hl7.org/fhir/sid/icd-10",
              "code": "J06.9",
              "display": "URI (upper respiratory infection)"
            }
          ]
        }
      ],
      "count": 675
    },
    {
      "code": [
        {
          "coding": [
            {
              "system": "http://hl7.org/fhir/sid/icd-10",
              "code": "E66.3",
              "display": "Overweight (BMI 25.0-29.9)"
            }
          ]
        }
      ],
      "count": 657
    },
    {
      "code": [
        {
          "coding": [
            {
              "system": "http://hl7.org/fhir/sid/icd-10",
              "code": "Z96.1",
              "display": "Pseudophakia of both eyes"
            }
          ]
        }
      ],
      "count": 637
    },
    {
      "code": [
        {
          "coding": [
            {
              "system": "http://hl7.org/fhir/sid/icd-10",
              "code": "J31.0",
              "display": "Chronic rhinitis"
            }
          ]
        }
      ],
      "count": 637
    },
    {
      "code": [
        {
          "coding": [
            {
              "system": "http://hl7.org/fhir/sid/icd-10",
              "code": "Z34.90",
              "display": "Pregnancy"
            }
          ]
        }
      ],
      "count": 631
    },
    {
      "code": [
        {
          "coding": [
            {
              "system": "http://hl7.org/fhir/sid/icd-10",
              "code": "R06.02",
              "display": "Shortness of breath"
            }
          ]
        }
      ],
      "count": 631
    },
    {
      "code": [
        {
          "coding": [
            {
              "system": "http://hl7.org/fhir/sid/icd-10",
              "code": "H91.90",
              "display": "Unspecified hearing loss"
            }
          ]
        }
      ],
      "count": 623
    },
    {
      "code": [
        {
          "coding": [
            {
              "system": "http://hl7.org/fhir/sid/icd-10",
              "code": "R53.81",
              "display": "Other malaise and fatigue"
            }
          ]
        }
      ],
      "count": 621
    },
    {
      "code": [
        {
          "coding": [
            {
              "system": "http://hl7.org/fhir/sid/icd-10",
              "code": "H52.203",
              "display": "Myopic astigmatism, bilateral"
            }
          ]
        }
      ],
      "count": 607
    },
    {
      "code": [
        {
          "coding": [
            {
              "system": "http://hl7.org/fhir/sid/icd-10",
              "code": "Z23",
              "display": "Need for prophylactic vaccination and inoculation against unspecified single disease"
            }
          ]
        }
      ],
      "count": 606
    },
    {
      "code": [
        {
          "coding": [
            {
              "system": "http://hl7.org/fhir/sid/icd-10",
              "code": "H52.209",
              "display": "Astigmatism with presbyopia"
            }
          ]
        }
      ],
      "count": 591
    },
    {
      "code": [
        {
          "coding": [
            {
              "system": "http://hl7.org/fhir/sid/icd-10",
              "code": "H66.90",
              "display": "Otitis media in pediatric patient"
            }
          ]
        }
      ],
      "count": 591
    },
    {
      "code": [
        {
          "coding": [
            {
              "system": "http://hl7.org/fhir/sid/icd-10",
              "code": "M79.609",
              "display": "Pain in limb"
            }
          ]
        }
      ],
      "count": 590
    },
    {
      "code": [
        {
          "coding": [
            {
              "system": "http://hl7.org/fhir/sid/icd-10",
              "code": "R73.01",
              "display": "Impaired fasting glucose"
            }
          ]
        }
      ],
      "count": 589
    },
    {
      "code": [
        {
          "coding": [
            {
              "system": "http://hl7.org/fhir/sid/icd-10",
              "code": "R06.83",
              "display": "Snoring"
            }
          ]
        }
      ],
      "count": 582
    },
    {
      "code": [
        {
          "coding": [
            {
              "system": "http://hl7.org/fhir/sid/icd-10",
              "code": "R07.89",
              "display": "Other chest pain"
            }
          ]
        }
      ],
      "count": 579
    },
    {
      "code": [
        {
          "coding": [
            {
              "system": "http://hl7.org/fhir/sid/icd-10",
              "code": "R55",
              "display": "Neurocardiogenic syncope"
            }
          ]
        }
      ],
      "count": 578
    },
    {
      "code": [
        {
          "coding": [
            {
              "system": "http://hl7.org/fhir/sid/icd-10",
              "code": "L20.9",
              "display": "Atopic dermatitis"
            }
          ]
        }
      ],
      "count": 565
    },
    {
      "code": [
        {
          "coding": [
            {
              "system": "http://hl7.org/fhir/sid/icd-10",
              "code": "N20.0",
              "display": "Kidney stones, calcium oxalate"
            }
          ]
        }
      ],
      "count": 565
    },
    {
      "code": [
        {
          "coding": [
            {
              "system": "http://hl7.org/fhir/sid/icd-10",
              "code": "G43.009",
              "display": "Migraine without aura, without mention of intractable migraine without mention of status migrainosus"
            }
          ]
        }
      ],
      "count": 565
    },
    {
      "code": [
        {
          "coding": [
            {
              "system": "http://hl7.org/fhir/sid/icd-10",
              "code": "K58.9",
              "display": "IBS (irritable bowel syndrome)"
            }
          ]
        }
      ],
      "count": 560
    },
    {
      "code": [
        {
          "coding": [
            {
              "system": "http://hl7.org/fhir/sid/icd-10",
              "code": "H04.123",
              "display": "Tear film insufficiency, bilateral"
            }
          ]
        }
      ],
      "count": 559
    },
    {
      "code": [
        {
          "coding": [
            {
              "system": "http://hl7.org/fhir/sid/icd-10",
              "code": "Z79.899",
              "display": "Polypharmacy"
            }
          ]
        }
      ],
      "count": 558
    },
    {
      "code": [
        {
          "coding": [
            {
              "system": "http://hl7.org/fhir/sid/icd-10",
              "code": "R60.9",
              "display": "Edema"
            }
          ]
        }
      ],
      "count": 549
    },
    {
      "code": [
        {
          "coding": [
            {
              "system": "http://hl7.org/fhir/sid/icd-10",
              "code": "Z01.419",
              "display": "Routine gynecological examination"
            }
          ]
        }
      ],
      "count": 546
    },
    {
      "code": [
        {
          "coding": [
            {
              "system": "http://hl7.org/fhir/sid/icd-10",
              "code": "D25.9",
              "display": "Leiomyoma of uterus, unspecified"
            }
          ]
        }
      ],
      "count": 535
    },
    {
      "code": [
        {
          "coding": [
            {
              "system": "http://hl7.org/fhir/sid/icd-10",
              "code": "H52.10",
              "display": "Myopia"
            }
          ]
        }
      ],
      "count": 529
    },
    {
      "code": [
        {
          "coding": [
            {
              "system": "http://hl7.org/fhir/sid/icd-10",
              "code": "H26.9",
              "display": "Cortical cataract of both eyes"
            }
          ]
        }
      ],
      "count": 526
    },
    {
      "code": [
        {
          "coding": [
            {
              "system": "http://hl7.org/fhir/sid/icd-10",
              "code": "M81.0",
              "display": "Osteoporosis"
            }
          ]
        }
      ],
      "count": 524
    },
    {
      "code": [
        {
          "coding": [
            {
              "system": "http://hl7.org/fhir/sid/icd-10",
              "code": "Z91.09",
              "display": "Environmental allergies"
            }
          ]
        }
      ],
      "count": 522
    },
    {
      "code": [
        {
          "coding": [
            {
              "system": "http://hl7.org/fhir/sid/icd-10",
              "code": "J30.89",
              "display": "Chronic non-seasonal allergic rhinitis"
            }
          ]
        }
      ],
      "count": 516
    },
    {
      "code": [
        {
          "coding": [
            {
              "system": "http://hl7.org/fhir/sid/icd-10",
              "code": "M25.561",
              "display": "Chronic pain of both knees"
            }
          ]
        }
      ],
      "count": 513
    },
    {
      "code": [
        {
          "coding": [
            {
              "system": "http://hl7.org/fhir/sid/icd-10",
              "code": "R01.1",
              "display": "Cardiac murmur"
            }
          ]
        }
      ],
      "count": 511
    },
    {
      "code": [
        {
          "coding": [
            {
              "system": "http://hl7.org/fhir/sid/icd-10",
              "code": "R09.89",
              "display": "Reactive airway disease that is not asthma"
            }
          ]
        }
      ],
      "count": 506
    },
    {
      "code": [
        {
          "coding": [
            {
              "system": "http://hl7.org/fhir/sid/icd-10",
              "code": "M25.562",
              "display": "Arthralgia of both knees"
            }
          ]
        }
      ],
      "count": 499
    },
    {
      "code": [
        {
          "coding": [
            {
              "system": "http://hl7.org/fhir/sid/icd-10",
              "code": "Z68.54",
              "display": "Body mass index, pediatric, greater than or equal to 95th percentile for age"
            }
          ]
        }
      ],
      "count": 498
    },
    {
      "code": [
        {
          "coding": [
            {
              "system": "http://hl7.org/fhir/sid/icd-10",
              "code": "F98.8",
              "display": "ADD (attention deficit disorder)"
            }
          ]
        }
      ],
      "count": 496
    },
    {
      "code": [
        {
          "coding": [
            {
              "system": "http://hl7.org/fhir/sid/icd-10",
              "code": "R21",
              "display": "Rash and other nonspecific skin eruption"
            }
          ]
        }
      ],
      "count": 493
    },
    {
      "code": [
        {
          "coding": [
            {
              "system": "http://hl7.org/fhir/sid/icd-10",
              "code": "M85.80",
              "display": "Osteopenia"
            }
          ]
        }
      ],
      "count": 485
    },
    {
      "code": [
        {
          "coding": [
            {
              "system": "http://hl7.org/fhir/sid/icd-10",
              "code": "Z72.0",
              "display": "Tobacco abuse"
            }
          ]
        }
      ],
      "count": 479
    },
    {
      "code": [
        {
          "coding": [
            {
              "system": "http://hl7.org/fhir/sid/icd-10",
              "code": "F31.9",
              "display": "Bipolar disorder"
            }
          ]
        }
      ],
      "count": 476
    },
    {
      "code": [
        {
          "coding": [
            {
              "system": "http://hl7.org/fhir/sid/icd-10",
              "code": "IMO0001",
              "display": "Elevated blood pressure"
            }
          ]
        }
      ],
      "count": 475
    }
  ],
  "meta": {
    "tag": [
      {
        "system": "http://hl7.org/fhir/v3/ActReason",
        "code": "HTEST",
        "display": "test health data"
      }
    ]
  }
}