{
  "resourceType": "ClinicalProfile",
  "id": "jhu-eds-profile-29-diagnoses",
  "text": {
    "status": "generated",
    "div": "\u003cdiv xmlns\u003d\"http://www.w3.org/1999/xhtml\"\u003e\n\t\t\t\u003cp\u003eSelected diagnoses for Female, White or Caucasian patients aged 30-39 seen as either outpatients or inpatients at Johns Hopkins Hospital, JHCP, and Bayview between 3/1/2016 and 3/1/2018 having a diagnosis of Ehlers-Danlos syndromes recorded on the problem list or as an encounter diagnosis.\n\t\t\t\u003c/p\u003e\n\t\t\u003c/div\u003e"
  },
  "identifier": [
    {
      "value": "urn:uuid:45B4596D-D67C-9794-3D6CF3EBC7C3E2C4"
    }
  ],
  "status": "draft",
  "population": {
    "reference": "Group/eds-population-jhu3"
  },
  "cohort": {
    "reference": "Group/eds-sample-29-cohort-jhu3",
    "display": "White or Caucasian Female aged 30-39"
  },
  "date": "2018-09-13T12:31:00Z",
  "source": [
    {
      "value": "http://ictrweb.johnshopkins.edu/ictr/synthetic/includes/clinical_profiles.cfm"
    }
  ],
  "reporter": {
    "reference": "Organization/JHM",
    "type": "Organization",
    "display": "Johns Hopkins School of Medicine"
  },
  "diagnosis": [
    {
      "code": [
        {
          "coding": [
            {
              "system": "http://hl7.org/fhir/sid/icd-10",
              "code": "J45.909",
              "display": "Unspecified asthma(493.90)"
            }
          ]
        }
      ],
      "count": 140
    },
    {
      "code": [
        {
          "coding": [
            {
              "system": "http://hl7.org/fhir/sid/icd-10",
              "code": "Z00.00",
              "display": "Routine general medical examination at a health care facility"
            }
          ]
        }
      ],
      "count": 101
    },
    {
      "code": [
        {
          "coding": [
            {
              "system": "http://hl7.org/fhir/sid/icd-10",
              "code": "I10",
              "display": "Essential hypertension, benign"
            }
          ]
        }
      ],
      "count": 95
    },
    {
      "code": [
        {
          "coding": [
            {
              "system": "http://hl7.org/fhir/sid/icd-10",
              "code": "K21.9",
              "display": "Esophageal reflux"
            }
          ]
        }
      ],
      "count": 69
    },
    {
      "code": [
        {
          "coding": [
            {
              "system": "http://hl7.org/fhir/sid/icd-10",
              "code": "J30.9",
              "display": "Allergic rhinitis, unspecified allergic rhinitis type"
            }
          ]
        }
      ],
      "count": 61
    },
    {
      "code": [
        {
          "coding": [
            {
              "system": "http://hl7.org/fhir/sid/icd-10",
              "code": "F32.9",
              "display": "Major depressive disorder"
            }
          ]
        }
      ],
      "count": 49
    },
    {
      "code": [
        {
          "coding": [
            {
              "system": "http://hl7.org/fhir/sid/icd-10",
              "code": "E66.9",
              "display": "Obesity, unspecified"
            }
          ]
        }
      ],
      "count": 48
    },
    {
      "code": [
        {
          "coding": [
            {
              "system": "http://hl7.org/fhir/sid/icd-10",
              "code": "E11.9",
              "display": "Type 2 diabetes mellitus without complication"
            }
          ]
        }
      ],
      "count": 42
    },
    {
      "code": [
        {
          "coding": [
            {
              "system": "http://hl7.org/fhir/sid/icd-10",
              "code": "E78.5",
              "display": "Hyperlipidemia"
            }
          ]
        }
      ],
      "count": 35
    },
    {
      "code": [
        {
          "coding": [
            {
              "system": "http://hl7.org/fhir/sid/icd-10",
              "code": "E55.9",
              "display": "Vitamin D deficiency"
            }
          ]
        }
      ],
      "count": 33
    },
    {
      "code": [
        {
          "coding": [
            {
              "system": "http://hl7.org/fhir/sid/icd-10",
              "code": "J45.20",
              "display": "Mild intermittent asthma"
            }
          ]
        }
      ],
      "count": 26
    },
    {
      "code": [
        {
          "coding": [
            {
              "system": "http://hl7.org/fhir/sid/icd-10",
              "code": "E78.00",
              "display": "High cholesterol"
            }
          ]
        }
      ],
      "count": 26
    },
    {
      "code": [
        {
          "coding": [
            {
              "system": "http://hl7.org/fhir/sid/icd-10",
              "code": "F17.200",
              "display": "Tobacco use disorder"
            }
          ]
        }
      ],
      "count": 26
    },
    {
      "code": [
        {
          "coding": [
            {
              "system": "http://hl7.org/fhir/sid/icd-10",
              "code": "R10.9",
              "display": "Abdominal pain"
            }
          ]
        }
      ],
      "count": 25
    },
    {
      "code": [
        {
          "coding": [
            {
              "system": "http://hl7.org/fhir/sid/icd-10",
              "code": "R07.9",
              "display": "Chest pain, unspecified type"
            }
          ]
        }
      ],
      "count": 24
    },
    {
      "code": [
        {
          "coding": [
            {
              "system": "http://hl7.org/fhir/sid/icd-10",
              "code": "E66.01",
              "display": "Severe obesity (BMI \u003e\u003d 40)"
            }
          ]
        }
      ],
      "count": 24
    },
    {
      "code": [
        {
          "coding": [
            {
              "system": "http://hl7.org/fhir/sid/icd-10",
              "code": "M54.9",
              "display": "Back pain"
            }
          ]
        }
      ],
      "count": 24
    },
    {
      "code": [
        {
          "coding": [
            {
              "system": "http://hl7.org/fhir/sid/icd-10",
              "code": "G89.29",
              "display": "Chronic pain"
            }
          ]
        }
      ],
      "count": 22
    },
    {
      "code": [
        {
          "coding": [
            {
              "system": "http://hl7.org/fhir/sid/icd-10",
              "code": "D64.9",
              "display": "Anemia"
            }
          ]
        }
      ],
      "count": 22
    },
    {
      "code": [
        {
          "coding": [
            {
              "system": "http://hl7.org/fhir/sid/icd-10",
              "code": "J44.9",
              "display": "COPD (chronic obstructive pulmonary disease)"
            }
          ]
        }
      ],
      "count": 22
    },
    {
      "code": [
        {
          "coding": [
            {
              "system": "http://hl7.org/fhir/sid/icd-10",
              "code": "E03.9",
              "display": "Hypothyroidism, unspecified type"
            }
          ]
        }
      ],
      "count": 21
    },
    {
      "code": [
        {
          "coding": [
            {
              "system": "http://hl7.org/fhir/sid/icd-10",
              "code": "R51",
              "display": "Headache(784.0)"
            }
          ]
        }
      ],
      "count": 21
    },
    {
      "code": [
        {
          "coding": [
            {
              "system": "http://hl7.org/fhir/sid/icd-10",
              "code": "IMO0002",
              "display": "Hemorrhage complicating a procedure"
            }
          ]
        }
      ],
      "count": 20
    },
    {
      "code": [
        {
          "coding": [
            {
              "system": "http://hl7.org/fhir/sid/icd-10",
              "code": "I25.10",
              "display": "CAD in native artery"
            }
          ]
        }
      ],
      "count": 19
    },
    {
      "code": [
        {
          "coding": [
            {
              "system": "http://hl7.org/fhir/sid/icd-10",
              "code": "M54.5",
              "display": "Low back pain"
            }
          ]
        }
      ],
      "count": 18
    },
    {
      "code": [
        {
          "coding": [
            {
              "system": "http://hl7.org/fhir/sid/icd-10",
              "code": "B20",
              "display": "HIV infection"
            }
          ]
        }
      ],
      "count": 17
    },
    {
      "code": [
        {
          "coding": [
            {
              "system": "http://hl7.org/fhir/sid/icd-10",
              "code": "F41.9",
              "display": "Anxiety"
            }
          ]
        }
      ],
      "count": 17
    },
    {
      "code": [
        {
          "coding": [
            {
              "system": "http://hl7.org/fhir/sid/icd-10",
              "code": "R42",
              "display": "Vertigo"
            }
          ]
        }
      ],
      "count": 17
    },
    {
      "code": [
        {
          "coding": [
            {
              "system": "http://hl7.org/fhir/sid/icd-10",
              "code": "D50.9",
              "display": "Iron deficiency anemia"
            }
          ]
        }
      ],
      "count": 17
    },
    {
      "code": [
        {
          "coding": [
            {
              "system": "http://hl7.org/fhir/sid/icd-10",
              "code": "G47.33",
              "display": "Obstructive apnea"
            }
          ]
        }
      ],
      "count": 17
    },
    {
      "code": [
        {
          "coding": [
            {
              "system": "http://hl7.org/fhir/sid/icd-10",
              "code": "H52.4",
              "display": "Presbyopia"
            }
          ]
        }
      ],
      "count": 17
    },
    {
      "code": [
        {
          "coding": [
            {
              "system": "http://hl7.org/fhir/sid/icd-10",
              "code": "E78.2",
              "display": "Mixed hyperlipidemia"
            }
          ]
        }
      ],
      "count": 16
    },
    {
      "code": [
        {
          "coding": [
            {
              "system": "http://hl7.org/fhir/sid/icd-10",
              "code": "Z01.419",
              "display": "Routine gynecological examination"
            }
          ]
        }
      ],
      "count": 16
    },
    {
      "code": [
        {
          "coding": [
            {
              "system": "http://hl7.org/fhir/sid/icd-10",
              "code": "D12.6",
              "display": "Benign neoplasm of colon"
            }
          ]
        }
      ],
      "count": 15
    },
    {
      "code": [
        {
          "coding": [
            {
              "system": "http://hl7.org/fhir/sid/icd-10",
              "code": "R03.0",
              "display": "Elevated blood pressure reading without diagnosis of hypertension"
            }
          ]
        }
      ],
      "count": 15
    },
    {
      "code": [
        {
          "coding": [
            {
              "system": "http://hl7.org/fhir/sid/icd-10",
              "code": "H26.9",
              "display": "Cataract of both eyes"
            }
          ]
        }
      ],
      "count": 14
    },
    {
      "code": [
        {
          "coding": [
            {
              "system": "http://hl7.org/fhir/sid/icd-10",
              "code": "R60.9",
              "display": "Edema"
            }
          ]
        }
      ],
      "count": 14
    },
    {
      "code": [
        {
          "coding": [
            {
              "system": "http://hl7.org/fhir/sid/icd-10",
              "code": "R05",
              "display": "Post-viral cough syndrome"
            }
          ]
        }
      ],
      "count": 14
    },
    {
      "code": [
        {
          "coding": [
            {
              "system": "http://hl7.org/fhir/sid/icd-10",
              "code": "R53.83",
              "display": "Fatigue"
            }
          ]
        }
      ],
      "count": 13
    },
    {
      "code": [
        {
          "coding": [
            {
              "system": "http://hl7.org/fhir/sid/icd-10",
              "code": "Z34.90",
              "display": "Pregnancy, obstetrical care, unspecified trimester"
            }
          ]
        }
      ],
      "count": 13
    },
    {
      "code": [
        {
          "coding": [
            {
              "system": "http://hl7.org/fhir/sid/icd-10",
              "code": "R91.1",
              "display": "Pulmonary nodule"
            }
          ]
        }
      ],
      "count": 13
    },
    {
      "code": [
        {
          "coding": [
            {
              "system": "http://hl7.org/fhir/sid/icd-10",
              "code": "G47.30",
              "display": "Sleep apnea"
            }
          ]
        }
      ],
      "count": 13
    },
    {
      "code": [
        {
          "coding": [
            {
              "system": "http://hl7.org/fhir/sid/icd-10",
              "code": "J18.9",
              "display": "Pneumonia, organism unspecified(486)"
            }
          ]
        }
      ],
      "count": 13
    },
    {
      "code": [
        {
          "coding": [
            {
              "system": "http://hl7.org/fhir/sid/icd-10",
              "code": "E04.1",
              "display": "Thyroid nodule"
            }
          ]
        }
      ],
      "count": 13
    },
    {
      "code": [
        {
          "coding": [
            {
              "system": "http://hl7.org/fhir/sid/icd-10",
              "code": "M25.569",
              "display": "Pain in joint, lower leg"
            }
          ]
        }
      ],
      "count": 13
    },
    {
      "code": [
        {
          "coding": [
            {
              "system": "http://hl7.org/fhir/sid/icd-10",
              "code": "Z98.890",
              "display": "Other postprocedural status(V45.89)"
            }
          ]
        }
      ],
      "count": 13
    },
    {
      "code": [
        {
          "coding": [
            {
              "system": "http://hl7.org/fhir/sid/icd-10",
              "code": "A60.00",
              "display": "Genital herpes"
            }
          ]
        }
      ],
      "count": 12
    },
    {
      "code": [
        {
          "coding": [
            {
              "system": "http://hl7.org/fhir/sid/icd-10",
              "code": "F19.10",
              "display": "Polysubstance abuse"
            }
          ]
        }
      ],
      "count": 12
    },
    {
      "code": [
        {
          "coding": [
            {
              "system": "http://hl7.org/fhir/sid/icd-10",
              "code": "H52.7",
              "display": "Refractive error"
            }
          ]
        }
      ],
      "count": 12
    },
    {
      "code": [
        {
          "coding": [
            {
              "system": "http://hl7.org/fhir/sid/icd-10",
              "code": "K59.00",
              "display": "Constipation"
            }
          ]
        }
      ],
      "count": 12
    },
    {
      "code": [
        {
          "coding": [
            {
              "system": "http://hl7.org/fhir/sid/icd-10",
              "code": "R73.03",
              "display": "Prediabetes"
            }
          ]
        }
      ],
      "count": 12
    },
    {
      "code": [
        {
          "coding": [
            {
              "system": "http://hl7.org/fhir/sid/icd-10",
              "code": "R00.2",
              "display": "Palpitations"
            }
          ]
        }
      ],
      "count": 11
    },
    {
      "code": [
        {
          "coding": [
            {
              "system": "http://hl7.org/fhir/sid/icd-10",
              "code": "M79.609",
              "display": "Pain in limb"
            }
          ]
        }
      ],
      "count": 11
    },
    {
      "code": [
        {
          "coding": [
            {
              "system": "http://hl7.org/fhir/sid/icd-10",
              "code": "N39.0",
              "display": "UTI (lower urinary tract infection)"
            }
          ]
        }
      ],
      "count": 11
    },
    {
      "code": [
        {
          "coding": [
            {
              "system": "http://hl7.org/fhir/sid/icd-10",
              "code": "H04.123",
              "display": "Dry eyes, bilateral"
            }
          ]
        }
      ],
      "count": 11
    },
    {
      "code": [
        {
          "coding": [
            {
              "system": "http://hl7.org/fhir/sid/icd-10",
              "code": "F41.1",
              "display": "Generalized anxiety disorder"
            }
          ]
        }
      ],
      "count": 11
    },
    {
      "code": [
        {
          "coding": [
            {
              "system": "http://hl7.org/fhir/sid/icd-10",
              "code": "B35.1",
              "display": "Dermatophytosis of nail"
            }
          ]
        }
      ],
      "count": 11
    },
    {
      "code": [
        {
          "coding": [
            {
              "system": "http://hl7.org/fhir/sid/icd-10",
              "code": "N91.2",
              "display": "Absence of menstruation"
            }
          ]
        }
      ],
      "count": 11
    },
    {
      "code": [
        {
          "coding": [
            {
              "system": "http://hl7.org/fhir/sid/icd-10",
              "code": "Z01.818",
              "display": "Preoperative examination, unspecified"
            }
          ]
        }
      ],
      "count": 10
    },
    {
      "code": [
        {
          "coding": [
            {
              "system": "http://hl7.org/fhir/sid/icd-10",
              "code": "R92.8",
              "display": "Abnormal mammogram of left breast"
            }
          ]
        }
      ],
      "count": 10
    },
    {
      "code": [
        {
          "coding": [
            {
              "system": "http://hl7.org/fhir/sid/icd-10",
              "code": "M25.50",
              "display": "Pain in joint, site unspecified"
            }
          ]
        }
      ],
      "count": 10
    },
    {
      "code": [
        {
          "coding": [
            {
              "system": "http://hl7.org/fhir/sid/icd-10",
              "code": "M19.90",
              "display": "Inflammatory arthritis"
            }
          ]
        }
      ],
      "count": 10
    },
    {
      "code": [
        {
          "coding": [
            {
              "system": "http://hl7.org/fhir/sid/icd-10",
              "code": "K29.70",
              "display": "Gastritis"
            }
          ]
        }
      ],
      "count": 10
    },
    {
      "code": [
        {
          "coding": [
            {
              "system": "http://hl7.org/fhir/sid/icd-10",
              "code": "Z79.899",
              "display": "Immunosuppressed due to chemotherapy"
            }
          ]
        }
      ],
      "count": 10
    },
    {
      "code": [
        {
          "coding": [
            {
              "system": "http://hl7.org/fhir/sid/icd-10",
              "code": "L25.9",
              "display": "Contact dermatitis and other eczema, due to unspecified cause"
            }
          ]
        }
      ],
      "count": 10
    },
    {
      "code": [
        {
          "coding": [
            {
              "system": "http://hl7.org/fhir/sid/icd-10",
              "code": "J32.9",
              "display": "Chronic sinusitis"
            }
          ]
        }
      ],
      "count": 10
    },
    {
      "code": [
        {
          "coding": [
            {
              "system": "http://hl7.org/fhir/sid/icd-10",
              "code": "R06.09",
              "display": "DOE (dyspnea on exertion)"
            }
          ]
        }
      ],
      "count": 10
    },
    {
      "code": [
        {
          "coding": [
            {
              "system": "http://hl7.org/fhir/sid/icd-10",
              "code": "R73.01",
              "display": "Fasting hyperglycemia"
            }
          ]
        }
      ],
      "count": 10
    },
    {
      "code": [
        {
          "coding": [
            {
              "system": "http://hl7.org/fhir/sid/icd-10",
              "code": "Z87.898",
              "display": "History of chest pain"
            }
          ]
        }
      ],
      "count": 10
    },
    {
      "code": [
        {
          "coding": [
            {
              "system": "http://hl7.org/fhir/sid/icd-10",
              "code": "Z96.1",
              "display": "Pseudophakia"
            }
          ]
        }
      ],
      "count": 10
    },
    {
      "code": [
        {
          "coding": [
            {
              "system": "http://hl7.org/fhir/sid/icd-10",
              "code": "Z30.09",
              "display": "Other general counseling and advice for contraceptive management"
            }
          ]
        }
      ],
      "count": 9
    },
    {
      "code": [
        {
          "coding": [
            {
              "system": "http://hl7.org/fhir/sid/icd-10",
              "code": "J30.1",
              "display": "Allergic rhinitis due to pollen"
            }
          ]
        }
      ],
      "count": 9
    },
    {
      "code": [
        {
          "coding": [
            {
              "system": "http://hl7.org/fhir/sid/icd-10",
              "code": "L30.9",
              "display": "Eczema, unspecified type"
            }
          ]
        }
      ],
      "count": 9
    },
    {
      "code": [
        {
          "coding": [
            {
              "system": "http://hl7.org/fhir/sid/icd-10",
              "code": "G47.00",
              "display": "Insomnia"
            }
          ]
        }
      ],
      "count": 9
    },
    {
      "code": [
        {
          "coding": [
            {
              "system": "http://hl7.org/fhir/sid/icd-10",
              "code": "H52.13",
              "display": "Myopia of both eyes"
            }
          ]
        }
      ],
      "count": 9
    },
    {
      "code": [
        {
          "coding": [
            {
              "system": "http://hl7.org/fhir/sid/icd-10",
              "code": "H25.13",
              "display": "Nuclear sclerosis of both eyes"
            }
          ]
        }
      ],
      "count": 9
    },
    {
      "code": [
        {
          "coding": [
            {
              "system": "http://hl7.org/fhir/sid/icd-10",
              "code": "F31.9",
              "display": "Bipolar disorder"
            }
          ]
        }
      ],
      "count": 9
    },
    {
      "code": [
        {
          "coding": [
            {
              "system": "http://hl7.org/fhir/sid/icd-10",
              "code": "F11.20",
              "display": "Opiate dependence, continuous"
            }
          ]
        }
      ],
      "count": 9
    },
    {
      "code": [
        {
          "coding": [
            {
              "system": "http://hl7.org/fhir/sid/icd-10",
              "code": "M25.519",
              "display": "Shoulder pain"
            }
          ]
        }
      ],
      "count": 9
    },
    {
      "code": [
        {
          "coding": [
            {
              "system": "http://hl7.org/fhir/sid/icd-10",
              "code": "M10.9",
              "display": "Gout"
            }
          ]
        }
      ],
      "count": 9
    },
    {
      "code": [
        {
          "coding": [
            {
              "system": "http://hl7.org/fhir/sid/icd-10",
              "code": "N52.9",
              "display": "Erectile dysfunction"
            }
          ]
        }
      ],
      "count": 9
    },
    {
      "code": [
        {
          "coding": [
            {
              "system": "http://hl7.org/fhir/sid/icd-10",
              "code": "Z00.129",
              "display": "Routine infant or child health check"
            }
          ]
        }
      ],
      "count": 9
    },
    {
      "code": [
        {
          "coding": [
            {
              "system": "http://hl7.org/fhir/sid/icd-10",
              "code": "R53.81",
              "display": "Other malaise and fatigue"
            }
          ]
        }
      ],
      "count": 9
    },
    {
      "code": [
        {
          "coding": [
            {
              "system": "http://hl7.org/fhir/sid/icd-10",
              "code": "R63.4",
              "display": "Loss of weight"
            }
          ]
        }
      ],
      "count": 8
    },
    {
      "code": [
        {
          "coding": [
            {
              "system": "http://hl7.org/fhir/sid/icd-10",
              "code": "Z23",
              "display": "Need for prophylactic vaccination and inoculation against other viral diseases(V04.89)"
            }
          ]
        }
      ],
      "count": 8
    },
    {
      "code": [
        {
          "coding": [
            {
              "system": "http://hl7.org/fhir/sid/icd-10",
              "code": "K64.9",
              "display": "Hemorrhoid"
            }
          ]
        }
      ],
      "count": 8
    },
    {
      "code": [
        {
          "coding": [
            {
              "system": "http://hl7.org/fhir/sid/icd-10",
              "code": "H40.003",
              "display": "Glaucoma suspect of both eyes"
            }
          ]
        }
      ],
      "count": 8
    },
    {
      "code": [
        {
          "coding": [
            {
              "system": "http://hl7.org/fhir/sid/icd-10",
              "code": "J30.2",
              "display": "Seasonal allergies"
            }
          ]
        }
      ],
      "count": 8
    },
    {
      "code": [
        {
          "coding": [
            {
              "system": "http://hl7.org/fhir/sid/icd-10",
              "code": "Z72.0",
              "display": "Tobacco abuse"
            }
          ]
        }
      ],
      "count": 8
    },
    {
      "code": [
        {
          "coding": [
            {
              "system": "http://hl7.org/fhir/sid/icd-10",
              "code": "J40",
              "display": "Bronchitis"
            }
          ]
        }
      ],
      "count": 8
    },
    {
      "code": [
        {
          "coding": [
            {
              "system": "http://hl7.org/fhir/sid/icd-10",
              "code": "I48.91",
              "display": "Atrial fibrillation"
            }
          ]
        }
      ],
      "count": 8
    },
    {
      "code": [
        {
          "coding": [
            {
              "system": "http://hl7.org/fhir/sid/icd-10",
              "code": "Z98.891",
              "display": "H/O cesarean section"
            }
          ]
        }
      ],
      "count": 8
    },
    {
      "code": [
        {
          "coding": [
            {
              "system": "http://hl7.org/fhir/sid/icd-10",
              "code": "R21",
              "display": "Rash"
            }
          ]
        }
      ],
      "count": 8
    },
    {
      "code": [
        {
          "coding": [
            {
              "system": "http://hl7.org/fhir/sid/icd-10",
              "code": "N76.0",
              "display": "Vaginitis and vulvovaginitis, unspecified"
            }
          ]
        }
      ],
      "count": 8
    },
    {
      "code": [
        {
          "coding": [
            {
              "system": "http://hl7.org/fhir/sid/icd-10",
              "code": "N39.3",
              "display": "Urinary, incontinence, stress female"
            }
          ]
        }
      ],
      "count": 7
    },
    {
      "code": [
        {
          "coding": [
            {
              "system": "http://hl7.org/fhir/sid/icd-10",
              "code": "M81.0",
              "display": "Osteoporosis"
            }
          ]
        }
      ],
      "count": 7
    },
    {
      "code": [
        {
          "coding": [
            {
              "system": "http://hl7.org/fhir/sid/icd-10",
              "code": "R35.0",
              "display": "Urinary frequency"
            }
          ]
        }
      ],
      "count": 7
    },
    {
      "code": [
        {
          "coding": [
            {
              "system": "http://hl7.org/fhir/sid/icd-10",
              "code": "R01.1",
              "display": "Undiagnosed cardiac murmurs"
            }
          ]
        }
      ],
      "count": 7
    },
    {
      "code": [
        {
          "coding": [
            {
              "system": "http://hl7.org/fhir/sid/icd-10",
              "code": "Z87.891",
              "display": "Personal history of tobacco use, presenting hazards to health"
            }
          ]
        }
      ],
      "count": 7
    },
    {
      "code": [
        {
          "coding": [
            {
              "system": "http://hl7.org/fhir/sid/icd-10",
              "code": "Z80.0",
              "display": "FHx: colon cancer"
            }
          ]
        }
      ],
      "count": 7
    },
    {
      "code": [
        {
          "coding": [
            {
              "system": "http://hl7.org/fhir/sid/icd-10",
              "code": "Z79.01",
              "display": "Long term (current) use of anticoagulants"
            }
          ]
        }
      ],
      "count": 7
    },
    {
      "code": [
        {
          "coding": [
            {
              "system": "http://hl7.org/fhir/sid/icd-10",
              "code": "Z82.49",
              "display": "Family history of ischemic heart disease"
            }
          ]
        }
      ],
      "count": 7
    },
    {
      "code": [
        {
          "coding": [
            {
              "system": "http://hl7.org/fhir/sid/icd-10",
              "code": "J45.901",
              "display": "Asthma exacerbation"
            }
          ]
        }
      ],
      "count": 7
    },
    {
      "code": [
        {
          "coding": [
            {
              "system": "http://hl7.org/fhir/sid/icd-10",
              "code": "K58.9",
              "display": "Irritable bowel syndrome"
            }
          ]
        }
      ],
      "count": 7
    },
    {
      "code": [
        {
          "coding": [
            {
              "system": "http://hl7.org/fhir/sid/icd-10",
              "code": "H04.129",
              "display": "Tear film insufficiency, unspecified"
            }
          ]
        }
      ],
      "count": 7
    },
    {
      "code": [
        {
          "coding": [
            {
              "system": "http://hl7.org/fhir/sid/icd-10",
              "code": "G62.9",
              "display": "Peripheral neuropathy"
            }
          ]
        }
      ],
      "count": 7
    },
    {
      "code": [
        {
          "coding": [
            {
              "system": "http://hl7.org/fhir/sid/icd-10",
              "code": "B00.9",
              "display": "Herpes simplex without mention of complication"
            }
          ]
        }
      ],
      "count": 7
    },
    {
      "code": [
        {
          "coding": [
            {
              "system": "http://hl7.org/fhir/sid/icd-10",
              "code": "E89.0",
              "display": "Postoperative hypothyroidism"
            }
          ]
        }
      ],
      "count": 7
    },
    {
      "code": [
        {
          "coding": [
            {
              "system": "http://hl7.org/fhir/sid/icd-10",
              "code": "F10.10",
              "display": "Alcohol abuse, continuous"
            }
          ]
        }
      ],
      "count": 7
    },
    {
      "code": [
        {
          "coding": [
            {
              "system": "http://hl7.org/fhir/sid/icd-10",
              "code": "N20.0",
              "display": "Calculus of kidney"
            }
          ]
        }
      ],
      "count": 7
    },
    {
      "code": [
        {
          "coding": [
            {
              "system": "http://hl7.org/fhir/sid/icd-10",
              "code": "M54.2",
              "display": "Cervicalgia"
            }
          ]
        }
      ],
      "count": 7
    },
    {
      "code": [
        {
          "coding": [
            {
              "system": "http://hl7.org/fhir/sid/icd-10",
              "code": "R55",
              "display": "Syncope and collapse"
            }
          ]
        }
      ],
      "count": 7
    },
    {
      "code": [
        {
          "coding": [
            {
              "system": "http://hl7.org/fhir/sid/icd-10",
              "code": "R06.02",
              "display": "Shortness of breath"
            }
          ]
        }
      ],
      "count": 7
    },
    {
      "code": [
        {
          "coding": [
            {
              "system": "http://hl7.org/fhir/sid/icd-10",
              "code": "R20.9",
              "display": "Disturbance of skin sensation"
            }
          ]
        }
      ],
      "count": 7
    },
    {
      "code": [
        {
          "coding": [
            {
              "system": "http://hl7.org/fhir/sid/icd-10",
              "code": "R19.7",
              "display": "Diarrhea"
            }
          ]
        }
      ],
      "count": 6
    },
    {
      "code": [
        {
          "coding": [
            {
              "system": "http://hl7.org/fhir/sid/icd-10",
              "code": "L71.9",
              "display": "Rosacea"
            }
          ]
        }
      ],
      "count": 6
    },
    {
      "code": [
        {
          "coding": [
            {
              "system": "http://hl7.org/fhir/sid/icd-10",
              "code": "M25.559",
              "display": "Pain in joint, pelvic region and thigh"
            }
          ]
        }
      ],
      "count": 6
    },
    {
      "code": [
        {
          "coding": [
            {
              "system": "http://hl7.org/fhir/sid/icd-10",
              "code": "E66.3",
              "display": "Overweight(278.02)"
            }
          ]
        }
      ],
      "count": 6
    },
    {
      "code": [
        {
          "coding": [
            {
              "system": "http://hl7.org/fhir/sid/icd-10",
              "code": "D25.9",
              "display": "Leiomyoma of uterus, unspecified"
            }
          ]
        }
      ],
      "count": 6
    },
    {
      "code": [
        {
          "coding": [
            {
              "system": "http://hl7.org/fhir/sid/icd-10",
              "code": "H52.10",
              "display": "Myopia with astigmatism and presbyopia"
            }
          ]
        }
      ],
      "count": 6
    },
    {
      "code": [
        {
          "coding": [
            {
              "system": "http://hl7.org/fhir/sid/icd-10",
              "code": "D72.829",
              "display": "Elevated white blood cell count"
            }
          ]
        }
      ],
      "count": 6
    },
    {
      "code": [
        {
          "coding": [
            {
              "system": "http://hl7.org/fhir/sid/icd-10",
              "code": "G43.109",
              "display": "Migraine with aura and without status migrainosus, not intractable"
            }
          ]
        }
      ],
      "count": 6
    },
    {
      "code": [
        {
          "coding": [
            {
              "system": "http://hl7.org/fhir/sid/icd-10",
              "code": "G56.00",
              "display": "Carpal tunnel syndrome"
            }
          ]
        }
      ],
      "count": 6
    },
    {
      "code": [
        {
          "coding": [
            {
              "system": "http://hl7.org/fhir/sid/icd-10",
              "code": "K64.8",
              "display": "Internal hemorrhoid"
            }
          ]
        }
      ],
      "count": 6
    },
    {
      "code": [
        {
          "coding": [
            {
              "system": "http://hl7.org/fhir/sid/icd-10",
              "code": "J45.30",
              "display": "Asthma, mild persistent, uncomplicated"
            }
          ]
        }
      ],
      "count": 6
    },
    {
      "code": [
        {
          "coding": [
            {
              "system": "http://hl7.org/fhir/sid/icd-10",
              "code": "J06.9",
              "display": "Viral upper respiratory tract infection"
            }
          ]
        }
      ],
      "count": 6
    },
    {
      "code": [
        {
          "coding": [
            {
              "system": "http://hl7.org/fhir/sid/icd-10",
              "code": "Z86.19",
              "display": "Frequent infections"
            }
          ]
        }
      ],
      "count": 6
    },
    {
      "code": [
        {
          "coding": [
            {
              "system": "http://hl7.org/fhir/sid/icd-10",
              "code": "R79.89",
              "display": "Low testosterone"
            }
          ]
        }
      ],
      "count": 6
    },
    {
      "code": [
        {
          "coding": [
            {
              "system": "http://hl7.org/fhir/sid/icd-10",
              "code": "N18.6",
              "display": "CKD (chronic kidney disease) stage V requiring chronic dialysis"
            }
          ]
        }
      ],
      "count": 6
    },
    {
      "code": [
        {
          "coding": [
            {
              "system": "http://hl7.org/fhir/sid/icd-10",
              "code": "M25.511",
              "display": "Acute pain of right shoulder"
            }
          ]
        }
      ],
      "count": 6
    },
    {
      "code": [
        {
          "coding": [
            {
              "system": "http://hl7.org/fhir/sid/icd-10",
              "code": "N40.0",
              "display": "BPH (benign prostatic hypertrophy)"
            }
          ]
        }
      ],
      "count": 5
    },
    {
      "code": [
        {
          "coding": [
            {
              "system": "http://hl7.org/fhir/sid/icd-10",
              "code": "N62",
              "display": "Hypertrophy of breast"
            }
          ]
        }
      ],
      "count": 5
    },
    {
      "code": [
        {
          "coding": [
            {
              "system": "http://hl7.org/fhir/sid/icd-10",
              "code": "N94.6",
              "display": "Dysmenorrhea"
            }
          ]
        }
      ],
      "count": 5
    },
    {
      "code": [
        {
          "coding": [
            {
              "system": "http://hl7.org/fhir/sid/icd-10",
              "code": "R35.1",
              "display": "Nocturia"
            }
          ]
        }
      ],
      "count": 5
    },
    {
      "code": [
        {
          "coding": [
            {
              "system": "http://hl7.org/fhir/sid/icd-10",
              "code": "R25.2",
              "display": "Cramp of limb"
            }
          ]
        }
      ],
      "count": 5
    },
    {
      "code": [
        {
          "coding": [
            {
              "system": "http://hl7.org/fhir/sid/icd-10",
              "code": "R31.29",
              "display": "Microscopic hematuria"
            }
          ]
        }
      ],
      "count": 5
    },
    {
      "code": [
        {
          "coding": [
            {
              "system": "http://hl7.org/fhir/sid/icd-10",
              "code": "R13.10",
              "display": "Dysphagia"
            }
          ]
        }
      ],
      "count": 5
    },
    {
      "code": [
        {
          "coding": [
            {
              "system": "http://hl7.org/fhir/sid/icd-10",
              "code": "R11.2",
              "display": "Nausea \u0026 vomiting"
            }
          ]
        }
      ],
      "count": 5
    },
    {
      "code": [
        {
          "coding": [
            {
              "system": "http://hl7.org/fhir/sid/icd-10",
              "code": "R06.00",
              "display": "Dyspnea"
            }
          ]
        }
      ],
      "count": 5
    },
    {
      "code": [
        {
          "coding": [
            {
              "system": "http://hl7.org/fhir/sid/icd-10",
              "code": "R09.02",
              "display": "Hypoxia"
            }
          ]
        }
      ],
      "count": 5
    },
    {
      "code": [
        {
          "coding": [
            {
              "system": "http://hl7.org/fhir/sid/icd-10",
              "code": "R09.89",
              "display": "Other dyspnea and respiratory abnormality"
            }
          ]
        }
      ],
      "count": 5
    },
    {
      "code": [
        {
          "coding": [
            {
              "system": "http://hl7.org/fhir/sid/icd-10",
              "code": "R76.8",
              "display": "Positive ANA (antinuclear antibody)"
            }
          ]
        }
      ],
      "count": 5
    },
    {
      "code": [
        {
          "coding": [
            {
              "system": "http://hl7.org/fhir/sid/icd-10",
              "code": "Z11.3",
              "display": "Screen for sexually transmitted diseases"
            }
          ]
        }
      ],
      "count": 5
    },
    {
      "code": [
        {
          "coding": [
            {
              "system": "http://hl7.org/fhir/sid/icd-10",
              "code": "R73.09",
              "display": "Other abnormal glucose"
            }
          ]
        }
      ],
      "count": 5
    },
    {
      "code": [
        {
          "coding": [
            {
              "system": "http://hl7.org/fhir/sid/icd-10",
              "code": "R80.9",
              "display": "Proteinuria"
            }
          ]
        }
      ],
      "count": 5
    },
    {
      "code": [
        {
          "coding": [
            {
              "system": "http://hl7.org/fhir/sid/icd-10",
              "code": "Z99.89",
              "display": "OSA on CPAP"
            }
          ]
        }
      ],
      "count": 5
    },
    {
      "code": [
        {
          "coding": [
            {
              "system": "http://hl7.org/fhir/sid/icd-10",
              "code": "J02.9",
              "display": "Acute pharyngitis"
            }
          ]
        }
      ],
      "count": 5
    },
    {
      "code": [
        {
          "coding": [
            {
              "system": "http://hl7.org/fhir/sid/icd-10",
              "code": "I50.9",
              "display": "Acute heart failure, unspecified heart failure type"
            }
          ]
        }
      ],
      "count": 5
    },
    {
      "code": [
        {
          "coding": [
            {
              "system": "http://hl7.org/fhir/sid/icd-10",
              "code": "H91.90",
              "display": "Hearing loss"
            }
          ]
        }
      ],
      "count": 5
    },
    {
      "code": [
        {
          "coding": [
            {
              "system": "http://hl7.org/fhir/sid/icd-10",
              "code": "E53.8",
              "display": "B12 deficiency"
            }
          ]
        }
      ],
      "count": 5
    },
    {
      "code": [
        {
          "coding": [
            {
              "system": "http://hl7.org/fhir/sid/icd-10",
              "code": "M15.9",
              "display": "Generalized osteoarthrosis, involving multiple sites"
            }
          ]
        }
      ],
      "count": 5
    },
    {
      "code": [
        {
          "coding": [
            {
              "system": "http://hl7.org/fhir/sid/icd-10",
              "code": "B19.20",
              "display": "Hepatitis C"
            }
          ]
        }
      ],
      "count": 5
    },
    {
      "code": [
        {
          "coding": [
            {
              "system": "http://hl7.org/fhir/sid/icd-10",
              "code": "K02.9",
              "display": "Dental caries"
            }
          ]
        }
      ],
      "count": 5
    },
    {
      "code": [
        {
          "coding": [
            {
              "system": "http://hl7.org/fhir/sid/icd-10",
              "code": "I26.99",
              "display": "Pulmonary embolism"
            }
          ]
        }
      ],
      "count": 5
    },
    {
      "code": [
        {
          "coding": [
            {
              "system": "http://hl7.org/fhir/sid/icd-10",
              "code": "IMO0001",
              "display": "Adopted child"
            }
          ]
        }
      ],
      "count": 5
    },
    {
      "code": [
        {
          "coding": [
            {
              "system": "http://hl7.org/fhir/sid/icd-10",
              "code": "H54.7",
              "display": "Decreased vision"
            }
          ]
        }
      ],
      "count": 5
    },
    {
      "code": [
        {
          "coding": [
            {
              "system": "http://hl7.org/fhir/sid/icd-10",
              "code": "B18.2",
              "display": "Chronic hepatitis C without hepatic coma"
            }
          ]
        }
      ],
      "count": 5
    },
    {
      "code": [
        {
          "coding": [
            {
              "system": "http://hl7.org/fhir/sid/icd-10",
              "code": "G43.909",
              "display": "Migraine, unspecified, without mention of intractable migraine without mention of status migrainosus"
            }
          ]
        }
      ],
      "count": 5
    },
    {
      "code": [
        {
          "coding": [
            {
              "system": "http://hl7.org/fhir/sid/icd-10",
              "code": "F41.0",
              "display": "Panic attacks"
            }
          ]
        }
      ],
      "count": 5
    },
    {
      "code": [
        {
          "coding": [
            {
              "system": "http://hl7.org/fhir/sid/icd-10",
              "code": "K57.30",
              "display": "Diverticulosis of large intestine without hemorrhage"
            }
          ]
        }
      ],
      "count": 5
    },
    {
      "code": [
        {
          "coding": [
            {
              "system": "http://hl7.org/fhir/sid/icd-10",
              "code": "N18.9",
              "display": "Anemia in CKD (chronic kidney disease)"
            }
          ]
        }
      ],
      "count": 5
    },
    {
      "code": [
        {
          "coding": [
            {
              "system": "http://hl7.org/fhir/sid/icd-10",
              "code": "N39.41",
              "display": "Urge incontinence"
            }
          ]
        }
      ],
      "count": 5
    },
    {
      "code": [
        {
          "coding": [
            {
              "system": "http://hl7.org/fhir/sid/icd-10",
              "code": "M79.7",
              "display": "Fibromyalgia"
            }
          ]
        }
      ],
      "count": 5
    },
    {
      "code": [
        {
          "coding": [
            {
              "system": "http://hl7.org/fhir/sid/icd-10",
              "code": "N17.9",
              "display": "Acute renal failure, unspecified acute renal failure type"
            }
          ]
        }
      ],
      "count": 5
    },
    {
      "code": [
        {
          "coding": [
            {
              "system": "http://hl7.org/fhir/sid/icd-10",
              "code": "R07.89",
              "display": "Atypical chest pain"
            }
          ]
        }
      ],
      "count": 5
    },
    {
      "code": [
        {
          "coding": [
            {
              "system": "http://hl7.org/fhir/sid/icd-10",
              "code": "R60.0",
              "display": "Localized edema"
            }
          ]
        }
      ],
      "count": 5
    },
    {
      "code": [
        {
          "coding": [
            {
              "system": "http://hl7.org/fhir/sid/icd-10",
              "code": "R31.9",
              "display": "Hematuria"
            }
          ]
        }
      ],
      "count": 4
    },
    {
      "code": [
        {
          "coding": [
            {
              "system": "http://hl7.org/fhir/sid/icd-10",
              "code": "R32",
              "display": "Unspecified urinary incontinence"
            }
          ]
        }
      ],
      "count": 4
    },
    {
      "code": [
        {
          "coding": [
            {
              "system": "http://hl7.org/fhir/sid/icd-10",
              "code": "R73.02",
              "display": "Impaired glucose tolerance"
            }
          ]
        }
      ],
      "count": 4
    },
    {
      "code": [
        {
          "coding": [
            {
              "system": "http://hl7.org/fhir/sid/icd-10",
              "code": "R74.0",
              "display": "Nonspecific elevation of levels of transaminase or lactic acid dehydrogenase (LDH)"
            }
          ]
        }
      ],
      "count": 4
    },
    {
      "code": [
        {
          "coding": [
            {
              "system": "http://hl7.org/fhir/sid/icd-10",
              "code": "R20.0",
              "display": "Right leg numbness"
            }
          ]
        }
      ],
      "count": 4
    },
    {
      "code": [
        {
          "coding": [
            {
              "system": "http://hl7.org/fhir/sid/icd-10",
              "code": "N80.9",
              "display": "Endometriosis"
            }
          ]
        }
      ],
      "count": 4
    },
    {
      "code": [
        {
          "coding": [
            {
              "system": "http://hl7.org/fhir/sid/icd-10",
              "code": "O99.210",
              "display": "Obesity affecting pregnancy, antepartum"
            }
          ]
        }
      ],
      "count": 4
    },
    {
      "code": [
        {
          "coding": [
            {
              "system": "http://hl7.org/fhir/sid/icd-10",
              "code": "N39.46",
              "display": "Urinary incontinence, mixed"
            }
          ]
        }
      ],
      "count": 4
    },
    {
      "code": [
        {
          "coding": [
            {
              "system": "http://hl7.org/fhir/sid/icd-10",
              "code": "M67.40",
              "display": "Ganglion cyst"
            }
          ]
        }
      ],
      "count": 4
    },
    {
      "code": [
        {
          "coding": [
            {
              "system": "http://hl7.org/fhir/sid/icd-10",
              "code": "M41.9",
              "display": "Scoliosis"
            }
          ]
        }
      ],
      "count": 4
    },
    {
      "code": [
        {
          "coding": [
            {
              "system": "http://hl7.org/fhir/sid/icd-10",
              "code": "K56.609",
              "display": "Bowel obstruction"
            }
          ]
        }
      ],
      "count": 4
    },
    {
      "code": [
        {
          "coding": [
            {
              "system": "http://hl7.org/fhir/sid/icd-10",
              "code": "K63.5",
              "display": "Colon polyps"
            }
          ]
        }
      ],
      "count": 4
    },
    {
      "code": [
        {
          "coding": [
            {
              "system": "http://hl7.org/fhir/sid/icd-10",
              "code": "L70.9",
              "display": "Acne"
            }
          ]
        }
      ],
      "count": 4
    },
    {
      "code": [
        {
          "coding": [
            {
              "system": "http://hl7.org/fhir/sid/icd-10",
              "code": "L21.9",
              "display": "Seborrheic dermatitis, unspecified"
            }
          ]
        }
      ],
      "count": 4
    },
    {
      "code": [
        {
          "coding": [
            {
              "system": "http://hl7.org/fhir/sid/icd-10",
              "code": "L65.9",
              "display": "Alopecia, unspecified"
            }
          ]
        }
      ],
      "count": 4
    },
    {
      "code": [
        {
          "coding": [
            {
              "system": "http://hl7.org/fhir/sid/icd-10",
              "code": "L02.93",
              "display": "Carbuncle and furuncle of unspecified site"
            }
          ]
        }
      ],
      "count": 4
    },
    {
      "code": [
        {
          "coding": [
            {
              "system": "http://hl7.org/fhir/sid/icd-10",
              "code": "M25.561",
              "display": "Right knee pain"
            }
          ]
        }
      ],
      "count": 4
    },
    {
      "code": [
        {
          "coding": [
            {
              "system": "http://hl7.org/fhir/sid/icd-10",
              "code": "M25.551",
              "display": "Chronic right hip pain"
            }
          ]
        }
      ],
      "count": 4
    },
    {
      "code": [
        {
          "coding": [
            {
              "system": "http://hl7.org/fhir/sid/icd-10",
              "code": "L72.3",
              "display": "Sebaceous cyst"
            }
          ]
        }
      ],
      "count": 4
    },
    {
      "code": [
        {
          "coding": [
            {
              "system": "http://hl7.org/fhir/sid/icd-10",
              "code": "F51.01",
              "display": "Primary insomnia"
            }
          ]
        }
      ],
      "count": 4
    },
    {
      "code": [
        {
          "coding": [
            {
              "system": "http://hl7.org/fhir/sid/icd-10",
              "code": "G89.4",
              "display": "Chronic pain syndrome"
            }
          ]
        }
      ],
      "count": 4
    },
    {
      "code": [
        {
          "coding": [
            {
              "system": "http://hl7.org/fhir/sid/icd-10",
              "code": "G40.909",
              "display": "Seizure disorder"
            }
          ]
        }
      ],
      "count": 4
    },
    {
      "code": [
        {
          "coding": [
            {
              "system": "http://hl7.org/fhir/sid/icd-10",
              "code": "F20.9",
              "display": "Schizophrenia"
            }
          ]
        }
      ],
      "count": 4
    },
    {
      "code": [
        {
          "coding": [
            {
              "system": "http://hl7.org/fhir/sid/icd-10",
              "code": "F34.1",
              "display": "Dysthymia"
            }
          ]
        }
      ],
      "count": 4
    },
    {
      "code": [
        {
          "coding": [
            {
              "system": "http://hl7.org/fhir/sid/icd-10",
              "code": "F39",
              "display": "Mood disorder"
            }
          ]
        }
      ],
      "count": 4
    },
    {
      "code": [
        {
          "coding": [
            {
              "system": "http://hl7.org/fhir/sid/icd-10",
              "code": "F43.10",
              "display": "PTSD (post-traumatic stress disorder)"
            }
          ]
        }
      ],
      "count": 4
    },
    {
      "code": [
        {
          "coding": [
            {
              "system": "http://hl7.org/fhir/sid/icd-10",
              "code": "A63.0",
              "display": "Condyloma acuminatum"
            }
          ]
        }
      ],
      "count": 4
    },
    {
      "code": [
        {
          "coding": [
            {
              "system": "http://hl7.org/fhir/sid/icd-10",
              "code": "A49.02",
              "display": "Methicillin resistant Staphylococcus aureus in conditions classified elsewhere and of unspecified site"
            }
          ]
        }
      ],
      "count": 4
    },
    {
      "code": [
        {
          "coding": [
            {
              "system": "http://hl7.org/fhir/sid/icd-10",
              "code": "B37.0",
              "display": "Candidiasis of mouth"
            }
          ]
        }
      ],
      "count": 4
    },
    {
      "code": [
        {
          "coding": [
            {
              "system": "http://hl7.org/fhir/sid/icd-10",
              "code": "D17.9",
              "display": "Lipoma of unspecified site"
            }
          ]
        }
      ],
      "count": 4
    },
    {
      "code": [
        {
          "coding": [
            {
              "system": "http://hl7.org/fhir/sid/icd-10",
              "code": "D69.6",
              "display": "Thrombocytopenia"
            }
          ]
        }
      ],
      "count": 4
    },
    {
      "code": [
        {
          "coding": [
            {
              "system": "http://hl7.org/fhir/sid/icd-10",
              "code": "J01.90",
              "display": "Acute sinusitis, unspecified"
            }
          ]
        }
      ],
      "count": 4
    },
    {
      "code": [
        {
          "coding": [
            {
              "system": "http://hl7.org/fhir/sid/icd-10",
              "code": "I87.2",
              "display": "Venous stasis dermatitis of right lower extremity"
            }
          ]
        }
      ],
      "count": 4
    },
    {
      "code": [
        {
          "coding": [
            {
              "system": "http://hl7.org/fhir/sid/icd-10",
              "code": "J45.40",
              "display": "Moderate persistent asthma without complication"
            }
          ]
        }
      ],
      "count": 4
    },
    {
      "code": [
        {
          "coding": [
            {
              "system": "http://hl7.org/fhir/sid/icd-10",
              "code": "Z90.49",
              "display": "S/P cholecystectomy"
            }
          ]
        }
      ],
      "count": 4
    },
    {
      "code": [
        {
          "coding": [
            {
              "system": "http://hl7.org/fhir/sid/icd-10",
              "code": "Z90.710",
              "display": "Acquired absence of both cervix and uterus"
            }
          ]
        }
      ],
      "count": 4
    },
    {
      "code": [
        {
          "coding": [
            {
              "system": "http://hl7.org/fhir/sid/icd-10",
              "code": "Z99.2",
              "display": "ESRD (end stage renal disease) on dialysis"
            }
          ]
        }
      ],
      "count": 4
    },
    {
      "code": [
        {
          "coding": [
            {
              "system": "http://hl7.org/fhir/sid/icd-10",
              "code": "B35.3",
              "display": "Dermatophytosis of foot"
            }
          ]
        }
      ],
      "count": 4
    },
    {
      "code": [
        {
          "coding": [
            {
              "system": "http://hl7.org/fhir/sid/icd-10",
              "code": "E04.9",
              "display": "Goiter, unspecified"
            }
          ]
        }
      ],
      "count": 4
    },
    {
      "code": [
        {
          "coding": [
            {
              "system": "http://hl7.org/fhir/sid/icd-10",
              "code": "C73",
              "display": "Thyroid cancer"
            }
          ]
        }
      ],
      "count": 4
    },
    {
      "code": [
        {
          "coding": [
            {
              "system": "http://hl7.org/fhir/sid/icd-10",
              "code": "E11.65",
              "display": "Diabetes mellitus type 2 with complications, uncontrolled"
            }
          ]
        }
      ],
      "count": 4
    },
    {
      "code": [
        {
          "coding": [
            {
              "system": "http://hl7.org/fhir/sid/icd-10",
              "code": "E11.8",
              "display": "Diabetes mellitus with complication"
            }
          ]
        }
      ],
      "count": 4
    },
    {
      "code": [
        {
          "coding": [
            {
              "system": "http://hl7.org/fhir/sid/icd-10",
              "code": "F90.9",
              "display": "Attention deficit hyperactivity disorder (ADHD)"
            }
          ]
        }
      ],
      "count": 4
    },
    {
      "code": [
        {
          "coding": [
            {
              "system": "http://hl7.org/fhir/sid/icd-10",
              "code": "F12.90",
              "display": "Marijuana use"
            }
          ]
        }
      ],
      "count": 4
    },
    {
      "code": [
        {
          "coding": [
            {
              "system": "http://hl7.org/fhir/sid/icd-10",
              "code": "F11.10",
              "display": "Opioid abuse, episodic"
            }
          ]
        }
      ],
      "count": 4
    },
    {
      "code": [
        {
          "coding": [
            {
              "system": "http://hl7.org/fhir/sid/icd-10",
              "code": "M17.0",
              "display": "Osteoarthritis of both knees"
            }
          ]
        }
      ],
      "count": 4
    },
    {
      "code": [
        {
          "coding": [
            {
              "system": "http://hl7.org/fhir/sid/icd-10",
              "code": "L57.0",
              "display": "Actinic keratosis"
            }
          ]
        }
      ],
      "count": 4
    },
    {
      "code": [
        {
          "coding": [
            {
              "system": "http://hl7.org/fhir/sid/icd-10",
              "code": "L60.0",
              "display": "Ingrown toenail"
            }
          ]
        }
      ],
      "count": 4
    },
    {
      "code": [
        {
          "coding": [
            {
              "system": "http://hl7.org/fhir/sid/icd-10",
              "code": "L29.9",
              "display": "Chronic pruritus"
            }
          ]
        }
      ],
      "count": 4
    },
    {
      "code": [
        {
          "coding": [
            {
              "system": "http://hl7.org/fhir/sid/icd-10",
              "code": "L02.92",
              "display": "Carbuncle and furuncle of unspecified site"
            }
          ]
        }
      ],
      "count": 4
    },
    {
      "code": [
        {
          "coding": [
            {
              "system": "http://hl7.org/fhir/sid/icd-10",
              "code": "J31.0",
              "display": "Rhinitis medicamentosa"
            }
          ]
        }
      ],
      "count": 4
    },
    {
      "code": [
        {
          "coding": [
            {
              "system": "http://hl7.org/fhir/sid/icd-10",
              "code": "J34.89",
              "display": "Nasal vestibulitis"
            }
          ]
        }
      ],
      "count": 4
    },
    {
      "code": [
        {
          "coding": [
            {
              "system": "http://hl7.org/fhir/sid/icd-10",
              "code": "H52.203",
              "display": "Myopia with astigmatism and presbyopia, bilateral"
            }
          ]
        }
      ],
      "count": 4
    },
    {
      "code": [
        {
          "coding": [
            {
              "system": "http://hl7.org/fhir/sid/icd-10",
              "code": "I42.9",
              "display": "Secondary cardiomyopathy, unspecified"
            }
          ]
        }
      ],
      "count": 4
    },
    {
      "code": [
        {
          "coding": [
            {
              "system": "http://hl7.org/fhir/sid/icd-10",
              "code": "I83.90",
              "display": "Varicose veins of lower extremity"
            }
          ]
        }
      ],
      "count": 4
    },
    {
      "code": [
        {
          "coding": [
            {
              "system": "http://hl7.org/fhir/sid/icd-10",
              "code": "Z97.5",
              "display": "IUD (intrauterine device) in place"
            }
          ]
        }
      ],
      "count": 4
    },
    {
      "code": [
        {
          "coding": [
            {
              "system": "http://hl7.org/fhir/sid/icd-10",
              "code": "Z91.81",
              "display": "History of fall"
            }
          ]
        }
      ],
      "count": 4
    },
    {
      "code": [
        {
          "coding": [
            {
              "system": "http://hl7.org/fhir/sid/icd-10",
              "code": "Z91.89",
              "display": "High risk of ovarian cancer"
            }
          ]
        }
      ],
      "count": 4
    },
    {
      "code": [
        {
          "coding": [
            {
              "system": "http://hl7.org/fhir/sid/icd-10",
              "code": "Z86.79",
              "display": "Personal history of other diseases of circulatory system"
            }
          ]
        }
      ],
      "count": 4
    },
    {
      "code": [
        {
          "coding": [
            {
              "system": "http://hl7.org/fhir/sid/icd-10",
              "code": "Z85.3",
              "display": "Personal history of breast cancer"
            }
          ]
        }
      ],
      "count": 4
    },
    {
      "code": [
        {
          "coding": [
            {
              "system": "http://hl7.org/fhir/sid/icd-10",
              "code": "Z79.4",
              "display": "Insulin dependent type 2 diabetes mellitus"
            }
          ]
        }
      ],
      "count": 4
    },
    {
      "code": [
        {
          "coding": [
            {
              "system": "http://hl7.org/fhir/sid/icd-10",
              "code": "R73.9",
              "display": "Hyperglycemia"
            }
          ]
        }
      ],
      "count": 4
    },
    {
      "code": [
        {
          "coding": [
            {
              "system": "http://hl7.org/fhir/sid/icd-10",
              "code": "R76.11",
              "display": "Positive PPD"
            }
          ]
        }
      ],
      "count": 4
    },
    {
      "code": [
        {
          "coding": [
            {
              "system": "http://hl7.org/fhir/sid/icd-10",
              "code": "R53.1",
              "display": "Generalized weakness"
            }
          ]
        }
      ],
      "count": 4
    },
    {
      "code": [
        {
          "coding": [
            {
              "system": "http://hl7.org/fhir/sid/icd-10",
              "code": "Z39.2",
              "display": "Routine postpartum follow-up"
            }
          ]
        }
      ],
      "count": 4
    },
    {
      "code": [
        {
          "coding": [
            {
              "system": "http://hl7.org/fhir/sid/icd-10",
              "code": "R91.8",
              "display": "Lung mass"
            }
          ]
        }
      ],
      "count": 4
    },
    {
      "code": [
        {
          "coding": [
            {
              "system": "http://hl7.org/fhir/sid/icd-10",
              "code": "R26.9",
              "display": "Abnormal gait"
            }
          ]
        }
      ],
      "count": 4
    },
    {
      "code": [
        {
          "coding": [
            {
              "system": "http://hl7.org/fhir/sid/icd-10",
              "code": "N95.1",
              "display": "Symptomatic menopausal or female climacteric states"
            }
          ]
        }
      ],
      "count": 4
    },
    {
      "code": [
        {
          "coding": [
            {
              "system": "http://hl7.org/fhir/sid/icd-10",
              "code": "O09.90",
              "display": "Supervision of high-risk pregnancy"
            }
          ]
        }
      ],
      "count": 4
    },
    {
      "code": [
        {
          "coding": [
            {
              "system": "http://hl7.org/fhir/sid/icd-10",
              "code": "N63.0",
              "display": "Subcutaneous nodule of breast"
            }
          ]
        }
      ],
      "count": 4
    },
    {
      "code": [
        {
          "coding": [
            {
              "system": "http://hl7.org/fhir/sid/icd-10",
              "code": "N25.81",
              "display": "Hyperparathyroidism, secondary renal"
            }
          ]
        }
      ],
      "count": 4
    },
    {
      "code": [
        {
          "coding": [
            {
              "system": "http://hl7.org/fhir/sid/icd-10",
              "code": "M85.80",
              "display": "Osteopenia"
            }
          ]
        }
      ],
      "count": 4
    }
  ],
  "meta": {
    "tag": [
      {
        "system": "http://hl7.org/fhir/v3/ActReason",
        "code": "HTEST",
        "display": "test health data"
      }
    ]
  }
}