{
  "resourceType": "MedicinalProductManufactured",
  "id": "example",
  "text": {
    "status": "generated",
    "div": "\u003cdiv xmlns\u003d\"http://www.w3.org/1999/xhtml\"\u003e\u003cp\u003e\u003cb\u003eGenerated Narrative with Details\u003c/b\u003e\u003c/p\u003e\u003cp\u003e\u003cb\u003eid\u003c/b\u003e: example\u003c/p\u003e\u003cp\u003e\u003cb\u003emanufacturedDoseForm\u003c/b\u003e: Film-coatedtablet \u003cspan\u003e(Details : {http://ema.europa.eu/example/manufactureddoseform code \u0027Film-coatedtablet\u0027 \u003d \u0027Film-coatedtablet)\u003c/span\u003e\u003c/p\u003e\u003cp\u003e\u003cb\u003eunitOfPresentation\u003c/b\u003e: Tablet \u003cspan\u003e(Details : {http://ema.europa.eu/example/unitofpresentation code \u0027Tablet\u0027 \u003d \u0027Tablet)\u003c/span\u003e\u003c/p\u003e\u003cp\u003e\u003cb\u003equantity\u003c/b\u003e: 10 1\u003c/p\u003e\u003cp\u003e\u003cb\u003emanufacturer\u003c/b\u003e: \u003ca\u003eOrganization/example\u003c/a\u003e\u003c/p\u003e\u003cp\u003e\u003cb\u003eingredient\u003c/b\u003e: \u003ca\u003eMedicinalProductIngredient/example\u003c/a\u003e\u003c/p\u003e\u003cp\u003e\u003cb\u003ephysicalCharacteristics\u003c/b\u003e: \u003c/p\u003e\u003cp\u003e\u003cb\u003eException generating Narrative: Unknown type ProdCharacteristic\u003c/b\u003e\u003c/p\u003e\u003c/div\u003e"
  },
  "manufacturedDoseForm": {
    "coding": [
      {
        "system": "http://ema.europa.eu/example/manufactureddoseform",
        "code": "Film-coatedtablet"
      }
    ]
  },
  "unitOfPresentation": {
    "coding": [
      {
        "system": "http://ema.europa.eu/example/unitofpresentation",
        "code": "Tablet"
      }
    ]
  },
  "quantity": {
    "value": 10,
    "unit": "1"
  },
  "manufacturer": [
    {
      "reference": "Organization/example"
    }
  ],
  "ingredient": [
    {
      "reference": "MedicinalProductIngredient/example"
    }
  ],
  "physicalCharacteristics": {
    "shape": "Oval",
    "color": [
      "Pink"
    ],
    "imprint": [
      "894"
    ]
  },
  "meta": {
    "tag": [
      {
        "system": "http://hl7.org/fhir/v3/ActReason",
        "code": "HTEST",
        "display": "test health data"
      }
    ]
  }
}