{
  "resourceType": "Parameters",
  "parameter": [
    {
      "name": "exact",
      "valueBoolean": true
    },
    {
      "name": "property",
      "part": [
        {
          "name": "code",
          "valueCode": "focus"
        },
        {
          "name": "value",
          "valueCode": "top"
        }
      ]
    },
    {
      "name": "patient",
      "resource": {
        "resourceType": "Patient",
        "id": "example",
        "name": [
          {
            "use": "official",
            "family": "Chalmers",
            "given": [
              "Peter",
              "James"
            ]
          }
        ]
      }
    }
  ],
  "meta": {
    "tag": [
      {
        "system": "http://hl7.org/fhir/v3/ActReason",
        "code": "HTEST",
        "display": "test health data"
      }
    ]
  }
}