{
  "resourceType": "Contract",
  "id": "pcd-example-notOrg",
  "text": {
    "status": "generated",
    "div": "\u003cdiv xmlns\u003d\"http://www.w3.org/1999/xhtml\"\u003eThe following scenario is based on existing\n      jurisdictional policy and are realized in existing systems in Canada. The default policy is\n      one of implied consent for the provision of care, so these scenarios all deal with withdrawal\n      or withholding consent for that purpose. In other jurisdictions, where an express consent\n      model is used (Opt-In), these would examples would contain the phrase \u0026quot;consent to\u0026quot; rather than\n      \u0026quot;withhold\u0026quot; or \u0026quot;withdraw\u0026quot; consent for. \u003cp\u003e specific to use-case 3) Withhold or withdraw consent\n        for disclosure to a specific provider organization \u003c/p\u003e\u003cp\u003e Patient \u0026quot;P. van de Heuvel\u0026quot;\n        ex-spouse is a Physician that is employed by Good Health Clinic. P. decides that he would\n        like to withdraw/withhold consent to disclose any instance of his health information to Good\n        Health Clinic. \u003c/p\u003e\n    \u003c/div\u003e"
  },
  "issued": "2015-11-18",
  "subject": [
    {
      "reference": "Patient/f001",
      "display": "P. van de Heuvel"
    }
  ],
  "authority": [
    {
      "reference": "Organization/3",
      "display": "Michigan Health"
    }
  ],
  "domain": [
    {
      "reference": "Location/ukp",
      "display": "UK Pharmacies"
    }
  ],
  "type": {
    "coding": [
      {
        "system": "http://loinc.org",
        "code": "57016-8"
      }
    ]
  },
  "subType": [
    {
      "coding": [
        {
          "system": "http://www.infoway-inforoute.ca.org/Consent-subtype-codes",
          "code": "Opt-In",
          "display": "Default Authorization with exceptions."
        }
      ]
    }
  ],
  "term": [
    {
      "type": {
        "coding": [
          {
            "system": "http://example.org/fhir/consent-term-type-codes",
            "code": "withhold-from",
            "display": "Withhold all data from specified actor entity."
          }
        ]
      },
      "offer": {
        "topic": {
          "reference": "Organization/2.16.840.1.113883.19.5",
          "display": "Good Health Clinic"
        },
        "text": "Withhold this order and any results or related objects from any provider."
      }
    }
  ],
  "friendly": [
    {
      "contentAttachment": {
        "title": "The terms of the consent in friendly consumer speak."
      }
    }
  ],
  "legal": [
    {
      "contentAttachment": {
        "title": "The terms of the consent in lawyer speak."
      }
    }
  ],
  "meta": {
    "tag": [
      {
        "system": "http://hl7.org/fhir/v3/ActReason",
        "code": "HTEST",
        "display": "test health data"
      }
    ]
  }
}