{
  "resourceType": "Person",
  "id": "pp",
  "text": {
    "status": "generated",
    "div": "\u003cdiv xmlns\u003d\"http://www.w3.org/1999/xhtml\"\u003e\n      \u003ctable\u003e\n        \u003ctbody\u003e\n          \u003ctr\u003e\n            \u003ctd\u003eName\u003c/td\u003e\n            \u003ctd\u003eEve Marie \u003cb\u003eEverywoman\u003c/b\u003e\u003c/td\u003e\n          \u003c/tr\u003e\n          \u003ctr\u003e\n            \u003ctd\u003eAddress\u003c/td\u003e\n            \u003ctd\u003e2086 College St, Sandusky, OH, 44870\u003c/td\u003e\n          \u003c/tr\u003e\n        \u003c/tbody\u003e\n      \u003c/table\u003e\n    \u003c/div\u003e"
  },
  "identifier": [
    {
      "use": "official",
      "type": {
        "coding": [
          {
            "system": "http://terminology.hl7.org/CodeSystem/v2-0203",
            "code": "DL"
          }
        ],
        "text": "Ohio driver license"
      },
      "system": "urn:oid:2.16.840.1.113883.4.3.39",
      "value": "TL545786",
      "period": {
        "start": "2041-09-23"
      },
      "assigner": {
        "display": "Ohio Bureau of Motor Vehicles"
      }
    }
  ],
  "name": [
    {
      "use": "official",
      "family": "Everywoman",
      "given": [
        "Eve",
        "Marie"
      ]
    }
  ],
  "telecom": [
    {
      "system": "phone",
      "value": "(621)-479-9743",
      "use": "home"
    }
  ],
  "gender": "female",
  "birthDate": "1974-03-07",
  "address": [
    {
      "use": "home",
      "line": [
        "2086 College St"
      ],
      "city": "Sandusky",
      "state": "OH",
      "postalCode": "44870",
      "country": "USA"
    }
  ],
  "managingOrganization": {
    "reference": "http://www.goodhealth.com/Organization/12",
    "display": "Goodhealth Patient Portal"
  },
  "active": true,
  "link": [
    {
      "target": {
        "reference": "http://www.goodhealth.com/Patient/98574",
        "display": "Eve Everywoman"
      },
      "assurance": "level3"
    },
    {
      "target": {
        "reference": "http://www.acme-medical.com/Patient/ab34d",
        "display": "Eve Marie Everywoman"
      },
      "assurance": "level2"
    }
  ],
  "meta": {
    "tag": [
      {
        "system": "http://hl7.org/fhir/v3/ActReason",
        "code": "HTEST",
        "display": "test health data"
      }
    ]
  }
}