{
  "resourceType": "ConceptMap",
  "id": "sc-condition-ver-status",
  "text": {
    "status": "generated",
    "div": "\u003cdiv xmlns\u003d\"http://www.w3.org/1999/xhtml\"\u003e\u003ch2\u003eConditionVerificationStatusCanonicalMap (http://hl7.org/fhir/ConceptMap/sc-condition-ver-status)\u003c/h2\u003e\u003cp\u003eMapping from \u003ca href\u003d\"valueset-condition-ver-status.html\"\u003ehttp://hl7.org/fhir/ValueSet/condition-ver-status\u003c/a\u003e to \u003ca href\u003d\"valueset-resource-status.html\"\u003ehttp://hl7.org/fhir/ValueSet/resource-status\u003c/a\u003e\u003c/p\u003e\u003cp\u003eDRAFT. Published on Dec 13, 2018, 2:23:07 PM by HL7 (FHIR Project) (\u003ca href\u003d\"http://hl7.org/fhir\"\u003ehttp://hl7.org/fhir\u003c/a\u003e, \u003ca href\u003d\"mailto:fhir@lists.hl7.org\"\u003efhir@lists.hl7.org\u003c/a\u003e). \u003c/p\u003e\u003cdiv\u003e\u003cp\u003eCanonical Mapping for \u0026quot;The verification status to support or decline the clinical status of the condition or diagnosis.\u0026quot;\u003c/p\u003e\n\u003c/div\u003e\u003cbr/\u003e\u003ctable class\u003d\"grid\"\u003e\u003ctr\u003e\u003ctd\u003e\u003cb\u003eSource Code\u003c/b\u003e\u003c/td\u003e\u003ctd\u003e\u003cb\u003eEquivalence\u003c/b\u003e\u003c/td\u003e\u003ctd\u003e\u003cb\u003eDestination Code\u003c/b\u003e\u003c/td\u003e\u003c/tr\u003e\u003ctr\u003e\u003ctd\u003eentered-in-error\u003c/td\u003e\u003ctd\u003eequivalent\u003c/td\u003e\u003ctd\u003eerror\u003c/td\u003e\u003c/tr\u003e\u003ctr\u003e\u003ctd\u003eunknown\u003c/td\u003e\u003ctd\u003eequivalent\u003c/td\u003e\u003ctd\u003eunknown\u003c/td\u003e\u003c/tr\u003e\u003ctr\u003e\u003ctd\u003eunconfirmed, provisional\u003c/td\u003e\u003ctd\u003eequivalent\u003c/td\u003e\u003ctd\u003eunconfirmed\u003c/td\u003e\u003c/tr\u003e\u003ctr\u003e\u003ctd\u003econfirmed\u003c/td\u003e\u003ctd\u003eequivalent\u003c/td\u003e\u003ctd\u003econfirmed\u003c/td\u003e\u003c/tr\u003e\u003ctr\u003e\u003ctd\u003erefuted\u003c/td\u003e\u003ctd\u003eequivalent\u003c/td\u003e\u003ctd\u003erefuted\u003c/td\u003e\u003c/tr\u003e\u003ctr\u003e\u003ctd\u003edifferential\u003c/td\u003e\u003ctd\u003eequivalent\u003c/td\u003e\u003ctd\u003edifferential\u003c/td\u003e\u003c/tr\u003e\u003c/table\u003e\u003c/div\u003e"
  },
  "url": "http://hl7.org/fhir/ConceptMap/sc-condition-ver-status",
  "version": "3.6.0",
  "name": "ConditionVerificationStatusCanonicalMap",
  "title": "Canonical Mapping for \"ConditionVerificationStatus\"",
  "status": "draft",
  "date": "2018-12-13T14:23:07-06:00",
  "publisher": "HL7 (FHIR Project)",
  "contact": [
    {
      "telecom": [
        {
          "system": "url",
          "value": "http://hl7.org/fhir"
        },
        {
          "system": "email",
          "value": "fhir@lists.hl7.org"
        }
      ]
    }
  ],
  "description": "Canonical Mapping for \"The verification status to support or decline the clinical status of the condition or diagnosis.\"",
  "sourceCanonical": "http://hl7.org/fhir/ValueSet/condition-ver-status",
  "targetCanonical": "http://hl7.org/fhir/ValueSet/resource-status",
  "group": [
    {
      "source": "http://terminology.hl7.org/CodeSystem/condition-ver-status",
      "target": "http://hl7.org/fhir/resource-status",
      "element": [
        {
          "code": "entered-in-error",
          "target": [
            {
              "code": "error",
              "equivalence": "equivalent"
            }
          ]
        },
        {
          "code": "unknown",
          "target": [
            {
              "code": "unknown",
              "equivalence": "equivalent"
            }
          ]
        },
        {
          "code": "unconfirmed, provisional",
          "target": [
            {
              "code": "unconfirmed",
              "equivalence": "equivalent"
            }
          ]
        },
        {
          "code": "confirmed",
          "target": [
            {
              "code": "confirmed",
              "equivalence": "equivalent"
            }
          ]
        },
        {
          "code": "refuted",
          "target": [
            {
              "code": "refuted",
              "equivalence": "equivalent"
            }
          ]
        },
        {
          "code": "differential",
          "target": [
            {
              "code": "differential",
              "equivalence": "equivalent"
            }
          ]
        }
      ]
    }
  ]
}