{
  "resourceType": "Slot",
  "id": "1",
  "text": {
    "status": "generated",
    "div": "\u003cdiv xmlns\u003d\"http://www.w3.org/1999/xhtml\"\u003e\n\t\t\t25 Dec 2013 9:00am - 9:15am: \u003cb\u003eBusy\u003c/b\u003e Physiotherapy\n\t\t\u003c/div\u003e"
  },
  "identifier": [
    {
      "system": "http://example.org/identifiers/slots",
      "value": "123132"
    }
  ],
  "serviceCategory": [
    {
      "coding": [
        {
          "code": "17",
          "display": "General Practice"
        }
      ]
    }
  ],
  "schedule": {
    "reference": "Schedule/example"
  },
  "status": "busy",
  "start": "2013-12-25T09:00:00Z",
  "end": "2013-12-25T09:15:00Z",
  "overbooked": true,
  "comment": "Assessments should be performed before requesting appointments in this slot.",
  "meta": {
    "tag": [
      {
        "system": "http://hl7.org/fhir/v3/ActReason",
        "code": "HTEST",
        "display": "test health data"
      }
    ]
  }
}