{
  "resourceType": "ValueSet",
  "id": "contract-assettype",
  "meta": {
    "lastUpdated": "2019-01-08T15:26:24.615-06:00",
    "profile": [
      "http://hl7.org/fhir/StructureDefinition/shareablevalueset"
    ]
  },
  "text": {
    "status": "generated",
    "div": "\u003cdiv xmlns\u003d\"http://www.w3.org/1999/xhtml\"\u003e\u003ch2\u003eContract Resource Asset Type codes\u003c/h2\u003e\u003cdiv\u003e\u003cp\u003eThis value set contract specific codes for asset type.\u003c/p\u003e\n\u003c/div\u003e\u003cp\u003e\u003cb\u003eCopyright Statement:\u003c/b\u003e HL7 International.\u003c/p\u003e\u003cp\u003eThis value set includes codes from the following code systems:\u003c/p\u003e\u003cul\u003e\u003cli\u003eInclude all codes defined in \u003ca href\u003d\"codesystem-contract-assettype.html\"\u003e\u003ccode\u003ehttp://hl7.org/fhir/contract-asset-type\u003c/code\u003e\u003c/a\u003e\u003c/li\u003e\u003c/ul\u003e\u003c/div\u003e"
  },
  "extension": [
    {
      "url": "http://hl7.org/fhir/StructureDefinition/structuredefinition-wg",
      "valueCode": "fm"
    },
    {
      "url": "http://hl7.org/fhir/StructureDefinition/structuredefinition-standards-status",
      "valueCode": "draft"
    },
    {
      "url": "http://hl7.org/fhir/StructureDefinition/structuredefinition-fmm",
      "valueInteger": 1
    }
  ],
  "url": "http://hl7.org/fhir/ValueSet/contract-assettype",
  "identifier": [
    {
      "system": "urn:ietf:rfc:3986",
      "value": "urn:oid:2.16.840.1.113883.4.642.3.1299"
    }
  ],
  "version": "4.0.0",
  "name": "ContractResourceAssetTypeCodes",
  "title": "Contract Resource Asset Type codes",
  "status": "draft",
  "experimental": false,
  "date": "2019-01-08T15:26:24-06:00",
  "publisher": "Financial Management",
  "contact": [
    {
      "telecom": [
        {
          "system": "url",
          "value": "http://hl7.org/fhir"
        }
      ]
    }
  ],
  "description": "This value set contract specific codes for asset type.",
  "immutable": true,
  "copyright": "HL7 International.",
  "compose": {
    "include": [
      {
        "system": "http://hl7.org/fhir/contract-asset-type"
      }
    ]
  }
}