{
  "resourceType": "ValueSet",
  "id": "flag-category",
  "meta": {
    "lastUpdated": "2018-09-14T07:16:19.170-05:00",
    "profile": [
      "http://hl7.org/fhir/StructureDefinition/shareablevalueset"
    ]
  },
  "text": {
    "status": "generated",
    "div": "\u003cdiv xmlns\u003d\"http://www.w3.org/1999/xhtml\"\u003e\u003ch2\u003eFlag Category\u003c/h2\u003e\u003cdiv\u003e\u003cp\u003eExample list of general categories for flagged issues. (Not complete or necessarily appropriate.)\u003c/p\u003e\n\u003c/div\u003e\u003cp\u003eThis value set includes codes from the following code systems:\u003c/p\u003e\u003cul\u003e\u003cli\u003eInclude all codes defined in \u003ca href\u003d\"codesystem-flag-category.html\"\u003e\u003ccode\u003ehttp://terminology.hl7.org/CodeSystem/flag-category\u003c/code\u003e\u003c/a\u003e\u003c/li\u003e\u003c/ul\u003e\u003c/div\u003e"
  },
  "extension": [
    {
      "url": "http://hl7.org/fhir/StructureDefinition/structuredefinition-wg",
      "valueCode": "pc"
    },
    {
      "url": "http://hl7.org/fhir/StructureDefinition/structuredefinition-standards-status",
      "valueString": "Draft"
    },
    {
      "url": "http://hl7.org/fhir/StructureDefinition/structuredefinition-fmm",
      "valueInteger": 1
    }
  ],
  "url": "http://hl7.org/fhir/ValueSet/flag-category",
  "identifier": [
    {
      "system": "urn:ietf:rfc:3986",
      "value": "urn:oid:2.16.840.1.113883.4.642.3.122"
    }
  ],
  "version": "3.5.0",
  "name": "FlagCategory",
  "title": "Flag Category",
  "status": "draft",
  "experimental": true,
  "date": "2018-09-14T07:16:19-05:00",
  "publisher": "HL7 International - Patient Care WG",
  "contact": [
    {
      "telecom": [
        {
          "system": "url",
          "value": "http://www.hl7.org/Special/committees/patientcare"
        }
      ]
    }
  ],
  "description": "Example list of general categories for flagged issues. (Not complete or necessarily appropriate.)",
  "immutable": true,
  "compose": {
    "include": [
      {
        "system": "http://terminology.hl7.org/CodeSystem/flag-category"
      }
    ]
  }
}