{
  "resourceType": "ValueSet",
  "id": "object-lifecycle-events",
  "meta": {
    "lastUpdated": "2019-02-14T17:58:29.045-06:00"
  },
  "text": {
    "status": "generated",
    "div": "\u003cdiv xmlns\u003d\"http://www.w3.org/1999/xhtml\"\u003e This value set includes codes from multiple codesets. \u003c/div\u003e"
  },
  "extension": [
    {
      "url": "http://hl7.org/fhir/StructureDefinition/valueset-extensible",
      "valueBoolean": true
    },
    {
      "url": "http://hl7.org/fhir/StructureDefinition/structuredefinition-wg",
      "valueCode": "sec"
    },
    {
      "url": "http://hl7.org/fhir/StructureDefinition/structuredefinition-standards-status",
      "valueCode": "trial-use"
    },
    {
      "url": "http://hl7.org/fhir/StructureDefinition/structuredefinition-fmm",
      "valueInteger": 3
    }
  ],
  "url": "http://hl7.org/fhir/ValueSet/object-lifecycle-events",
  "version": "4.0.0",
  "name": "ObjectLifecycleEvents",
  "status": "draft",
  "experimental": false,
  "date": "2017-02-19T18:00:00+01:00",
  "publisher": "HL7 (FHIR Project)",
  "contact": [
    {
      "telecom": [
        {
          "system": "url",
          "value": "http://hl7.org/fhir"
        },
        {
          "system": "email",
          "value": "fhir@lists.hl7.org"
        }
      ]
    }
  ],
  "description": "This example FHIR value set is comprised of lifecycle event codes. The FHIR Actor value set is based on    DICOM Audit Message, ParticipantObjectDataLifeCycle;   ISO Standard, TS 21089-2017;  ",
  "copyright": "This is an example FHIR value set based on ASTM Standard, E1762-95 (2013) HL7 RoleClass OID 2.16.840.1.113883.5.110,          HL7 Role Code 2.16.840.1.113883.5.111, HL7 ParticipationType OID: 2.16.840.1.113883.5.90, HL7 ParticipationFunction codes at OID: 2.16.840.1.113883.5.88,          and HL7 Security and Privacy Domain Analysis Model roles classes.   These codes are excerpted from Digital Imaging and Communications in Medicine (DICOM) Standard, Part 16: Content Mapping Resource, Copyright © 2011 by the National Electrical Manufacturers Association.",
  "compose": {
    "include": [
      {
        "system": "http://terminology.hl7.org/CodeSystem/dicom-audit-lifecycle"
      },
      {
        "system": "http://terminology.hl7.org/CodeSystem/iso-21089-lifecycle"
      }
    ]
  }
}