{
  "resourceType": "ValueSet",
  "id": "care-plan-activity-status",
  "meta": {
    "lastUpdated": "2018-09-14T07:16:19.170-05:00",
    "profile": [
      "http://hl7.org/fhir/StructureDefinition/shareablevalueset"
    ]
  },
  "text": {
    "status": "generated",
    "div": "\u003cdiv xmlns\u003d\"http://www.w3.org/1999/xhtml\"\u003e\u003ch2\u003eCarePlanActivityStatus\u003c/h2\u003e\u003cdiv\u003e\u003cp\u003eIndicates where the activity is at in its overall life cycle.\u003c/p\u003e\n\u003c/div\u003e\u003cp\u003eThis value set includes codes from the following code systems:\u003c/p\u003e\u003cul\u003e\u003cli\u003eInclude all codes defined in \u003ca href\u003d\"codesystem-care-plan-activity-status.html\"\u003e\u003ccode\u003ehttp://hl7.org/fhir/care-plan-activity-status\u003c/code\u003e\u003c/a\u003e\u003c/li\u003e\u003c/ul\u003e\u003c/div\u003e"
  },
  "extension": [
    {
      "url": "http://hl7.org/fhir/StructureDefinition/structuredefinition-wg",
      "valueCode": "pc"
    },
    {
      "url": "http://hl7.org/fhir/StructureDefinition/structuredefinition-standards-status",
      "valueString": "Trial Use"
    },
    {
      "url": "http://hl7.org/fhir/StructureDefinition/structuredefinition-fmm",
      "valueInteger": 2
    }
  ],
  "url": "http://hl7.org/fhir/ValueSet/care-plan-activity-status",
  "identifier": [
    {
      "system": "urn:ietf:rfc:3986",
      "value": "urn:oid:2.16.840.1.113883.4.642.3.146"
    }
  ],
  "version": "3.5.0",
  "name": "CarePlanActivityStatus",
  "title": "CarePlanActivityStatus",
  "status": "draft",
  "experimental": false,
  "date": "2018-09-14T07:16:19-05:00",
  "publisher": "HL7 (FHIR Project)",
  "contact": [
    {
      "telecom": [
        {
          "system": "url",
          "value": "http://hl7.org/fhir"
        },
        {
          "system": "email",
          "value": "fhir@lists.hl7.org"
        }
      ]
    }
  ],
  "description": "Indicates where the activity is at in its overall life cycle.",
  "immutable": true,
  "compose": {
    "include": [
      {
        "system": "http://hl7.org/fhir/care-plan-activity-status"
      }
    ]
  }
}