{
  "resourceType": "ValueSet",
  "id": "oral-prosthodontic-material",
  "meta": {
    "lastUpdated": "2018-09-14T07:16:19.170-05:00",
    "profile": [
      "http://hl7.org/fhir/StructureDefinition/shareablevalueset"
    ]
  },
  "text": {
    "status": "generated",
    "div": "\u003cdiv xmlns\u003d\"http://www.w3.org/1999/xhtml\"\u003e\u003ch2\u003eOral Prostho Material type Codes\u003c/h2\u003e\u003cdiv\u003e\u003cp\u003eThis value set includes sample Oral Prosthodontic Material type codes.\u003c/p\u003e\n\u003c/div\u003e\u003cp\u003e\u003cb\u003eCopyright Statement:\u003c/b\u003e This is an example set.\u003c/p\u003e\u003cp\u003eThis value set includes codes from the following code systems:\u003c/p\u003e\u003cul\u003e\u003cli\u003eInclude all codes defined in \u003ca href\u003d\"codesystem-oral-prosthodontic-material.html\"\u003e\u003ccode\u003ehttp://hl7.org/fhir/ex-oralprostho\u003c/code\u003e\u003c/a\u003e\u003c/li\u003e\u003c/ul\u003e\u003c/div\u003e"
  },
  "extension": [
    {
      "url": "http://hl7.org/fhir/StructureDefinition/structuredefinition-wg",
      "valueCode": "fm"
    }
  ],
  "url": "http://hl7.org/fhir/ValueSet/oral-prosthodontic-material",
  "identifier": [
    {
      "system": "urn:ietf:rfc:3986",
      "value": "urn:oid:2.16.840.1.113883.4.642.3.538"
    }
  ],
  "version": "3.5.0",
  "name": "OralProsthoMaterialTypeCodes",
  "title": "Oral Prostho Material type Codes",
  "status": "draft",
  "experimental": true,
  "date": "2018-09-14T07:16:19-05:00",
  "publisher": "Financial Management",
  "contact": [
    {
      "telecom": [
        {
          "system": "url",
          "value": "http://hl7.org/fhir"
        }
      ]
    }
  ],
  "description": "This value set includes sample Oral Prosthodontic Material type codes.",
  "immutable": true,
  "copyright": "This is an example set.",
  "compose": {
    "include": [
      {
        "system": "http://hl7.org/fhir/ex-oralprostho"
      }
    ]
  }
}