{
  "resourceType": "ValueSet",
  "id": "vaccine-code",
  "meta": {
    "lastUpdated": "2018-12-13T14:23:07.677-06:00",
    "profile": [
      "http://hl7.org/fhir/StructureDefinition/shareablevalueset"
    ]
  },
  "text": {
    "status": "additional",
    "div": "\u003cdiv xmlns\u003d\"http://www.w3.org/1999/xhtml\"\u003e\n      \u003cp\u003eAround the world, various different coding systems are used for immunizations:\u003c/p\u003e\n      \u003cul\u003e \n        \u003cli\u003eUSA: CVX (\n          \u003ca href\u003d\"http://hl7.org/fhir/sid/cvx\"\u003ehttp://hl7.org/fhir/sid/cvx\u003c/a\u003e)\n        \u003c/li\u003e\n        \u003cli\u003eAustralia: ACIR (\n          \u003ca href\u003d\"http://www.medicareaustralia.gov.au/provider/vendors/files/9560-1301-acir-idi-vaccine-codes.pdf\"\u003eurn:oid:1.2.36.1.2001.1005.17\u003c/a\u003e)\n        \u003c/li\u003e\n      \u003c/ul\u003e\n    \u003c/div\u003e"
  },
  "extension": [
    {
      "url": "http://hl7.org/fhir/StructureDefinition/structuredefinition-wg",
      "valueCode": "pher"
    },
    {
      "url": "http://hl7.org/fhir/StructureDefinition/structuredefinition-standards-status",
      "valueCode": "draft"
    },
    {
      "url": "http://hl7.org/fhir/StructureDefinition/structuredefinition-fmm",
      "valueInteger": 1
    }
  ],
  "url": "http://hl7.org/fhir/ValueSet/vaccine-code",
  "identifier": [
    {
      "system": "urn:ietf:rfc:3986",
      "value": "urn:oid:2.16.840.1.113883.3.88.12.80.22"
    }
  ],
  "version": "3.6.0",
  "name": "VaccineAdministeredValueSet",
  "title": "Vaccine Administered Value Set",
  "status": "active",
  "experimental": true,
  "date": "2018-12-13T14:23:07-06:00",
  "publisher": "HL7 FHIR",
  "contact": [
    {
      "telecom": [
        {
          "system": "url",
          "value": "http://hl7.org/fhir"
        }
      ]
    }
  ],
  "description": "This identifies the vaccine substance administered - CVX codes.",
  "compose": {
    "include": [
      {
        "system": "http://hl7.org/fhir/sid/cvx"
      },
      {
        "system": "urn:oid:1.2.36.1.2001.1005.17"
      }
    ]
  }
}