{
  "resourceType": "CodeSystem",
  "id": "allerg-intol-substance-exp-risk",
  "meta": {
    "lastUpdated": "2019-07-29T11:29:14.002-05:00"
  },
  "text": {
    "status": "generated",
    "div": "\u003cdiv xmlns\u003d\"http://www.w3.org/1999/xhtml\"\u003e\u003ch2\u003eAllergyIntoleranceSubstanceExposureRisk\u003c/h2\u003e\u003cdiv\u003e\u003cp\u003eThe risk of an adverse reaction (allergy or intolerance) for this patient upon exposure to the substance (including pharmaceutical products).\u003c/p\u003e\n\u003c/div\u003e\u003cp\u003eThis code system http://terminology.hl7.org/CodeSystem/allerg-intol-substance-exp-risk defines the following codes:\u003c/p\u003e\u003ctable class\u003d\"codes\"\u003e\u003ctr\u003e\u003ctd style\u003d\"white-space:nowrap\"\u003e\u003cb\u003eCode\u003c/b\u003e\u003c/td\u003e\u003ctd\u003e\u003cb\u003eDisplay\u003c/b\u003e\u003c/td\u003e\u003ctd\u003e\u003cb\u003eDefinition\u003c/b\u003e\u003c/td\u003e\u003c/tr\u003e\u003ctr\u003e\u003ctd style\u003d\"white-space:nowrap\"\u003eknown-reaction-risk\u003ca name\u003d\"allerg-intol-substance-exp-risk-known-reaction-risk\"\u003e \u003c/a\u003e\u003c/td\u003e\u003ctd\u003eKnown Reaction Risk\u003c/td\u003e\u003ctd\u003eKnown risk of allergy or intolerance reaction upon exposure to the specified substance.\u003c/td\u003e\u003c/tr\u003e\u003ctr\u003e\u003ctd style\u003d\"white-space:nowrap\"\u003eno-known-reaction-risk\u003ca name\u003d\"allerg-intol-substance-exp-risk-no-known-reaction-risk\"\u003e \u003c/a\u003e\u003c/td\u003e\u003ctd\u003eNo Known Reaction Risk\u003c/td\u003e\u003ctd\u003eNo known risk of allergy or intolerance reaction upon exposure to the specified substance.\u003c/td\u003e\u003c/tr\u003e\u003c/table\u003e\u003c/div\u003e"
  },
  "url": "http://terminology.hl7.org/CodeSystem/allerg-intol-substance-exp-risk",
  "identifier": [
    {
      "system": "urn:ietf:rfc:3986",
      "value": "urn:oid:2.16.840.1.113883.4.642.1.1275"
    }
  ],
  "version": "4.1.0",
  "name": "AllergyIntoleranceSubstanceExposureRisk",
  "title": "AllergyIntoleranceSubstanceExposureRisk",
  "status": "draft",
  "experimental": false,
  "date": "2019-07-29T11:29:14-05:00",
  "publisher": "HL7 (FHIR Project)",
  "contact": [
    {
      "telecom": [
        {
          "system": "url",
          "value": "http://hl7.org/fhir"
        },
        {
          "system": "email",
          "value": "fhir@lists.hl7.org"
        }
      ]
    }
  ],
  "description": "The risk of an adverse reaction (allergy or intolerance) for this patient upon exposure to the substance (including pharmaceutical products).",
  "caseSensitive": true,
  "valueSet": "http://hl7.org/fhir/ValueSet/allerg-intol-substance-exp-risk",
  "content": "complete",
  "concept": [
    {
      "code": "known-reaction-risk",
      "display": "Known Reaction Risk",
      "definition": "Known risk of allergy or intolerance reaction upon exposure to the specified substance."
    },
    {
      "code": "no-known-reaction-risk",
      "display": "No Known Reaction Risk",
      "definition": "No known risk of allergy or intolerance reaction upon exposure to the specified substance."
    }
  ]
}