{
  "resourceType": "CodeSystem",
  "id": "contract-actorrole",
  "meta": {
    "lastUpdated": "2019-07-29T11:29:14.002-05:00",
    "profile": [
      "http://hl7.org/fhir/StructureDefinition/shareablecodesystem"
    ]
  },
  "text": {
    "status": "generated",
    "div": "\u003cdiv xmlns\u003d\"http://www.w3.org/1999/xhtml\"\u003e\u003ch2\u003eContract Actor Role Codes\u003c/h2\u003e\u003cdiv\u003e\u003cp\u003eThis value set includes sample Contract Actor Role codes.\u003c/p\u003e\n\u003c/div\u003e\u003cp\u003e\u003cb\u003eCopyright Statement:\u003c/b\u003e This is an example set.\u003c/p\u003e\u003cp\u003eThis code system http://terminology.hl7.org/CodeSystem/contractactorrole defines the following codes:\u003c/p\u003e\u003ctable class\u003d\"codes\"\u003e\u003ctr\u003e\u003ctd style\u003d\"white-space:nowrap\"\u003e\u003cb\u003eCode\u003c/b\u003e\u003c/td\u003e\u003ctd\u003e\u003cb\u003eDisplay\u003c/b\u003e\u003c/td\u003e\u003ctd\u003e\u003cb\u003eDefinition\u003c/b\u003e\u003c/td\u003e\u003c/tr\u003e\u003ctr\u003e\u003ctd style\u003d\"white-space:nowrap\"\u003epractitioner\u003ca name\u003d\"contract-actorrole-practitioner\"\u003e \u003c/a\u003e\u003c/td\u003e\u003ctd\u003ePractitioner\u003c/td\u003e\u003ctd\u003eSomeone who provides health care related services to people or animals including both clinical and support services.\u003c/td\u003e\u003c/tr\u003e\u003ctr\u003e\u003ctd style\u003d\"white-space:nowrap\"\u003epatient\u003ca name\u003d\"contract-actorrole-patient\"\u003e \u003c/a\u003e\u003c/td\u003e\u003ctd\u003ePatient\u003c/td\u003e\u003ctd\u003eA receiver, human or animal, of health care related goods and services.\u003c/td\u003e\u003c/tr\u003e\u003c/table\u003e\u003c/div\u003e"
  },
  "extension": [
    {
      "url": "http://hl7.org/fhir/StructureDefinition/structuredefinition-wg",
      "valueCode": "fm"
    },
    {
      "url": "http://hl7.org/fhir/StructureDefinition/structuredefinition-standards-status",
      "valueCode": "draft"
    },
    {
      "url": "http://hl7.org/fhir/StructureDefinition/structuredefinition-fmm",
      "valueInteger": 1
    }
  ],
  "url": "http://terminology.hl7.org/CodeSystem/contractactorrole",
  "identifier": [
    {
      "system": "urn:ietf:rfc:3986",
      "value": "urn:oid:2.16.840.1.113883.4.642.1.1203"
    }
  ],
  "version": "4.1.0",
  "name": "ContractActorRoleCodes",
  "title": "Contract Actor Role Codes",
  "status": "draft",
  "experimental": false,
  "publisher": "CBCC",
  "contact": [
    {
      "telecom": [
        {
          "system": "url",
          "value": "http://hl7.org/fhir"
        }
      ]
    }
  ],
  "description": "This value set includes sample Contract Actor Role codes.",
  "copyright": "This is an example set.",
  "caseSensitive": true,
  "valueSet": "http://hl7.org/fhir/ValueSet/contract-actorrole",
  "content": "complete",
  "concept": [
    {
      "code": "practitioner",
      "display": "Practitioner",
      "definition": "Someone who provides health care related services to people or animals including both clinical and support services."
    },
    {
      "code": "patient",
      "display": "Patient",
      "definition": "A receiver, human or animal, of health care related goods and services."
    }
  ]
}