{
  "resourceType": "CodeSystem",
  "id": "catalogentry-relation-type",
  "meta": {
    "lastUpdated": "2019-04-16T08:42:31.781-05:00"
  },
  "text": {
    "status": "generated",
    "div": "\u003cdiv xmlns\u003d\"http://www.w3.org/1999/xhtml\"\u003e\u003ch2\u003eCatalogEntryRelationType\u003c/h2\u003e\u003cdiv\u003e\u003cp\u003eTypes of relationships between entries.\u003c/p\u003e\n\u003c/div\u003e\u003cp\u003eThis code system http://hl7.org/fhir/catalogentry-relation-type defines the following codes:\u003c/p\u003e\u003ctable class\u003d\"codes\"\u003e\u003ctr\u003e\u003ctd style\u003d\"white-space:nowrap\"\u003e\u003cb\u003eCode\u003c/b\u003e\u003c/td\u003e\u003ctd\u003e\u003cb\u003eDisplay\u003c/b\u003e\u003c/td\u003e\u003ctd\u003e\u003cb\u003eDefinition\u003c/b\u003e\u003c/td\u003e\u003c/tr\u003e\u003ctr\u003e\u003ctd style\u003d\"white-space:nowrap\"\u003etriggers\u003ca name\u003d\"catalogentry-relation-type-triggers\"\u003e \u003c/a\u003e\u003c/td\u003e\u003ctd\u003eTriggers\u003c/td\u003e\u003ctd\u003eDepending on the context, the item of the related catalog entry may be added by the performer.\u003c/td\u003e\u003c/tr\u003e\u003ctr\u003e\u003ctd style\u003d\"white-space:nowrap\"\u003eis-replaced-by\u003ca name\u003d\"catalogentry-relation-type-is-replaced-by\"\u003e \u003c/a\u003e\u003c/td\u003e\u003ctd\u003eIs replaced by\u003c/td\u003e\u003ctd\u003ethe related catalog entry supersedes this one when it is not active.\u003c/td\u003e\u003c/tr\u003e\u003ctr\u003e\u003ctd style\u003d\"white-space:nowrap\"\u003eexcludes\u003ca name\u003d\"catalogentry-relation-type-excludes\"\u003e \u003c/a\u003e\u003c/td\u003e\u003ctd\u003eExcludes\u003c/td\u003e\u003ctd\u003eThe related catalog entry is excluded by this one.\u003c/td\u003e\u003c/tr\u003e\u003ctr\u003e\u003ctd style\u003d\"white-space:nowrap\"\u003eincludes\u003ca name\u003d\"catalogentry-relation-type-includes\"\u003e \u003c/a\u003e\u003c/td\u003e\u003ctd\u003eIncludes\u003c/td\u003e\u003ctd\u003eThe item of the related catalog entry  will be part of the orders containing the current item.\u003c/td\u003e\u003c/tr\u003e\u003c/table\u003e\u003c/div\u003e"
  },
  "extension": [
    {
      "url": "http://hl7.org/fhir/StructureDefinition/structuredefinition-wg",
      "valueCode": "oo"
    },
    {
      "url": "http://hl7.org/fhir/StructureDefinition/structuredefinition-standards-status",
      "valueCode": "trial-use"
    },
    {
      "url": "http://hl7.org/fhir/StructureDefinition/structuredefinition-fmm",
      "valueInteger": 0
    }
  ],
  "url": "http://hl7.org/fhir/catalogentry-relation-type",
  "identifier": [
    {
      "system": "urn:ietf:rfc:3986",
      "value": "urn:oid:2.16.840.1.113883.4.642.1.0"
    }
  ],
  "version": "4.1.0",
  "name": "CatalogEntryRelationType",
  "title": "CatalogEntryRelationType",
  "status": "draft",
  "experimental": false,
  "date": "2019-04-16T08:42:31-05:00",
  "publisher": "HL7 (FHIR Project)",
  "contact": [
    {
      "telecom": [
        {
          "system": "url",
          "value": "http://hl7.org/fhir"
        },
        {
          "system": "email",
          "value": "fhir@lists.hl7.org"
        }
      ]
    }
  ],
  "description": "Types of relationships between entries.",
  "caseSensitive": true,
  "valueSet": "http://hl7.org/fhir/ValueSet/catalogentry-relation-type",
  "content": "complete",
  "concept": [
    {
      "code": "triggers",
      "display": "Triggers",
      "definition": "Depending on the context, the item of the related catalog entry may be added by the performer."
    },
    {
      "code": "is-replaced-by",
      "display": "Is replaced by",
      "definition": "the related catalog entry supersedes this one when it is not active."
    },
    {
      "code": "excludes",
      "display": "Excludes",
      "definition": "The related catalog entry is excluded by this one."
    },
    {
      "code": "includes",
      "display": "Includes",
      "definition": "The item of the related catalog entry  will be part of the orders containing the current item."
    }
  ]
}