{
  "resourceType": "CodeSystem",
  "id": "catalogType",
  "meta": {
    "lastUpdated": "2019-04-16T08:42:31.781-05:00"
  },
  "text": {
    "status": "generated",
    "div": "\u003cdiv xmlns\u003d\"http://www.w3.org/1999/xhtml\"\u003e\u003ch2\u003eCatalogType\u003c/h2\u003e\u003cdiv\u003e\u003cp\u003eThe type of catalog.\u003c/p\u003e\n\u003c/div\u003e\u003cp\u003eThis code system http://terminology.hl7.org/CodeSystem/catalogType defines the following codes:\u003c/p\u003e\u003ctable class\u003d\"codes\"\u003e\u003ctr\u003e\u003ctd style\u003d\"white-space:nowrap\"\u003e\u003cb\u003eCode\u003c/b\u003e\u003c/td\u003e\u003ctd\u003e\u003cb\u003eDisplay\u003c/b\u003e\u003c/td\u003e\u003ctd\u003e\u003cb\u003eDefinition\u003c/b\u003e\u003c/td\u003e\u003c/tr\u003e\u003ctr\u003e\u003ctd style\u003d\"white-space:nowrap\"\u003emedication\u003ca name\u003d\"catalogType-medication\"\u003e \u003c/a\u003e\u003c/td\u003e\u003ctd\u003eMedication Catalog\u003c/td\u003e\u003ctd\u003eMedication Catalog.\u003c/td\u003e\u003c/tr\u003e\u003ctr\u003e\u003ctd style\u003d\"white-space:nowrap\"\u003edevice\u003ca name\u003d\"catalogType-device\"\u003e \u003c/a\u003e\u003c/td\u003e\u003ctd\u003eDevice Catalog\u003c/td\u003e\u003ctd\u003eDevice Catalog.\u003c/td\u003e\u003c/tr\u003e\u003ctr\u003e\u003ctd style\u003d\"white-space:nowrap\"\u003eprotocol\u003ca name\u003d\"catalogType-protocol\"\u003e \u003c/a\u003e\u003c/td\u003e\u003ctd\u003eProtocol List\u003c/td\u003e\u003ctd\u003eProtocol List.\u003c/td\u003e\u003c/tr\u003e\u003c/table\u003e\u003c/div\u003e"
  },
  "url": "http://terminology.hl7.org/CodeSystem/catalogType",
  "identifier": [
    {
      "system": "urn:ietf:rfc:3986",
      "value": "urn:oid:2.16.840.1.113883.4.642.1.1288"
    }
  ],
  "version": "4.1.0",
  "name": "CatalogType",
  "title": "CatalogType",
  "status": "draft",
  "experimental": false,
  "date": "2019-04-16T08:42:31-05:00",
  "publisher": "HL7 (FHIR Project)",
  "contact": [
    {
      "telecom": [
        {
          "system": "url",
          "value": "http://hl7.org/fhir"
        },
        {
          "system": "email",
          "value": "fhir@lists.hl7.org"
        }
      ]
    }
  ],
  "description": "The type of catalog.",
  "caseSensitive": true,
  "valueSet": "http://hl7.org/fhir/ValueSet/catalogType",
  "content": "complete",
  "concept": [
    {
      "code": "medication",
      "display": "Medication Catalog",
      "definition": "Medication Catalog."
    },
    {
      "code": "device",
      "display": "Device Catalog",
      "definition": "Device Catalog."
    },
    {
      "code": "protocol",
      "display": "Protocol List",
      "definition": "Protocol List."
    }
  ]
}