{
  "resourceType": "CodeSystem",
  "id": "diagnosis-role",
  "meta": {
    "lastUpdated": "2019-07-29T11:29:14.002-05:00",
    "profile": [
      "http://hl7.org/fhir/StructureDefinition/shareablecodesystem"
    ]
  },
  "text": {
    "status": "generated",
    "div": "\u003cdiv xmlns\u003d\"http://www.w3.org/1999/xhtml\"\u003e\u003ch2\u003eDiagnosisRole\u003c/h2\u003e\u003cdiv\u003e\u003cp\u003eThis value set defines a set of codes that can be used to express the role of a diagnosis on the Encounter or EpisodeOfCare record.\u003c/p\u003e\n\u003c/div\u003e\u003cp\u003eThis code system http://terminology.hl7.org/CodeSystem/diagnosis-role defines the following codes:\u003c/p\u003e\u003ctable class\u003d\"codes\"\u003e\u003ctr\u003e\u003ctd style\u003d\"white-space:nowrap\"\u003e\u003cb\u003eCode\u003c/b\u003e\u003c/td\u003e\u003ctd\u003e\u003cb\u003eDisplay\u003c/b\u003e\u003c/td\u003e\u003ctd\u003e\u003cb\u003eDefinition\u003c/b\u003e\u003c/td\u003e\u003c/tr\u003e\u003ctr\u003e\u003ctd style\u003d\"white-space:nowrap\"\u003eAD\u003ca name\u003d\"diagnosis-role-AD\"\u003e \u003c/a\u003e\u003c/td\u003e\u003ctd\u003eAdmission diagnosis\u003c/td\u003e\u003ctd/\u003e\u003c/tr\u003e\u003ctr\u003e\u003ctd style\u003d\"white-space:nowrap\"\u003eDD\u003ca name\u003d\"diagnosis-role-DD\"\u003e \u003c/a\u003e\u003c/td\u003e\u003ctd\u003eDischarge diagnosis\u003c/td\u003e\u003ctd/\u003e\u003c/tr\u003e\u003ctr\u003e\u003ctd style\u003d\"white-space:nowrap\"\u003eCC\u003ca name\u003d\"diagnosis-role-CC\"\u003e \u003c/a\u003e\u003c/td\u003e\u003ctd\u003eChief complaint\u003c/td\u003e\u003ctd/\u003e\u003c/tr\u003e\u003ctr\u003e\u003ctd style\u003d\"white-space:nowrap\"\u003eCM\u003ca name\u003d\"diagnosis-role-CM\"\u003e \u003c/a\u003e\u003c/td\u003e\u003ctd\u003eComorbidity diagnosis\u003c/td\u003e\u003ctd/\u003e\u003c/tr\u003e\u003ctr\u003e\u003ctd style\u003d\"white-space:nowrap\"\u003epre-op\u003ca name\u003d\"diagnosis-role-pre-op\"\u003e \u003c/a\u003e\u003c/td\u003e\u003ctd\u003epre-op diagnosis\u003c/td\u003e\u003ctd/\u003e\u003c/tr\u003e\u003ctr\u003e\u003ctd style\u003d\"white-space:nowrap\"\u003epost-op\u003ca name\u003d\"diagnosis-role-post-op\"\u003e \u003c/a\u003e\u003c/td\u003e\u003ctd\u003epost-op diagnosis\u003c/td\u003e\u003ctd/\u003e\u003c/tr\u003e\u003ctr\u003e\u003ctd style\u003d\"white-space:nowrap\"\u003ebilling\u003ca name\u003d\"diagnosis-role-billing\"\u003e \u003c/a\u003e\u003c/td\u003e\u003ctd\u003eBilling\u003c/td\u003e\u003ctd/\u003e\u003c/tr\u003e\u003c/table\u003e\u003c/div\u003e"
  },
  "extension": [
    {
      "url": "http://hl7.org/fhir/StructureDefinition/structuredefinition-wg",
      "valueCode": "pa"
    }
  ],
  "url": "http://terminology.hl7.org/CodeSystem/diagnosis-role",
  "identifier": [
    {
      "system": "urn:ietf:rfc:3986",
      "value": "urn:oid:2.16.840.1.113883.4.642.1.1054"
    }
  ],
  "version": "4.1.0",
  "name": "DiagnosisRole",
  "status": "draft",
  "experimental": false,
  "publisher": "FHIR Project team",
  "contact": [
    {
      "telecom": [
        {
          "system": "url",
          "value": "http://hl7.org/fhir"
        }
      ]
    }
  ],
  "description": "This value set defines a set of codes that can be used to express the role of a diagnosis on the Encounter or EpisodeOfCare record.",
  "caseSensitive": true,
  "valueSet": "http://hl7.org/fhir/ValueSet/diagnosis-role",
  "content": "complete",
  "concept": [
    {
      "code": "AD",
      "display": "Admission diagnosis"
    },
    {
      "code": "DD",
      "display": "Discharge diagnosis"
    },
    {
      "code": "CC",
      "display": "Chief complaint"
    },
    {
      "code": "CM",
      "display": "Comorbidity diagnosis"
    },
    {
      "code": "pre-op",
      "display": "pre-op diagnosis"
    },
    {
      "code": "post-op",
      "display": "post-op diagnosis"
    },
    {
      "code": "billing",
      "display": "Billing"
    }
  ]
}