{
  "resourceType": "CodeSystem",
  "id": "fm-itemtype",
  "meta": {
    "lastUpdated": "2019-08-06T11:02:27.792-05:00",
    "profile": [
      "http://hl7.org/fhir/StructureDefinition/shareablecodesystem"
    ]
  },
  "text": {
    "status": "generated",
    "div": "\u003cdiv xmlns\u003d\"http://www.w3.org/1999/xhtml\"\u003e\u003ch2\u003eClaim Item Type Codes\u003c/h2\u003e\u003cdiv\u003e\u003cp\u003eThis value set includes sample Item Type codes.\u003c/p\u003e\n\u003c/div\u003e\u003cp\u003e\u003cb\u003eCopyright Statement:\u003c/b\u003e This is an example set.\u003c/p\u003e\u003cp\u003eThis code system http://hl7.org/fhir/ex-claimitemtype defines the following codes:\u003c/p\u003e\u003ctable class\u003d\"codes\"\u003e\u003ctr\u003e\u003ctd style\u003d\"white-space:nowrap\"\u003e\u003cb\u003eCode\u003c/b\u003e\u003c/td\u003e\u003ctd\u003e\u003cb\u003eDisplay\u003c/b\u003e\u003c/td\u003e\u003ctd\u003e\u003cb\u003eDefinition\u003c/b\u003e\u003c/td\u003e\u003c/tr\u003e\u003ctr\u003e\u003ctd style\u003d\"white-space:nowrap\"\u003egroup\u003ca name\u003d\"fm-itemtype-group\"\u003e \u003c/a\u003e\u003c/td\u003e\u003ctd\u003eGroup\u003c/td\u003e\u003ctd\u003eA group of products and/or Services, amount ar the summary or detail level products and services.\u003c/td\u003e\u003c/tr\u003e\u003ctr\u003e\u003ctd style\u003d\"white-space:nowrap\"\u003eproduct\u003ca name\u003d\"fm-itemtype-product\"\u003e \u003c/a\u003e\u003c/td\u003e\u003ctd\u003eProduct\u003c/td\u003e\u003ctd\u003eA billed product line item.\u003c/td\u003e\u003c/tr\u003e\u003ctr\u003e\u003ctd style\u003d\"white-space:nowrap\"\u003eservice\u003ca name\u003d\"fm-itemtype-service\"\u003e \u003c/a\u003e\u003c/td\u003e\u003ctd\u003eService\u003c/td\u003e\u003ctd\u003eA billed service line item.\u003c/td\u003e\u003c/tr\u003e\u003c/table\u003e\u003c/div\u003e"
  },
  "url": "http://hl7.org/fhir/ex-claimitemtype",
  "identifier": [
    {
      "system": "urn:ietf:rfc:3986",
      "value": "urn:oid:2.16.840.1.113883.4.642.1.549"
    }
  ],
  "version": "4.1.0",
  "name": "ClaimItemTypeCodes",
  "title": "Claim Item Type Codes",
  "status": "draft",
  "experimental": false,
  "publisher": "Financial Management",
  "contact": [
    {
      "telecom": [
        {
          "system": "url",
          "value": "http://hl7.org/fhir"
        }
      ]
    }
  ],
  "description": "This value set includes sample Item Type codes.",
  "copyright": "This is an example set.",
  "caseSensitive": true,
  "valueSet": "http://hl7.org/fhir/ValueSet/fm-itemtype",
  "content": "complete",
  "concept": [
    {
      "code": "group",
      "display": "Group",
      "definition": "A group of products and/or Services, amount ar the summary or detail level products and services."
    },
    {
      "code": "product",
      "display": "Product",
      "definition": "A billed product line item."
    },
    {
      "code": "service",
      "display": "Service",
      "definition": "A billed service line item."
    }
  ]
}