{
  "resourceType": "CodeSystem",
  "id": "guidance-response-status",
  "meta": {
    "lastUpdated": "2019-08-06T11:02:27.792-05:00"
  },
  "text": {
    "status": "generated",
    "div": "\u003cdiv xmlns\u003d\"http://www.w3.org/1999/xhtml\"\u003e\u003ch2\u003eGuidanceResponseStatus\u003c/h2\u003e\u003cdiv\u003e\u003cp\u003eThe status of a guidance response.\u003c/p\u003e\n\u003c/div\u003e\u003cp\u003eThis code system http://hl7.org/fhir/guidance-response-status defines the following codes:\u003c/p\u003e\u003ctable class\u003d\"codes\"\u003e\u003ctr\u003e\u003ctd style\u003d\"white-space:nowrap\"\u003e\u003cb\u003eCode\u003c/b\u003e\u003c/td\u003e\u003ctd\u003e\u003cb\u003eDisplay\u003c/b\u003e\u003c/td\u003e\u003ctd\u003e\u003cb\u003eDefinition\u003c/b\u003e\u003c/td\u003e\u003c/tr\u003e\u003ctr\u003e\u003ctd style\u003d\"white-space:nowrap\"\u003esuccess\u003ca name\u003d\"guidance-response-status-success\"\u003e \u003c/a\u003e\u003c/td\u003e\u003ctd\u003eSuccess\u003c/td\u003e\u003ctd\u003eThe request was processed successfully.\u003c/td\u003e\u003c/tr\u003e\u003ctr\u003e\u003ctd style\u003d\"white-space:nowrap\"\u003edata-requested\u003ca name\u003d\"guidance-response-status-data-requested\"\u003e \u003c/a\u003e\u003c/td\u003e\u003ctd\u003eData Requested\u003c/td\u003e\u003ctd\u003eThe request was processed successfully, but more data may result in a more complete evaluation.\u003c/td\u003e\u003c/tr\u003e\u003ctr\u003e\u003ctd style\u003d\"white-space:nowrap\"\u003edata-required\u003ca name\u003d\"guidance-response-status-data-required\"\u003e \u003c/a\u003e\u003c/td\u003e\u003ctd\u003eData Required\u003c/td\u003e\u003ctd\u003eThe request was processed, but more data is required to complete the evaluation.\u003c/td\u003e\u003c/tr\u003e\u003ctr\u003e\u003ctd style\u003d\"white-space:nowrap\"\u003ein-progress\u003ca name\u003d\"guidance-response-status-in-progress\"\u003e \u003c/a\u003e\u003c/td\u003e\u003ctd\u003eIn Progress\u003c/td\u003e\u003ctd\u003eThe request is currently being processed.\u003c/td\u003e\u003c/tr\u003e\u003ctr\u003e\u003ctd style\u003d\"white-space:nowrap\"\u003efailure\u003ca name\u003d\"guidance-response-status-failure\"\u003e \u003c/a\u003e\u003c/td\u003e\u003ctd\u003eFailure\u003c/td\u003e\u003ctd\u003eThe request was not processed successfully.\u003c/td\u003e\u003c/tr\u003e\u003ctr\u003e\u003ctd style\u003d\"white-space:nowrap\"\u003eentered-in-error\u003ca name\u003d\"guidance-response-status-entered-in-error\"\u003e \u003c/a\u003e\u003c/td\u003e\u003ctd\u003eEntered In Error\u003c/td\u003e\u003ctd\u003eThe response was entered in error.\u003c/td\u003e\u003c/tr\u003e\u003c/table\u003e\u003c/div\u003e"
  },
  "extension": [
    {
      "url": "http://hl7.org/fhir/StructureDefinition/structuredefinition-wg",
      "valueCode": "cds"
    },
    {
      "url": "http://hl7.org/fhir/StructureDefinition/structuredefinition-standards-status",
      "valueCode": "trial-use"
    },
    {
      "url": "http://hl7.org/fhir/StructureDefinition/structuredefinition-fmm",
      "valueInteger": 2
    }
  ],
  "url": "http://hl7.org/fhir/guidance-response-status",
  "identifier": [
    {
      "system": "urn:ietf:rfc:3986",
      "value": "urn:oid:2.16.840.1.113883.4.642.1.818"
    }
  ],
  "version": "4.1.0",
  "name": "GuidanceResponseStatus",
  "title": "GuidanceResponseStatus",
  "status": "draft",
  "experimental": false,
  "date": "2019-08-06T11:02:27-05:00",
  "publisher": "HL7 (FHIR Project)",
  "contact": [
    {
      "telecom": [
        {
          "system": "url",
          "value": "http://hl7.org/fhir"
        },
        {
          "system": "email",
          "value": "fhir@lists.hl7.org"
        }
      ]
    }
  ],
  "description": "The status of a guidance response.",
  "caseSensitive": true,
  "valueSet": "http://hl7.org/fhir/ValueSet/guidance-response-status",
  "content": "complete",
  "concept": [
    {
      "code": "success",
      "display": "Success",
      "definition": "The request was processed successfully."
    },
    {
      "code": "data-requested",
      "display": "Data Requested",
      "definition": "The request was processed successfully, but more data may result in a more complete evaluation."
    },
    {
      "code": "data-required",
      "display": "Data Required",
      "definition": "The request was processed, but more data is required to complete the evaluation."
    },
    {
      "code": "in-progress",
      "display": "In Progress",
      "definition": "The request is currently being processed."
    },
    {
      "code": "failure",
      "display": "Failure",
      "definition": "The request was not processed successfully."
    },
    {
      "code": "entered-in-error",
      "display": "Entered In Error",
      "definition": "The response was entered in error."
    }
  ]
}