{
  "resourceType": "CodeSystem",
  "id": "compartment-type",
  "meta": {
    "lastUpdated": "2019-08-06T11:02:27.792-05:00"
  },
  "text": {
    "status": "generated",
    "div": "\u003cdiv xmlns\u003d\"http://www.w3.org/1999/xhtml\"\u003e\u003ch2\u003eCompartmentType\u003c/h2\u003e\u003cdiv\u003e\u003cp\u003eWhich type a compartment definition describes.\u003c/p\u003e\n\u003c/div\u003e\u003cp\u003eThis code system http://hl7.org/fhir/compartment-type defines the following codes:\u003c/p\u003e\u003ctable class\u003d\"codes\"\u003e\u003ctr\u003e\u003ctd style\u003d\"white-space:nowrap\"\u003e\u003cb\u003eCode\u003c/b\u003e\u003c/td\u003e\u003ctd\u003e\u003cb\u003eDisplay\u003c/b\u003e\u003c/td\u003e\u003ctd\u003e\u003cb\u003eDefinition\u003c/b\u003e\u003c/td\u003e\u003c/tr\u003e\u003ctr\u003e\u003ctd style\u003d\"white-space:nowrap\"\u003ePatient\u003ca name\u003d\"compartment-type-Patient\"\u003e \u003c/a\u003e\u003c/td\u003e\u003ctd\u003ePatient\u003c/td\u003e\u003ctd\u003eThe compartment definition is for the patient compartment.\u003c/td\u003e\u003c/tr\u003e\u003ctr\u003e\u003ctd style\u003d\"white-space:nowrap\"\u003eEncounter\u003ca name\u003d\"compartment-type-Encounter\"\u003e \u003c/a\u003e\u003c/td\u003e\u003ctd\u003eEncounter\u003c/td\u003e\u003ctd\u003eThe compartment definition is for the encounter compartment.\u003c/td\u003e\u003c/tr\u003e\u003ctr\u003e\u003ctd style\u003d\"white-space:nowrap\"\u003eRelatedPerson\u003ca name\u003d\"compartment-type-RelatedPerson\"\u003e \u003c/a\u003e\u003c/td\u003e\u003ctd\u003eRelatedPerson\u003c/td\u003e\u003ctd\u003eThe compartment definition is for the related-person compartment.\u003c/td\u003e\u003c/tr\u003e\u003ctr\u003e\u003ctd style\u003d\"white-space:nowrap\"\u003ePractitioner\u003ca name\u003d\"compartment-type-Practitioner\"\u003e \u003c/a\u003e\u003c/td\u003e\u003ctd\u003ePractitioner\u003c/td\u003e\u003ctd\u003eThe compartment definition is for the practitioner compartment.\u003c/td\u003e\u003c/tr\u003e\u003ctr\u003e\u003ctd style\u003d\"white-space:nowrap\"\u003eDevice\u003ca name\u003d\"compartment-type-Device\"\u003e \u003c/a\u003e\u003c/td\u003e\u003ctd\u003eDevice\u003c/td\u003e\u003ctd\u003eThe compartment definition is for the device compartment.\u003c/td\u003e\u003c/tr\u003e\u003c/table\u003e\u003c/div\u003e"
  },
  "extension": [
    {
      "url": "http://hl7.org/fhir/StructureDefinition/structuredefinition-wg",
      "valueCode": "fhir"
    },
    {
      "url": "http://hl7.org/fhir/StructureDefinition/structuredefinition-standards-status",
      "valueCode": "trial-use"
    },
    {
      "url": "http://hl7.org/fhir/StructureDefinition/structuredefinition-fmm",
      "valueInteger": 1
    }
  ],
  "url": "http://hl7.org/fhir/compartment-type",
  "identifier": [
    {
      "system": "urn:ietf:rfc:3986",
      "value": "urn:oid:2.16.840.1.113883.4.642.1.787"
    }
  ],
  "version": "4.1.0",
  "name": "CompartmentType",
  "title": "CompartmentType",
  "status": "draft",
  "experimental": false,
  "date": "2019-08-06T11:02:27-05:00",
  "publisher": "HL7 (FHIR Project)",
  "contact": [
    {
      "telecom": [
        {
          "system": "url",
          "value": "http://hl7.org/fhir"
        },
        {
          "system": "email",
          "value": "fhir@lists.hl7.org"
        }
      ]
    }
  ],
  "description": "Which type a compartment definition describes.",
  "caseSensitive": true,
  "valueSet": "http://hl7.org/fhir/ValueSet/compartment-type",
  "content": "complete",
  "concept": [
    {
      "code": "Patient",
      "display": "Patient",
      "definition": "The compartment definition is for the patient compartment."
    },
    {
      "code": "Encounter",
      "display": "Encounter",
      "definition": "The compartment definition is for the encounter compartment."
    },
    {
      "code": "RelatedPerson",
      "display": "RelatedPerson",
      "definition": "The compartment definition is for the related-person compartment."
    },
    {
      "code": "Practitioner",
      "display": "Practitioner",
      "definition": "The compartment definition is for the practitioner compartment."
    },
    {
      "code": "Device",
      "display": "Device",
      "definition": "The compartment definition is for the device compartment."
    }
  ]
}