{
  "resourceType": "CodeSystem",
  "id": "practitioner-role",
  "meta": {
    "lastUpdated": "2019-04-16T08:42:31.781-05:00",
    "profile": [
      "http://hl7.org/fhir/StructureDefinition/shareablecodesystem"
    ]
  },
  "text": {
    "status": "generated",
    "div": "\u003cdiv xmlns\u003d\"http://www.w3.org/1999/xhtml\"\u003e\u003ch2\u003ePractitioner role\u003c/h2\u003e\u003cdiv\u003e\u003cp\u003eThis example value set defines a set of codes that can be used to indicate the role of a Practitioner.\u003c/p\u003e\n\u003c/div\u003e\u003cp\u003e\u003cb\u003eCopyright Statement:\u003c/b\u003e This resource includes content from SNOMED Clinical Terms® (SNOMED CT®) which is copyright of the International Health Terminology Standards Development Organisation (IHTSDO). Implementers of these specifications must have the appropriate SNOMED CT Affiliate license - for more information contact http://www.snomed.org/snomed-ct/get-snomed-ct or info@snomed.org\u003c/p\u003e\u003cp\u003eThis code system http://terminology.hl7.org/CodeSystem/practitioner-role defines the following codes:\u003c/p\u003e\u003ctable class\u003d\"codes\"\u003e\u003ctr\u003e\u003ctd style\u003d\"white-space:nowrap\"\u003e\u003cb\u003eCode\u003c/b\u003e\u003c/td\u003e\u003ctd\u003e\u003cb\u003eDisplay\u003c/b\u003e\u003c/td\u003e\u003ctd\u003e\u003cb\u003eDefinition\u003c/b\u003e\u003c/td\u003e\u003c/tr\u003e\u003ctr\u003e\u003ctd style\u003d\"white-space:nowrap\"\u003edoctor\u003ca name\u003d\"practitioner-role-doctor\"\u003e \u003c/a\u003e\u003c/td\u003e\u003ctd\u003eDoctor\u003c/td\u003e\u003ctd\u003eA qualified/registered medical practitioner\u003c/td\u003e\u003c/tr\u003e\u003ctr\u003e\u003ctd style\u003d\"white-space:nowrap\"\u003enurse\u003ca name\u003d\"practitioner-role-nurse\"\u003e \u003c/a\u003e\u003c/td\u003e\u003ctd\u003eNurse\u003c/td\u003e\u003ctd\u003eA practitioner with nursing experience that may be qualified/registered\u003c/td\u003e\u003c/tr\u003e\u003ctr\u003e\u003ctd style\u003d\"white-space:nowrap\"\u003epharmacist\u003ca name\u003d\"practitioner-role-pharmacist\"\u003e \u003c/a\u003e\u003c/td\u003e\u003ctd\u003ePharmacist\u003c/td\u003e\u003ctd\u003eA qualified/registered/licensed pharmacist\u003c/td\u003e\u003c/tr\u003e\u003ctr\u003e\u003ctd style\u003d\"white-space:nowrap\"\u003eresearcher\u003ca name\u003d\"practitioner-role-researcher\"\u003e \u003c/a\u003e\u003c/td\u003e\u003ctd\u003eResearcher\u003c/td\u003e\u003ctd\u003eA practitioner that may perform research\u003c/td\u003e\u003c/tr\u003e\u003ctr\u003e\u003ctd style\u003d\"white-space:nowrap\"\u003eteacher\u003ca name\u003d\"practitioner-role-teacher\"\u003e \u003c/a\u003e\u003c/td\u003e\u003ctd\u003eTeacher/educator\u003c/td\u003e\u003ctd\u003eSomeone who is able to provide educational services\u003c/td\u003e\u003c/tr\u003e\u003ctr\u003e\u003ctd style\u003d\"white-space:nowrap\"\u003eict\u003ca name\u003d\"practitioner-role-ict\"\u003e \u003c/a\u003e\u003c/td\u003e\u003ctd\u003eICT professional\u003c/td\u003e\u003ctd\u003eSomeone who is qualified in Information and Communication Technologies\u003c/td\u003e\u003c/tr\u003e\u003c/table\u003e\u003c/div\u003e"
  },
  "extension": [
    {
      "url": "http://hl7.org/fhir/StructureDefinition/structuredefinition-wg",
      "valueCode": "pa"
    },
    {
      "url": "http://hl7.org/fhir/StructureDefinition/structuredefinition-standards-status",
      "valueCode": "draft"
    },
    {
      "url": "http://hl7.org/fhir/StructureDefinition/structuredefinition-fmm",
      "valueInteger": 1
    }
  ],
  "url": "http://terminology.hl7.org/CodeSystem/practitioner-role",
  "identifier": [
    {
      "system": "urn:ietf:rfc:3986",
      "value": "urn:oid:2.16.840.1.113883.4.642.1.1132"
    }
  ],
  "version": "4.1.0",
  "name": "PractitionerRole",
  "title": "Practitioner role",
  "status": "draft",
  "experimental": false,
  "publisher": "FHIR Project team",
  "contact": [
    {
      "telecom": [
        {
          "system": "url",
          "value": "http://hl7.org/fhir"
        }
      ]
    }
  ],
  "description": "This example value set defines a set of codes that can be used to indicate the role of a Practitioner.",
  "copyright": "This resource includes content from SNOMED Clinical Terms® (SNOMED CT®) which is copyright of the International Health Terminology Standards Development Organisation (IHTSDO). Implementers of these specifications must have the appropriate SNOMED CT Affiliate license - for more information contact http://www.snomed.org/snomed-ct/get-snomed-ct or info@snomed.org",
  "caseSensitive": true,
  "content": "complete",
  "concept": [
    {
      "code": "doctor",
      "display": "Doctor",
      "definition": "A qualified/registered medical practitioner"
    },
    {
      "code": "nurse",
      "display": "Nurse",
      "definition": "A practitioner with nursing experience that may be qualified/registered"
    },
    {
      "code": "pharmacist",
      "display": "Pharmacist",
      "definition": "A qualified/registered/licensed pharmacist"
    },
    {
      "code": "researcher",
      "display": "Researcher",
      "definition": "A practitioner that may perform research"
    },
    {
      "code": "teacher",
      "display": "Teacher/educator",
      "definition": "Someone who is able to provide educational services"
    },
    {
      "code": "ict",
      "display": "ICT professional",
      "definition": "Someone who is qualified in Information and Communication Technologies"
    }
  ]
}