{
  "resourceType": "MedicationUsage",
  "id": "example007",
  "text": {
    "status": "generated",
    "div": "\u003cdiv xmlns\u003d\"http://www.w3.org/1999/xhtml\"\u003e\u003cp\u003e\u003cb\u003eGenerated Narrative with Details\u003c/b\u003e\u003c/p\u003e\u003cp\u003e\u003cb\u003eid\u003c/b\u003e: example007\u003c/p\u003e\u003cp\u003e\u003cb\u003econtained\u003c/b\u003e: \u003c/p\u003e\u003cp\u003e\u003cb\u003estatus\u003c/b\u003e: active\u003c/p\u003e\u003cp\u003e\u003cb\u003emedication\u003c/b\u003e: id: med0315; Mometasone Furoate 0.05mg/Actuat \u003cspan\u003e(Details : {RxNorm code \u0027358793\u0027 \u003d \u0027mometasone furoate 0.05 MG/ACTUAT\u0027, given as \u0027Mometasone Furoate 0.05mg/Actuat\u0027})\u003c/span\u003e; Nasal Spray \u003cspan\u003e(Details : {SNOMED CT code \u0027385157007\u0027 \u003d \u0027Nasal spray\u0027, given as \u0027Nasal Spray\u0027})\u003c/span\u003e\u003c/p\u003e\u003cp\u003e\u003cb\u003esubject\u003c/b\u003e: \u003ca\u003eDonald Duck\u003c/a\u003e\u003c/p\u003e\u003cp\u003e\u003cb\u003einformationSource\u003c/b\u003e: \u003ca\u003eDonald Duck\u003c/a\u003e\u003c/p\u003e\u003cp\u003e\u003cb\u003enote\u003c/b\u003e: patient plans to start using for seasonal allergies in the Spring when pollen is in the air\u003c/p\u003e\u003c/div\u003e"
  },
  "contained": [
    {
      "resourceType": "Medication",
      "id": "med0315",
      "code": {
        "coding": [
          {
            "system": "http://www.nlm.nih.gov/research/umls/rxnorm",
            "code": "358793",
            "display": "Mometasone Furoate 0.05mg/Actuat"
          }
        ]
      },
      "doseForm": {
        "coding": [
          {
            "system": "http://snomed.info/sct",
            "code": "385157007",
            "display": "Nasal Spray"
          }
        ]
      }
    }
  ],
  "status": "active",
  "medicationReference": {
    "reference": "#med0315"
  },
  "subject": {
    "reference": "Patient/pat1",
    "display": "Donald Duck"
  },
  "informationSource": {
    "reference": "Patient/pat1",
    "display": "Donald Duck"
  },
  "note": [
    {
      "text": "patient plans to start using for seasonal allergies in the Spring when pollen is in the air"
    }
  ],
  "meta": {
    "tag": [
      {
        "system": "http://terminology.hl7.org/CodeSystem/v3-ActReason",
        "code": "HTEST",
        "display": "test health data"
      }
    ]
  }
}