{
  "resourceType": "MedicationDispense",
  "id": "meddisp0317",
  "text": {
    "status": "generated",
    "div": "\u003cdiv xmlns\u003d\"http://www.w3.org/1999/xhtml\"\u003e\u003cp\u003e\u003cb\u003eGenerated Narrative with Details\u003c/b\u003e\u003c/p\u003e\u003cp\u003e\u003cb\u003eid\u003c/b\u003e: meddisp0317\u003c/p\u003e\u003cp\u003e\u003cb\u003econtained\u003c/b\u003e: \u003c/p\u003e\u003cp\u003e\u003cb\u003estatus\u003c/b\u003e: stopped\u003c/p\u003e\u003cp\u003e\u003cb\u003emedication\u003c/b\u003e: Brentixumab Vedotin (Adcetris). Generated Summary: id: med0306; Adcetris (Brentuximab Vedotin 50mg/10.5ml) \u003cspan\u003e(Details : {http://hl7.org/fhir/sid/ndc code \u002751144-050-01\u0027 \u003d \u00271 VIAL, SINGLE-DOSE in 1 BOX (51144-050-01)  \u0026gt; 10.5 mL in 1 VIAL, SINGLE-DOSE\u0027, given as \u0027Adcetris (Brentuximab Vedotin 50mg/10.5ml)\u0027})\u003c/span\u003e; Lyophilized powder for injectable solution (qualifier value)  \u003cspan\u003e(Details : {SNOMED CT code \u0027421637006\u0027 \u003d \u0027Lyophilised powder for injectable solution\u0027, given as \u0027Lyophilized powder for injectable solution (qualifier value) \u0027})\u003c/span\u003e\u003c/p\u003e\u003cp\u003e\u003cb\u003esubject\u003c/b\u003e: \u003ca\u003eDonald Duck \u003c/a\u003e\u003c/p\u003e\u003ch3\u003ePerformers\u003c/h3\u003e\u003ctable\u003e\u003ctr\u003e\u003ctd\u003e-\u003c/td\u003e\u003ctd\u003e\u003cb\u003eActor\u003c/b\u003e\u003c/td\u003e\u003c/tr\u003e\u003ctr\u003e\u003ctd\u003e*\u003c/td\u003e\u003ctd\u003e\u003ca\u003ePractitioner/f006\u003c/a\u003e\u003c/td\u003e\u003c/tr\u003e\u003c/table\u003e\u003cp\u003e\u003cb\u003eauthorizingPrescription\u003c/b\u003e: \u003ca\u003eMedicationRequest/medrx0316\u003c/a\u003e\u003c/p\u003e\u003cp\u003e\u003cb\u003etype\u003c/b\u003e: Trial Fill \u003cspan\u003e(Details : {http://terminology.hl7.org/CodeSystem/v3-ActCode code \u0027TF\u0027 \u003d \u0027Trial Fill\u0027, given as \u0027Trial Fill\u0027})\u003c/span\u003e\u003c/p\u003e\u003cp\u003e\u003cb\u003equantity\u003c/b\u003e: 3 415818005\u003cspan\u003e (Details: SNOMED CT code 415818005 \u003d \u0027415818005\u0027)\u003c/span\u003e\u003c/p\u003e\u003cp\u003e\u003cb\u003edaysSupply\u003c/b\u003e: 1 Day\u003cspan\u003e (Details: UCUM code d \u003d \u0027d\u0027)\u003c/span\u003e\u003c/p\u003e\u003cp\u003e\u003cb\u003ewhenPrepared\u003c/b\u003e: Jun 25, 2015, 7:13:00 AM\u003c/p\u003e\u003cp\u003e\u003cb\u003ewhenHandedOver\u003c/b\u003e: Jun 26, 2015, 7:13:00 AM\u003c/p\u003e\u003cp\u003e\u003cb\u003edosageInstruction\u003c/b\u003e: \u003c/p\u003e\u003c/div\u003e"
  },
  "contained": [
    {
      "resourceType": "Medication",
      "id": "med0306",
      "code": {
        "coding": [
          {
            "system": "http://hl7.org/fhir/sid/ndc",
            "code": "51144-050-01",
            "display": "Adcetris (Brentuximab Vedotin 50mg/10.5ml)"
          }
        ]
      },
      "manufacturer": {
        "reference": "Organization/mmanu"
      },
      "form": {
        "coding": [
          {
            "system": "http://snomed.info/sct",
            "code": "421637006",
            "display": "Lyophilized powder for injectable solution (qualifier value) "
          }
        ]
      }
    }
  ],
  "status": "stopped",
  "medicationReference": {
    "reference": "#med0306",
    "display": "Brentixumab Vedotin (Adcetris)"
  },
  "subject": {
    "reference": "Patient/pat1",
    "display": "Donald Duck "
  },
  "performer": [
    {
      "actor": {
        "reference": "Practitioner/f006"
      }
    }
  ],
  "authorizingPrescription": [
    {
      "reference": "MedicationRequest/medrx0316"
    }
  ],
  "type": {
    "coding": [
      {
        "system": "http://terminology.hl7.org/CodeSystem/v3-ActCode",
        "code": "TF",
        "display": "Trial Fill"
      }
    ]
  },
  "quantity": {
    "value": 3,
    "system": "http://snomed.info/sct",
    "code": "415818005"
  },
  "daysSupply": {
    "value": 1,
    "unit": "Day",
    "system": "http://unitsofmeasure.org",
    "code": "d"
  },
  "whenPrepared": "2015-06-25T07:13:00+05:00",
  "whenHandedOver": "2015-06-26T07:13:00+05:00",
  "dosageInstruction": [
    {
      "sequence": 1,
      "text": "1.8 mg/kg IV infusion over 30 minutes every 3 weeks for 16 cycles",
      "timing": {
        "repeat": {
          "count": 16,
          "frequency": 1,
          "period": 3,
          "periodUnit": "wk"
        }
      },
      "route": {
        "coding": [
          {
            "system": "http://snomed.info/sct",
            "code": "255560000",
            "display": "Intravenous"
          }
        ]
      },
      "doseAndRate": [
        {
          "type": {
            "coding": [
              {
                "system": "http://terminology.hl7.org/CodeSystem/dose-rate-type",
                "code": "ordered",
                "display": "Ordered"
              }
            ]
          },
          "doseQuantity": {
            "value": 1.8,
            "unit": "mg/kg",
            "system": "http://unitsofmeasure.org",
            "code": "mg/kg"
          }
        }
      ]
    }
  ],
  "meta": {
    "tag": [
      {
        "system": "http://terminology.hl7.org/CodeSystem/v3-ActReason",
        "code": "HTEST",
        "display": "test health data"
      }
    ]
  }
}