{
  "resourceType": "OperationDefinition",
  "id": "SpecimenDefinition-apply",
  "text": {
    "status": "generated",
    "div": "\u003cdiv xmlns\u003d\"http://www.w3.org/1999/xhtml\"\u003e\u003ch2\u003eApply\u003c/h2\u003e\u003cp\u003eOPERATION: Apply\u003c/p\u003e\u003cp\u003eThe official URL for this operation definition is: \u003c/p\u003e\u003cpre\u003ehttp://hl7.org/fhir/OperationDefinition/SpecimenDefinition-apply\u003c/pre\u003e\u003cdiv\u003e\u003cp\u003eThe apply operation applies a SpecimenDefinition in a given context to create a Specimen resource instance\u003c/p\u003e\n\u003c/div\u003e\u003cp\u003eURL: [base]/SpecimenDefinition/$apply\u003c/p\u003e\u003cp\u003eURL: [base]/SpecimenDefinition/[id]/$apply\u003c/p\u003e\u003cp\u003eParameters\u003c/p\u003e\u003ctable class\u003d\"grid\"\u003e\u003ctr\u003e\u003ctd\u003e\u003cb\u003eUse\u003c/b\u003e\u003c/td\u003e\u003ctd\u003e\u003cb\u003eName\u003c/b\u003e\u003c/td\u003e\u003ctd\u003e\u003cb\u003eCardinality\u003c/b\u003e\u003c/td\u003e\u003ctd\u003e\u003cb\u003eType\u003c/b\u003e\u003c/td\u003e\u003ctd\u003e\u003cb\u003eBinding\u003c/b\u003e\u003c/td\u003e\u003ctd\u003e\u003cb\u003eDocumentation\u003c/b\u003e\u003c/td\u003e\u003c/tr\u003e\u003ctr\u003e\u003ctd\u003eIN\u003c/td\u003e\u003ctd\u003especimenDefinition\u003c/td\u003e\u003ctd\u003e0..1\u003c/td\u003e\u003ctd\u003e\u003ca href\u003d\"specimendefinition.html\"\u003eSpecimenDefinition\u003c/a\u003e\u003c/td\u003e\u003ctd/\u003e\u003ctd\u003e\u003cdiv\u003e\u003cp\u003eThe specimen definition to be applied. If the operation is invoked at the instance level, this parameter is not allowed; if the operation is invoked at the type level, this parameter is required\u003c/p\u003e\n\u003c/div\u003e\u003c/td\u003e\u003c/tr\u003e\u003ctr\u003e\u003ctd\u003eIN\u003c/td\u003e\u003ctd\u003esubject\u003c/td\u003e\u003ctd\u003e1..*\u003c/td\u003e\u003ctd\u003e\u003ca href\u003d\"datatypes.html#string\"\u003estring\u003c/a\u003e\u003cbr/\u003e(\u003ca href\u003d\"search.html#reference\"\u003ereference\u003c/a\u003e)\u003c/td\u003e\u003ctd/\u003e\u003ctd\u003e\u003cdiv\u003e\u003cp\u003eThe subject(s) that is/are the target of the Specimen instance to be created. The subject may be a Patient, Group, Device, Substance or Location. Subjects provided in this parameter will be resolved as the subject of the Specimen based on the type of the subject. If multiple subjects of the same type are provided, the behavior is implementation-defined\u003c/p\u003e\n\u003c/div\u003e\u003c/td\u003e\u003c/tr\u003e\u003ctr\u003e\u003ctd\u003eIN\u003c/td\u003e\u003ctd\u003ecollector\u003c/td\u003e\u003ctd\u003e0..1\u003c/td\u003e\u003ctd\u003e\u003ca href\u003d\"datatypes.html#string\"\u003estring\u003c/a\u003e\u003cbr/\u003e(\u003ca href\u003d\"search.html#reference\"\u003ereference\u003c/a\u003e)\u003c/td\u003e\u003ctd/\u003e\u003ctd\u003e\u003cdiv\u003e\u003cp\u003eThe practitioner (or practitioner role) that is collecting the specimen\u003c/p\u003e\n\u003c/div\u003e\u003c/td\u003e\u003c/tr\u003e\u003ctr\u003e\u003ctd\u003eIN\u003c/td\u003e\u003ctd\u003euserType\u003c/td\u003e\u003ctd\u003e0..1\u003c/td\u003e\u003ctd\u003e\u003ca href\u003d\"datatypes.html#CodeableConcept\"\u003eCodeableConcept\u003c/a\u003e\u003c/td\u003e\u003ctd/\u003e\u003ctd\u003e\u003cdiv\u003e\u003cp\u003eThe type of user initiating the request, e.g. patient, healthcare provider, or specific type of healthcare provider (physician, nurse, etc.)\u003c/p\u003e\n\u003c/div\u003e\u003c/td\u003e\u003c/tr\u003e\u003ctr\u003e\u003ctd\u003eIN\u003c/td\u003e\u003ctd\u003euserLanguage\u003c/td\u003e\u003ctd\u003e0..1\u003c/td\u003e\u003ctd\u003e\u003ca href\u003d\"datatypes.html#CodeableConcept\"\u003eCodeableConcept\u003c/a\u003e\u003c/td\u003e\u003ctd/\u003e\u003ctd\u003e\u003cdiv\u003e\u003cp\u003ePreferred language of the person using the system\u003c/p\u003e\n\u003c/div\u003e\u003c/td\u003e\u003c/tr\u003e\u003ctr\u003e\u003ctd\u003eIN\u003c/td\u003e\u003ctd\u003euserTaskContext\u003c/td\u003e\u003ctd\u003e0..1\u003c/td\u003e\u003ctd\u003e\u003ca href\u003d\"datatypes.html#CodeableConcept\"\u003eCodeableConcept\u003c/a\u003e\u003c/td\u003e\u003ctd/\u003e\u003ctd\u003e\u003cdiv\u003e\u003cp\u003eThe task the system user is performing, e.g. laboratory results review, medication list review, etc. This information can be used to tailor decision support outputs, such as recommended information resources\u003c/p\u003e\n\u003c/div\u003e\u003c/td\u003e\u003c/tr\u003e\u003ctr\u003e\u003ctd\u003eIN\u003c/td\u003e\u003ctd\u003esetting\u003c/td\u003e\u003ctd\u003e0..1\u003c/td\u003e\u003ctd\u003e\u003ca href\u003d\"datatypes.html#CodeableConcept\"\u003eCodeableConcept\u003c/a\u003e\u003c/td\u003e\u003ctd/\u003e\u003ctd\u003e\u003cdiv\u003e\u003cp\u003eThe current setting of the request (inpatient, outpatient, etc.)\u003c/p\u003e\n\u003c/div\u003e\u003c/td\u003e\u003c/tr\u003e\u003ctr\u003e\u003ctd\u003eIN\u003c/td\u003e\u003ctd\u003esettingContext\u003c/td\u003e\u003ctd\u003e0..1\u003c/td\u003e\u003ctd\u003e\u003ca href\u003d\"datatypes.html#CodeableConcept\"\u003eCodeableConcept\u003c/a\u003e\u003c/td\u003e\u003ctd/\u003e\u003ctd\u003e\u003cdiv\u003e\u003cp\u003eAdditional detail about the setting of the request, if any\u003c/p\u003e\n\u003c/div\u003e\u003c/td\u003e\u003c/tr\u003e\u003ctr\u003e\u003ctd\u003eOUT\u003c/td\u003e\u003ctd\u003ereturn\u003c/td\u003e\u003ctd\u003e1..1\u003c/td\u003e\u003ctd\u003e\u003ca href\u003d\"specimen.html\"\u003eSpecimen\u003c/a\u003e\u003c/td\u003e\u003ctd/\u003e\u003ctd\u003e\u003cdiv\u003e\u003cp\u003eThe Specimen resource that is the result of applying the specimen definition\u003c/p\u003e\n\u003c/div\u003e\u003c/td\u003e\u003c/tr\u003e\u003c/table\u003e\u003cdiv\u003e\u003cp\u003eThe result of this operation is a Specimen resource based on the definition of the specimen as described in the SpecimenDefinition resource and the supplied parameters.\u003c/p\u003e\n\u003c/div\u003e\u003c/div\u003e"
  },
  "extension": [
    {
      "url": "http://hl7.org/fhir/StructureDefinition/structuredefinition-fmm",
      "valueInteger": 0
    },
    {
      "url": "http://hl7.org/fhir/StructureDefinition/structuredefinition-standards-status",
      "valueCode": "trial-use"
    }
  ],
  "url": "http://hl7.org/fhir/OperationDefinition/SpecimenDefinition-apply",
  "version": "4.1.0",
  "name": "Apply",
  "status": "draft",
  "kind": "operation",
  "date": "2019-08-06T11:02:27-05:00",
  "publisher": "HL7 (FHIR Project)",
  "contact": [
    {
      "telecom": [
        {
          "system": "url",
          "value": "http://hl7.org/fhir"
        },
        {
          "system": "email",
          "value": "fhir@lists.hl7.org"
        }
      ]
    }
  ],
  "description": "The apply operation applies a SpecimenDefinition in a given context to create a Specimen resource instance",
  "code": "apply",
  "comment": "The result of this operation is a Specimen resource based on the definition of the specimen as described in the SpecimenDefinition resource and the supplied parameters.",
  "resource": [
    "SpecimenDefinition"
  ],
  "system": false,
  "type": true,
  "instance": true,
  "parameter": [
    {
      "name": "specimenDefinition",
      "use": "in",
      "min": 0,
      "max": "1",
      "documentation": "The specimen definition to be applied. If the operation is invoked at the instance level, this parameter is not allowed; if the operation is invoked at the type level, this parameter is required",
      "type": "SpecimenDefinition"
    },
    {
      "name": "subject",
      "use": "in",
      "min": 1,
      "max": "*",
      "documentation": "The subject(s) that is/are the target of the Specimen instance to be created. The subject may be a Patient, Group, Device, Substance or Location. Subjects provided in this parameter will be resolved as the subject of the Specimen based on the type of the subject. If multiple subjects of the same type are provided, the behavior is implementation-defined",
      "type": "string",
      "searchType": "reference"
    },
    {
      "name": "collector",
      "use": "in",
      "min": 0,
      "max": "1",
      "documentation": "The practitioner (or practitioner role) that is collecting the specimen",
      "type": "string",
      "searchType": "reference"
    },
    {
      "name": "userType",
      "use": "in",
      "min": 0,
      "max": "1",
      "documentation": "The type of user initiating the request, e.g. patient, healthcare provider, or specific type of healthcare provider (physician, nurse, etc.)",
      "type": "CodeableConcept"
    },
    {
      "name": "userLanguage",
      "use": "in",
      "min": 0,
      "max": "1",
      "documentation": "Preferred language of the person using the system",
      "type": "CodeableConcept"
    },
    {
      "name": "userTaskContext",
      "use": "in",
      "min": 0,
      "max": "1",
      "documentation": "The task the system user is performing, e.g. laboratory results review, medication list review, etc. This information can be used to tailor decision support outputs, such as recommended information resources",
      "type": "CodeableConcept"
    },
    {
      "name": "setting",
      "use": "in",
      "min": 0,
      "max": "1",
      "documentation": "The current setting of the request (inpatient, outpatient, etc.)",
      "type": "CodeableConcept"
    },
    {
      "name": "settingContext",
      "use": "in",
      "min": 0,
      "max": "1",
      "documentation": "Additional detail about the setting of the request, if any",
      "type": "CodeableConcept"
    },
    {
      "name": "return",
      "use": "out",
      "min": 1,
      "max": "1",
      "documentation": "The Specimen resource that is the result of applying the specimen definition",
      "type": "Specimen"
    }
  ]
}