{
  "resourceType": "StructureDefinition",
  "id": "ParticipantContactable",
  "text": {
    "status": "generated",
    "div": "\u003cdiv xmlns\u003d\"http://www.w3.org/1999/xhtml\"\u003eto do\u003c/div\u003e"
  },
  "extension": [
    {
      "url": "http://hl7.org/fhir/StructureDefinition/structuredefinition-standards-status",
      "valueCode": "informative"
    }
  ],
  "url": "http://hl7.org/fhir/StructureDefinition/ParticipantContactable",
  "version": "4.1.0",
  "name": "ParticipantContactable",
  "title": "participantcontactable",
  "status": "draft",
  "date": "2019-07-29T11:29:14-05:00",
  "publisher": "Health Level Seven International fhir",
  "contact": [
    {
      "telecom": [
        {
          "system": "url",
          "value": "http://hl7.org/fhir"
        }
      ]
    }
  ],
  "description": "Logical Model: A pattern followed by resources that represent a participant that can be contacted.",
  "fhirVersion": "4.1.0",
  "mapping": [
    {
      "identity": "rim",
      "uri": "http://hl7.org/v3",
      "name": "RIM Mapping"
    }
  ],
  "kind": "logical",
  "abstract": false,
  "snapshot": {
    "element": [
      {
        "id": "ParticipantContactable",
        "path": "ParticipantContactable",
        "short": "Contactable Participant Pattern",
        "definition": "A pattern followed by resources that represent a participant that can be contacted.",
        "min": 0,
        "max": "*",
        "base": {
          "path": "ParticipantContactable",
          "min": 0,
          "max": "*"
        },
        "isModifier": false,
        "isSummary": false,
        "mapping": [
          {
            "identity": "rim",
            "map": "Role"
          }
        ]
      },
      {
        "id": "ParticipantContactable.telecom",
        "path": "ParticipantContactable.telecom",
        "short": "A contact detail for the participant",
        "definition": "A contact detail (e.g. a telephone number or an email address) by which the participant may be contacted.",
        "requirements": "Participants have (primary) ways to contact them in some way such as phone, email.",
        "min": 0,
        "max": "*",
        "base": {
          "path": "ParticipantContactable.telecom",
          "min": 0,
          "max": "*"
        },
        "type": [
          {
            "code": "ContactPoint"
          }
        ],
        "isModifier": false,
        "isSummary": true,
        "mapping": [
          {
            "identity": "rim",
            "map": ".identifier"
          }
        ]
      },
      {
        "id": "ParticipantContactable.active",
        "path": "ParticipantContactable.active",
        "short": "An address for the individual",
        "definition": "An address for the participant.",
        "requirements": "May need to keep track of participant addresses for contacting, billing or reporting requirements and also to help with identification.",
        "min": 0,
        "max": "*",
        "base": {
          "path": "ParticipantContactable.active",
          "min": 0,
          "max": "*"
        },
        "type": [
          {
            "code": "Address"
          }
        ],
        "isModifier": false,
        "isSummary": true,
        "mapping": [
          {
            "identity": "rim",
            "map": ".status"
          }
        ]
      }
    ]
  }
}