{
  "resourceType": "ConceptMap",
  "id": "sc-research-subject-status",
  "text": {
    "status": "generated",
    "div": "\u003cdiv xmlns\u003d\"http://www.w3.org/1999/xhtml\"\u003e\u003ch2\u003eResearchSubjectStatusCanonicalMap (http://hl7.org/fhir/ConceptMap/sc-research-subject-status)\u003c/h2\u003e\u003cp\u003eMapping from \u003ca href\u003d\"valueset-research-subject-status.html\"\u003ehttp://hl7.org/fhir/ValueSet/research-subject-status\u003c/a\u003e to \u003ca href\u003d\"valueset-resource-status.html\"\u003ehttp://hl7.org/fhir/ValueSet/resource-status\u003c/a\u003e\u003c/p\u003e\u003cp\u003eDRAFT. Published on Jul 29, 2019, 11:29:14 AM by HL7 (FHIR Project) (\u003ca href\u003d\"http://hl7.org/fhir\"\u003ehttp://hl7.org/fhir\u003c/a\u003e, \u003ca href\u003d\"mailto:fhir@lists.hl7.org\"\u003efhir@lists.hl7.org\u003c/a\u003e). \u003c/p\u003e\u003cdiv\u003e\u003cp\u003eCanonical Mapping for \u0026quot;Indicates the progression of a study subject through a study.\u0026quot;\u003c/p\u003e\n\u003c/div\u003e\u003cbr/\u003e\u003ctable class\u003d\"grid\"\u003e\u003ctr\u003e\u003ctd\u003e\u003cb\u003eSource Code\u003c/b\u003e\u003c/td\u003e\u003ctd\u003e\u003cb\u003eEquivalence\u003c/b\u003e\u003c/td\u003e\u003ctd\u003e\u003cb\u003eDestination Code\u003c/b\u003e\u003c/td\u003e\u003c/tr\u003e\u003ctr\u003e\u003ctd\u003ecandidate, screening, eligible, potential-candidate\u003c/td\u003e\u003ctd\u003eequivalent\u003c/td\u003e\u003ctd\u003edraft\u003c/td\u003e\u003c/tr\u003e\u003ctr\u003e\u003ctd\u003eineligible\u003c/td\u003e\u003ctd\u003eequivalent\u003c/td\u003e\u003ctd\u003edeclined\u003c/td\u003e\u003c/tr\u003e\u003ctr\u003e\u003ctd\u003eon-study, on-study-intervention, on-study-observation\u003c/td\u003e\u003ctd\u003eequivalent\u003c/td\u003e\u003ctd\u003eactive\u003c/td\u003e\u003c/tr\u003e\u003ctr\u003e\u003ctd\u003epending-on-study\u003c/td\u003e\u003ctd\u003eequivalent\u003c/td\u003e\u003ctd\u003esuspended\u003c/td\u003e\u003c/tr\u003e\u003ctr\u003e\u003ctd\u003ewithdrawn\u003c/td\u003e\u003ctd\u003eequivalent\u003c/td\u003e\u003ctd\u003efailed\u003c/td\u003e\u003c/tr\u003e\u003ctr\u003e\u003ctd\u003efollow-up\u003c/td\u003e\u003ctd\u003eequivalent\u003c/td\u003e\u003ctd\u003ereplaced\u003c/td\u003e\u003c/tr\u003e\u003ctr\u003e\u003ctd\u003eoff-study\u003c/td\u003e\u003ctd\u003eequivalent\u003c/td\u003e\u003ctd\u003ecomplete\u003c/td\u003e\u003c/tr\u003e\u003ctr\u003e\u003ctd\u003enot-registered\u003c/td\u003e\u003ctd\u003eequivalent\u003c/td\u003e\u003ctd\u003eabandoned\u003c/td\u003e\u003c/tr\u003e\u003c/table\u003e\u003c/div\u003e"
  },
  "url": "http://hl7.org/fhir/ConceptMap/sc-research-subject-status",
  "version": "4.1.0",
  "name": "ResearchSubjectStatusCanonicalMap",
  "title": "Canonical Mapping for \"ResearchSubjectStatus\"",
  "status": "draft",
  "date": "2019-07-29T11:29:14-05:00",
  "publisher": "HL7 (FHIR Project)",
  "contact": [
    {
      "telecom": [
        {
          "system": "url",
          "value": "http://hl7.org/fhir"
        },
        {
          "system": "email",
          "value": "fhir@lists.hl7.org"
        }
      ]
    }
  ],
  "description": "Canonical Mapping for \"Indicates the progression of a study subject through a study.\"",
  "sourceCanonical": "http://hl7.org/fhir/ValueSet/research-subject-status",
  "targetCanonical": "http://hl7.org/fhir/ValueSet/resource-status",
  "group": [
    {
      "source": "http://hl7.org/fhir/research-subject-status",
      "target": "http://hl7.org/fhir/resource-status",
      "element": [
        {
          "code": "candidate, screening, eligible, potential-candidate",
          "target": [
            {
              "code": "draft",
              "equivalence": "equivalent"
            }
          ]
        },
        {
          "code": "ineligible",
          "target": [
            {
              "code": "declined",
              "equivalence": "equivalent"
            }
          ]
        },
        {
          "code": "on-study, on-study-intervention, on-study-observation",
          "target": [
            {
              "code": "active",
              "equivalence": "equivalent"
            }
          ]
        },
        {
          "code": "pending-on-study",
          "target": [
            {
              "code": "suspended",
              "equivalence": "equivalent"
            }
          ]
        },
        {
          "code": "withdrawn",
          "target": [
            {
              "code": "failed",
              "equivalence": "equivalent"
            }
          ]
        },
        {
          "code": "follow-up",
          "target": [
            {
              "code": "replaced",
              "equivalence": "equivalent"
            }
          ]
        },
        {
          "code": "off-study",
          "target": [
            {
              "code": "complete",
              "equivalence": "equivalent"
            }
          ]
        },
        {
          "code": "not-registered",
          "target": [
            {
              "code": "abandoned",
              "equivalence": "equivalent"
            }
          ]
        }
      ]
    }
  ]
}