{
  "resourceType": "ConceptMap",
  "id": "sc-medication-status",
  "text": {
    "status": "generated",
    "div": "\u003cdiv xmlns\u003d\"http://www.w3.org/1999/xhtml\"\u003e\u003ch2\u003eMedication Status CodesCanonicalMap (http://hl7.org/fhir/ConceptMap/sc-medication-status)\u003c/h2\u003e\u003cp\u003eMapping from \u003ca href\u003d\"valueset-medication-status.html\"\u003ehttp://hl7.org/fhir/ValueSet/medication-status\u003c/a\u003e to \u003ca href\u003d\"valueset-resource-status.html\"\u003ehttp://hl7.org/fhir/ValueSet/resource-status\u003c/a\u003e\u003c/p\u003e\u003cp\u003eDRAFT. Published on Apr 16, 2019, 8:42:31 AM by FHIR Project team (\u003ca href\u003d\"http://hl7.org/fhir\"\u003ehttp://hl7.org/fhir\u003c/a\u003e). \u003c/p\u003e\u003cdiv\u003e\u003cp\u003eCanonical Mapping for \u0026quot;Medication Status Codes\u0026quot;\u003c/p\u003e\n\u003c/div\u003e\u003cbr/\u003e\u003ctable class\u003d\"grid\"\u003e\u003ctr\u003e\u003ctd\u003e\u003cb\u003eSource Code\u003c/b\u003e\u003c/td\u003e\u003ctd\u003e\u003cb\u003eEquivalence\u003c/b\u003e\u003c/td\u003e\u003ctd\u003e\u003cb\u003eDestination Code\u003c/b\u003e\u003c/td\u003e\u003c/tr\u003e\u003ctr\u003e\u003ctd\u003eentered-in-error\u003c/td\u003e\u003ctd\u003eequivalent\u003c/td\u003e\u003ctd\u003eerror\u003c/td\u003e\u003c/tr\u003e\u003ctr\u003e\u003ctd\u003eactive\u003c/td\u003e\u003ctd\u003eequivalent\u003c/td\u003e\u003ctd\u003eactive\u003c/td\u003e\u003c/tr\u003e\u003ctr\u003e\u003ctd\u003einactive\u003c/td\u003e\u003ctd\u003eequivalent\u003c/td\u003e\u003ctd\u003einactive\u003c/td\u003e\u003c/tr\u003e\u003c/table\u003e\u003c/div\u003e"
  },
  "url": "http://hl7.org/fhir/ConceptMap/sc-medication-status",
  "version": "4.1.0",
  "name": "Medication Status CodesCanonicalMap",
  "title": "Canonical Mapping for \"Medication  status  codes\"",
  "status": "draft",
  "date": "2019-04-16T08:42:31-05:00",
  "publisher": "FHIR Project team",
  "contact": [
    {
      "telecom": [
        {
          "system": "url",
          "value": "http://hl7.org/fhir"
        }
      ]
    }
  ],
  "description": "Canonical Mapping for \"Medication Status Codes\"",
  "sourceCanonical": "http://hl7.org/fhir/ValueSet/medication-status",
  "targetCanonical": "http://hl7.org/fhir/ValueSet/resource-status",
  "group": [
    {
      "source": "http://hl7.org/fhir/CodeSystem/medication-status",
      "target": "http://hl7.org/fhir/resource-status",
      "element": [
        {
          "code": "entered-in-error",
          "target": [
            {
              "code": "error",
              "equivalence": "equivalent"
            }
          ]
        },
        {
          "code": "active",
          "target": [
            {
              "code": "active",
              "equivalence": "equivalent"
            }
          ]
        },
        {
          "code": "inactive",
          "target": [
            {
              "code": "inactive",
              "equivalence": "equivalent"
            }
          ]
        }
      ]
    }
  ]
}