{
  "resourceType": "ValueSet",
  "id": "diagnostic-based-on-snomed",
  "meta": {
    "lastUpdated": "2019-07-29T11:29:14.002-05:00",
    "profile": [
      "http://hl7.org/fhir/StructureDefinition/shareablevalueset"
    ]
  },
  "text": {
    "status": "generated",
    "div": "\u003cdiv xmlns\u003d\"http://www.w3.org/1999/xhtml\"\u003e\u003ch2\u003eDiagnostic attachment type\u003c/h2\u003e\u003cdiv\u003e\u003cp\u003eDiagnostic Attachment Type codes from \u003ca href\u003d\"http://snomed.info/sct\"\u003eSNOMED CT\u003c/a\u003e where concept is-a 182836005 (Review of medication (procedure)) or is-a 404684003 (Clinical finding (finding))\u003c/p\u003e\n\u003c/div\u003e\u003cp\u003e\u003cb\u003eCopyright Statement:\u003c/b\u003e This resource includes content from SNOMED Clinical Terms® (SNOMED CT®) which is copyright of the International Health Terminology Standards Development Organisation (IHTSDO). Implementers of these specifications must have the appropriate SNOMED CT Affiliate license - for more information contact http://www.snomed.org/snomed-ct/get-snomed-ct or info@snomed.org\u003c/p\u003e\u003cp\u003eThis value set includes codes from the following code systems:\u003c/p\u003e\u003cul\u003e\u003cli\u003eInclude codes from \u003ca href\u003d\"http://www.snomed.org/\"\u003e\u003ccode\u003ehttp://snomed.info/sct\u003c/code\u003e\u003c/a\u003e where concept  is-a  182836005 (Medication review)\u003c/li\u003e\u003cli\u003eInclude codes from \u003ca href\u003d\"http://www.snomed.org/\"\u003e\u003ccode\u003ehttp://snomed.info/sct\u003c/code\u003e\u003c/a\u003e where concept  is-a  404684003 (Clinical finding)\u003c/li\u003e\u003c/ul\u003e\u003c/div\u003e"
  },
  "extension": [
    {
      "url": "http://hl7.org/fhir/StructureDefinition/structuredefinition-wg",
      "valueCode": "oo"
    }
  ],
  "url": "http://hl7.org/fhir/ValueSet/diagnostic-based-on-snomed",
  "identifier": [
    {
      "system": "urn:ietf:rfc:3986",
      "value": "urn:oid:2.16.840.1.113883.4.642.3.960"
    }
  ],
  "version": "4.1.0",
  "name": "DiagnosticAttachmentType",
  "title": "Diagnostic attachment type",
  "status": "draft",
  "experimental": false,
  "date": "2019-07-29T11:29:14-05:00",
  "publisher": "FHIR Project team",
  "contact": [
    {
      "telecom": [
        {
          "system": "url",
          "value": "http://hl7.org/fhir"
        }
      ]
    }
  ],
  "description": "Diagnostic Attachment Type codes from [SNOMED CT](http://snomed.info/sct) where concept is-a 182836005 (Review of medication (procedure)) or is-a 404684003 (Clinical finding (finding))",
  "copyright": "This resource includes content from SNOMED Clinical Terms® (SNOMED CT®) which is copyright of the International Health Terminology Standards Development Organisation (IHTSDO). Implementers of these specifications must have the appropriate SNOMED CT Affiliate license - for more information contact http://www.snomed.org/snomed-ct/get-snomed-ct or info@snomed.org",
  "compose": {
    "include": [
      {
        "system": "http://snomed.info/sct",
        "filter": [
          {
            "property": "concept",
            "op": "is-a",
            "value": "182836005"
          }
        ]
      },
      {
        "system": "http://snomed.info/sct",
        "filter": [
          {
            "property": "concept",
            "op": "is-a",
            "value": "404684003"
          }
        ]
      }
    ]
  }
}