{
  "resourceType": "ValueSet",
  "id": "handling-condition",
  "meta": {
    "lastUpdated": "2019-07-29T11:29:14.002-05:00",
    "profile": [
      "http://hl7.org/fhir/StructureDefinition/shareablevalueset"
    ]
  },
  "text": {
    "status": "generated",
    "div": "\u003cdiv xmlns\u003d\"http://www.w3.org/1999/xhtml\"\u003e\u003ch2\u003eHandlingConditionSet\u003c/h2\u003e\u003cdiv\u003e\u003cp\u003eSet of handling instructions prior testing of the specimen.\u003c/p\u003e\n\u003c/div\u003e\u003cp\u003eThis value set includes codes from the following code systems:\u003c/p\u003e\u003cul\u003e\u003cli\u003eInclude all codes defined in \u003ca href\u003d\"codesystem-handling-condition.html\"\u003e\u003ccode\u003ehttp://terminology.hl7.org/CodeSystem/handling-condition\u003c/code\u003e\u003c/a\u003e\u003c/li\u003e\u003c/ul\u003e\u003c/div\u003e"
  },
  "extension": [
    {
      "url": "http://hl7.org/fhir/StructureDefinition/structuredefinition-wg",
      "valueCode": "oo"
    },
    {
      "url": "http://hl7.org/fhir/StructureDefinition/structuredefinition-standards-status",
      "valueCode": "draft"
    },
    {
      "url": "http://hl7.org/fhir/StructureDefinition/structuredefinition-fmm",
      "valueInteger": 1
    }
  ],
  "url": "http://hl7.org/fhir/ValueSet/handling-condition",
  "identifier": [
    {
      "system": "urn:ietf:rfc:3986",
      "value": "urn:oid:2.16.840.1.113883.4.642.3.854"
    }
  ],
  "version": "4.1.0",
  "name": "HandlingConditionSet",
  "title": "HandlingConditionSet",
  "status": "draft",
  "experimental": false,
  "date": "2019-07-29T11:29:14-05:00",
  "publisher": "HL7 (FHIR Project)",
  "contact": [
    {
      "telecom": [
        {
          "system": "url",
          "value": "http://hl7.org/fhir"
        },
        {
          "system": "email",
          "value": "fhir@lists.hl7.org"
        }
      ]
    }
  ],
  "description": "Set of handling instructions prior testing of the specimen.",
  "immutable": true,
  "compose": {
    "include": [
      {
        "system": "http://terminology.hl7.org/CodeSystem/handling-condition"
      }
    ]
  }
}