{
  "resourceType": "ValueSet",
  "id": "cdshooks-indicator",
  "meta": {
    "lastUpdated": "2019-04-16T08:42:31.781-05:00",
    "profile": [
      "http://hl7.org/fhir/StructureDefinition/shareablevalueset"
    ]
  },
  "text": {
    "status": "generated",
    "div": "\u003cdiv xmlns\u003d\"http://www.w3.org/1999/xhtml\"\u003e\u003ch2\u003eCDSHooksIndicator\u003c/h2\u003e\u003cdiv\u003e\u003cp\u003eThis value set captures the set of indicator codes defined by the CDS Hooks specification.\u003c/p\u003e\n\u003c/div\u003e\u003cp\u003eThis value set includes codes from the following code systems:\u003c/p\u003e\u003cul\u003e\u003cli\u003eInclude all codes defined in \u003ca href\u003d\"codesystem-cdshooks-indicator.html\"\u003e\u003ccode\u003ehttp://cds-hooks.hl7.org/CodeSystem/indicator\u003c/code\u003e\u003c/a\u003e\u003c/li\u003e\u003c/ul\u003e\u003c/div\u003e"
  },
  "extension": [
    {
      "url": "http://hl7.org/fhir/StructureDefinition/structuredefinition-wg",
      "valueCode": "vocab"
    }
  ],
  "url": "http://hl7.org/fhir/ValueSet/cdshooks-indicator",
  "identifier": [
    {
      "system": "urn:ietf:rfc:3986",
      "value": "urn:oid:2.16.840.1.113883.4.642.3.1065"
    }
  ],
  "version": "4.1.0",
  "name": "Indicator",
  "title": "CDSHooksIndicator",
  "status": "draft",
  "experimental": false,
  "date": "2019-04-16T08:42:31-05:00",
  "publisher": "FHIR Project team",
  "contact": [
    {
      "telecom": [
        {
          "system": "url",
          "value": "http://hl7.org/fhir"
        }
      ]
    }
  ],
  "description": "This value set captures the set of indicator codes defined by the CDS Hooks specification.",
  "immutable": true,
  "compose": {
    "include": [
      {
        "system": "http://cds-hooks.hl7.org/CodeSystem/indicator"
      }
    ]
  }
}