{
  "resourceType": "ValueSet",
  "id": "hl7-work-group",
  "meta": {
    "lastUpdated": "2019-08-06T11:02:27.792-05:00",
    "profile": [
      "http://hl7.org/fhir/StructureDefinition/shareablevalueset"
    ]
  },
  "text": {
    "status": "generated",
    "div": "\u003cdiv xmlns\u003d\"http://www.w3.org/1999/xhtml\"\u003e\u003ch2\u003eHL7Workgroup\u003c/h2\u003e\u003cdiv\u003e\u003cp\u003eAn HL7 administrative unit that owns artifacts in the FHIR specification.\u003c/p\u003e\n\u003c/div\u003e\u003cp\u003eThis value set includes codes from the following code systems:\u003c/p\u003e\u003cul\u003e\u003cli\u003eInclude all codes defined in \u003ca href\u003d\"codesystem-hl7-work-group.html\"\u003e\u003ccode\u003ehttp://terminology.hl7.org/CodeSystem/hl7-work-group\u003c/code\u003e\u003c/a\u003e\u003c/li\u003e\u003c/ul\u003e\u003c/div\u003e"
  },
  "extension": [
    {
      "url": "http://hl7.org/fhir/StructureDefinition/structuredefinition-wg",
      "valueCode": "fhir"
    }
  ],
  "url": "http://hl7.org/fhir/ValueSet/hl7-work-group",
  "identifier": [
    {
      "system": "urn:ietf:rfc:3986",
      "value": "urn:oid:2.16.840.1.113883.4.642.3.944"
    }
  ],
  "version": "4.1.0",
  "name": "HL7Workgroup",
  "title": "HL7Workgroup",
  "status": "draft",
  "experimental": false,
  "date": "2019-08-06T11:02:27-05:00",
  "publisher": "HL7 (FHIR Project)",
  "contact": [
    {
      "telecom": [
        {
          "system": "url",
          "value": "http://hl7.org/fhir"
        },
        {
          "system": "email",
          "value": "fhir@lists.hl7.org"
        }
      ]
    }
  ],
  "description": "An HL7 administrative unit that owns artifacts in the FHIR specification.",
  "immutable": true,
  "compose": {
    "include": [
      {
        "system": "http://terminology.hl7.org/CodeSystem/hl7-work-group"
      }
    ]
  }
}