{
  "resourceType": "ValueSet",
  "id": "condition-clinical",
  "meta": {
    "lastUpdated": "2019-07-29T11:29:14.002-05:00",
    "profile": [
      "http://hl7.org/fhir/StructureDefinition/shareablevalueset"
    ]
  },
  "text": {
    "status": "generated",
    "div": "\u003cdiv xmlns\u003d\"http://www.w3.org/1999/xhtml\"\u003e\u003ch2\u003eCondition Clinical Status Codes\u003c/h2\u003e\u003cdiv\u003e\u003cp\u003ePreferred value set for Condition Clinical Status.\u003c/p\u003e\n\u003c/div\u003e\u003cp\u003eThis value set includes codes from the following code systems:\u003c/p\u003e\u003cul\u003e\u003cli\u003eInclude all codes defined in \u003ca href\u003d\"codesystem-condition-clinical.html\"\u003e\u003ccode\u003ehttp://terminology.hl7.org/CodeSystem/condition-clinical\u003c/code\u003e\u003c/a\u003e\u003c/li\u003e\u003c/ul\u003e\u003c/div\u003e"
  },
  "extension": [
    {
      "url": "http://hl7.org/fhir/StructureDefinition/structuredefinition-wg",
      "valueCode": "pc"
    },
    {
      "url": "http://hl7.org/fhir/StructureDefinition/structuredefinition-standards-status",
      "valueCode": "trial-use"
    },
    {
      "url": "http://hl7.org/fhir/StructureDefinition/structuredefinition-fmm",
      "valueInteger": 3
    }
  ],
  "url": "http://hl7.org/fhir/ValueSet/condition-clinical",
  "identifier": [
    {
      "system": "urn:ietf:rfc:3986",
      "value": "urn:oid:2.16.840.1.113883.4.642.3.164"
    }
  ],
  "version": "4.1.0",
  "name": "ConditionClinicalStatusCodes",
  "title": "Condition Clinical Status Codes",
  "status": "draft",
  "experimental": false,
  "date": "2019-07-29T11:29:14-05:00",
  "publisher": "FHIR Project team",
  "contact": [
    {
      "telecom": [
        {
          "system": "url",
          "value": "http://hl7.org/fhir"
        }
      ]
    }
  ],
  "description": "Preferred value set for Condition Clinical Status.",
  "immutable": true,
  "compose": {
    "include": [
      {
        "system": "http://terminology.hl7.org/CodeSystem/condition-clinical"
      }
    ]
  }
}