{
  "resourceType": "ValueSet",
  "id": "care-plan-activity-status-reason",
  "meta": {
    "lastUpdated": "2019-07-29T11:29:14.002-05:00",
    "profile": [
      "http://hl7.org/fhir/StructureDefinition/shareablevalueset"
    ]
  },
  "text": {
    "status": "generated",
    "div": "\u003cdiv xmlns\u003d\"http://www.w3.org/1999/xhtml\"\u003e\u003ch2\u003eCare Plan Activity Status Reason\u003c/h2\u003e\u003cdiv\u003e\u003cp\u003eExample codes indicating the reason why the activity isn\u0027t yet started, is on hold, was cancelled, etc. Note that these are in no way complete and might not even be appropriate for some uses.\u003c/p\u003e\n\u003c/div\u003e\u003cp\u003e\u003cb\u003eCopyright Statement:\u003c/b\u003e This resource includes content from SNOMED Clinical Terms® (SNOMED CT®) which is copyright of the International Health Terminology Standards Development Organisation (IHTSDO). Implementers of these specifications must have the appropriate SNOMED CT Affiliate license - for more information contact http://www.snomed.org/snomed-ct/get-snomed-ct or info@snomed.org\u003c/p\u003e\u003cp\u003eThis value set includes codes from the following code systems:\u003c/p\u003e\u003cul\u003e\u003cli\u003eImport all the codes that are contained in \u003ca href\u003d\"valueset-procedure-not-performed-reason.html\"\u003ehttp://hl7.org/fhir/ValueSet/procedure-not-performed-reason\u003c/a\u003e, \u003ca href\u003d\"valueset-immunization-status-reason.html\"\u003ehttp://hl7.org/fhir/ValueSet/immunization-status-reason\u003c/a\u003e, \u003ca href\u003d\"valueset-medicationrequest-status-reason.html\"\u003ehttp://hl7.org/fhir/ValueSet/medicationrequest-status-reason\u003c/a\u003e\u003c/li\u003e\u003c/ul\u003e\u003c/div\u003e"
  },
  "extension": [
    {
      "url": "http://hl7.org/fhir/StructureDefinition/structuredefinition-wg",
      "valueCode": "pc"
    },
    {
      "url": "http://hl7.org/fhir/StructureDefinition/structuredefinition-standards-status",
      "valueCode": "draft"
    },
    {
      "url": "http://hl7.org/fhir/StructureDefinition/structuredefinition-fmm",
      "valueInteger": 1
    }
  ],
  "url": "http://hl7.org/fhir/ValueSet/care-plan-activity-status-reason",
  "identifier": [
    {
      "system": "urn:ietf:rfc:3986",
      "value": "urn:oid:2.16.840.1.113883.4.642.3.0"
    }
  ],
  "version": "4.1.0",
  "name": "CarePlanActivityStatusReason",
  "title": "Care Plan Activity Status Reason",
  "status": "draft",
  "experimental": false,
  "date": "2019-07-29T11:29:14-05:00",
  "publisher": "HL7 International - Patient Care WG",
  "contact": [
    {
      "telecom": [
        {
          "system": "url",
          "value": "http://www.hl7.org/Special/committees/patientcare/"
        }
      ]
    }
  ],
  "description": "Example codes indicating the reason why the activity isn\u0027t yet started, is on hold, was cancelled, etc. Note that these are in no way complete and might not even be appropriate for some uses.",
  "copyright": "This resource includes content from SNOMED Clinical Terms® (SNOMED CT®) which is copyright of the International Health Terminology Standards Development Organisation (IHTSDO). Implementers of these specifications must have the appropriate SNOMED CT Affiliate license - for more information contact http://www.snomed.org/snomed-ct/get-snomed-ct or info@snomed.org",
  "compose": {
    "include": [
      {
        "valueSet": [
          "http://hl7.org/fhir/ValueSet/procedure-not-performed-reason",
          "http://hl7.org/fhir/ValueSet/immunization-status-reason",
          "http://hl7.org/fhir/ValueSet/medicationrequest-status-reason"
        ]
      }
    ]
  }
}