{
  "resourceType": "ValueSet",
  "id": "procedure-outcome",
  "meta": {
    "lastUpdated": "2019-08-06T11:02:27.792-05:00",
    "profile": [
      "http://hl7.org/fhir/StructureDefinition/shareablevalueset"
    ]
  },
  "text": {
    "status": "generated",
    "div": "\u003cdiv xmlns\u003d\"http://www.w3.org/1999/xhtml\"\u003e\u003ch2\u003eProcedure Outcome Codes (SNOMED CT)\u003c/h2\u003e\u003cdiv\u003e\u003cp\u003eProcedure Outcome code: A selection of relevant SNOMED CT codes.\u003c/p\u003e\n\u003c/div\u003e\u003cp\u003e\u003cb\u003eCopyright Statement:\u003c/b\u003e This resource includes content from SNOMED Clinical Terms® (SNOMED CT®) which is copyright of the International Health Terminology Standards Development Organisation (IHTSDO). Implementers of these specifications must have the appropriate SNOMED CT Affiliate license - for more information contact http://www.snomed.org/snomed-ct/get-snomed-ct or info@snomed.org\u003c/p\u003e\u003cp\u003eThis value set includes codes from the following code systems:\u003c/p\u003e\u003cul\u003e\u003cli\u003eInclude these codes as defined in \u003ca href\u003d\"http://www.snomed.org/\"\u003e\u003ccode\u003ehttp://snomed.info/sct\u003c/code\u003e\u003c/a\u003e\u003ctable class\u003d\"none\"\u003e\u003ctr\u003e\u003ctd style\u003d\"white-space:nowrap\"\u003e\u003cb\u003eCode\u003c/b\u003e\u003c/td\u003e\u003ctd\u003e\u003cb\u003eDisplay\u003c/b\u003e\u003c/td\u003e\u003c/tr\u003e\u003ctr\u003e\u003ctd\u003e\u003ca href\u003d\"http://browser.ihtsdotools.org/?perspective\u003dfull\u0026amp;conceptId1\u003d385669000\"\u003e385669000\u003c/a\u003e\u003c/td\u003e\u003ctd\u003eSuccessful\u003c/td\u003e\u003ctd/\u003e\u003c/tr\u003e\u003ctr\u003e\u003ctd\u003e\u003ca href\u003d\"http://browser.ihtsdotools.org/?perspective\u003dfull\u0026amp;conceptId1\u003d385671000\"\u003e385671000\u003c/a\u003e\u003c/td\u003e\u003ctd\u003eUnsuccessful\u003c/td\u003e\u003ctd/\u003e\u003c/tr\u003e\u003ctr\u003e\u003ctd\u003e\u003ca href\u003d\"http://browser.ihtsdotools.org/?perspective\u003dfull\u0026amp;conceptId1\u003d385670004\"\u003e385670004\u003c/a\u003e\u003c/td\u003e\u003ctd\u003ePartially successful\u003c/td\u003e\u003ctd/\u003e\u003c/tr\u003e\u003c/table\u003e\u003c/li\u003e\u003c/ul\u003e\u003c/div\u003e"
  },
  "extension": [
    {
      "url": "http://hl7.org/fhir/StructureDefinition/structuredefinition-wg",
      "valueCode": "pc"
    },
    {
      "url": "http://hl7.org/fhir/StructureDefinition/structuredefinition-standards-status",
      "valueCode": "draft"
    },
    {
      "url": "http://hl7.org/fhir/StructureDefinition/structuredefinition-fmm",
      "valueInteger": 1
    }
  ],
  "url": "http://hl7.org/fhir/ValueSet/procedure-outcome",
  "identifier": [
    {
      "system": "urn:ietf:rfc:3986",
      "value": "urn:oid:2.16.840.1.113883.4.642.3.428"
    }
  ],
  "version": "4.1.0",
  "name": "ProcedureOutcomeCodes(SNOMEDCT)",
  "title": "Procedure Outcome Codes (SNOMED CT)",
  "status": "draft",
  "experimental": false,
  "date": "2019-08-06T11:02:27-05:00",
  "publisher": "FHIR Project team",
  "contact": [
    {
      "telecom": [
        {
          "system": "url",
          "value": "http://hl7.org/fhir"
        }
      ]
    }
  ],
  "description": "Procedure Outcome code: A selection of relevant SNOMED CT codes.",
  "copyright": "This resource includes content from SNOMED Clinical Terms® (SNOMED CT®) which is copyright of the International Health Terminology Standards Development Organisation (IHTSDO). Implementers of these specifications must have the appropriate SNOMED CT Affiliate license - for more information contact http://www.snomed.org/snomed-ct/get-snomed-ct or info@snomed.org",
  "compose": {
    "include": [
      {
        "system": "http://snomed.info/sct",
        "concept": [
          {
            "code": "385669000"
          },
          {
            "code": "385671000"
          },
          {
            "code": "385670004"
          }
        ]
      }
    ]
  }
}