{
  "resourceType": "SearchParameter",
  "id": "valueset-extensions-ValueSet-workflow",
  "url": "http://hl7.org/fhir/SearchParameter/valueset-extensions-ValueSet-workflow",
  "version": "4.1.0",
  "name": "workflow",
  "status": "draft",
  "experimental": true,
  "description": "Optional Extensions Element",
  "code": "workflow",
  "type": "token",
  "xpath": "f:ValueSet/f:extension[@url\u003d\u0027http://hl7.org/fhir/StructureDefinition/valueset-workflowStatus\u0027] | /f:#workflowStatus",
  "xpathUsage": "normal",
  "multipleOr": true,
  "multipleAnd": true
}